{"id": 101, "density": 0.06463675, "max_act": 4.36328125, "hist": {"edges": [0.01, 0.0133, 0.0178, 0.0237, 0.0316, 0.0422, 0.0562, 0.075, 0.1, 0.1334, 0.1778, 0.2371, 0.3162, 0.4217, 0.5623, 0.7499, 1.0, 1.3335, 1.7783, 2.3714, 3.1623, 4.217, 5.6234, 7.4989, 10.0, 13.3352, 17.7828, 23.7137, 31.6228, 42.1697, 56.2341, 74.9894, 100.0], "counts": [0, 0, 0, 0, 0, 0, 0, 0, 6, 49, 422, 2433, 13156, 41096, 61720, 56217, 38902, 23396, 13855, 6320, 968, 7, 0, 0, 0, 0, 0, 0, 0, 0, 0, 0]}, "logit_lens": {"promoted": [[" Lila", 0.562], ["Lila", 0.54], [" Anna", 0.421], ["Anna", 0.414], [" letter", 0.396], [" child", 0.384], ["Alice", 0.316], [" mouse", 0.289], [" fairy", 0.288], [" Alice", 0.286]], "suppressed": [[" Timmy", 0.37], [" Sally", 0.342], [" Bob", 0.322], ["Timmy", 0.309], ["Sally", 0.305], [" Bobby", 0.275], [" Tim", 0.265], ["Bob", 0.26], [" snowman", 0.24], ["ort", 0.237]]}, "examples": [{"tokens": [" have", " listened", " to", " you", ".", " I", " will", " not", " run", " to", " the", " rainbow", " again", ".", " I", " will", " play", " with", " you", " and", " our", " toys", ".\"", "\n", "\n", "Ben", " smiled", ".", " He", " said", ",", " \"", "You"], "acts": [0.0, 0.0, 2.5384, 0.0, 0.0, 0.0, 0.0, 0.0, 0.0, 0.7881, 0.0, 0.0, 0.0, 0.0, 0.0, 0.0, 0.0, 0.5304, 0.0, 0.0, 0.0, 0.0, 2.8415, 1.595, 4.3642, 0.0, 0.0, 0.6504, 0.0, 0.9565, 0.0, 1.0699, 0.0], "max_pos": 24, "max_act": 4.3633}, {"tokens": [" little", " one", "?\"", " \n", "\n", "Lila", " replied", " \"", "I", "'m", " looking", " for", " adventure", "!", " I", " want", " to", " get", " close", " and", " touch", " you", "!\"", "\n", "\n", "The", " bear", " smiled", ",", " \"", "Al", "r", "ight"], "acts": [0.0, 0.0, 2.7218, 1.5648, 4.2311, 0.0, 1.5765, 0.9889, 0.0, 0.0, 0.0, 0.0, 0.0, 0.9182, 0.0, 0.0, 0.0, 0.0, 0.0, 0.0, 0.0, 0.4621, 2.6864, 2.5739, 4.3063, 0.6032, 0.0, 0.0, 0.0, 1.6406, 0.0, 0.0, 0.0], "max_pos": 24, "max_act": 4.3047}, {"tokens": [" looks", " very", " funny", ".", " She", " says", ",", " \"", "Ben", ",", " you", " look", " like", " a", " mummy", "!", " A", " mummy", " with", " a", " long", " scarf", "!\"", "\n", "\n", "Ben", " laughs", " too", ".", " He", " un", "w", "ra"], "acts": [0.0, 0.0, 0.0, 1.4434, 0.0, 0.7534, 0.0, 1.4335, 0.0, 0.9873, 0.0, 0.0, 0.0, 0.0, 0.0, 0.0, 0.0, 0.0, 0.0, 0.0, 0.0, 0.0, 2.4954, 1.968, 4.2727, 0.0, 0.0, 0.0, 0.6433, 0.0, 0.0, 0.0, 0.0], "max_pos": 24, "max_act": 4.2734}, {"tokens": [" sounds", " happy", " and", " kind", ".", "\n", "\n", "\"", "Lila", "!", " Ben", "!", " Where", " are", " you", "?", " I", " have", " a", " surprise", " for", " you", "!\"", "\n", "\n", "They", " per", "k", " up", " their", " ears", " and", " run"], "acts": [0.0, 0.0, 0.0, 0.0, 0.0, 0.0, 0.0, 0.0, 0.0, 0.0, 0.0, 0.0, 0.0, 0.0, 1.0907, 0.0, 0.0, 0.0, 0.0, 0.0, 0.8068, 0.0, 3.6984, 1.4503, 4.2499, 0.7701, 0.0, 0.0, 0.0, 0.0, 0.0, 0.0, 0.0], "max_pos": 24, "max_act": 4.25}, {"tokens": [" Do", " you", " want", " a", " band", "-", "aid", "?\"", " Lila", " nodded", ".", " She", " said", ",", " \"", "Yes", ",", " please", ".", " And", " a", " hug", ".\"", "\n", "\n", "Mom", " heard", " Lila", " and", " Ben", ".", " She", " came"], "acts": [0.0, 0.0, 0.6392, 0.0, 0.0, 0.0, 0.0, 2.7067, 0.0, 0.0, 2.7587, 0.0, 1.3304, 0.0, 2.2165, 0.0, 2.8559, 0.0, 0.0, 1.4891, 0.8699, 0.0, 3.0596, 1.8956, 4.2295, 0.0, 2.6835, 0.0, 0.9038, 0.0, 2.0945, 0.0, 0.0], "max_pos": 24, "max_act": 4.2305}, {"tokens": [" find", " some", " food", " and", " a", " soft", " place", " for", " the", " bird", " to", " rest", ".", " We", " can", " be", " gentle", " and", " kind", " to", " the", " bird", ".\"", "\n", "\n", "Lila", " and", " Ben", " worked", " together", " to", " help", " the"], "acts": [0.0, 0.0, 0.0, 0.0, 0.0, 0.0, 0.0, 0.0, 0.0, 0.0, 0.0, 0.0, 1.0256, 0.0, 0.0, 0.0, 0.0, 0.0, 0.0, 0.0, 0.0, 0.0, 2.9632, 1.3096, 4.219, 0.0, 2.9518, 0.0, 0.0, 0.0, 0.0, 0.0, 0.0], "max_pos": 24, "max_act": 4.2188}, {"tokens": [" at", " hiding", "!", " Do", " you", " want", " a", " h", "in", "t", "?\"", "\n", "\n", "Ben", " nodded", " and", " said", ",", " \"", "Yes", ",", " please", "!\"", "\n", "\n", "Lila", " smiled", " and", " said", ",", " \"", "He", " is"], "acts": [0.0, 0.0, 0.6685, 0.0, 0.0, 0.0, 0.0, 0.0, 0.0, 0.0, 2.5181, 1.6591, 3.9623, 0.0, 0.0, 0.9066, 0.9899, 0.0, 1.4043, 0.0, 2.6971, 0.0, 2.7686, 1.8345, 4.2075, 0.0, 0.0, 0.0, 0.9081, 0.0, 1.4906, 0.0, 0.0], "max_pos": 24, "max_act": 4.207}, {"tokens": [" says", ",", " \"", "No", ",", " it", " is", " my", " ball", ".", " It", " is", " fair", ".", " You", " have", " many", " toys", ".", " I", " have", " few", ".\"", "\n", "\n", "They", " pull", " the", " ball", ".", " They", " yell", "."], "acts": [0.0, 0.0, 1.3306, 0.0, 2.1863, 0.0, 0.0, 0.0, 0.0, 0.0, 0.0, 0.0, 0.0, 0.6898, 0.0, 0.0, 0.0, 0.0, 0.0, 0.0, 0.0, 0.0, 2.4528, 1.3696, 4.1497, 0.0, 0.0, 0.0, 0.0, 1.5711, 0.0, 0.0, 1.2293], "max_pos": 24, "max_act": 4.1484}, {"tokens": [" dolphin", " was", " angry", ".", " He", " splashed", " Ben", " with", " his", " tail", ".", " Ben", " was", " wet", " and", " cold", ".", "\n", "\n", "Mom", " and", " Dad", " said", " sorry", " to", " the", " dolphin", ".", " They", " said", " no", " to", " Ben"], "acts": [0.0, 0.0, 0.0, 2.2591, 0.0, 0.0, 0.0, 0.0, 0.0, 0.0, 2.0025, 0.0, 0.0, 0.0, 0.0, 0.0, 2.1901, 1.6842, 3.733, 0.0, 1.5186, 0.0, 0.8388, 0.0, 4.101, 0.0, 0.0, 2.1798, 0.0, 0.0, 0.0, 2.4418, 0.0], "max_pos": 24, "max_act": 4.1016}, {"tokens": [",", " impressed", ".", " \"", "Can", " I", " play", " with", " it", " too", "?\"", "\n", "\n", "\"", "Sure", ",", " Ben", ",", " we", " can", " share", " the", " mighty", " sock", "!\"", " Lila", " said", ",", " smiling", ".", " \"", "But", " first"], "acts": [0.0, 0.0, 1.759, 1.1455, 0.0, 0.0, 0.0, 0.4819, 0.0, 0.0, 2.0702, 1.731, 3.5289, 0.831, 0.0, 3.2907, 0.0, 0.8223, 0.0, 0.0, 0.0, 0.0, 0.0, 0.0, 4.0881, 0.0, 2.6236, 0.0, 0.0, 1.8886, 0.8731, 1.085, 0.0], "max_pos": 24, "max_act": 4.0898}, {"tokens": [",", " Mom", ",", " you", " can", " ent", "er", " our", " castle", ".", " And", " thank", " you", " for", " the", " food", ".", " We", " love", " you", ",", " Mom", ".\"", "\n", "\n", "Mom", " ent", "ered", " their", " castle", " and", " gave", " them"], "acts": [2.7214, 0.0, 1.0724, 0.0, 0.0, 0.0, 0.0, 0.0, 0.0, 0.0, 0.9179, 1.0503, 0.6604, 0.0, 0.0, 0.0, 0.0, 0.0, 0.0, 0.0, 2.2125, 0.0, 3.206, 1.6896, 4.0851, 0.0, 0.0, 0.0, 0.0, 0.0, 0.0, 2.5007, 0.6661], "max_pos": 24, "max_act": 4.0859}, {"tokens": ["\n", "\"", "Wow", ",", " that", "'s", " cool", "!\"", " Ben", " said", ".", " \"", "Can", " I", " try", "?\"", "\n", "\n", "\"", "Sure", ",", " here", " you", " go", ".\"", " Lila", " gave", " the", " doll", " to", " Ben", ".", " He"], "acts": [3.576, 1.4623, 0.0, 2.5652, 0.0, 0.7711, 0.0, 3.9368, 0.0, 2.6977, 1.2335, 1.3445, 0.0, 0.0, 0.0, 1.3397, 1.433, 3.572, 1.087, 0.0, 3.059, 0.0, 0.0, 0.0, 4.0872, 0.0, 2.3629, 0.0, 0.0, 3.1125, 0.0, 2.4652, 0.0], "max_pos": 24, "max_act": 4.0859}]}