{"id": 1048, "density": 0.0434715, "max_act": 4.53125, "hist": {"edges": [0.01, 0.0133, 0.0178, 0.0237, 0.0316, 0.0422, 0.0562, 0.075, 0.1, 0.1334, 0.1778, 0.2371, 0.3162, 0.4217, 0.5623, 0.7499, 1.0, 1.3335, 1.7783, 2.3714, 3.1623, 4.217, 5.6234, 7.4989, 10.0, 13.3352, 17.7828, 23.7137, 31.6228, 42.1697, 56.2341, 74.9894, 100.0], "counts": [0, 0, 0, 0, 0, 0, 0, 0, 1, 17, 179, 1059, 4459, 13689, 30150, 41112, 36131, 24325, 15356, 6859, 545, 4, 0, 0, 0, 0, 0, 0, 0, 0, 0, 0]}, "logit_lens": {"promoted": [[" higher", 0.313], [" until", 0.313], [" further", 0.282], [" or", 0.28], [" finished", 0.28], [" finally", 0.243], [" closer", 0.241], [" eventually", 0.237], ["ind", 0.235], ["?", 0.234]], "suppressed": [["Sue", 0.309], ["Amy", 0.255], [" Sue", 0.25], [" puzz", 0.245], [" destroy", 0.233], ["ia", 0.229], ["Benny", 0.221], [" than", 0.217], [" elephant", 0.213], [" cu", 0.213]]}, "examples": [{"tokens": [" and", " we", "'ll", " go", " in", ".\"", "\n", "\n", "Tommy", " rel", "uct", "ant", "ly", " grabbed", " his", " buck", "le", " and", " they", " ran", " inside", ".", " As", " they", " stepped", " over", " the", " thre", "sh", "old", " they", " heard", " a"], "acts": [0.0, 0.0, 0.0, 0.0, 0.0, 0.0, 0.0, 0.0, 0.0, 0.0, 0.0, 0.0, 0.0, 0.0, 0.0, 0.0, 0.0, 0.0, 0.0, 0.0, 0.0, 0.0, 0.0, 2.6275, 4.5316, 1.8912, 0.0, 0.0, 0.0, 0.0, 0.0, 0.0, 0.0], "max_pos": 24, "max_act": 4.5312}, {"tokens": ["a", " went", " outside", ".", " She", " thought", " about", " running", " away", " but", " everything", " inside", " her", " was", " telling", " her", " to", " give", " them", " a", " chance", ".", " As", " she", " stepped", " out", " of", " the", " house", ",", " the", " sold", "i"], "acts": [0.0, 0.0, 0.0, 0.0, 0.0, 0.5018, 0.0, 0.0, 0.0, 0.0, 0.0, 0.0, 0.0, 0.0, 0.0, 0.0, 0.6546, 0.0, 1.6394, 0.0, 0.0, 0.0, 0.0, 2.8525, 4.5264, 0.7828, 1.1621, 0.0, 0.0, 0.0, 0.0, 0.0, 0.0], "max_pos": 24, "max_act": 4.5273}, {"tokens": [" is", "n", "'t", " it", "?\"", "\n", "\n", "Lucy", " nodded", ".", " She", " watched", " the", " dan", "cer", " until", " it", " was", " time", " to", " leave", ".", " As", " they", " stepped", " out", " of", " the", " store", ",", " Lucy", " be", "amed"], "acts": [0.0, 0.0, 0.0, 0.0, 0.0, 0.0, 0.0, 0.0, 0.0, 0.0, 0.0, 0.0, 0.0, 0.0, 0.0, 0.6583, 1.3731, 1.2704, 0.0, 0.0, 0.0, 0.0, 0.0, 2.5345, 4.4694, 1.0032, 1.1218, 0.0, 0.0, 0.0, 0.0, 0.0, 0.0], "max_pos": 24, "max_act": 4.4688}, {"tokens": [" special", " I", " wear", " around", " my", " neck", ".", " You", " can", " wear", " t", "ies", " too", " when", " you", " grow", " up", ",\"", " she", " said", ".", "\n", "Billy", " smiled"], "acts": [0.0, 0.0, 0.0, 0.0, 0.0, 0.0, 0.0, 0.0, 0.7015, 0.0, 0.0, 0.0, 0.7565, 0.0, 2.3931, 4.2631, 3.2745, 0.0, 0.0, 0.0, 0.0, 0.0, 0.0, 0.0], "max_pos": 15, "max_act": 4.2617}, {"tokens": [" mo", "s", "qu", "it", "o", " bite", " and", " wanted", " to"], "acts": [4.195, 2.2922, 2.2989, 0.0, 0.0, 1.3794, 0.0, 0.0, 0.0], "max_pos": 0, "max_act": 4.1953}, {"tokens": [" on", " the", " swings", ",", " and", " Amy", " would", " squee", "ze", " her", " cat", " tight", " when", " she", " went", " up", " high", ".", " The", " cat", " loved", " the", " feeling"], "acts": [0.0, 0.0, 0.0, 0.0, 0.0, 0.0, 1.1949, 0.0, 1.0765, 0.0, 0.0, 0.0, 0.0, 2.9428, 4.1787, 2.918, 1.0899, 0.0, 0.0, 0.0, 0.0, 0.0, 0.0], "max_pos": 14, "max_act": 4.1797}, {"tokens": ["u", "ly", " care", " and", " ra", "ise", " others", " with", " love", ",", " you", " can", " w", "it", "ness", " the", " beauty", " of", " the", " world", " grow", " right", " before", " your", " eyes", ".", "\n", "\n", "So", ",", " the", " little", " girl"], "acts": [0.0, 1.1557, 1.4363, 0.0, 0.0, 0.0, 0.0, 0.0, 0.0, 0.0, 0.0, 0.6654, 0.0, 0.0, 0.8777, 0.0, 0.0, 0.0, 0.0, 0.0, 1.3956, 0.8709, 1.6572, 1.4391, 4.1548, 0.0, 0.0, 0.0, 0.0, 0.0, 0.0, 0.0, 0.0], "max_pos": 24, "max_act": 4.1562}, {"tokens": [".", " The", " sun", " was", " going", " down", ",", " so", " the", " truck", " waited", " until", " the", " morning", " when", " Jimmy", " woke", " up", ".", " He", " yawn", "ed", " as", " he", " stepped", " out", " of", " his", " room", " and", " stretched", ".", " E"], "acts": [0.0, 0.0, 0.0, 0.0, 0.0, 0.0, 0.0, 0.0, 0.0, 0.0, 0.0, 0.0, 0.0, 0.0, 0.0, 3.2456, 2.3647, 1.8524, 0.0, 0.0, 0.0, 0.0, 0.0, 2.5469, 4.1518, 0.7971, 0.7072, 0.0, 0.0, 0.0, 0.0, 0.0, 0.0], "max_pos": 24, "max_act": 4.1523}, {"tokens": [" her", " red", " ball", " until", " the", " sun", " went", " down", ".", " She", " had", " so", " much", " fun", " kick", "ing", " the", " ball", " over", " the", " step", ".", " As", " she", " went", " inside", ",", " she", " promised", " to", " play", " again", " tomorrow"], "acts": [0.0, 0.0, 0.0, 0.0, 0.0, 0.8973, 0.0, 0.0, 0.0, 0.0, 0.0, 0.0, 0.0, 0.0, 0.0, 0.0, 0.0, 0.0, 0.0, 0.0, 0.0, 0.0, 0.0, 2.9871, 4.1298, 0.7368, 0.0, 0.0, 0.0, 0.0, 0.0, 0.0, 0.0], "max_pos": 24, "max_act": 4.1289}, {"tokens": [" and", " waited", " for", " the", " flag", " to", " drop", ".", " When", " it", " did", ",", " off", " they", " went", ".", " Some", " went", " faster", " than", " others", ".", " As", " they", " went", " around", " the", " track", ",", " some", " were", " ahead", " and"], "acts": [0.0, 0.0, 0.0, 0.0, 0.0, 0.0, 0.0, 0.0, 0.0, 1.9782, 2.2331, 0.0, 0.0, 0.0, 1.0481, 0.0, 0.0, 0.7184, 0.0, 0.0, 0.0, 0.0, 0.0, 2.3766, 4.114, 1.4883, 0.0, 0.0, 0.0, 0.0, 0.0, 0.0, 0.0], "max_pos": 24, "max_act": 4.1133}, {"tokens": [" baby", " went", " for", " a", " walk", ".", " Mama", " twist", "ed", " her", " baby", "'s", " hair", " into", " a", " pony", "t", "ail", " and", " held", " her", " hand", " as", " they", " stepped", " through", " the", " park", ".", " All", " around", " them", ","], "acts": [0.0, 0.0, 0.0, 0.6517, 0.0, 0.0, 0.0, 0.0, 0.0, 0.0, 0.0, 0.0, 0.0, 0.0, 0.0, 0.0, 0.0, 0.0, 0.0, 0.0, 0.0, 0.0, 0.0, 3.0119, 4.1083, 1.288, 0.0, 0.0, 0.0, 0.7826, 0.0, 0.0, 0.0], "max_pos": 24, "max_act": 4.1094}, {"tokens": [" got", " more", " and", " more", " ag", "g", "ress", "ive", " as", " time", " went", " by", ".", " The", " old", " man", " tried", " to", " look"], "acts": [0.0, 0.0, 0.0, 0.0, 0.0, 0.0, 0.0, 0.0, 0.0, 0.9343, 4.0402, 2.5133, 0.0, 0.0, 0.0, 0.0, 0.0, 0.0, 0.6981], "max_pos": 10, "max_act": 4.0391}]}