{"id": 1054, "density": 0.0547655, "max_act": 6.21875, "hist": {"edges": [0.01, 0.0133, 0.0178, 0.0237, 0.0316, 0.0422, 0.0562, 0.075, 0.1, 0.1334, 0.1778, 0.2371, 0.3162, 0.4217, 0.5623, 0.7499, 1.0, 1.3335, 1.7783, 2.3714, 3.1623, 4.217, 5.6234, 7.4989, 10.0, 13.3352, 17.7828, 23.7137, 31.6228, 42.1697, 56.2341, 74.9894, 100.0], "counts": [0, 0, 0, 0, 0, 0, 0, 0, 0, 0, 21, 341, 3504, 15896, 36004, 47845, 45064, 32996, 21185, 11075, 4224, 866, 41, 0, 0, 0, 0, 0, 0, 0, 0, 0]}, "logit_lens": {"promoted": [[" your", 0.326], [" things", 0.29], [" something", 0.27], [" the", 0.259], [" everything", 0.247], [" what", 0.241], [" a", 0.204], [" my", 0.203], ["en", 0.202], ["My", 0.181]], "suppressed": [["ake", 0.353], ["sh", 0.348], [" resc", 0.346], ["ly", 0.339], ["omed", 0.339], [" ag", 0.337], [" forever", 0.332], ["joy", 0.321], [" sle", 0.317], [" candle", 0.296]]}, "examples": [{"tokens": [" not", " mean", " to", " break", " it", ".\"", "\n", "\n", "Mom", " s", "igh", "s", ".", " She", " says", ",", " \"", "I", " know", " you", " did", " not", " mean", " to", " break", " it", ".", " But", " you", " should", " have", " asked", " me"], "acts": [0.0, 1.5578, 0.0, 5.1982, 0.0, 0.0, 0.0, 0.0, 0.0, 0.0, 0.0, 0.0, 0.0, 0.0, 0.0, 0.0, 0.0, 0.0, 0.0, 0.0, 0.623, 1.3401, 2.1522, 1.6239, 6.2176, 0.0, 0.0, 0.0, 0.0, 0.0, 0.7868, 0.0, 0.0], "max_pos": 24, "max_act": 6.2188}, {"tokens": [" books", ".", " She", " was", " so", " proud", " of", " her", " book", "!", " But", " her", " mum", " was", " not", " pleased", ";", " she", " said", " that", " she", " should", " never", " have", " taken", " the", " book", " without", " asking", ",", " and", " she", " had"], "acts": [0.0, 0.0, 0.0, 0.0, 0.0, 0.0, 0.0, 0.0, 0.0, 0.0, 0.0, 0.0, 0.0, 0.0, 0.0, 0.0, 0.0, 0.0, 0.0, 0.0, 0.0, 0.0, 0.0, 1.9266, 6.1082, 1.1418, 0.0, 0.0, 0.0, 0.0, 0.0, 0.0, 0.0], "max_pos": 24, "max_act": 6.1094}, {"tokens": [" were", " wrong", ".", " They", " felt", " sorry", " for", " what", " they", " did", ".", "\n", "\n", "\"", "I", "'m", " sorry", ",", " Ben", ".", " I", " should", " not", " have", " taken", " your", " car", ".", " It", " was", " not", " nice", "."], "acts": [0.0, 0.0, 0.0, 0.0, 0.0, 0.0, 1.4388, 0.0, 0.0, 0.0, 0.0, 0.0, 0.0, 0.0, 0.0, 0.0, 0.0, 0.0, 0.0, 0.0, 0.0, 0.0, 0.0, 1.273, 6.0793, 0.0, 0.0, 0.0, 0.0, 0.0, 0.0, 0.0, 0.0], "max_pos": 24, "max_act": 6.0781}, {"tokens": [" mistake", ".", "\n", "\n", "\"", "I", "'m", " sorry", ",", " Ben", ",", " I", "'m", " sorry", "!\"", " Anna", " says", ".", " \"", "I", " did", " not", " mean", " to", " break", " your", " tower", ".", " I", " was", " mad", " at", " you"], "acts": [0.0, 0.0, 0.523, 0.0, 0.0, 0.0, 0.0, 0.0, 0.0, 0.0, 0.0, 0.0, 0.0, 0.0, 0.0, 0.0, 0.0, 0.0, 0.7938, 0.0, 0.0, 0.0, 1.9013, 1.116, 6.0554, 0.0, 0.0, 0.0, 0.0, 0.0, 0.0, 1.7488, 0.0], "max_pos": 24, "max_act": 6.0547}, {"tokens": [" and", " sighed", ".", " She", " was", " not", " angry", ",", " but", " she", " was", " disappointed", ".", " She", " said", ",", " \"", "Lily", ",", " you", " know", " you", " should", " not", " take", " things", " that", " are", " not", " yours", ".", " The", " necklace"], "acts": [0.0, 0.0, 0.0, 0.0, 0.0, 0.0, 0.0, 0.0, 0.0, 0.0, 0.0, 0.0, 0.0, 0.0, 0.0, 0.0, 0.0, 0.0, 0.0, 0.0, 1.3432, 0.0, 0.0, 0.0, 6.0543, 0.0, 0.0, 0.0, 0.0, 0.0, 0.0, 0.0, 0.0], "max_pos": 24, "max_act": 6.0547}, {"tokens": [" to", " pay", " lots", " of", " money", " to", " fix", " it", ".", " Lily", " felt", " sad", " and", " her", " mommy", " said", ",", " \"", "We", " should", " have", " listened", " and", " never", " touched", " things", " in", " the", " mu", "se", "um", ".\"", "<|endoftext|>"], "acts": [0.0, 0.0, 0.0, 0.0, 0.0, 0.0, 0.977, 0.0, 0.0, 0.0, 0.0, 0.0, 0.0, 0.0, 0.0, 0.0, 0.0, 0.0, 0.0, 0.0, 0.0, 0.0, 0.0, 0.9708, 6.0294, 0.766, 0.0, 0.0, 0.0, 0.0, 0.0, 0.0, 0.0], "max_pos": 24, "max_act": 6.0312}, {"tokens": [" taken", " the", " boy", "'s", " bicy", "cle", " without", " asking", ".", "\n", "\n", "\"", "I", "'m", " sorry", ",\"", " he", " said", ".", " \"", "I", " should", " not", " have", " taken", " your", " bicy", "cle", ".", " It", " was", " wrong", ".\""], "acts": [3.5139, 0.0, 0.0, 0.0, 0.0, 0.0, 0.0, 0.0, 0.0, 0.0, 0.0, 0.0, 0.0, 0.0, 0.0, 0.0, 0.0, 0.0, 0.0, 1.1662, 0.0, 0.0, 0.0, 1.5147, 6.0307, 1.6464, 0.0, 0.0, 0.0, 0.0, 0.0, 0.0, 0.6641], "max_pos": 24, "max_act": 6.0312}, {"tokens": [" for", " him", ".", "\n", "\n", "Joe", " was", " upset", " that", " the", " tire", " was", " too", " heavy", ",", " but", " Fr", "ank", " said", ",", " \u00e2\u20ac\u0153", "We", " should", " never", " take", " something", " that", " is", "n", "\u00e2\u20ac\u2122", "t", " our", "s"], "acts": [0.0, 0.0, 0.0, 0.0, 0.0, 0.0, 0.0, 0.0, 0.0, 0.0, 0.0, 0.0, 0.0, 0.0, 0.0, 0.0, 0.0, 0.0, 0.0, 0.0, 0.0, 0.0, 0.0, 0.0, 6.0078, 0.0, 0.0, 0.0, 0.0, 0.0, 0.0, 0.0, 0.0], "max_pos": 24, "max_act": 6.0078}, {"tokens": [" She", " puts", " the", " block", " on", " the", " table", ".", "\n", "\n", "\"", "I", " am", " glad", " you", " are", " sorry", ".", " But", " you", " should", " not", " fight", " or", " break", " things", ".", " You", " should", " share", " and", " be", " kind"], "acts": [0.0, 0.0, 0.0, 0.0, 0.0, 0.0, 0.0, 0.0, 0.0, 0.0, 0.0, 0.0, 0.0, 0.0, 0.0, 0.0, 0.0, 0.0, 0.0, 0.0, 0.0, 0.0, 2.5977, 0.9991, 5.9497, 0.0, 0.0, 0.0, 0.0, 1.7807, 0.0, 0.0, 0.0], "max_pos": 24, "max_act": 5.9492}, {"tokens": [" to", " Sara", ".", "\n", "\n", "\"", "I", "'m", " sorry", ",", " Sara", ".", " I", " was", " selfish", " and", " gre", "ed", "y", ".", " I", " should", " not", " have", " taken", " your", " bracelet", ".", " Please", " forgive", " me", ",\"", " Lily"], "acts": [0.0, 0.0, 0.0, 0.0, 0.0, 0.0, 0.0, 0.0, 0.0, 0.0, 0.0, 0.0, 0.0, 0.0, 0.0, 0.0, 0.0, 0.0, 0.0, 0.0, 0.0, 0.0, 0.0, 1.2363, 5.9011, 1.3915, 0.0, 0.0, 0.0, 0.0, 0.0, 0.0, 0.0], "max_pos": 24, "max_act": 5.9023}, {"tokens": [" box", " and", " said", " sorry", " to", " mom", " again", ".", "\n", "\n", "Mom", " hugged", " them", " and", " said", ",", " \"", "I", " know", " you", " didn", "'t", " mean", " to", " break", " the", " window", ",", " but", " you", " have", " to", " be"], "acts": [0.0, 0.0, 0.0, 0.0, 0.8936, 0.0, 0.0, 0.0, 0.0, 0.0, 0.0, 0.0, 0.0, 0.0, 0.0, 0.0, 0.0, 0.0, 0.0, 0.0, 0.0, 0.0, 1.3734, 0.9474, 5.8751, 0.0, 0.0, 0.0, 0.0, 0.0, 0.612, 0.0, 0.0], "max_pos": 24, "max_act": 5.875}, {"tokens": ["?\"", " Mom", " asked", ".", " \"", "What", " happened", "?\"", "\n", "\n", "\"", "We", " were", " playing", ",\"", " Sara", " said", ".", " \"", "We", " didn", "'t", " mean", " to", " break", " the", " lamp", ".\"", "\n", "\n", "\"", "We", " were"], "acts": [0.0, 0.0, 0.0, 0.0, 0.0, 0.0, 0.0, 0.0, 0.0, 0.0, 0.0, 0.0, 0.9299, 1.4793, 0.0, 0.0, 0.0, 0.0, 1.3847, 0.0, 0.0, 0.9787, 1.5457, 0.8691, 5.8757, 0.0, 0.0, 0.639, 0.5, 0.0, 0.0, 0.0, 0.0], "max_pos": 24, "max_act": 5.875}]}