{"id": 1057, "density": 0.05034, "max_act": 5.33203125, "hist": {"edges": [0.01, 0.0133, 0.0178, 0.0237, 0.0316, 0.0422, 0.0562, 0.075, 0.1, 0.1334, 0.1778, 0.2371, 0.3162, 0.4217, 0.5623, 0.7499, 1.0, 1.3335, 1.7783, 2.3714, 3.1623, 4.217, 5.6234, 7.4989, 10.0, 13.3352, 17.7828, 23.7137, 31.6228, 42.1697, 56.2341, 74.9894, 100.0], "counts": [0, 0, 0, 0, 0, 0, 0, 0, 0, 15, 311, 1837, 5684, 16509, 36762, 46155, 38745, 24997, 14696, 9817, 5445, 387, 0, 0, 0, 0, 0, 0, 0, 0, 0, 0]}, "logit_lens": {"promoted": [[" bird", 0.43], [" kite", 0.345], [" nest", 0.286], [" branch", 0.239], [" soar", 0.237], [" fly", 0.222], [" aw", 0.221], [" feather", 0.216], [" plane", 0.213], [" eggs", 0.203]], "suppressed": [[" otter", 0.314], [" haircut", 0.304], [" ghost", 0.301], [" mask", 0.299], ["Tommy", 0.29], ["ey", 0.289], [" lollipop", 0.287], ["ro", 0.284], ["F", 0.283], [" led", 0.282]]}, "examples": [{"tokens": [" heavy", ",", " happy", " mem", "or", "ies", ".", "<|endoftext|>", "One", " day", " a", " little", " black", " bird", " was", " sitting", " in", " the", " tree", ".", " She", " looked", " up", " at", " the", " sky", " and", " dreamed", " of", " flying", ".", " She", " had"], "acts": [0.0, 0.0, 0.0, 0.0, 0.0, 0.0, 0.0, 0.0, 0.0, 0.0, 0.0, 0.0, 0.0, 0.0, 0.8055, 0.0, 0.0, 3.7587, 0.0, 0.0, 0.0, 1.1248, 0.7909, 0.0, 5.3302, 0.0, 0.0, 1.0739, 1.9103, 2.64, 0.0, 0.0, 0.5764], "max_pos": 24, "max_act": 5.332}, {"tokens": [",", " it", "'s", " so", " sweet", ".\"", "<|endoftext|>", "Mama", ",", " look", " at", " that", " bird", "!", " said", " the", " 3", " year", " old", " boy", " as", " he", " pointed", " to", " the", " sky", ".", "\n", "The", " bird", " is", " lean", "ing"], "acts": [0.0, 0.0, 0.0, 0.0, 0.0, 0.0, 0.0, 0.0, 0.0, 0.0, 0.0, 0.0, 0.0, 0.0, 0.0, 3.9231, 2.2805, 0.0, 1.8922, 0.0, 0.0, 0.0, 1.3705, 0.0, 5.3217, 0.0, 0.0, 0.0, 4.1824, 0.0, 0.0, 0.0, 1.4129], "max_pos": 24, "max_act": 5.3203}, {"tokens": [" a", " branch", ".", " It", " had", " three", " eggs", " inside", ".", " They", " were", " blue", " and", " spe", "ck", "led", ".", "\n", "\n", "\"", "Wow", ",", " look", " at", " the", " eggs", "!\"", " Anna", " said", ".", " \"", "They", " are"], "acts": [2.8681, 0.0, 0.0, 0.0, 2.0544, 2.7086, 0.0, 0.0, 0.0, 0.0, 0.0, 3.0269, 0.8783, 0.0, 0.0, 0.0, 0.0, 0.0, 0.0, 0.0, 0.0, 1.1871, 0.0, 0.0, 5.1285, 0.0, 0.0, 0.0, 0.0, 0.0, 0.0, 0.0, 0.0], "max_pos": 24, "max_act": 5.1289}, {"tokens": [" in", " the", " park", ".", " Joe", " saw", " a", " bird", " per", "ched", " on", " a", " branch", " and", " he", " exclaimed", ",", " \"", "Mommy", ",", " look", "!", " Look", " at", " the", " bird", "!\"", "\n", "\n", "His", " mom", " said", ","], "acts": [0.0, 0.0, 0.0, 0.0, 0.0, 0.0, 0.0, 0.0, 0.0, 0.0, 0.0, 2.6552, 0.0, 0.0, 0.0, 0.0, 0.0, 0.0, 0.0, 0.0, 0.9737, 0.0, 0.0, 0.0, 5.0875, 0.0, 0.0, 0.0, 0.0, 2.4123, 0.0, 0.0, 0.0], "max_pos": 24, "max_act": 5.0859}, {"tokens": ["ob", "ile", ".", " \n", "\n", "When", " she", " got", " there", ",", " she", " saw", " a", " graceful", " bird", " flying", " in", " the", " sky", ".", " Lily", " wanted", " to", " watch", " the", " bird", ",", " but", " she", " knew", " she", " had", " to"], "acts": [0.0, 0.0, 0.0, 0.0, 0.0, 0.0, 0.0, 0.0, 0.0, 0.0, 0.0, 0.0, 0.5163, 1.0929, 0.0, 2.5114, 1.7368, 3.4216, 0.6395, 0.0, 0.0, 0.4296, 1.4167, 0.0, 5.0602, 0.0, 0.0, 0.0, 0.0, 0.0, 0.0, 0.0, 0.0], "max_pos": 24, "max_act": 5.0586}, {"tokens": [",", " the", " bird", " decided", " to", " soar", " up", " into", " the", " clouds", ".", " It", " fl", "apped", " its", " wings", " and", " went", " higher", " and", " higher", " until", " it", " reached", " the", " top", ".", " It", " felt", " happy", " and", " free", " up"], "acts": [0.4184, 3.7469, 0.0, 0.0, 1.8738, 2.2349, 2.123, 1.9098, 4.8302, 1.4655, 0.0, 0.0, 1.8393, 0.0, 3.4283, 0.0, 1.1158, 2.4035, 1.6927, 0.0, 2.0102, 0.0, 0.0, 1.3635, 5.0378, 1.1568, 0.0, 0.0, 1.2413, 1.2496, 0.0, 1.0027, 1.2453], "max_pos": 24, "max_act": 5.0391}, {"tokens": ["i", " flew", " to", " the", " cher", "ry", " tree", " and", " per", "ched", " on", " a", " branch", ".", " T", "i", "k", "i", " stretched", " out", " its", " wings", " to", " reach", " the", " cher", "ry", ".", " Suddenly", ",", " a", " g", "ust"], "acts": [0.0, 1.3711, 0.0, 3.7462, 0.0, 0.0, 1.3656, 1.3041, 0.0, 1.2353, 0.0, 1.9909, 0.0, 0.0, 0.0, 1.6112, 0.0, 0.9435, 0.0, 0.0, 2.6484, 0.0, 0.832, 1.2266, 5.0275, 0.0, 1.0039, 0.0, 0.0, 0.0, 2.8324, 0.0, 0.0], "max_pos": 24, "max_act": 5.0273}, {"tokens": [" for", " a", " walk", ".", " Soon", ",", " John", " spotted", " a", " bright", " yellow", " bird", ",", " sitting", " on", " a", " tree", " branch", ".", " John", " smiled", " and", " pointed", " to", " the", " bird", ".", "\n", "\n", "\u00e2\u20ac\u0153", "Mom", ",", " look"], "acts": [0.0, 0.0, 0.0, 0.0, 0.0, 0.0, 0.0, 0.0, 0.0, 1.0565, 1.6746, 0.0, 0.0, 0.0, 0.0, 2.9176, 0.0, 0.0, 0.0, 0.0, 0.0, 0.0, 0.9833, 0.0, 5.0253, 0.0, 0.0, 0.0, 0.0, 0.0, 0.0, 0.0, 0.0], "max_pos": 24, "max_act": 5.0234}, {"tokens": [" felt", " safe", ".", " \n", "\n", "The", " bird", " looked", " up", " at", " the", " sky", " and", " saw", " other", " birds", " flying", ".", " The"], "acts": [0.0, 0.0, 0.0, 0.0, 0.0, 0.7859, 0.0, 0.0, 0.0, 0.0, 5.0027, 0.0, 0.0, 0.0, 2.4595, 0.0, 2.5334, 0.0, 3.5137], "max_pos": 10, "max_act": 5.0039}, {"tokens": [" has", " a", " camera", " that", " her", " dad", " gave", " her", ".", " She", " is", " very", " careful", " with", " the", " camera", ".", "\n", "\n", "\"", "Ben", ",", " look", " at", " the", " bird", "!", " It", " is", " so", " pretty", "!\"", " Lily"], "acts": [1.1133, 2.3787, 0.0, 0.0, 2.4899, 0.0, 0.0, 1.9446, 0.0, 0.0, 0.0, 0.0, 0.0, 0.0, 3.6096, 0.0, 0.0, 0.0, 0.0, 0.0, 0.0, 0.6668, 1.1989, 0.0, 4.9969, 0.0, 0.0, 0.0, 0.7219, 0.0, 2.2168, 0.0, 0.0], "max_pos": 24, "max_act": 4.9961}, {"tokens": [" pleased", " and", " excited", ",", " as", " it", " started", " to", " soar", " in", " the", " sky", " with", " the", " umbrella", ".", " It", " flew", " higher", " and", " higher", " until", " it", " reached", " the", " clouds", ".", " The", " bird", " was", " so", " happy", " and"], "acts": [0.0, 0.0, 0.0, 0.0, 0.0, 0.0, 0.7641, 2.0079, 1.3441, 1.413, 4.3435, 0.6296, 0.6171, 4.2088, 0.0, 0.0, 0.0, 1.4209, 1.3411, 0.0, 1.8492, 0.0, 0.6177, 1.246, 4.984, 0.0, 0.0, 3.6984, 0.0, 1.2429, 0.5433, 0.8663, 0.0], "max_pos": 24, "max_act": 4.9844}, {"tokens": [" climb", " higher", ".", "\n", "\n", "One", " day", ",", " Timmy", " saw", " a", " bird", "'s", " nest", " on", " top", " of", " the", " tree", ".", " He", " wanted", " to", " see", " the", " little", " birds", " inside", ",", " so", " he", " climbed", " higher"], "acts": [0.944, 1.3128, 0.0, 0.0, 0.0, 0.0, 0.0, 0.0, 0.0, 0.0, 1.412, 0.0, 3.453, 0.0, 0.0, 0.0, 1.1699, 3.4995, 0.0, 0.0, 0.0, 1.379, 1.7631, 0.4939, 4.9849, 2.8947, 0.0, 0.0, 0.0, 0.0, 0.0, 1.4749, 1.4541], "max_pos": 24, "max_act": 4.9844}]}