{"id": 1061, "density": 0.01595775, "max_act": 8.1171875, "hist": {"edges": [0.01, 0.0133, 0.0178, 0.0237, 0.0316, 0.0422, 0.0562, 0.075, 0.1, 0.1334, 0.1778, 0.2371, 0.3162, 0.4217, 0.5623, 0.7499, 1.0, 1.3335, 1.7783, 2.3714, 3.1623, 4.217, 5.6234, 7.4989, 10.0, 13.3352, 17.7828, 23.7137, 31.6228, 42.1697, 56.2341, 74.9894, 100.0], "counts": [0, 0, 0, 0, 0, 0, 0, 0, 5, 40, 271, 821, 1949, 5358, 9993, 12819, 11787, 9834, 5421, 3133, 1611, 451, 334, 4, 0, 0, 0, 0, 0, 0, 0, 0]}, "logit_lens": {"promoted": [[" today", 0.262], ["ally", 0.234], [" on", 0.234], [" for", 0.227], [" to", 0.218], ["ct", 0.213], ["w", 0.211], ["ress", 0.202], ["ily", 0.202], [" lesson", 0.195]], "suppressed": [["u", 0.361], ["ger", 0.285], ["ro", 0.285], [" rude", 0.276], [" breath", 0.276], ["ance", 0.275], [" rid", 0.275], ["ur", 0.271], ["n", 0.266], ["umbled", 0.261]]}, "examples": [{"tokens": [" things", ".", " He", " said", ",", " \"", "I", " want", " you", " to", " move", " this", " box", ".", " Can", " you", " do", " it", " for", " me", "?\".", " The", " otter", " tried", " hard", " and", " eventually", " succeed", "ed", " in", " moving", " the", " box"], "acts": [0.0, 0.0, 0.0, 0.0, 0.0, 0.0, 0.0, 0.0, 0.0, 0.0, 0.0, 0.0, 0.0, 0.0, 0.0, 0.0, 0.0, 0.0, 0.0, 0.0, 0.0, 0.0, 0.0, 1.7282, 8.1187, 1.9911, 1.2495, 0.0, 1.384, 1.4882, 0.0, 0.0, 0.0], "max_pos": 24, "max_act": 8.1172}, {"tokens": ["0", "!", " His", " friends", " encou", "ra", "ged", " him", " and", " said", " if", " he", " tried", " hard", " enough", ",", " he", " would", " be", " able", " to", " reach"], "acts": [0.0, 0.0, 0.0, 0.0, 0.0, 0.0, 0.0, 0.0, 0.0, 0.0, 0.0, 0.0, 1.3919, 7.8748, 6.5785, 1.3949, 0.0, 0.0, 0.0, 0.0, 0.0, 0.0], "max_pos": 13, "max_act": 7.875}, {"tokens": [" need", "les", " in", " her", " drawer", ".", " She", " asks", " her", " dad", " to", " help", " her", ".", " He", " shows", " her", " how", " to", " kn", "it", ".", " She", " tries", " hard", ".", " She", " makes", " loo", "p", "s", " and", " st"], "acts": [0.0, 0.0, 0.0, 0.0, 0.0, 0.0, 0.0, 0.0, 0.0, 0.0, 0.0, 0.0, 0.0, 0.0, 0.0, 0.0, 0.0, 2.0209, 0.0, 0.0, 0.0, 0.0, 0.0, 1.9809, 7.6551, 0.0, 0.0, 0.0, 0.0, 0.0, 0.0, 0.0, 0.0], "max_pos": 24, "max_act": 7.6562}, {"tokens": [" that", " it", " was", " special", ",", " so", " they", " put", " their", " differe", "n", "ces", " as", "ide", " and", " tried", " to", " un", "ite", " together", ".", " They", " both", " tried", " hard", " to", " lift", " the", " ", "iron", ",", " but", " it"], "acts": [0.0, 0.0, 0.0, 0.0, 0.0, 0.0, 0.0, 0.0, 0.0, 0.0, 0.0, 0.0, 0.0, 0.0, 0.0, 1.3569, 0.3704, 0.0, 0.0, 0.5323, 0.0, 0.0, 0.0, 1.5286, 7.6442, 0.0, 0.0, 0.0, 0.0, 0.0, 0.0, 1.8456, 0.0], "max_pos": 24, "max_act": 7.6445}, {"tokens": [" had", " an", " idea", ".", " She", " took", " some", " glue", " and", " tape", " and", " tried", " to", " put", " the", " pieces", " of", " the", " mirror", " back", " together", ".", " She", " worked", " hard", " and", " hoped", " it", " would", " work", ".", " She", " wanted"], "acts": [0.0, 0.0, 0.0, 0.0, 0.0, 0.0, 1.1181, 0.0, 0.0, 0.0, 0.0, 1.3456, 0.9441, 0.0, 0.0, 0.0, 0.0, 0.0, 0.0, 0.0, 1.0876, 0.0, 0.0, 0.7416, 7.428, 0.0, 0.0, 0.0, 0.0, 0.0, 0.0, 0.0, 0.0], "max_pos": 24, "max_act": 7.4297}, {"tokens": [" They", " could", " see", " that", " if", " you", " try", " hard", " enough", ",", " anything", " is", " po", "ss", "ible", "."], "acts": [0.0, 0.0, 0.0, 0.0, 0.0, 0.0, 0.8564, 7.3675, 6.6169, 0.0, 0.0, 0.0, 0.0, 0.0, 0.0, 0.0], "max_pos": 7, "max_act": 7.3672}, {"tokens": ["!\"", "\n", "\n", "The", " pony", " was", " sad", " but", " he", " kept", " on", " trying", " to", " work", ".", "\n", "\n", "He", " tried", " and", " tried", " and", " he", " worked", " hard", ",", " but", " he", " still", " couldn", "'t", " do", " it"], "acts": [0.0, 0.0, 0.0, 0.0, 0.0, 0.0, 0.0, 0.0, 0.0, 0.0, 0.0, 1.399, 0.0, 0.0, 0.0, 0.0, 0.0, 0.0, 1.4113, 3.2192, 2.1206, 3.5351, 0.0, 0.8561, 7.2922, 0.0, 1.9274, 0.0, 0.0, 0.0, 0.547, 0.0, 0.0], "max_pos": 24, "max_act": 7.293}, {"tokens": ["\n", "Lily", ":", " \"", "Yes", ",", " please", "!\"", " \n", "\n", "So", ",", " Lily", " ran", " inside", " to", " get", " some", " paper", " and", " crayons", ".", " She", " tried", " hard", " to", " draw", " the", " rainbow", ",", " but", " it", " was"], "acts": [0.0, 0.0, 0.0, 0.0, 0.0, 0.0, 0.0, 0.0, 0.0, 0.0, 0.0, 0.0, 0.0, 0.0, 0.0, 0.0, 0.0, 0.0, 0.0, 0.0, 0.0, 0.0, 0.0, 0.0, 7.2888, 0.0, 0.0, 0.0, 0.0, 0.0, 1.2724, 0.0, 0.0], "max_pos": 24, "max_act": 7.2891}, {"tokens": [" kind", " swim", "m", "ers", " came", " to", " help", ".", " They", " tried", " hard", " to", " open", " the", " c", "ase", " and", " they", " were"], "acts": [0.0, 0.0, 0.0, 0.0, 0.0, 0.0, 0.0, 0.0, 0.0, 1.3518, 7.2395, 0.0, 0.0, 0.0, 0.0, 0.0, 0.0, 0.0, 0.0], "max_pos": 10, "max_act": 7.2383}, {"tokens": [" the", " blocks", " kept", " fall", "ing", " down", ".", " Lily", " was", " not", " happy", ".", "\n", "\n", "Lily", "'s", " big", " brother", ",", " Tom", ",", " saw", " her", " trying", " hard", ".", " He", " wanted", " to", " help", " her", ".", " Tom"], "acts": [0.0, 0.0, 0.9228, 0.0, 0.0, 0.0, 0.0, 0.0, 0.0, 0.0, 0.0, 0.0, 0.0, 0.0, 0.0, 0.0, 0.0, 0.0, 0.0, 0.0, 0.0, 0.0, 0.0, 1.7555, 7.2145, 0.0, 0.0, 0.0, 0.0, 0.0, 0.0, 0.0, 0.0], "max_pos": 24, "max_act": 7.2148}, {"tokens": [" She", " was", " very", " excited", ".", " She", " wanted", " to", " see", " what", " was", " inside", " the", " present", ".", " But", " it", " was", " hard", " to", " open", ".", " She", " tried", " hard", " to", " open", " the", " package", ".", " Finally", " it", " opened"], "acts": [0.0, 0.0, 0.0, 0.0, 0.0, 0.0, 0.0, 0.0, 0.0, 0.0, 0.0, 0.0, 0.0, 0.0, 0.0, 0.0, 0.0, 0.0, 2.2915, 0.0, 0.0, 0.0, 0.0, 1.2608, 7.1543, 0.0, 0.0, 0.0, 0.0, 0.0, 0.9129, 0.0, 0.0], "max_pos": 24, "max_act": 7.1562}, {"tokens": [" T", "est", "\".", " She", " knew", " it", " would", " be", " difficult", ",", " but", " she", " was", " ready", " to", " give", " it", " a", " try", ".", "\n", "\n", "Sally", " worked", " hard", " to", " do", " her", " best", ".", " She", " asked", " her"], "acts": [0.0, 0.0, 0.0, 0.0, 0.0, 0.0, 0.0, 0.0, 1.2274, 0.0, 0.0, 0.0, 0.0, 0.0, 0.0, 0.0, 0.0, 0.0, 1.5549, 0.0, 0.0, 0.0, 0.0, 0.7319, 7.1309, 0.0, 0.0, 0.0, 0.0, 0.0, 0.0, 0.0, 0.0], "max_pos": 24, "max_act": 7.1328}]}