{"id": 1073, "density": 0.00859025, "max_act": 11.8671875, "hist": {"edges": [0.01, 0.0133, 0.0178, 0.0237, 0.0316, 0.0422, 0.0562, 0.075, 0.1, 0.1334, 0.1778, 0.2371, 0.3162, 0.4217, 0.5623, 0.7499, 1.0, 1.3335, 1.7783, 2.3714, 3.1623, 4.217, 5.6234, 7.4989, 10.0, 13.3352, 17.7828, 23.7137, 31.6228, 42.1697, 56.2341, 74.9894, 100.0], "counts": [0, 0, 0, 0, 0, 0, 0, 0, 0, 0, 58, 477, 927, 1467, 2262, 3125, 4027, 3359, 3122, 1985, 2966, 45, 3117, 4237, 3187, 0, 0, 0, 0, 0, 0, 0]}, "logit_lens": {"promoted": [["ster", 0.327], ["sp", 0.306], ["\n", 0.288], [" OK", 0.28], ["x", 0.276], [" asks", 0.268], ["umb", 0.266], ["by", 0.263], ["ff", 0.253], [" okay", 0.247]], "suppressed": [["aking", 0.225], ["en", 0.205], [" lost", 0.201], [" way", 0.2], [" mel", 0.195], [" recogn", 0.191], ["i", 0.19], [" believe", 0.188], [" miss", 0.187], ["ling", 0.186]]}, "examples": [{"tokens": [" go", " to", " your", " room", " and", " sleep", ".\"", " So", ",", " Lily", " went", " to", " her", " room", " and", " fell", " asleep", " on", " her", " cozy", " bed", ".", "<|endoftext|>", "Once", " upon", " a", " time", ",", " there", " was", " a", " little", " girl"], "acts": [0.0, 0.0, 0.0, 0.0, 0.0, 0.0, 0.0, 0.0, 0.0, 0.0, 0.0, 0.0, 0.0, 0.0, 0.0, 0.0, 0.0, 0.0, 0.0, 0.0, 0.0, 0.0, 0.0, 0.0, 11.8649, 0.6876, 0.0, 2.3326, 1.5882, 4.3416, 0.0, 0.0, 0.0], "max_pos": 24, "max_act": 11.8672}, {"tokens": [" From", " that", " day", " on", ",", " Max", " and", " Lily", " played", " together", " every", " day", ",", " and", " they", " became", " the", " best", " of", " friends", ".", "<|endoftext|>", "Once", " upon", " a", " time", ",", " in", " a", " small", " town", ","], "acts": [0.0, 0.0, 0.0, 0.0, 0.0, 0.0, 0.0, 0.0, 0.0, 0.0, 0.0, 0.0, 0.0, 0.0, 0.0, 0.0, 0.0, 0.0, 0.0, 0.0, 0.0, 0.0, 0.0, 11.7922, 1.1575, 0.0, 2.7857, 2.9118, 0.0, 0.0, 0.0, 0.0], "max_pos": 23, "max_act": 11.7891}, {"tokens": [" was", " so", " happy", " they", " found", " treasure", ",", " and", " she", " knew", " that", " her", " dad", " would", " always", " keep", " her", " safe", " on", " their", " adventures", ".", "<|endoftext|>", "Once", " upon", " a", " time", ",", " there", " was", " a", " little", " girl"], "acts": [0.0, 0.0, 0.0, 0.0, 0.0, 0.0, 0.0, 0.0, 0.0, 0.0, 0.0, 0.0, 0.0, 0.0, 0.0, 0.0, 0.0, 0.0, 0.0, 0.0, 0.0, 0.0, 0.0, 0.0, 11.7302, 0.6478, 0.0, 2.3672, 1.3968, 3.9469, 0.0, 0.0, 0.0], "max_pos": 24, "max_act": 11.7266}, {"tokens": [" day", " on", ",", " Lily", " knew", " that", " even", " when", " things", " seemed", " scary", ",", " she", " could", " be", " brave", " and", " have", " fun", ".", "<|endoftext|>", "Once", " upon", " a", " time", ",", " there", " was", " a", " boy", " named"], "acts": [0.0, 0.0, 0.0, 0.0, 0.0, 0.0, 0.0, 0.0, 0.0, 0.0, 0.0, 0.0, 0.0, 0.0, 0.0, 0.0, 0.0, 0.0, 0.0, 0.0, 0.0, 0.0, 11.6691, 0.0, 0.0, 2.2519, 1.2624, 4.0243, 0.0, 0.0, 0.0], "max_pos": 22, "max_act": 11.6719}, {"tokens": [" see", " her", " and", " they", " played", " together", ".", " From", " that", " day", " on", ",", " Lily", " always", " remembered", " to", " visit", " her", " friendly", " caterpillar", " friend", ".", "<|endoftext|>", "Once", " upon", " a", " time", ",", " there", " was", " a", " little", " girl"], "acts": [0.0, 0.0, 0.0, 0.0, 0.0, 0.0, 0.0, 0.0, 0.0, 0.0, 0.0, 0.0, 0.0, 0.0, 0.0, 0.0, 0.0, 0.0, 0.0, 0.0, 0.0, 0.0, 0.0, 0.0, 11.6236, 0.5694, 0.0, 1.8346, 1.3135, 3.8045, 0.0, 0.0, 0.0], "max_pos": 24, "max_act": 11.625}, {"tokens": [" Lily", " always", " listened", " to", " her", " mommy", "'s", " advice", ".", "<|endoftext|>", "Once", " upon", " a", " time", ",", " there", " was", " a", " little", " girl"], "acts": [0.0, 0.0, 0.0, 0.0, 0.0, 0.0, 0.0, 0.0, 0.0, 0.0, 0.0, 11.6243, 0.5428, 0.0, 2.0766, 1.6171, 3.9326, 0.0, 0.0, 0.0], "max_pos": 11, "max_act": 11.625}, {"tokens": [" They", " played", " together", " for", " a", " while", ",", " and", " Lily", " was", " happy", " to", " hold", " her", " brother", "'s", " toy", " car", ".", "<|endoftext|>", "Once", " upon", " a", " time", ",", " there", " was", " a", " little", " girl"], "acts": [0.0, 0.0, 0.0, 1.0339, 0.0, 0.0, 0.0, 0.0, 0.0, 0.0, 0.0, 0.0, 0.0, 0.0, 0.0, 0.0, 0.0, 0.0, 0.0, 0.0, 0.0, 11.6126, 0.0, 0.0, 2.5002, 1.423, 4.0458, 0.0, 0.0, 0.0], "max_pos": 21, "max_act": 11.6094}, {"tokens": [" From", " that", " day", " on", ",", " Lily", " made", " sure", " all", " her", " toys", " were", " safe", " and", " didn", "'t", " have", " anything", " fake", " on", " them", ".", "<|endoftext|>", "Once", " upon", " a", " time", ",", " there", " was", " a", " little", " girl"], "acts": [0.0, 0.0, 0.0, 0.0, 0.0, 0.0, 0.0, 0.0, 0.0, 0.0, 0.0, 0.0, 0.0, 0.0, 0.0, 0.0, 0.0, 0.0, 0.0, 0.0, 0.0, 0.0, 0.0, 0.0, 11.5927, 0.0, 0.0, 2.0417, 1.3467, 3.6722, 0.0, 0.0, 0.0], "max_pos": 24, "max_act": 11.5938}, {"tokens": [" Lily", " was", " so", " happy", " and", " proud", " of", " Max", " for", " being", " such", " a", " good", " and", " helpful", " dog", ".", "<|endoftext|>", "Once", " upon", " a", " time", ",", " there", " was", " a", " boy", " named"], "acts": [0.0, 0.0, 0.0, 0.0, 0.0, 0.0, 0.0, 0.0, 0.0, 0.0, 1.9453, 0.0, 0.0, 0.0, 0.0, 0.0, 0.0, 0.0, 0.0, 11.5884, 0.7796, 0.0, 2.6588, 1.7477, 4.0122, 0.0, 0.0, 0.0], "max_pos": 19, "max_act": 11.5859}, {"tokens": [" of", " hay", ".", " From", " that", " day", " on", ",", " Lily", " always", " trust", "ed", " Max", " to", " keep", " her", " safe", " on", " their", " adventures", " together", ".", "<|endoftext|>", "Once", " upon", " a", " time", ",", " there", " was", " a", " boy", " named"], "acts": [0.0, 0.0, 0.0, 0.0, 0.0, 0.0, 0.0, 0.0, 0.0, 0.0, 0.0, 0.0, 0.0, 0.0, 0.0, 0.0, 0.0, 0.0, 0.0, 0.0, 0.0, 0.0, 0.0, 0.0, 11.5855, 0.3992, 0.0, 2.3323, 1.3994, 4.0156, 0.0, 0.0, 0.0], "max_pos": 24, "max_act": 11.5859}, {"tokens": [" was", " too", " late", ".", " Grandma", " had", " d", "ied", ".", " Lily", " cried", " and", " cried", ",", " missing", " her", " grandma", " and", " her", " teddy", " bear", ".", "<|endoftext|>", "Once", " upon", " a", " time", ",", " there", " was", " a", " dog", " named"], "acts": [0.0, 0.0, 0.0, 0.0, 0.0, 0.0, 0.0, 0.0, 0.0, 0.0, 0.0, 0.0, 0.0, 0.0, 0.0, 0.0, 0.0, 0.0, 0.0, 0.0, 0.0, 0.0, 0.0, 0.0, 11.5577, 0.0, 0.0, 2.1849, 1.4205, 4.0029, 0.0, 0.0, 0.0], "max_pos": 24, "max_act": 11.5547}, {"tokens": [" be", " clean", " again", ".", " She", " learned", " that", " sometimes", " we", " fall", ",", " but", " we", " can", " always", " get", " back", " up", " and", " keep", " playing", ".", "<|endoftext|>", "Once", " upon", " a", " time", ",", " there", " was", " a", " little", " girl"], "acts": [0.0, 0.0, 0.0, 0.0, 0.0, 0.0, 0.0, 0.0, 0.0, 0.0, 0.0, 0.0, 0.0, 0.0, 0.0, 0.0, 0.0, 0.0, 0.0, 0.0, 0.0, 0.0, 0.0, 0.0, 11.5453, 0.5773, 0.0, 2.2166, 1.183, 3.9951, 0.0, 0.0, 0.0], "max_pos": 24, "max_act": 11.5469}]}