{"id": 1109, "density": 0.0342925, "max_act": 11.7421875, "hist": {"edges": [0.01, 0.0133, 0.0178, 0.0237, 0.0316, 0.0422, 0.0562, 0.075, 0.1, 0.1334, 0.1778, 0.2371, 0.3162, 0.4217, 0.5623, 0.7499, 1.0, 1.3335, 1.7783, 2.3714, 3.1623, 4.217, 5.6234, 7.4989, 10.0, 13.3352, 17.7828, 23.7137, 31.6228, 42.1697, 56.2341, 74.9894, 100.0], "counts": [0, 0, 0, 0, 0, 0, 0, 0, 0, 0, 9, 210, 1281, 3850, 10730, 18977, 21861, 19641, 15146, 11975, 12710, 11114, 7271, 2320, 75, 0, 0, 0, 0, 0, 0, 0]}, "logit_lens": {"promoted": [[" days", 0.412], [" things", 0.383], [" people", 0.293], [" animals", 0.29], [" times", 0.276], [" places", 0.264], [" toys", 0.257], [" creatures", 0.25], [" kinds", 0.249], [" flowers", 0.242]], "suppressed": [[" flute", 0.298], ["ot", 0.285], [" line", 0.282], [" which", 0.275], ["em", 0.275], [" cone", 0.271], [" ring", 0.269], [" track", 0.267], [" guitar", 0.262], ["et", 0.254]]}, "examples": [{"tokens": [".", " Finally", " the", " creature", " just", " took", " the", " fox", " away", ".", "\n", "\n", "The", " fox", " was", " taken", " to", " a", " dark", " place", ",", " full", " of", " other", " small", " animals", ".", " The", " creature", " said", " that", " the", " fox"], "acts": [0.0, 0.0, 0.0, 0.0, 0.0, 0.0, 0.0, 0.0, 0.0, 0.0, 0.0, 0.0, 0.0, 0.0, 0.0, 0.0, 0.0, 0.0, 0.0, 0.0, 0.0, 1.2685, 5.7737, 8.0199, 11.7439, 1.7238, 0.0, 0.0, 0.0, 0.0, 0.0, 0.0, 0.0], "max_pos": 24, "max_act": 11.7422}, {"tokens": [" about", " how", " amazing", " it", " was", " to", " be", " al", "ive", " and", " when", " it", " looked", " around", ",", " it", " realised", " that", " the", " garden", " was", " full", " of", " other", " small", " pe", "pp", "ers", ".", "\n", "\n", "The", " pepper"], "acts": [0.0, 0.0, 0.6859, 0.0, 0.0, 0.0, 0.0, 0.0, 1.0437, 0.0, 0.0, 0.0, 0.0, 0.0, 0.0, 0.0, 0.0, 0.0, 0.0, 0.0, 0.0, 0.0, 4.4885, 7.9468, 11.4744, 1.815, 0.0, 0.0, 0.0, 0.0, 0.0, 0.0, 0.0], "max_pos": 24, "max_act": 11.4766}, {"tokens": [" field", ".", " It", " was", " a", " big", ",", " soft", " play", "er", ".", " The", " rabbit", " hopped", " closer", " and", " saw", " that", " the", " play", "er", " was", " filled", " with", " tiny", " white", " balls", ".", " \n", "\n", "The", " rabbit", " said"], "acts": [0.0, 0.0, 0.0, 0.0, 0.0, 0.0, 0.0, 0.0, 0.0, 0.0, 0.0, 0.0, 0.0, 0.0, 0.0, 0.0, 0.0, 0.0, 0.0, 0.0, 0.0, 0.0, 0.0, 1.8206, 11.4394, 7.7423, 0.0, 0.0, 0.0, 0.0, 0.0, 0.0, 0.0], "max_pos": 24, "max_act": 11.4375}, {"tokens": [" play", " with", " magn", "ets", ".", " They", " had", " many", " magn", "ets", " of", " different", " colors", " and", " shapes", ".", " They", " stuck", " them", " on"], "acts": [0.0, 0.0, 0.0, 0.0, 0.0, 0.0, 0.0, 5.8328, 0.0, 0.0, 1.4703, 11.2944, 0.0, 0.0, 0.0, 0.0, 0.0, 0.0, 0.0, 0.0], "max_pos": 11, "max_act": 11.2969}, {"tokens": ["\u00e2\u20ac", " and", " \u00e2\u20ac\u0153", "st", "ay", "\u00e2\u20ac", ".", " \n", "\n", "The", " fox", " was", " a", " very", " fast", " learn", "er", " and", " soon", " was", " able", " to", " help", " with", " small", " task", "s", " around", " the", " house", ".", " Everyone", " was"], "acts": [0.0, 0.0, 0.0, 0.0, 0.0, 0.0, 0.0, 0.0, 0.0, 0.0, 0.0, 0.0, 0.0, 0.0, 0.0, 0.0, 0.0, 0.0, 0.0, 0.0, 0.0, 0.0, 0.0, 0.0, 11.2696, 0.0, 0.0, 0.0, 0.0, 0.0, 0.0, 0.0, 0.0], "max_pos": 24, "max_act": 11.2734}, {"tokens": [" with", " lots", " of", " small", " circles", ".", " It", " looked", " like", " a", " big", " flower"], "acts": [0.0, 5.3871, 8.7665, 11.2732, 0.0, 0.0, 0.0, 0.0, 0.0, 0.0, 0.0, 0.0], "max_pos": 3, "max_act": 11.2734}, {"tokens": [" tell", " stories", ".", " \n", "\n", "One", " day", ",", " the", " little", " girl", " told", " the", " whale", " about", " her", " wish", " to", " explore", " the", " world", " and", " see", " many", " different", " wo", "nd", "ers", ".", " The", " whale", " didn", "'t"], "acts": [0.0, 0.0, 0.0, 0.0, 0.0, 0.0, 0.0, 0.0, 0.0, 0.0, 0.0, 0.0, 0.0, 0.0, 0.0, 0.0, 0.0, 0.0, 0.0, 0.0, 0.0, 0.0, 0.0, 9.137, 11.1169, 1.8178, 0.0, 0.0, 0.0, 0.0, 0.0, 0.0, 0.0], "max_pos": 24, "max_act": 11.1172}, {"tokens": [" box", " a", " bit", " deep", "er", " so", " that", " it", " was", " even", " more", " sec", "ure", "ly", " hidden", ",", " and", " they", " filled", " the", " hole", " in", " with", " a", " few", " stones", " so", " nobody", " would", " know", " it", " was", " there"], "acts": [0.0, 0.0, 0.0, 0.0, 1.311, 0.0, 0.0, 0.0, 0.0, 0.0, 0.8183, 0.0, 1.6009, 0.0, 2.4373, 0.0, 0.0, 0.0, 0.0, 0.8171, 0.0, 0.0, 1.7207, 0.0, 11.0664, 0.0, 0.0, 0.0, 0.0, 0.0, 0.0, 0.0, 0.0], "max_pos": 24, "max_act": 11.0625}, {"tokens": [" was", " bright", " and", " shining", " in", " the", " sun", ".", " She", " decided", " to", " open", " the", " nut", " and", " see", " what", " was", " inside", ".", " It", " was", " filled", " with", " tiny", ",", " gl", "itter", "ing", " seeds", ".", "\n", "\n"], "acts": [0.0, 0.0, 0.0, 0.0, 0.0, 0.0, 0.0, 0.0, 0.0, 0.0, 0.0, 0.0, 0.0, 0.0, 0.0, 0.0, 0.0, 0.0, 0.0, 0.0, 0.0, 0.0, 0.0, 1.8946, 10.975, 0.0, 0.0, 0.0, 3.7906, 0.0, 0.0, 0.0, 0.0], "max_pos": 24, "max_act": 10.9766}, {"tokens": [" found", " a", " big", " scre", "w", "d", "ri", "ver", ".", " She", " used", " it", " to", " open", " the", " motor", " and", " check", " inside", ".", " It", " was", " filled", " with", " small", " pieces", ",", " but", " Sally", " didn", "'t", " know", " what"], "acts": [0.0, 0.0, 0.0, 0.0, 0.0, 0.0, 0.0, 0.0, 0.0, 0.0, 0.0, 0.0, 0.0, 0.0, 0.0, 0.0, 0.0, 0.0, 0.0, 0.0, 0.0, 0.0, 0.0, 1.9728, 10.9728, 0.0, 0.0, 0.0, 0.0, 0.0, 0.0, 0.0, 0.0], "max_pos": 24, "max_act": 10.9766}, {"tokens": [" every", " day", ".", " The", " boy", " liked", " the", " bridge", " very", " much", " because", " it", " was", " a", " special", " place", " with", " lots", " of", " different", " things", " to", " enjoy", ".", "\n", "\n", "On", " one"], "acts": [0.0, 0.0, 0.0, 0.0, 0.0, 0.0, 0.0, 0.0, 0.0, 0.0, 0.0, 0.0, 0.0, 0.0, 0.0, 0.0, 1.6896, 4.3922, 7.4362, 10.8255, 0.0, 0.0, 0.0, 0.0, 0.0, 0.0, 0.0, 0.0], "max_pos": 19, "max_act": 10.8281}, {"tokens": ["'t", " need", " money", " to", " make", " money", ".", " Just", " be", " creative", " and", " re", "s", "our", "ce", "ful", ",", " and", " you", " can", " find", " all", " sorts", " of", " different", " ways", " to", " make", " your", " dreams", " come", " true", "."], "acts": [0.0, 0.0, 0.0, 0.0, 0.0, 0.0, 0.0, 0.0, 0.0, 0.7931, 0.0, 0.0, 0.0, 0.0, 1.2663, 2.995, 0.0, 0.0, 0.0, 0.0, 0.0, 1.6243, 3.6123, 6.404, 10.754, 0.0, 0.0, 0.0, 0.0, 0.0, 0.0, 0.0, 0.0], "max_pos": 24, "max_act": 10.7578}]}