{"id": 1111, "density": 0.00777525, "max_act": 10.8828125, "hist": {"edges": [0.01, 0.0133, 0.0178, 0.0237, 0.0316, 0.0422, 0.0562, 0.075, 0.1, 0.1334, 0.1778, 0.2371, 0.3162, 0.4217, 0.5623, 0.7499, 1.0, 1.3335, 1.7783, 2.3714, 3.1623, 4.217, 5.6234, 7.4989, 10.0, 13.3352, 17.7828, 23.7137, 31.6228, 42.1697, 56.2341, 74.9894, 100.0], "counts": [0, 0, 0, 0, 0, 0, 0, 0, 0, 0, 4, 51, 417, 1525, 3523, 4457, 4114, 3328, 2855, 2272, 2332, 2118, 2869, 1203, 33, 0, 0, 0, 0, 0, 0, 0]}, "logit_lens": {"promoted": [["ing", 0.449], [" never", 0.412], [" not", 0.398], [" seek", 0.354], [" soon", 0.347], ["er", 0.346], ["ation", 0.345], ["ier", 0.345], [" brighter", 0.342], [" eventually", 0.341]], "suppressed": [[" who", 0.18], [" other", 0.17], ["l", 0.153], [" kids", 0.143], ["el", 0.141], [" E", 0.14], [" how", 0.132], [" breath", 0.125], [" should", 0.121], [" named", 0.121]]}, "examples": [{"tokens": [" Lily", ".", " We", " can", "'t", " play", " with", " the", " d", "a", "is", "ies", " today", ".", " They", " are", " wet", " and", " sad", ".", " Maybe", " tomorrow", " the", " sun", " will", " come", " out", " and", " we", " can", " play", " again", ".\""], "acts": [0.0, 0.0, 0.0, 0.0, 0.0, 0.0, 0.0, 0.0, 0.0, 0.0, 0.0, 0.0, 0.0, 0.0, 0.0, 0.0, 0.0, 0.0, 0.0, 0.0, 0.0, 0.0, 0.0, 0.0, 10.8789, 0.0, 0.0, 0.0, 0.0, 0.7243, 0.0, 0.0, 0.0], "max_pos": 24, "max_act": 10.8828}, {"tokens": [" we", " can", " have", " a", " sunny", " day", " and", " a", " fun", " adventure", " tomorrow", ",\"", " Mia", " says", ".", "\n", "\n", "They", " don", "'t", " know", " if", " their", " wishes", " will", " come", " true", ",", " but", " they", " feel", " hope", "ful"], "acts": [0.0, 0.0, 0.0, 0.0, 0.0, 0.0, 0.0, 1.4148, 0.0, 0.9424, 0.0, 0.0, 0.0, 0.0, 0.0, 0.0, 0.0, 0.0, 0.0, 0.0, 0.0, 0.0, 0.0, 0.0, 10.7196, 0.0, 0.0, 0.0, 0.0, 0.0, 0.0, 1.5787, 0.0], "max_pos": 24, "max_act": 10.7188}, {"tokens": [" it", " to", " her", " mom", ".", " Her", " mom", " smiled", " and", " said", ",", " \"", "That", "'s", " a", " beautiful", " drawing", ",", " Lily", ".", " I", "'m", " sure", " grandma", " will", " love", " it", " too", ".", " Do", " you", " want", " to"], "acts": [0.0, 0.0, 0.0, 0.0, 0.0, 0.0, 0.0, 0.0, 0.0, 0.0, 0.0, 0.0, 0.0, 0.0, 0.0, 0.0, 0.0, 0.0, 0.0, 0.0, 0.0, 0.0, 0.0, 0.0, 10.6619, 0.0, 0.0, 0.0, 0.0, 0.0, 0.0, 0.0, 0.0], "max_pos": 24, "max_act": 10.6641}, {"tokens": [" ru", "ins", " our", " plan", "s", ".", " We", " wanted", " to", " go", " to", " the", " park", " today", ".\"", "\n", "\n", "\"", "Maybe", " the", " rain", " will", " stop", " soon", ",\"", " Ben", " said", ".", " \"", "Then"], "acts": [0.0, 0.0, 0.0, 0.0, 0.0, 0.0, 0.0, 0.0, 0.0, 0.0, 0.0, 0.0, 0.0, 0.0, 0.0, 0.0, 0.0, 0.0, 0.0, 0.0, 0.0, 10.5396, 0.0, 0.0, 0.0, 0.0, 0.0, 0.0, 0.0, 0.0], "max_pos": 21, "max_act": 10.5391}, {"tokens": [" Ben", ",\"", " Sara", " says", ".", " \"", "Let", "'s", " go", " inside", ".", " Maybe", " Mom", " and", " Dad", " will", " not", " see", " the", " mess", ".", " Maybe", " the", " sun", " will", " melt", " the", " ice", ".", " Maybe", " we", " can", " play"], "acts": [0.0, 0.0, 0.0, 0.0, 0.0, 0.0, 0.0, 0.0, 0.0, 0.0, 0.0, 0.0, 0.0, 0.0, 0.0, 8.9713, 3.0996, 0.0, 0.0, 0.0, 0.0, 0.0, 0.0, 0.0, 10.4796, 0.0, 0.0, 0.0, 0.0, 0.0, 0.0, 0.929, 0.0], "max_pos": 24, "max_act": 10.4766}, {"tokens": [" snacks", " and", " follow", " their", " moms", ".", " They", " still", " love", " their", " rocket", "s", " and", " their", " space", " adventures", ".", " They", " hope", " that", " the", " storm", " will", " end", " soon", " and", " the", " sun", " will", " come", " out"], "acts": [0.0, 0.0, 0.0, 0.0, 0.0, 0.0, 0.0, 0.0, 0.0, 0.0, 0.0, 0.0, 0.0, 0.0, 0.0, 0.0, 0.0, 0.0, 0.0, 0.0, 0.0, 0.0, 10.4725, 0.0, 0.0, 0.0, 0.0, 0.0, 9.8321, 0.0, 0.0], "max_pos": 22, "max_act": 10.4688}, {"tokens": [" tree", ".", " They", " hide", " under", " the", " leaves", ".", " They", " hope", " the", " rain", " will", " not", " find", " them", ".", " They", " are", " afraid", " of"], "acts": [0.0, 0.0, 0.0, 0.0, 0.0, 0.0, 0.0, 0.0, 0.0, 0.0, 0.0, 0.0, 10.4604, 3.9893, 0.0, 0.0, 0.0, 0.0, 0.0, 0.0, 0.0], "max_pos": 12, "max_act": 10.4609}, {"tokens": [".", " He", " worked", " on", " a", " big", " plane", ".", " He", " also", " sent", " him", " letters", " and", " stickers", " sometimes", ".", "\n", "\n", "\"", "Maybe", " our", " dad", "s", " will", " come", " back", " soon", ".", " Maybe", " they", " will", " play"], "acts": [0.0, 0.0, 0.0, 0.0, 0.0, 0.0, 0.0, 0.0, 0.0, 0.0, 0.0, 0.0, 0.0, 0.0, 0.0, 0.0, 0.0, 0.0, 0.0, 0.0, 0.0, 0.0, 0.0, 0.0, 10.4516, 0.0, 0.0, 0.0, 0.0, 0.0, 0.0, 8.8806, 0.0], "max_pos": 24, "max_act": 10.4531}, {"tokens": [" of", " gold", ",", " your", " wish", " will", " come", " true", "!", " So", " she", " closed", " her", " eyes"], "acts": [0.0, 0.0, 0.0, 0.0, 0.0, 10.3896, 0.0, 0.0, 0.0, 0.0, 0.0, 0.0, 0.0, 0.0], "max_pos": 5, "max_act": 10.3906}, {"tokens": [" keep", " working", " hard", ",", " your", " mus", "c", "les", " will", " get", " stronger", " and", " you", " will", " be", " able", " to"], "acts": [0.0, 0.0, 0.0, 0.0, 0.0, 0.0, 0.0, 0.0, 10.3687, 0.0, 0.0, 0.0, 0.0, 8.504, 0.0, 0.9979, 0.0], "max_pos": 8, "max_act": 10.3672}, {"tokens": [" and", " d", "are", " to", " try", " new", " things", ",", " even", " if", " it", " means", " getting", " a", " little", " dirty", ".", " And", ",", " she", " realized", " that", " true", " friends", " will", " always", " be", " there", " to", " help", " you", " up", " when"], "acts": [0.0, 0.0, 0.0, 0.0, 0.0, 0.0, 0.0, 0.0, 0.0, 0.0, 0.0, 0.0, 0.0, 0.0, 0.0, 0.0, 0.0, 0.0, 0.0, 0.0, 0.0, 0.0, 0.0, 0.0, 10.361, 3.595, 0.0, 0.0, 0.0, 0.0, 0.0, 0.0, 0.0], "max_pos": 24, "max_act": 10.3594}, {"tokens": [".", " If", " you", " d", "are", " to", " do", " the", " right", " thing", ",", " even", " when", " it", " is", " scary", ",", " you", " may", " discover", " that", " your", " fe", "ars", " will", " turn", " out", " to", " be", " kind", " and", " helpful", "."], "acts": [0.0, 0.0, 0.0, 0.0, 0.0, 0.0, 0.0, 0.0, 0.0, 0.0, 0.0, 0.0, 0.0, 0.0, 0.0, 0.0, 0.0, 0.0, 2.8742, 0.0, 0.0, 0.0, 0.0, 0.0, 10.3036, 0.0, 0.0, 0.0, 0.0, 0.0, 0.0, 0.0, 0.0], "max_pos": 24, "max_act": 10.3047}]}