{"id": 1115, "density": 0.065691, "max_act": 6.12890625, "hist": {"edges": [0.01, 0.0133, 0.0178, 0.0237, 0.0316, 0.0422, 0.0562, 0.075, 0.1, 0.1334, 0.1778, 0.2371, 0.3162, 0.4217, 0.5623, 0.7499, 1.0, 1.3335, 1.7783, 2.3714, 3.1623, 4.217, 5.6234, 7.4989, 10.0, 13.3352, 17.7828, 23.7137, 31.6228, 42.1697, 56.2341, 74.9894, 100.0], "counts": [0, 0, 0, 0, 0, 0, 0, 0, 0, 2, 61, 759, 6229, 23033, 39919, 46611, 47092, 41942, 31876, 17675, 6390, 1149, 26, 0, 0, 0, 0, 0, 0, 0, 0, 0]}, "logit_lens": {"promoted": [[" But", 0.298], [" forth", 0.289], [" seek", 0.252], [" accident", 0.248], [" Suddenly", 0.226], [" The", 0.225], [" How", 0.224], ["ate", 0.22], [" nap", 0.218], [" puzz", 0.215]], "suppressed": [[" pulled", 0.253], [" always", 0.246], ["ibb", 0.235], ["ever", 0.227], [" If", 0.219], ["id", 0.214], ["ren", 0.214], ["You", 0.212], [" bell", 0.212], [" late", 0.211]]}, "examples": [{"tokens": [" named", " Lily", ".", " She", " loved", " playing", " with", " her", " phone", ",", " but", " one", " day", " it", " broke", ".", " She", " was", " very", " sad", " and", " started", " to", " cry", ".", " \n", "\n", "Her", " mom", " asked", ",", " \"", "What"], "acts": [0.0, 0.0, 0.0, 0.0, 0.0, 0.0, 0.0, 0.0, 0.0, 0.0, 0.0, 0.0, 0.0, 0.0, 0.0, 3.6156, 0.0, 0.0, 0.0, 0.0, 0.0, 0.0, 0.9575, 0.0, 6.1294, 1.4326, 3.6828, 0.0, 0.0, 0.0, 0.0, 1.2653, 0.8029], "max_pos": 24, "max_act": 6.1289}, {"tokens": ["in", "king", ".", " \n", "\n", "One", " day", " Jack", " was", " playing", " in", " the", " garden", " and", " he", " accidentally", " kicked", " the", " jug", " over", ".", " He", " felt", " sad", ".", " He", " didn", "'t", " know"], "acts": [0.0, 0.0, 0.78, 0.0, 0.0, 0.0, 0.0, 0.0, 0.5059, 0.0, 0.0, 0.0, 0.0, 0.0, 0.0, 0.0, 0.0, 0.0, 0.0, 0.0, 2.1727, 0.0, 0.0, 0.0, 6.0974, 0.0, 0.0, 0.0, 0.0], "max_pos": 24, "max_act": 6.0977}, {"tokens": [" cabin", "et", ".", " \n", "\n", "Timmy", " tried", " to", " reach", " the", " cabin", "et", ",", " but", " it", " was", " too", " high", ".", " He", " felt", " helpless", " and", " sad", ".", " His", " mom", " saw", " him", " strugg", "ling", " and", " decided"], "acts": [0.0, 0.0, 0.8046, 0.0, 0.0, 0.0, 0.0, 0.0, 0.0, 0.0, 0.0, 0.0, 0.0, 0.0, 0.0, 0.0, 0.0, 0.0, 3.6058, 0.0, 0.0, 0.0, 0.0, 0.0, 6.0771, 0.0, 0.0, 0.0, 0.0, 0.0, 0.0, 0.0, 0.0], "max_pos": 24, "max_act": 6.0781}, {"tokens": [" cocoa", ".", " One", " day", ",", " she", " accidentally", " dropped", " her", " cocoa", " mug", " and", " it", " broke", " into", " pieces", ".", " She", " felt", " sad", " and", " started", " to", " cry", ".", " Her", " mom", " heard", " her", " and", " came", " running", " to"], "acts": [0.0, 2.2776, 0.0, 0.0, 0.0, 0.0, 0.0, 0.0, 0.0, 0.0, 0.0, 0.0, 0.0, 0.0, 0.0, 0.0, 3.5361, 0.0, 0.0, 0.0, 0.0, 0.0, 1.4108, 0.0, 6.0385, 0.0, 0.0, 0.0, 0.0, 0.0, 0.0, 0.0, 0.0], "max_pos": 24, "max_act": 6.0391}, {"tokens": [" carrots", ".", " One", " day", ",", " Benny", " saw", " a", " big", " carrot", " in", " the", " garden", ",", " but", " he", " couldn", "'t", " reach", " it", ".", " He", " looked", " sad", ".", "\n", "\n", "A", " little", " girl", " named", " Lily", " saw"], "acts": [0.0, 1.9315, 0.0, 0.0, 0.0, 0.0, 0.0, 0.0, 0.0, 0.0, 0.0, 0.0, 0.0, 0.0, 0.0, 0.0, 0.0, 0.0, 0.0, 0.0, 3.25, 0.0, 0.0, 0.0, 5.9801, 2.2729, 3.7486, 0.0, 0.0, 0.0, 0.0, 0.0, 0.0], "max_pos": 24, "max_act": 5.9805}, {"tokens": [" day", ",", " while", " the", " little", " prince", " was", " playing", ",", " he", " tripped", " and", " his", " crown", " broke", "!", " He", " was", " so", " sad", " and", " started", " to", " cry", ".", "\n", "\n", "His", " mother", " heard", " him", " crying", ","], "acts": [0.0, 0.0, 0.0, 0.0, 0.0, 0.0, 0.0, 0.0, 0.0, 0.0, 0.0, 0.0, 0.0, 0.0, 0.0, 2.7672, 0.0, 0.0, 0.0, 0.0, 0.0, 0.0, 1.4968, 0.0, 5.9607, 2.5073, 3.9188, 0.0, 0.0, 0.0, 0.0, 0.0, 0.0], "max_pos": 24, "max_act": 5.9609}, {"tokens": [" who", " was", " her", " best", " friend", ".", " One", " day", ",", " Lily", " accidentally", " dropped", " Teddy", " and", " he", " broke", ".", " She", " was", " sad", " and", " cried", " a", " lot", ".", " \n", "\n", "Her", " mom", " came", " to", " her", " and"], "acts": [0.0, 0.0, 0.0, 0.0, 0.0, 0.4284, 0.0, 0.0, 0.0, 0.0, 0.0, 0.0, 0.0, 0.0, 0.0, 0.0, 3.7773, 0.5884, 0.0, 0.0, 1.0238, 0.0, 0.0, 0.0, 5.953, 1.8334, 3.9661, 0.0, 0.0, 0.0, 0.0, 0.0, 0.0], "max_pos": 24, "max_act": 5.9531}, {"tokens": [" and", " was", " having", " lots", " of", " fun", ",", " until", " her", " he", "el", " dropped", " off", " her", " shoe", "!", " She", " was", " so", " sad", " and", " started", " to", " cry", ".", "\n", "\n", "The", " girl", " knew", " she", " had", " to"], "acts": [0.0, 0.0, 0.0, 0.0, 0.0, 0.0, 0.0, 0.0, 0.0, 0.0, 0.0, 0.0, 0.0, 0.0, 0.0, 2.9335, 0.0, 0.0, 0.0, 0.0, 0.0, 0.0, 1.0724, 0.0, 5.9388, 2.6317, 4.0484, 0.0, 0.0, 0.0, 0.0, 0.0, 0.0], "max_pos": 24, "max_act": 5.9375}, {"tokens": [".", "\n", "\n", "Tom", " tried", " to", " get", " the", " ball", " out", " of", " the", " bin", ",", " but", " it", " was", " too", " deep", ".", " He", " became", " very", " sad", ".", " His", " friends", " tried", " to", " help", " him", ",", " but"], "acts": [1.3785, 1.044, 1.5448, 0.0, 0.0, 0.0, 0.0, 0.0, 0.0, 0.0, 0.0, 0.0, 0.0, 0.0, 0.0, 0.0, 0.0, 0.0, 0.0, 3.3914, 0.0, 0.0, 0.0, 0.0, 5.915, 0.0, 0.0, 0.0, 0.0, 0.0, 0.0, 0.0, 0.0], "max_pos": 24, "max_act": 5.9141}, {"tokens": [" temp", "le", " with", " her", " mommy", " and", " daddy", ".", " Suddenly", ",", " she", " tripped", " and", " fell", " down", ".", " She", " felt", " very", " helpless", " and", " started", " to", " cry", ".", " \n", "\n", "But", " then", ",", " her", " mommy", " and"], "acts": [0.0, 0.0, 0.0, 0.0, 0.0, 0.0, 0.0, 1.3507, 0.0, 0.0, 0.0, 0.0, 0.0, 0.0, 0.0, 3.8686, 0.0, 0.0, 0.0, 0.0, 0.0, 0.0, 1.3836, 0.0, 5.8415, 1.6881, 3.819, 1.702, 0.0, 0.8931, 0.0, 0.0, 0.0], "max_pos": 24, "max_act": 5.8398}, {"tokens": [" with", " his", " sp", "ear", " outside", " when", " he", " accident", "ly", " threw", " it", " too", " far", " and", " lost", " it", "!", " He", " was", " so", " sad", " and", " started", " crying", ".", "\n", "\n", "Just", " then", ",", " a", " selfish", " creature"], "acts": [0.0, 0.0, 0.0, 0.0, 0.0, 0.0, 0.0, 0.0, 0.0, 0.0, 0.0, 0.0, 0.0, 0.0, 0.0, 0.0, 3.096, 0.0, 0.0, 0.0, 0.0, 0.43, 0.0, 0.0, 5.7998, 2.3768, 3.8899, 0.0, 0.0, 0.5409, 0.0, 0.0, 0.0], "max_pos": 24, "max_act": 5.8008}, {"tokens": [" tell", " about", " the", " knife", ".", "\n", "\n", "They", " raced", " to", " the", " big", " tree", ",", " but", " Lucy", " tripped", " and", " fell", ".", " She", " started", " to", " cry", ".", " Tom", " felt", " bad", " and", " stopped", " to", " help", " her"], "acts": [0.0, 0.0, 0.0, 0.0, 0.6031, 0.0, 0.0, 0.0, 0.0, 0.0, 0.0, 0.0, 0.0, 0.0, 0.0, 0.0, 0.0, 0.0, 0.0, 3.5353, 0.0, 0.0, 0.0, 0.0, 5.7938, 0.0, 0.0, 0.0, 0.0, 0.0, 0.0, 0.0, 0.0], "max_pos": 24, "max_act": 5.793}]}