{"id": 1131, "density": 0.09854075, "max_act": 6.19921875, "hist": {"edges": [0.01, 0.0133, 0.0178, 0.0237, 0.0316, 0.0422, 0.0562, 0.075, 0.1, 0.1334, 0.1778, 0.2371, 0.3162, 0.4217, 0.5623, 0.7499, 1.0, 1.3335, 1.7783, 2.3714, 3.1623, 4.217, 5.6234, 7.4989, 10.0, 13.3352, 17.7828, 23.7137, 31.6228, 42.1697, 56.2341, 74.9894, 100.0], "counts": [0, 0, 0, 0, 0, 0, 0, 0, 0, 6, 63, 1016, 8951, 34790, 67651, 78781, 67519, 50066, 38448, 27995, 14876, 3934, 67, 0, 0, 0, 0, 0, 0, 0, 0, 0]}, "logit_lens": {"promoted": [[" curious", 0.284], [" knew", 0.259], [" wondered", 0.252], [" thought", 0.25], [" wanted", 0.244], [" distance", 0.241], [" asked", 0.223], ["ned", 0.222], [" wonder", 0.221], [" nearby", 0.208]], "suppressed": [[" saf", 0.314], [" last", 0.313], [" breath", 0.311], ["ination", 0.308], [" later", 0.307], [" oven", 0.296], [" tomorrow", 0.291], [" night", 0.271], ["ot", 0.271], ["night", 0.269]]}, "examples": [{"tokens": ["\n", "One", " day", ",", " while", " playing", ",", " Tim", " saw", " a", " big", ",", " round", " object", " on", " the", " ground", ".", " He", " picked", " it", " up", " and", " thought", " it", " was", " a"], "acts": [0.0, 0.0, 0.0, 0.0, 0.0, 0.0, 0.0, 0.0, 0.0, 0.7546, 0.6516, 2.3116, 0.0, 1.5622, 1.3687, 2.0359, 3.4339, 3.7618, 6.1998, 3.4743, 0.0, 1.2726, 1.3749, 1.1987, 0.0, 0.8114, 0.0], "max_pos": 18, "max_act": 6.1992}, {"tokens": [" flowers", ".", " One", " day", ",", " she", " saw", " a", " big", ",", " red", " apple", " on", " a", " tree", ".", " She", " wanted", " to", " taste", " it", ",", " but", " her", " mom"], "acts": [0.0, 0.0, 0.0, 0.0, 0.0, 0.0, 0.5917, 1.0333, 0.8623, 2.6847, 0.0, 1.3769, 0.9093, 3.1643, 3.0162, 4.1855, 6.1496, 3.6957, 3.2401, 0.0, 0.0, 1.4327, 0.0, 0.0, 0.0], "max_pos": 16, "max_act": 6.1484}, {"tokens": [" play", " all", " day", ".", " One", " day", ",", " they", " saw", " a", " shiny", " chain", " on", " the", " floor", ".", " They", " both", " wanted", " it", ".", "\n", "\n", "The", " cat"], "acts": [0.0, 0.0, 0.0, 0.0, 0.0, 0.0, 0.0, 0.0, 0.5907, 1.2003, 0.0, 2.5385, 1.0545, 2.3531, 3.8253, 4.2369, 6.1139, 5.1565, 3.93, 0.0, 1.5177, 1.4369, 2.2235, 0.0, 1.981], "max_pos": 16, "max_act": 6.1133}, {"tokens": [" play", " in", " the", " garden", ".", " One", " day", ",", " they", " saw", " a", " big", " jar", " of", " jam", " on", " the", " kitchen", " table", ".", " They", " wanted", " to", " eat", " some", " jam", ",", " but", " their"], "acts": [0.0, 0.0, 0.0, 0.0, 0.0, 0.0, 0.0, 0.0, 0.0, 0.6512, 1.1799, 0.0, 0.0, 2.2801, 0.0, 0.9492, 2.3024, 3.6398, 3.6637, 3.7252, 6.1104, 3.8105, 3.4303, 0.0, 0.0, 0.0, 0.0, 0.0, 0.0], "max_pos": 20, "max_act": 6.1094}, {"tokens": [" in", " a", " small", " house", " with", " her", " mom", " and", " dad", ".", " One", " day", ",", " Lucy", " saw", " a", " big", ",", " pink", " balloon", " in", " her", " yard", ".", " She", " wanted", " to", " play", " with", " it", ".", "\n", "\n"], "acts": [0.0, 0.0, 0.0, 0.0, 0.0, 0.0, 0.0, 0.0, 0.0, 0.0, 0.0, 0.0, 0.0, 0.9492, 0.9855, 0.8616, 0.9524, 2.0987, 0.0, 2.1479, 2.1718, 2.9383, 3.6965, 3.8443, 6.04, 3.8983, 3.2196, 0.6891, 1.3257, 0.0, 2.0266, 1.8811, 2.183], "max_pos": 24, "max_act": 6.0391}, {"tokens": [" garden", ".", " One", " day", ",", " she", " saw", " a", " mole", " d", "igg", "ing", " a", " hole", " in", " the", " ground", ".", " She", " recogn", "ized", " the", " mole", " because", " she", " had", " seen"], "acts": [0.0, 0.0, 0.0, 0.0, 0.0, 0.0, 0.68, 1.1065, 2.1808, 1.3387, 1.5057, 1.3518, 0.0, 0.0, 0.9511, 1.2685, 2.9616, 3.8137, 5.9929, 0.0, 1.7206, 0.0, 0.0, 0.802, 1.4337, 0.8499, 0.0], "max_pos": 18, "max_act": 5.9922}, {"tokens": [" He", " loved", " to", " play", " with", " his", " friends", " and", " eat", " carrots", ".", " One", " day", ",", " R", "e", "my", " saw", " a", " big", ",", " red", " ball", ".", " He", " thought", " it", " was", " a", " giant", " carrot", ".", " R"], "acts": [0.0, 0.0, 0.0, 0.0, 0.0, 0.0, 0.0, 0.0, 0.0, 0.0, 0.0, 0.0, 0.0, 0.0, 0.0, 0.0, 0.0, 0.494, 0.4271, 0.0, 2.184, 0.0, 3.2933, 3.7997, 5.9882, 2.7971, 0.0, 1.0219, 0.0, 0.0, 0.0, 2.1924, 0.0], "max_pos": 24, "max_act": 5.9883}, {"tokens": [" dig", " and", " plant", " and", " water", " the", " flowers", " and", " vegetables", ".", " One", " day", ",", " they", " saw", " a", " big", " red", " rad", "ish", " in", " the", " ground", ".", " They", " wanted", " to", " eat", " it", ",", " so", " they", " pulled"], "acts": [0.0, 0.0, 0.0, 0.0, 0.0, 0.0, 0.0, 0.0, 0.0, 0.0, 0.0, 0.0, 0.0, 0.5175, 0.0, 0.5348, 0.0, 0.0, 0.0, 1.5423, 2.3293, 4.103, 3.5611, 4.4578, 5.9828, 4.0623, 3.6473, 0.0, 0.0, 0.9247, 1.5129, 3.4028, 0.5524], "max_pos": 24, "max_act": 5.9844}, {"tokens": [" the", " t", "ide", " moved", " the", " water", " up", " and", " down", ".", " One", " day", ",", " Fin", " saw", " a", " filthy", " bottle", " flo", "ating", " in", " the", " water", ".", " He", " swam", " up", " to", " it", " and", " looked", " inside", "."], "acts": [0.0, 0.0, 0.0, 0.0, 0.0, 0.0, 0.0, 0.0, 0.0, 0.0, 0.0, 0.0, 0.0, 0.0, 0.0, 0.0, 0.0, 1.6828, 2.3485, 3.2302, 1.029, 2.9699, 3.8033, 3.9673, 5.9851, 4.1325, 1.2383, 1.8932, 0.0, 1.1448, 1.5477, 0.0, 0.0], "max_pos": 24, "max_act": 5.9844}, {"tokens": [" One", " day", ",", " they", " saw", " a", " big", " field", " of", " d", "a", "is", "ies", ".", " They", " ran", " to", " the", " field", " and", " started", " to", " pick"], "acts": [0.0, 0.0, 0.0, 0.0, 0.0, 1.0207, 0.756, 1.3127, 2.2303, 1.2868, 2.3107, 1.4014, 2.684, 4.1811, 5.9842, 3.6155, 1.9837, 1.1762, 1.2667, 0.0, 0.0, 0.8762, 0.9243], "max_pos": 14, "max_act": 5.9844}, {"tokens": [" shiny", " fridge", " full", " of", " yummy", " food", ".", "\n", "\n", "One", " day", ",", " the", " little", " girl", " saw", " a", " delicious", " chocolate", " cake", " in", " the", " fridge", ".", " She", " asked", " her", " dad", ":", " \"", "Can", " I", " have"], "acts": [0.0, 0.0, 0.0, 0.0, 0.0, 0.0, 0.0, 0.0, 0.0, 0.0, 0.0, 0.0, 0.0, 0.0, 0.0, 0.0, 0.4153, 0.0, 0.0, 1.096, 2.6809, 3.8951, 4.9133, 2.8866, 5.9778, 2.8864, 0.0, 0.0, 0.0, 0.6864, 0.0, 0.0, 0.0], "max_pos": 24, "max_act": 5.9766}, {"tokens": [" One", " day", ",", " Max", " saw", " a", " little", " on", "ion", " growing", " in", " the", " garden", ".", " He", " was", " curious", " and", " wanted", " to", " take", " a", " closer"], "acts": [0.0, 0.0, 0.0, 0.0, 0.9022, 1.1802, 1.0452, 0.0, 1.834, 2.8065, 2.5948, 4.123, 3.8949, 3.5572, 5.9671, 4.4418, 3.2377, 3.0787, 3.0639, 2.2281, 0.0, 0.0, 0.0], "max_pos": 14, "max_act": 5.9688}]}