{"id": 1144, "density": 0.01220125, "max_act": 8.0078125, "hist": {"edges": [0.01, 0.0133, 0.0178, 0.0237, 0.0316, 0.0422, 0.0562, 0.075, 0.1, 0.1334, 0.1778, 0.2371, 0.3162, 0.4217, 0.5623, 0.7499, 1.0, 1.3335, 1.7783, 2.3714, 3.1623, 4.217, 5.6234, 7.4989, 10.0, 13.3352, 17.7828, 23.7137, 31.6228, 42.1697, 56.2341, 74.9894, 100.0], "counts": [0, 0, 0, 0, 0, 0, 0, 0, 0, 9, 126, 761, 1736, 3281, 4411, 4669, 3724, 2039, 3564, 10057, 7802, 4520, 2100, 6, 0, 0, 0, 0, 0, 0, 0, 0]}, "logit_lens": {"promoted": [[" a", 0.315], [" one", 0.263], [" look", 0.255], ["ape", 0.254], [" ever", 0.246], [" never", 0.224], [" less", 0.222], [" like", 0.219], [" sun", 0.206], [" we", 0.206]], "suppressed": [[" job", 0.371], ["n", 0.329], ["ut", 0.303], ["ke", 0.295], [" quar", 0.278], ["un", 0.263], ["cy", 0.262], ["ay", 0.259], ["ful", 0.258], [" pad", 0.247]]}, "examples": [{"tokens": ["<|endoftext|>", "Sam", " and", " Tom", " are", " friends", ".", " They", " like", " to", " play"], "acts": [1.0679, 0.0, 8.0065, 0.0, 0.0, 0.0, 0.0, 0.0, 0.0, 0.0, 0.0], "max_pos": 2, "max_act": 8.0078}, {"tokens": [" the", " clown", "s", ",", " and", " she", " knows", " that", " brave", " things", " are", " always", " po", "ss", "ible", ".", "<|endoftext|>", "Once", " there", " were", " two", " friends", ",", " Joey", " and", " Jo", "an", "n", "e", ",", " who", " liked", " to"], "acts": [0.0, 0.0, 0.0, 0.0, 0.0, 0.0, 0.0, 0.0, 0.0, 0.0, 0.0, 0.0, 0.0, 0.0, 0.0, 0.0, 0.0, 0.0, 0.0, 0.0, 0.0, 0.0, 2.8377, 0.0, 7.6603, 0.0, 0.0, 0.0, 0.0, 0.0, 0.0, 0.0, 0.0], "max_pos": 24, "max_act": 7.6602}, {"tokens": [" with", " the", " snowman", " for", " a", " long", " time", ".", " They", " had", " fun", ".", " They", " shared", " their", " scarf", ".", " They", " were", " good", " friends", ".", "<|endoftext|>", "Sam", " and", " Ben", " are", " friends", ".", " They", " like", " to", " play"], "acts": [0.0, 0.0, 0.0, 0.8424, 0.0, 0.0, 0.0, 0.0, 0.0, 0.0, 0.0, 0.0, 0.0, 0.0, 0.0, 0.0, 0.0, 0.0, 0.0, 0.0, 0.0, 0.0, 0.0, 0.0, 7.6313, 0.0, 0.0, 0.0, 0.0, 0.0, 0.0, 0.0, 0.0], "max_pos": 24, "max_act": 7.6328}, {"tokens": [" dream", " of", " playing", " at", " the", " park", " again", ".", " But", " they", " do", " not", " dream", " of", " peanut", "s", ".", " They", " dream", " of", " slides", ".", "<|endoftext|>", "Sam", " and", " Lily", " were", " playing", " in", " the", " garden", ".", " They"], "acts": [0.0, 0.0, 0.0, 0.0, 0.0, 0.0, 0.0, 0.0, 0.0, 0.0, 0.0, 0.0, 0.0, 0.0, 0.0, 0.0, 0.0, 0.0, 0.0, 0.0, 0.0, 0.0, 0.0, 0.0, 7.6167, 0.0, 0.0, 0.0, 0.0, 0.0, 0.0, 0.7171, 0.0], "max_pos": 24, "max_act": 7.6172}, {"tokens": [" each", " other", " and", " smiled", ".", " They", " knew", " that", " everything", " was", " going", " to", " be", " OK", ".", "<|endoftext|>", "Once", " upon", " a", " time", " two", " friends", ",", " Jake", " and", " Molly", ",", " went", " outside", " to", " play", ".", " They"], "acts": [0.0, 0.0, 0.0, 0.0, 0.0, 0.0, 0.0, 0.0, 0.0, 0.0, 0.0, 0.0, 0.0, 0.0, 0.0, 0.0, 0.0, 2.8028, 0.0, 0.0, 0.0, 0.0, 2.782, 0.0, 7.6156, 0.0, 0.0, 0.0, 0.0, 0.0, 0.0, 0.0, 0.0], "max_pos": 24, "max_act": 7.6172}, {"tokens": [" only", " remembered", " the", " sweet", " water", " and", " the", " warm", " hug", ".", " She", " was", " happy", ".", " It", " was", " a", " good", " S", "und", "ay", ".", "<|endoftext|>", "Sam", " and", " Mia", " love", " to", " play", " at", " the", " beach", "."], "acts": [0.0, 0.0, 0.0, 0.0, 0.0, 0.0, 0.0, 0.0, 0.0, 0.0, 0.0, 0.0, 0.0, 0.0, 0.0, 0.0, 0.0, 0.0, 0.0, 0.0, 0.0, 0.0, 0.0, 0.0, 7.5058, 0.0, 0.0, 0.0, 0.0, 0.0, 0.0, 0.0, 0.0], "max_pos": 24, "max_act": 7.5039}, {"tokens": [" and", " ran", " to", " their", " ship", ".", " They", " sailed", " away", ",", " singing", " and", " laughing", ".", " They", " were", " the", " best", " pir", "ates", " ever", ".", "<|endoftext|>", "Sam", " and", " Jen", " were", " best", " friends", ".", " They", " liked", " to"], "acts": [0.0, 0.0, 0.0, 0.0, 0.0, 0.0, 0.0, 0.0, 0.0, 0.0, 0.0, 0.0, 0.0, 0.0, 0.0, 0.0, 0.0, 0.0, 0.0, 0.0, 0.0, 0.0, 0.0, 0.0, 7.4569, 0.0, 0.0, 0.0, 0.0, 0.0, 0.0, 0.0, 0.0], "max_pos": 24, "max_act": 7.457}, {"tokens": [" each", " other", " and", " finished", " their", " con", "es", ".", " They", " were", " not", " selfish", ".", " They", " shared", " their", " ice", " cream", " and", " their", " happiness", ".", "<|endoftext|>", "Sam", " and", " Lily", " were", " twins", " who", " liked", " to", " play", " together"], "acts": [0.0, 0.0, 0.0, 0.0, 0.0, 0.0, 0.0, 0.0, 0.0, 0.0, 0.0, 0.0, 0.0, 0.0, 0.0, 0.0, 0.0, 0.0, 0.0, 0.0, 0.0, 0.0, 0.0, 0.0, 7.4489, 0.0, 0.0, 0.0, 0.0, 0.0, 0.0, 0.0, 0.0], "max_pos": 24, "max_act": 7.4492}, {"tokens": [" their", " birthday", "s", " together", ",", " in", " their", " own", " special", " purple", " dress", "es", ".", "<|endoftext|>", "Once", " upon", " a", " time", " there", " were", " two", " friends", ",", " Lisa", " and", " Jack", ".", " Lisa", " was", " 3", " years", " old", " and"], "acts": [0.0, 0.0, 0.0, 0.0, 0.0, 0.0, 0.0, 0.0, 0.0, 0.0, 0.0, 0.0, 0.0, 0.0, 0.0, 2.843, 0.0, 0.0, 0.0, 0.6977, 0.0, 0.0, 2.6813, 0.0, 7.4455, 0.0, 0.0, 0.0, 0.0, 0.0, 0.0, 0.0, 0.6771], "max_pos": 24, "max_act": 7.4453}, {"tokens": ["<|endoftext|>", "Anna", " and", " Ben", " were", " twins", " who", " liked", " to", " play", " outside"], "acts": [1.0679, 0.0, 7.43, 0.0, 0.0, 0.0, 0.0, 0.0, 0.0, 0.0, 0.0], "max_pos": 2, "max_act": 7.4297}, {"tokens": [" comfort", " of", " her", " home", " and", " bus", "hed", " against", " the", " door", " waiting", " to", " be", " let", " in", ".", "<|endoftext|>", "One", " day", ",", " two", " friends", ",", " Bob", " and", " Joe", ",", " went", " out", " to", " play", ".", " They"], "acts": [0.0, 0.0, 0.0, 0.0, 0.0, 0.0, 0.0, 0.0, 0.0, 0.0, 0.0, 0.0, 0.0, 0.0, 0.0, 0.0, 0.0, 0.0, 0.0, 0.555, 0.0, 0.0, 3.1764, 0.0, 7.426, 0.0, 0.0, 0.0, 0.0, 0.0, 0.0, 0.0, 0.0], "max_pos": 24, "max_act": 7.4258}, {"tokens": [" how", " special", " it", " was", " and", " that", " it", " kept", " her", " should", "er", " safe", " and", " clean", ".", "<|endoftext|>", "Once", " upon", " a", " time", " two", " friends", ",", " Jenny", " and", " B", "et", "sy", ",", " were", " playing", " together", "."], "acts": [0.0, 0.0, 0.0, 0.0, 0.0, 0.0, 0.0, 0.0, 0.0, 0.0, 0.0, 0.0, 0.0, 0.0, 0.0, 0.0, 0.0, 2.9943, 0.0, 0.0, 0.0, 0.0, 2.8746, 0.0, 7.3969, 0.0, 0.0, 0.0, 0.0, 0.0, 0.0, 0.0, 0.0], "max_pos": 24, "max_act": 7.3984}]}