{"id": 114, "density": 0.0070165, "max_act": 13.5078125, "hist": {"edges": [0.01, 0.0133, 0.0178, 0.0237, 0.0316, 0.0422, 0.0562, 0.075, 0.1, 0.1334, 0.1778, 0.2371, 0.3162, 0.4217, 0.5623, 0.7499, 1.0, 1.3335, 1.7783, 2.3714, 3.1623, 4.217, 5.6234, 7.4989, 10.0, 13.3352, 17.7828, 23.7137, 31.6228, 42.1697, 56.2341, 74.9894, 100.0], "counts": [0, 0, 0, 0, 0, 0, 0, 0, 0, 0, 0, 43, 551, 1985, 3301, 3626, 2929, 2327, 2950, 4664, 2749, 868, 113, 678, 1279, 3, 0, 0, 0, 0, 0, 0]}, "logit_lens": {"promoted": [[" the", 0.365], [" one", 0.249], [" Lily", 0.243], [" a", 0.231], [" Mom", 0.188], [" like", 0.181], [" Tom", 0.171], [" s", 0.17], [" Ben", 0.166], [" Mommy", 0.159]], "suppressed": [["ace", 0.396], ["it", 0.389], ["ience", 0.366], ["ound", 0.362], ["ies", 0.35], ["qu", 0.342], ["b", 0.333], ["ushed", 0.328], ["board", 0.325], ["hy", 0.322]]}, "examples": [{"tokens": [" exam", "ine", " it", " with", " her", ".", "\n", "\n", "\"", "Mommy", ",", " look", " at", " this", " vegetable", "!", " It", "'s", " so", " funny", "-", "loo", "king", ",\"", " said", " Lily", ".", "\n", "\n", "Her", " mommy", " came", " over"], "acts": [0.0, 0.0, 0.0, 0.0, 0.0, 0.0, 0.0, 0.0, 0.0, 0.0, 0.0, 0.0, 0.0, 0.0, 0.0, 0.0, 0.0, 0.0, 0.0, 0.0, 0.0, 0.0, 0.0, 0.0, 13.5082, 0.0, 0.5282, 0.0, 0.0, 0.0, 0.0, 0.0, 0.0], "max_pos": 24, "max_act": 13.5078}, {"tokens": [" club", " how", " he", " could", " join", ".", " ", "\n", "\"", "You", " have", " to", " be", " an", " honest", " spider", " to", " join", " this", " club", ",\"", " said", " one", " pigeon", ".", " \n", "\n", "So", " the", " spider"], "acts": [0.0, 0.0, 0.0, 0.0, 0.0, 0.0, 0.0, 0.0, 0.0, 0.0, 0.0, 0.0, 0.0, 0.0, 0.0, 0.0, 0.0, 0.0, 0.0, 0.0, 0.0, 13.3562, 0.0, 0.0, 0.0, 0.0, 0.0, 0.0, 0.0, 0.0], "max_pos": 21, "max_act": 13.3594}, {"tokens": [" in", " the", " mud", " and", " I", " can", "'t", " get", " out", ",\"", " said", " P", "ink", "y", ",", " still", " pan", "ick", "ing"], "acts": [0.0, 0.0, 0.0, 0.0, 0.0, 0.0, 0.0, 0.0, 0.0, 0.0, 13.3554, 0.0, 0.0, 0.0, 0.0, 0.0, 0.0, 0.0, 0.0], "max_pos": 10, "max_act": 13.3516}, {"tokens": [" her", " clothes", " were", " all", " wet", " and", " messy", ".", " \"", "Oh", " no", ",", " now", " I", " have", " to", " go", " home", " and", " change", ",\"", " said", " Lily", ".", "\n", "\n", "On", " her", " way", " home"], "acts": [0.0, 0.0, 0.0, 0.0, 0.0, 0.0, 0.0, 0.0, 0.0, 0.0, 0.0, 0.0, 0.0, 0.0, 0.0, 0.0, 0.0, 0.0, 0.0, 0.0, 0.0, 13.307, 0.0, 0.0, 0.0, 0.0, 0.0, 0.0, 0.0, 0.0], "max_pos": 21, "max_act": 13.3047}, {"tokens": ["ing", " outside", ".", " He", " carefully", " crawled", " out", " from", " under", " the", " couch", " and", " hugged", " his", " best", " friend", ".", "\n", "\n", "\u00e2\u20ac\u0153", "That", " was", " scary", "!\u00e2\u20ac", " said", " the", " bear", ".", "\n", "\n", "\u00e2\u20ac\u0153", "Yes", ","], "acts": [0.0, 0.0, 0.0, 0.0, 0.0, 0.0, 0.0, 0.0, 0.0, 0.0, 0.0, 0.0, 1.1067, 0.0, 0.0, 0.0, 0.0, 0.0, 0.0, 0.0, 0.0, 0.0, 0.0, 0.0, 13.2467, 0.0, 0.0, 0.0, 0.0, 0.0, 0.0, 0.0, 0.0], "max_pos": 24, "max_act": 13.25}, {"tokens": [" in", "k", ".", " He", " could", " see", " the", " shop", " and", " he", " quickly", " rushed", " over", " and", " knock", " on", " the", " door", ".", "\n", "\n", "\"", "Hello", "!\"", " said", " the", " bird", ".", " \"", "Please", " can", " I", " have"], "acts": [0.0, 0.0, 0.0, 0.0, 0.0, 0.0, 0.0, 0.0, 0.0, 0.0, 0.0, 0.0, 0.0, 0.0, 0.0, 0.0, 0.0, 0.0, 0.0, 0.0, 0.0, 0.0, 0.0, 0.0, 13.1803, 0.0, 0.0, 0.0, 0.0, 0.0, 0.0, 0.0, 0.0], "max_pos": 24, "max_act": 13.1797}, {"tokens": [" that", " the", " tube", " was", " fro", "z", "en", " to", " the", " floor", ".", " \"", "Oh", " no", "!", " We", " can", "'t", " play", " with", " the", " tube", " now", ",\"", " said", " Mittens", ".", " Sp", "ark", "y", " felt", " bad", " and"], "acts": [0.0, 0.0, 0.0, 0.0, 0.0, 0.0, 0.0, 0.0, 0.0, 0.0, 0.0, 0.0, 0.0, 0.0, 0.0, 0.0, 0.0, 0.0, 0.0, 0.0, 0.0, 0.0, 0.0, 0.0, 13.1719, 0.0, 0.4548, 0.0, 0.0, 0.0, 0.0, 0.0, 0.0], "max_pos": 24, "max_act": 13.1719}, {"tokens": ["\"", "I", "'m", " feeling", " a", " bit", " dizzy", ",\"", " said", " Lucy", ".", " ", "\n", "\"", "Let", "'s", " get"], "acts": [0.0, 0.0, 0.0, 0.0, 0.0, 0.0, 0.0, 0.578, 13.163, 0.0, 0.0, 0.0, 0.0, 0.0, 0.0, 0.0, 0.0], "max_pos": 8, "max_act": 13.1641}, {"tokens": ["\n", "\n", "\"", "That", "'s", " so", " cool", ",\"", " said", " Lucy", ".", "\n", "\n", "\"", "Yes", ",", " it"], "acts": [0.0, 0.0, 0.0, 0.0, 0.0, 0.0, 0.0, 0.6096, 13.1591, 0.0, 0.0, 0.0, 0.0, 0.0, 0.0, 0.0, 0.0], "max_pos": 8, "max_act": 13.1562}, {"tokens": [" but", " Mittens", " was", " scared", " of", " the", " loud", " ring", "ing", " sound", ".", " \n", "\n", "\"", "Me", "ow", ",", " me", "ow", ",\"", " said", " Mittens", ".", " \n", "\n", "\"", "It", "'s", " okay"], "acts": [0.0, 0.0, 0.0, 0.0, 0.0, 0.0, 0.0, 0.0, 0.0, 0.0, 0.0, 0.0, 0.0, 0.0, 0.0, 0.0, 0.0, 0.0, 0.0, 0.0, 13.1446, 0.0, 0.0, 0.0, 0.0, 0.0, 0.0, 0.0, 0.0], "max_pos": 20, "max_act": 13.1484}, {"tokens": ["!", " Let", "'s", " get", " a", " comfortable", " car", " seat", " for", " our", " ride", ",\"", " said", " Mom", ".", "\n", "\n", "C", "her", "ry", " smiled"], "acts": [0.0, 0.0, 0.0, 0.0, 0.0, 0.0, 0.0, 0.0, 0.0, 0.0, 0.0, 0.0, 13.1418, 0.0, 0.0, 0.0, 0.0, 0.0, 0.0, 0.0, 0.5486], "max_pos": 12, "max_act": 13.1406}, {"tokens": [" excitement", ".", "\n", "\n", "\"", "Let", "'s", " keep", " trying", " different", " things", ",\"", " said", " the", " fairy", ".", "\n", "\n", "D", "ina", " was"], "acts": [0.0, 0.0, 0.0, 0.0, 0.0, 0.0, 0.0, 0.0, 0.0, 0.0, 0.0, 0.0, 13.0094, 0.0, 0.0, 0.0, 0.0, 0.0, 0.0, 0.0, 0.0], "max_pos": 12, "max_act": 13.0078}]}