{"id": 1161, "density": 0.08237675, "max_act": 9.015625, "hist": {"edges": [0.01, 0.0133, 0.0178, 0.0237, 0.0316, 0.0422, 0.0562, 0.075, 0.1, 0.1334, 0.1778, 0.2371, 0.3162, 0.4217, 0.5623, 0.7499, 1.0, 1.3335, 1.7783, 2.3714, 3.1623, 4.217, 5.6234, 7.4989, 10.0, 13.3352, 17.7828, 23.7137, 31.6228, 42.1697, 56.2341, 74.9894, 100.0], "counts": [0, 0, 0, 0, 0, 0, 0, 0, 0, 6, 167, 1087, 3381, 12898, 36434, 63015, 71939, 58680, 40193, 23607, 11761, 5096, 1174, 69, 0, 0, 0, 0, 0, 0, 0, 0]}, "logit_lens": {"promoted": [[" or", 0.241], ["way", 0.192], ["r", 0.191], [".", 0.181], ["s", 0.175], ["es", 0.164], [" street", 0.163], ["ape", 0.161], ["ver", 0.16], ["!\"", 0.157]], "suppressed": [["kin", 0.338], [" ending", 0.331], [" lesson", 0.311], ["j", 0.309], ["ience", 0.308], ["ue", 0.303], ["und", 0.301], ["ict", 0.295], [" dec", 0.291], [" half", 0.289]]}, "examples": [{"tokens": [" sat", " on", " the", " floor", ".", " They", " turned", " the", " p", "ages", " and", " pointed", " at", " the", " things", " they", " liked", ".", " They", " saw", " animals", ",", " cars", ",", " flowers", ",", " and", " stars", ".", "\n", "\n", "But", " Ben"], "acts": [0.0, 0.8668, 0.0, 1.4118, 0.0, 0.0, 0.0, 0.0, 1.3723, 0.0, 0.0, 1.0351, 1.6804, 1.2276, 0.7644, 1.1873, 2.407, 0.0, 0.0, 1.2955, 2.7424, 0.0, 7.9246, 5.6197, 9.0165, 4.7894, 3.4417, 6.4445, 2.1471, 0.0, 0.0, 0.7948, 0.0], "max_pos": 24, "max_act": 9.0156}, {"tokens": [" mom", " and", " dad", ".", " They", " liked", " to", " play", " in", " the", " sand", " and", " look", " at", " the", " water", ".", " Sometimes", " they", " saw", " fish", " or", " birds", " or", " boats", ".", " But", " today", " they", " saw", " something", " big", " and"], "acts": [0.0, 0.0, 0.0, 0.0, 0.0, 0.0, 0.0, 0.0, 0.0, 0.0, 0.0, 0.0, 0.0, 0.9354, 1.3277, 2.2498, 0.0, 0.0, 0.0, 1.1377, 3.2345, 2.2945, 7.6957, 2.9136, 9.019, 1.3936, 1.9807, 0.0, 0.0, 0.0, 0.0, 0.0, 0.0], "max_pos": 24, "max_act": 9.0156}, {"tokens": [" and", " play", ".", " He", " has", " a", " big", " yard", " with", " a", " fence", ".", " He", " can", " see", " many", " things", " from", " his", " yard", ",", " like", " cars", ",", " birds", ",", " and", " people", ".", " Sometimes", " he", " bark", "s"], "acts": [0.0, 0.6901, 0.0, 0.0, 0.0, 0.0, 0.0, 0.0, 0.0, 0.0, 1.7701, 0.0, 0.0, 0.0, 1.9391, 0.8085, 1.7039, 1.0293, 0.0, 0.0, 0.0, 1.5487, 6.6536, 4.4522, 8.9023, 5.7456, 5.0851, 6.5037, 1.6611, 0.0, 0.0, 1.1096, 1.5438], "max_pos": 24, "max_act": 8.8984}, {"tokens": [" look", " for", " sign", "s", " of", " animals", ",", " like", " birds", ",", " squirrel", "s", " and", " bugs", ".", "\n", "\n", "One", " day"], "acts": [0.0, 0.0, 0.0, 1.1893, 1.0502, 1.7145, 2.1109, 3.3616, 7.5281, 4.4077, 8.9016, 7.5785, 3.9566, 7.4658, 1.6035, 0.0, 0.0, 0.9326, 0.0], "max_pos": 10, "max_act": 8.8984}, {"tokens": [" twins", " who", " liked", " to", " go", " on", " walks", " with", " their", " mom", " and", " dad", ".", " They", " saw", " many", " things", " on", " their", " walks", ",", " like", " trees", ",", " flowers", ",", " birds", ",", " and", " bugs", ".", " Sometimes", " they"], "acts": [0.0, 0.0, 0.0, 0.0, 0.0, 0.0, 0.0, 0.0, 0.0, 0.0, 0.0, 0.0, 0.0, 0.0, 0.0, 0.0, 0.0, 0.0, 0.0, 0.0, 0.0, 1.7845, 7.1045, 2.9121, 8.5805, 3.3287, 8.3683, 4.7855, 3.4856, 6.6956, 2.4788, 0.0, 0.0], "max_pos": 24, "max_act": 8.5781}, {"tokens": [" with", " Tom", ".", " They", " climbed", " the", " hill", " and", " looked", " around", ".", " They", " saw", " many", " things", ":", " trees", ",", " flowers", ",", " birds", ",", " cows", ",", " houses", ",", " cars", ",", " and", " people", ".", "\n", "\n"], "acts": [0.0, 0.0, 0.0, 0.0, 0.0, 0.0, 1.9171, 0.0, 0.0, 0.0, 0.0, 0.0, 0.0, 0.0, 0.0, 0.0, 3.4746, 1.62, 6.6088, 2.9685, 7.4208, 4.5433, 7.7929, 4.4504, 8.4856, 4.3706, 7.9811, 5.0047, 4.2502, 6.2623, 3.4973, 0.0, 1.2816], "max_pos": 24, "max_act": 8.4844}, {"tokens": [" perform", ",", " like", " lion", "s", " and", " elephant", "s", ".", " Timmy", " asked", " Pe", "pper", ",", " \""], "acts": [0.0, 0.0, 3.5933, 7.1789, 7.0252, 4.0456, 8.458, 7.385, 0.7153, 0.0, 0.0, 0.0, 0.0, 0.7666, 0.7264], "max_pos": 6, "max_act": 8.4609}, {"tokens": [" had", " many", " toys", ",", " but", " their", " favorite", " ones", " were", " the", " blocks", ".", " They", " could", " make", " many", " things", " with", " the", " blocks", ",", " like", " houses", ",", " cars", ",", " and", " animals", ".", " They", " had", " a", " big"], "acts": [0.0, 0.0, 0.0, 0.0, 0.0, 0.703, 0.6609, 0.0, 0.0, 0.0, 0.0, 0.0, 0.0, 0.0, 0.8256, 0.0, 1.0584, 0.5942, 0.0, 1.7522, 0.0, 2.1424, 6.4349, 3.6738, 8.3972, 6.5555, 6.0641, 6.6537, 1.7697, 1.1029, 0.7263, 0.0, 0.7302], "max_pos": 24, "max_act": 8.3984}, {"tokens": [" skip", " to", " the", " bus", " with", " their", " teacher", ".", " They", " sit", " next", " to", " each", " other", " and", " look", " out", " the", " window", ".", " They", " see", " cars", ",", " trees", ",", " and", " houses", ".", " They", " sing", " songs", " with"], "acts": [0.0, 0.0, 0.0, 0.0, 0.0, 0.0, 0.0, 0.0, 0.0, 0.0, 0.0, 0.0, 0.0, 0.0, 0.0, 0.0, 0.0, 0.0, 1.8729, 0.0, 0.0, 0.8595, 2.4171, 1.2162, 8.3651, 4.523, 3.9569, 7.1756, 1.4545, 0.8356, 2.6832, 2.8677, 1.6503], "max_pos": 24, "max_act": 8.3672}, {"tokens": [".", " Lily", " and", " Tom", " like", " to", " run", " up", " the", " hill", " and", " look", " at", " the", " land", "sc", "ape", ".", " They", " see", " trees", ",", " flowers", ",", " birds", ",", " and", " houses", ".", "\n", "\n", "One", " day"], "acts": [0.0, 0.0, 0.0, 0.0, 0.0, 0.0, 0.8011, 1.4707, 0.8732, 2.2969, 0.0, 0.0, 0.0, 1.4338, 1.4486, 0.0, 2.2243, 0.0, 0.0, 1.2008, 4.7067, 1.9997, 7.8613, 3.9761, 8.3672, 5.1424, 3.965, 7.2734, 3.0824, 0.0, 0.803, 0.7927, 0.0], "max_pos": 24, "max_act": 8.3672}, {"tokens": [" play", " in", " the", " park", ".", " They", " liked", " to", " run", ",", " jump", ",", " slide", " and", " swing", ".", " They", " liked", " to", " see", " the", " birds", ",", " the", " flowers", " and", " the", " clouds", ".", " They", " had", " a", " lot"], "acts": [0.0, 0.0, 0.0, 0.0, 0.0, 0.0, 0.0, 0.0, 0.9405, 0.0, 3.2349, 2.6029, 5.9884, 2.9849, 5.3851, 1.5069, 0.0, 0.8317, 0.0, 0.9989, 2.0105, 3.9152, 0.0, 5.0829, 8.3159, 2.0298, 4.869, 6.9159, 1.6481, 0.0, 0.0, 0.0, 0.0], "max_pos": 24, "max_act": 8.3125}, {"tokens": [" noisy", ".", " It", " has", " many", " people", " inside", ".", " Lily", " and", " Sam", " sit", " next", " to", " the", " window", " and", " look", " outside", ".", " They", " see", " cars", ",", " trees", ",", " shop", "s", " and", " dogs", ".", " They", " talk"], "acts": [3.1258, 0.0, 0.0, 1.3388, 1.1453, 2.2535, 0.0, 0.0, 0.0, 0.0, 0.0, 0.0, 0.0, 0.0, 0.0, 0.0, 0.0, 0.0, 0.0, 0.0, 0.0, 0.6776, 2.7247, 1.7847, 8.3079, 4.8762, 7.4095, 6.5962, 3.2753, 6.1093, 1.8323, 0.8783, 1.9476], "max_pos": 24, "max_act": 8.3047}]}