{"id": 1163, "density": 0.00233575, "max_act": 14.2421875, "hist": {"edges": [0.01, 0.0133, 0.0178, 0.0237, 0.0316, 0.0422, 0.0562, 0.075, 0.1, 0.1334, 0.1778, 0.2371, 0.3162, 0.4217, 0.5623, 0.7499, 1.0, 1.3335, 1.7783, 2.3714, 3.1623, 4.217, 5.6234, 7.4989, 10.0, 13.3352, 17.7828, 23.7137, 31.6228, 42.1697, 56.2341, 74.9894, 100.0], "counts": [0, 0, 0, 0, 0, 0, 0, 0, 0, 0, 0, 4, 61, 344, 665, 799, 1175, 1820, 1494, 1065, 699, 115, 310, 503, 280, 9, 0, 0, 0, 0, 0, 0]}, "logit_lens": {"promoted": [["ase", 0.415], ["ome", 0.41], ["her", 0.385], ["ited", 0.365], ["ast", 0.356], ["akes", 0.336], ["ard", 0.333], ["ope", 0.326], ["ou", 0.31], ["ens", 0.303]], "suppressed": [[" him", 0.211], [" station", 0.181], [" yes", 0.18], ["ill", 0.178], [" Pe", 0.175], ["ge", 0.17], [" lot", 0.168], [" home", 0.168], [" Fr", 0.162], ["Oh", 0.161]]}, "examples": [{"tokens": [" reach", " it", ".", "\n", "\n", "She", " stretched", " her", " arms", " up", ",", " but", " she", " just", " couldn", "'t", " get", " it", ".", " F", "e", "el", "ing", " dis", "c", "ou", "ra", "ged", ",", " she", " walked", " away", "."], "acts": [0.0, 0.0, 0.0, 0.0, 0.0, 0.0, 0.0, 0.0, 0.0, 0.0, 0.0, 0.0, 0.0, 0.0, 0.0, 0.0, 0.0, 0.0, 0.0, 0.0, 0.0, 0.0, 0.0, 0.0, 14.2417, 1.8876, 0.0, 0.0, 0.0, 0.5325, 0.0, 0.0, 0.0], "max_pos": 24, "max_act": 14.2422}, {"tokens": [" otter", ".", " Every", " day", " she", " went", " to", " the", " river", ",", " but", " the", " otter", " was", " always", " too", " quick", ".", " She", " was", " starting", " to", " get", " dis", "c", "ou", "ra", "ged", ".", "\n", "\n", "Then", " one"], "acts": [0.0, 0.0, 0.0, 0.0, 0.0, 0.0, 0.0, 0.0, 0.0, 0.0, 0.0, 0.0, 0.0, 0.0, 0.0, 0.0, 0.0, 0.0, 0.0, 0.0, 0.0, 0.0, 0.0, 0.0, 14.1641, 1.7199, 0.0, 0.0, 0.0, 0.0, 0.0, 0.0, 0.0], "max_pos": 24, "max_act": 14.1641}, {"tokens": [" was", " a", " hard", " job", ".", " He", " worked", " and", " worked", ",", " but", " still", " the", " truck", " wouldn", "'t", " work", ".", " \n", "\n", "D", "ave", " became", " dis", "c", "ou", "ra", "ged", ",", " and", " was", " starting", " to"], "acts": [0.0, 0.0, 0.0, 0.0, 0.0, 0.0, 0.0, 1.3179, 0.0, 0.0, 0.0, 0.0, 0.0, 0.0, 0.0, 0.0, 0.0, 0.0, 0.0, 0.0, 0.0, 0.0, 0.0, 0.0, 14.0874, 1.6638, 0.0, 0.0, 0.0, 0.0, 0.0, 0.0, 0.0], "max_pos": 24, "max_act": 14.0859}, {"tokens": [" was", " in", " aw", "e", " of", " the", " peaceful", ",", " bright", " sun", ".", "\n", "\n", "From", " that", " day", " on", ",", " whenever", " Jenny", " felt", " down", " or", " dis", "c", "ou", "ra", "ged", ",", " she", " would", " stand", " in"], "acts": [0.0, 0.0, 0.0, 0.0, 0.0, 0.0, 0.0, 0.0, 0.0, 0.0, 0.0, 0.0, 0.0, 0.0, 0.0, 0.0, 0.0, 0.0, 0.0, 0.0, 0.0, 0.0, 0.0, 0.0, 14.0679, 0.0, 0.0, 0.0, 0.0, 0.0, 0.0, 0.0, 0.0], "max_pos": 24, "max_act": 14.0703}, {"tokens": ["\n", "F", "ri", "bble", "'s", " parents", ",", " how", "ever", ",", " were", " worried", " about", " him", " climb", "ing", " the", " boat", ",", " so", " they", " tried", " to", " dis", "c", "ou", "rage", " him", ".", " F", "ri", "bble", " kept"], "acts": [0.0, 0.0, 0.0, 0.0, 0.0, 0.0, 0.0, 0.0, 0.0, 0.0, 0.0, 0.0, 0.0, 0.0, 0.0, 0.0, 0.0, 0.0, 0.0, 0.0, 0.0, 0.0, 0.0, 0.0, 14.0639, 1.6332, 0.0, 0.0, 0.0, 0.0, 0.0, 0.0, 0.0], "max_pos": 24, "max_act": 14.0625}, {"tokens": [" working", " on", " the", " task", ".", " \n", "\n", "He", " worked", " really", " hard", ",", " but", " he", " kept", " making", " mist", "akes", ".", " He", " felt", " frustrated", " and", " dis", "c", "ou", "ra", "ged", ".", " D", "es", "p", "ite"], "acts": [0.0, 0.0, 0.0, 0.0, 0.0, 0.0, 0.0, 0.0, 0.0, 0.0, 0.0, 0.0, 0.0, 0.0, 0.0, 0.0, 0.0, 0.0, 0.0, 0.0, 0.0, 0.0, 0.0, 0.0, 14.0541, 1.6508, 0.0, 0.0, 0.0, 0.0, 0.0, 0.0, 0.0], "max_pos": 24, "max_act": 14.0547}, {"tokens": [" how", " difficult", " the", " sit", "u", "ation", ".", " H", "ard", " work", " and", " determ", "ination", " can", " help", " you", " reach", " success", " if", " you", " do", " not", " get", " dis", "c", "ou", "ra", "ged", " when", " things", " do", " not", " turn"], "acts": [0.0, 0.0, 0.0, 0.0, 0.0, 0.0, 0.0, 0.0, 0.0, 0.0, 0.0, 0.0, 0.0, 0.0, 0.0, 0.0, 0.0, 0.0, 0.0, 0.0, 0.0, 0.0, 0.0, 0.0, 14.02, 0.0, 0.0, 0.0, 0.0, 0.0, 0.0, 0.0, 0.0], "max_pos": 24, "max_act": 14.0234}, {"tokens": [" a", " sand", "c", "ast", "le", " together", ".", " It", " was", " perfect", "!"], "acts": [0.0, 0.0, 13.5839, 0.0, 0.0, 0.0, 0.0, 0.0, 0.0, 0.0, 0.0], "max_pos": 2, "max_act": 13.5859}, {"tokens": ["\"", "Let", "'s", " make", " a", " huge", " sand", "c", "ast", "le", "!\"", "\n", "\n", "So", ",", " N"], "acts": [0.0, 0.0, 0.0, 0.0, 0.0, 0.0, 0.0, 13.3581, 0.0, 0.0, 0.0, 0.0, 0.0, 0.0, 0.0, 0.0], "max_pos": 7, "max_act": 13.3594}, {"tokens": [" the", " dragon", " to", " follow", " him", " out", " of", " the", " cave", ".", "\n", "\n", "The", " dragon", " was", " still", " too", " scared", " to", " move", " and", " shiver", "ed", " un", "c", "ont", "ro", "lla", "b", "ly", ".", " The", " old"], "acts": [0.0, 0.0, 0.0, 0.0, 0.0, 0.0, 0.0, 0.0, 0.0, 0.0, 0.0, 0.0, 0.0, 0.0, 0.0, 0.0, 0.0, 0.0, 0.0, 0.0, 0.0, 0.0, 0.0, 0.0, 13.2342, 0.0, 0.0, 0.0, 0.0, 0.0, 0.0, 0.0, 0.0], "max_pos": 24, "max_act": 13.2344}, {"tokens": [" book", "c", "ase", " had", " fall", "en", " over", " and", " all", " of"], "acts": [0.0, 13.1662, 0.0, 0.0, 0.0, 0.0, 0.0, 0.0, 0.0, 0.0], "max_pos": 1, "max_act": 13.1641}, {"tokens": [" sand", "c", "ast", "les", ".", " They", " also", " used", " it", " to"], "acts": [0.0, 13.1363, 0.0, 0.0, 0.0, 0.0, 0.0, 0.0, 0.0, 0.0], "max_pos": 1, "max_act": 13.1328}]}