{"id": 1162, "density": 0.0161645, "max_act": 7.11328125, "hist": {"edges": [0.01, 0.0133, 0.0178, 0.0237, 0.0316, 0.0422, 0.0562, 0.075, 0.1, 0.1334, 0.1778, 0.2371, 0.3162, 0.4217, 0.5623, 0.7499, 1.0, 1.3335, 1.7783, 2.3714, 3.1623, 4.217, 5.6234, 7.4989, 10.0, 13.3352, 17.7828, 23.7137, 31.6228, 42.1697, 56.2341, 74.9894, 100.0], "counts": [0, 0, 0, 0, 0, 0, 0, 0, 0, 0, 5, 68, 855, 4776, 10842, 12698, 10540, 7782, 5575, 4369, 4446, 2432, 270, 0, 0, 0, 0, 0, 0, 0, 0, 0]}, "logit_lens": {"promoted": [[" might", 0.48], [" can", 0.341], [" belong", 0.33], ["'ll", 0.317], [" won", 0.311], [" will", 0.306], [" help", 0.299], [" helps", 0.292], [" helped", 0.29], ["'s", 0.283]], "suppressed": [["an", 0.271], ["am", 0.233], [" afternoon", 0.225], ["ove", 0.221], ["out", 0.22], ["ach", 0.218], ["erly", 0.21], ["ture", 0.205], [" table", 0.202], [" head", 0.2]]}, "examples": [{"tokens": [" the", " story", " is", " that", " sometimes", " we", " have", " to", " be", " patient", " and", " wait", " for", " things", " we", " want", ".", " It", "'s", " not", " always", " easy", ",", " but", " it", "'s", " better", " than", " making", " a", " terrible", " mistake", "."], "acts": [0.0, 0.0, 0.0, 0.0, 0.0, 0.0, 0.0, 0.0, 0.0, 0.0, 0.0, 0.0, 0.0, 0.0, 0.0, 0.0, 0.0, 4.3134, 0.0, 0.0, 1.3783, 0.0, 0.0, 0.0, 7.1134, 0.0, 0.0, 0.0, 0.0, 0.0, 0.0, 0.0, 0.0], "max_pos": 24, "max_act": 7.1133}, {"tokens": [" it", ".", "\n", "\n", "\"", "Ben", ",", " no", "!\"", " she", " shouted", ".", " \"", "P", "ut", " it", " back", "!", " It", "'s", " not", " for", " cars", ".", " It", "'s", " for", " m", "ow", "ers", ".", " It", " can"], "acts": [0.0, 0.0, 0.0, 0.0, 0.0, 0.0, 0.0, 0.0, 0.0, 0.0, 0.0, 0.0, 0.0, 0.0, 0.0, 0.0, 0.0, 0.0, 5.0592, 0.0, 0.0, 0.0, 0.0, 1.2295, 6.8972, 0.0, 0.0, 0.0, 0.0, 0.0, 0.8895, 5.9095, 0.9411], "max_pos": 24, "max_act": 6.8984}, {"tokens": ["r", ".", " Brown", " said", ",", " \"", "I", "'m", " sorry", ",", " Lily", ",", " but", " I", " have", " to", " cut", " it", " down", ".", " It", "'s", " old", " and", " it", " might", " fall", " down", ".\"", " \n", "\n", "Lily", " didn"], "acts": [0.0, 0.0, 0.0, 0.0, 0.0, 0.0, 0.0, 0.0, 0.0, 0.0, 0.0, 0.0, 0.0, 0.0, 0.0, 0.0, 0.0, 0.0, 0.0, 0.0, 5.0389, 0.0, 0.0, 1.8025, 6.8319, 0.0, 0.0, 0.0, 0.0, 0.0, 0.0, 0.0, 0.0], "max_pos": 24, "max_act": 6.832}, {"tokens": [" each", " other", ",", " everyone", " can", " be", " happier", ".", " That", "'s", " why", " it", "'s", " lovely", " to", " share", " a", " drink", " with", " people", " you", " love", " -", " because", " it", "'s", " a", " way", " of", " saying", " that", " they", "'re"], "acts": [0.0, 0.0, 0.0, 0.0, 0.0, 0.0, 0.0, 0.0, 0.0, 0.0, 0.0, 3.5035, 0.0, 0.0, 0.0, 0.0, 0.0, 0.0, 0.0, 0.0, 1.6169, 0.0, 0.0, 0.0, 6.8057, 0.0, 0.0, 0.0, 0.0, 0.0, 0.6908, 3.0333, 0.0], "max_pos": 24, "max_act": 6.8047}, {"tokens": ["ing", ".", " And", " taking", " your", " medicine", ".", " Even", " if", " it", "'s", " bitter", ".", " It", "'s", " wor", "th", " it", ",\"", " the", " doctor", " said"], "acts": [0.0, 0.0, 0.0, 0.0, 0.0, 0.0, 0.0, 0.0, 0.0, 5.1303, 0.0, 0.0, 0.0, 6.7564, 0.0, 0.0, 0.0, 2.6171, 0.0, 0.0, 0.0, 0.0], "max_pos": 13, "max_act": 6.7578}, {"tokens": [" she", " saw", " the", " chain", ".", " She", " said", " to", " Molly", ",", " \"", "This", " chain", " looks", " very", " sharp", "!", " You", " must", " not", " touch", " it", ",", " because", " it", " could", " hurt", " you", "!\"", " Molly", " was", " sad", " but"], "acts": [0.0, 0.0, 0.0, 0.0, 0.0, 0.0, 0.0, 0.0, 0.0, 0.0, 0.0, 0.0, 0.0, 0.0, 0.0, 0.0, 0.0, 0.0, 0.0, 0.0, 0.0, 0.0, 0.0, 0.0, 6.7463, 1.6316, 0.0, 0.0, 0.0, 0.0, 0.0, 0.0, 0.0], "max_pos": 24, "max_act": 6.7461}, {"tokens": [" again", ".", " The", " moral", " of", " the", " story", " is", " that", " it", "'s", " okay", " to", " ask", " for", " help", " when", " you", "'re", " worried", " or", " confused", ",", " and", " it", "'s", " important", " to", " take", " care", " of", " yourself", "."], "acts": [0.0, 0.0, 0.0, 0.0, 0.0, 0.0, 0.0, 0.0, 0.0, 4.2516, 0.0, 0.0, 0.0, 0.0, 0.0, 0.0, 0.0, 0.6963, 0.0, 0.0, 0.0, 0.0, 0.0, 0.0, 6.7199, 0.0, 0.0, 0.0, 0.0, 0.0, 0.0, 0.0, 0.0], "max_pos": 24, "max_act": 6.7188}, {"tokens": [" have", " to", " help", " me", " clean", " the", " floor", ".", " You", " made", " it", " dirty", " with", " your", " shoes", " and", " paws", ".", " It", "'s", " not", " serious", ",", " but", " it", "'s", " fair", ".\"", "\n", "\n", "Tim", " and", " Kim"], "acts": [0.0, 0.0, 0.0, 0.0, 0.0, 0.0, 0.0, 0.0, 0.4749, 0.0, 0.0, 0.0, 0.0, 0.0, 0.0, 0.0, 0.0, 0.0, 4.0551, 0.0, 0.0, 0.0, 0.0, 0.0, 6.7148, 0.0, 0.0, 0.0, 0.0, 0.0, 0.0, 0.0, 0.0], "max_pos": 24, "max_act": 6.7148}, {"tokens": [" his", " mom", " if", " he", " could", " touch", " it", ".", "\n", "\n", "Mom", " said", ",", " \"", "No", " Jack", ",", " that", " is", " not", " a", " kind", " snake", " and", " it", " will", " bite", " you", ".\"", " \n", "\n", "But", " Jack"], "acts": [0.0, 0.0, 0.0, 0.0, 0.0, 0.0, 0.0, 0.0, 0.0, 0.0, 0.0, 0.0, 0.0, 0.0, 0.0, 0.0, 0.0, 0.8836, 0.0, 0.0, 0.0, 0.0, 0.0, 1.1126, 6.6583, 1.531, 0.0, 0.0, 0.0, 0.0, 0.0, 0.0, 0.0], "max_pos": 24, "max_act": 6.6602}, {"tokens": [" have", " a", " special", " gift", " for", " you", ".", " It", "'s", " a", " beautiful", " dress", " that", " you", " can", " wear"], "acts": [0.0, 0.0, 0.0, 0.0, 0.0, 0.0, 0.0, 6.6312, 0.0, 0.0, 0.0, 0.0, 2.3973, 1.8035, 0.0, 0.0], "max_pos": 7, "max_act": 6.6328}, {"tokens": [" what", " they", " saw", " and", " she", " went", " to", " check", ".", "\n", "\n", "\"", "Don", "'t", " worry", ",", " kids", ".", " It", "'s", " not", " a", " fire", ".", " It", "'s", " just", " S", "ant", "a", " C", "la", "us"], "acts": [0.0, 0.0, 0.0, 0.0, 0.0, 0.0, 0.0, 0.0, 0.0, 0.0, 0.0, 0.0, 0.0, 0.0, 0.0, 0.0, 0.0, 0.0, 5.1198, 0.0, 0.0, 0.0, 0.0, 0.6391, 6.6279, 0.0, 0.0, 0.0, 0.0, 0.0, 0.0, 0.0, 0.0], "max_pos": 24, "max_act": 6.6289}, {"tokens": [" a", " house", ".", "\n", "\n", "Tim", " said", ",", " \"", "No", ",", " Sue", ",", " it", "'s", " not", " a", " house", ".", " It", "'s", " a", " big", " tower", "!\"", " Sue", " looked", " at"], "acts": [0.0, 0.0, 0.0, 0.0, 0.0, 0.0, 0.0, 0.0, 0.0, 0.0, 0.0, 0.0, 0.0, 3.9382, 0.0, 0.0, 0.0, 0.0, 0.0, 6.6239, 0.0, 0.0, 0.0, 0.0, 0.0, 0.0, 0.0, 0.0], "max_pos": 19, "max_act": 6.625}]}