{"id": 1174, "density": 0.00813675, "max_act": 7.41796875, "hist": {"edges": [0.01, 0.0133, 0.0178, 0.0237, 0.0316, 0.0422, 0.0562, 0.075, 0.1, 0.1334, 0.1778, 0.2371, 0.3162, 0.4217, 0.5623, 0.7499, 1.0, 1.3335, 1.7783, 2.3714, 3.1623, 4.217, 5.6234, 7.4989, 10.0, 13.3352, 17.7828, 23.7137, 31.6228, 42.1697, 56.2341, 74.9894, 100.0], "counts": [0, 0, 0, 0, 0, 0, 0, 0, 0, 1, 39, 227, 1314, 3625, 5902, 6336, 4536, 2662, 1615, 1105, 763, 1863, 2559, 0, 0, 0, 0, 0, 0, 0, 0, 0]}, "logit_lens": {"promoted": [[" says", 0.287], [" cold", 0.286], [" rain", 0.273], [" said", 0.265], [" ow", 0.265], [" nodded", 0.259], [" relie", 0.251], [" hugs", 0.239], [" hugged", 0.229], [" nods", 0.225]], "suppressed": [[" can", 0.24], [" missing", 0.238], [" until", 0.23], [" trying", 0.225], [" solve", 0.216], [" things", 0.216], [" instead", 0.212], [" ham", 0.198], ["Her", 0.195], [" sne", 0.194]]}, "examples": [{"tokens": ["all", " we", " play", " today", "?\u00e2\u20ac", "\n", "\n", "Bob", " smiled", " and", " said", ",", " \u00e2\u20ac\u0153", "Let", "\u00e2\u20ac\u2122", "s", " play", " the"], "acts": [0.0, 0.0, 0.0, 0.0, 0.0, 0.0, 0.0, 0.0, 0.0, 7.4197, 0.0, 0.7588, 1.1901, 0.0, 0.0, 0.0, 0.0, 0.0], "max_pos": 9, "max_act": 7.418}, {"tokens": [" how", " lovely", " the", " park", " looks", " now", " with", " all", " these", " lights", "!\"", "\n", "\n", "Lucy", " smiled", " and", " said", " \"", "This", " is", " the", " power", " of", " sharing"], "acts": [0.0, 0.0, 0.0, 0.0, 0.0, 0.0, 0.0, 0.0, 0.0, 0.0, 0.0, 0.0, 0.0, 0.0, 0.8399, 7.3047, 0.0, 0.0, 0.0, 0.0, 0.0, 0.0, 0.0, 0.0], "max_pos": 15, "max_act": 7.3047}, {"tokens": ["!", " Every", " S", "und", "ay", ",", " we", " all", " wear", " mat", "ching", " clothes", " to", " celebrate", " how", " special", " our", " village", " is", ".\"", "\n", "\n", "Jack", " smiled", " and", " said", ",", " \"", "That", "'s", " to", "t", "ally"], "acts": [0.0, 0.0, 0.0, 0.0, 0.0, 0.0, 0.0, 0.0, 0.0, 0.0, 0.0, 0.0, 0.0, 0.0, 0.0, 0.0, 0.0, 0.0, 0.0, 0.0, 0.0, 0.0, 0.0, 0.0, 7.2346, 0.0, 0.8325, 1.1646, 0.0, 0.0, 0.0, 0.0, 0.0], "max_pos": 24, "max_act": 7.2344}, {"tokens": [" us", " to", " the", " park", ".", " I", "s", "n", "'t", " that", " great", "?\"", "\n", "\n", "Mary", " smiled", " and", " nodded", " her", " head", ".", " She", " was", " so", " happy"], "acts": [0.0, 0.0, 0.0, 0.0, 0.0, 0.0, 0.0, 0.0, 0.0, 0.0, 0.0, 0.0, 0.0, 0.0, 0.0, 0.5086, 7.1667, 0.0, 0.0, 0.0, 0.0, 1.2252, 0.0, 0.0, 0.0], "max_pos": 16, "max_act": 7.168}, {"tokens": [" \"", "C", "h", "irp", "!", " Ch", "irp", "!", " It", " was", " nice", " to", " join", " you", " for", " a", " meal", ",", " Lucy", "!\"", "\n", "\n", "Lucy", " smiled", " and", " waved", " goodbye", " to", " Tweet", ".", " She", " was", " so"], "acts": [0.0, 0.0, 0.0, 0.0, 0.0, 0.0, 0.0, 0.0, 0.0, 0.0, 0.0, 0.0, 0.0, 0.0, 0.0, 0.0, 0.0, 0.0, 0.0, 0.0, 0.0, 0.0, 0.0, 0.6219, 7.1592, 0.0, 0.0, 0.0, 0.0, 0.0, 0.9983, 0.0, 0.0], "max_pos": 24, "max_act": 7.1602}, {"tokens": [" v", "i", "ol", "in", " needs", " a", " friend", ".", " W", "ill", " you", " accept", " the", " v", "i", "ol", "in", " as", " your", " new", " friend", "?\"", " Jane", " smiled", " and", " said", " yes", ".", "\n", "\n", "The", " angel", " then"], "acts": [0.0, 0.0, 0.0, 0.0, 0.0, 0.0, 0.0, 0.0, 0.0, 0.0, 0.0, 0.0, 0.0, 0.0, 0.0, 0.0, 0.0, 0.0, 0.0, 0.0, 0.0, 0.0, 0.0, 0.0, 7.1568, 0.0, 0.0, 0.0, 0.0, 0.0, 0.0, 0.0, 0.0], "max_pos": 24, "max_act": 7.1562}, {"tokens": [" fake", " things", " around", ".", " How", " can", " I", " tell", " when", " something", " is", " fake", " and", " when", " something", " is", " real", "?\u00e2\u20ac", "\n", "\n", "The", " spir", "it", " smiled", " and", " said", ",", " \u00e2\u20ac\u0153", "F", "ake", " things", " are", " made"], "acts": [0.0, 0.0, 0.0, 0.0, 0.0, 0.0, 0.0, 0.0, 0.0, 0.0, 0.0, 0.0, 0.0, 0.0, 0.0, 0.0, 0.0, 0.0, 0.0, 0.0, 0.0, 0.0, 0.0, 0.0, 7.1533, 0.0, 0.5966, 0.0, 0.0, 0.0, 0.0, 0.0, 0.0], "max_pos": 24, "max_act": 7.1523}, {"tokens": [" to", " go", " on", " the", " slide", " with", " me", "?\"", "\n", "\n", "Sue", " smiled", " and", " nodded", ".", " She", " wiped", " her", " tears", " and", " held"], "acts": [0.0, 0.0, 0.0, 0.0, 0.0, 0.0, 0.0, 0.0, 0.0, 0.0, 0.0, 0.8473, 7.0973, 0.0, 0.0, 1.7354, 0.0, 0.0, 0.0, 0.0, 0.0], "max_pos": 12, "max_act": 7.0977}, {"tokens": [" like", " some", " hot", " cocoa", "?\"", " \n", "\n", "Timmy", " smiled", " and", " said", ",", " \"", "Yes", ",", " please", "!\"", " They"], "acts": [0.0, 0.0, 0.0, 0.0, 0.0, 0.0, 0.0, 0.0, 0.7293, 7.0921, 0.0, 0.9825, 1.435, 0.0, 0.0, 0.0, 0.0, 0.0], "max_pos": 9, "max_act": 7.0938}, {"tokens": [" it", " all", " the", " time", "\".", "\n", "\n", "The", " little", " boy", " smiled", " and", " said", ",", " \"", "I", " want", " to", " help", " pol"], "acts": [0.0, 0.0, 0.0, 0.0, 0.0, 0.0, 0.0, 0.0, 0.0, 0.0, 0.0, 7.0863, 0.0, 1.4065, 1.2198, 0.0, 0.0, 0.0, 0.0, 0.0], "max_pos": 11, "max_act": 7.0859}, {"tokens": ["as", "?\"", " \n", "\n", "Em", "ma", " smiled", " and", " replied", ",", " \"", "M", "u", "y", " b", "i"], "acts": [0.0, 0.0, 0.0, 0.0, 0.0, 0.0, 0.6333, 7.0238, 0.0, 0.779, 0.9499, 0.0, 0.0, 0.0, 0.0, 0.0], "max_pos": 7, "max_act": 7.0234}, {"tokens": [" soon", ".", " S", "ee", " you", " soon", "!\"", "\n", "\n", "Lucy", " smiled", " and", " hugged", " her", " necklace", ".", " She", " knew", " they", " would"], "acts": [0.0, 0.0, 0.0, 0.0, 0.0, 0.0, 0.0, 0.0, 0.0, 0.0, 0.7454, 7.0215, 0.0, 0.0, 0.0, 0.0, 1.2719, 0.0, 0.0, 0.0], "max_pos": 11, "max_act": 7.0195}]}