{"id": 1175, "density": 0.01980975, "max_act": 4.8359375, "hist": {"edges": [0.01, 0.0133, 0.0178, 0.0237, 0.0316, 0.0422, 0.0562, 0.075, 0.1, 0.1334, 0.1778, 0.2371, 0.3162, 0.4217, 0.5623, 0.7499, 1.0, 1.3335, 1.7783, 2.3714, 3.1623, 4.217, 5.6234, 7.4989, 10.0, 13.3352, 17.7828, 23.7137, 31.6228, 42.1697, 56.2341, 74.9894, 100.0], "counts": [0, 0, 0, 0, 0, 0, 0, 0, 0, 0, 25, 457, 3047, 9242, 16544, 18664, 14204, 8626, 4770, 2839, 815, 6, 0, 0, 0, 0, 0, 0, 0, 0, 0, 0]}, "logit_lens": {"promoted": [[" really", 0.286], [" not", 0.231], [" so", 0.222], [" real", 0.215], ["ig", 0.211], ["re", 0.203], [" princess", 0.203], [" the", 0.202], [" all", 0.201], ["el", 0.201]], "suppressed": [[" tail", 0.376], ["ond", 0.315], [" faces", 0.301], ["ves", 0.294], [" hair", 0.293], [" walk", 0.29], ["ake", 0.277], [" exploring", 0.257], [" jokes", 0.252], [" pretending", 0.246]]}, "examples": [{"tokens": ["One", " day", ",", " they", " went", " to", " the", " park", " and", " saw", " a", " puzzle", " on", " the", " ground", ".", " Lily", " said", ",", " \"", "Let"], "acts": [0.0, 0.0, 0.0, 0.0, 0.0, 0.0, 0.0, 0.0, 0.0, 0.0, 0.0, 0.0, 4.8378, 0.0, 0.0, 0.0, 0.0, 0.0, 0.0, 0.0, 0.0], "max_pos": 12, "max_act": 4.8359}, {"tokens": [" was", " a", " clumsy", " boy", ".", " He", " always", " dropped", " things", " and", " bump", "ed", " into", " things", ".", " One", " day", ",", " Tim", " saw", " a", " toy", " on", " a", " shelf", ".", " The", " toy", " was", " a", " big"], "acts": [0.0, 0.0, 0.0, 0.0, 0.0, 0.0, 0.0, 0.0, 0.0, 0.0, 0.0, 0.0, 0.0, 0.7633, 0.0, 0.0, 0.0, 0.0, 0.0, 0.0, 0.0, 0.0, 4.4556, 0.0, 0.0, 0.0, 0.0, 0.0, 1.7093, 0.0, 0.0], "max_pos": 22, "max_act": 4.457}, {"tokens": [" and", " Jill", ".", " They", " were", " out", " for", " a", " walk", " in", " the", " park", ".", " Suddenly", ",", " Jack", " saw", " a", " vase", " on", " the", " ground", ".", " He", " asked", " Jill", ",", " \""], "acts": [0.0, 0.0, 0.0, 0.0, 0.0, 0.0, 0.0, 0.0, 0.0, 0.0, 0.0, 0.0, 0.0, 0.0, 0.0, 0.0, 0.0, 0.0, 0.0, 4.4005, 0.0, 0.0, 0.0, 0.7803, 0.0, 0.0, 0.0, 0.574], "max_pos": 19, "max_act": 4.4023}, {"tokens": ["s", ".", " They", " have", " fun", " making", " shapes", " and", " pattern", "s", " with", " the", " dirt", " and", " rocks", ".", "\n", "\n", "Then", ",", " they", " see", " a", " string", " on", " the", " ground", ".", " It", " is", " long", " and", " red"], "acts": [0.0, 0.0, 0.0, 0.0, 0.0, 0.0, 0.0, 0.0, 0.0, 0.0, 0.0, 0.0, 0.0, 0.0, 0.0, 0.0, 0.0, 0.0, 0.0, 0.0, 0.0, 0.7557, 0.0, 0.0, 4.3616, 0.0, 0.0, 0.0, 0.0, 0.7244, 0.0, 0.0, 0.0], "max_pos": 24, "max_act": 4.3633}, {"tokens": [".", " One", " day", ",", " she", " saw", " a", " marble", " on", " the", " ground", ".", " It", " was", " very", " hard", " and"], "acts": [0.0, 0.0, 0.0, 0.0, 0.0, 0.0, 0.0, 0.0, 4.338, 0.0, 0.0, 0.0, 0.0, 0.9687, 0.0, 0.0, 0.0], "max_pos": 8, "max_act": 4.3398}, {"tokens": [" jumped", " from", " tree", " to", " tree", " with", " e", "ase", ".", " One", " day", ",", " Joey", " was", " happily", " hopping", " around", " his", " forest", " when", " he", " spotted", " a", " peanut", " on", " the", " ground", ".", " Joey", " was", " very", " excited", " when"], "acts": [0.0, 0.0, 0.0, 0.0, 0.0, 0.0, 0.0, 0.0, 0.0, 0.0, 0.0, 0.0, 0.0, 0.0, 0.0, 0.0, 0.0, 0.0, 0.0, 0.0, 0.0, 0.0, 0.0, 0.0, 4.2864, 0.0, 0.0, 0.5568, 0.0, 0.0, 0.0, 0.0, 0.0], "max_pos": 24, "max_act": 4.2852}, {"tokens": ["Suddenly", ",", " she", " saw", " a", " cone", " on", " the", " ground", ".", " It", " was", " dirty", " and", " broken"], "acts": [0.0, 0.0, 0.0, 0.7598, 0.0, 0.0, 4.1944, 0.0, 0.0, 0.0, 0.0, 0.9762, 0.0, 0.0, 0.0], "max_pos": 6, "max_act": 4.1953}, {"tokens": [" time", ",", " there", " was", " a", " colorful", " bird", ".", " The", " bird", " liked", " to", " fly", " and", " sing", ".", " One", " day", ",", " the", " bird", " saw", " a", " window", " on", " a", " big", " tree", ".", " The", " window", " was", " small"], "acts": [0.0, 0.0, 0.0, 0.0, 0.0, 0.0, 0.0, 0.0, 0.0, 0.0, 0.0, 0.0, 0.0, 0.0, 0.0, 0.0, 0.0, 0.0, 0.4637, 0.0, 0.0, 0.0, 0.0, 0.0, 4.1875, 0.0, 0.0, 0.0, 0.0, 0.0, 0.0, 0.0, 0.0], "max_pos": 24, "max_act": 4.1875}, {"tokens": [" Then", " she", " saw", " something", " in", " the", " sky", " and", " shouted", ",", " \"", "Look", ","], "acts": [0.0, 0.0, 1.1874, 0.7179, 4.1683, 0.0, 0.0, 0.0, 0.0, 0.0, 0.0, 0.0, 0.9558], "max_pos": 4, "max_act": 4.168}, {"tokens": [" up", " high", " and", " far", " away", ".", " As", " she", " flew", ",", " she", " felt", " so", " brave", " and", " free", ".", "\n", "\n", "Then", " she", " saw", " a", " mountain", " in", " the", " distance", ".", " She", " flew", " over", " to", " it"], "acts": [0.0, 0.0, 0.0, 0.0, 0.0, 0.0, 0.0, 0.0, 0.0, 0.0, 0.0, 0.0, 1.4652, 0.0, 0.0, 0.0, 0.0, 0.0, 0.0, 0.0, 0.0, 0.0, 0.0, 0.0, 4.1357, 0.0, 0.0, 0.4009, 0.0, 0.0, 0.716, 0.0, 0.0], "max_pos": 24, "max_act": 4.1367}, {"tokens": ["mb", "ling", " ben", "e", "ath", " her", " feet", ".", " After", " a", " while", ",", " the", " tre", "mb", "ling", " stopped", ",", " and", " the", " cat", " spotted", " a", " sandwich", " on", " the", " floor", ".", "\n", "\n", "The", " cat", " was"], "acts": [0.0, 0.0, 0.0, 0.0, 0.0, 0.0, 0.0, 0.0, 0.0, 0.0, 0.0, 0.0, 0.0, 0.0, 0.0, 0.0, 0.0, 0.0, 0.0, 0.0, 0.0, 0.593, 0.0, 0.0, 4.1309, 0.0, 0.0, 0.0, 0.0, 0.0, 0.0, 0.0, 0.5672], "max_pos": 24, "max_act": 4.1328}, {"tokens": [" dinner", ",\"", " mommy", " said", ".", "\n", "\n", "Molly", " watched", " in", " excitement", " as", " the", " pot", " bo", "il", "ed", ".", " Suddenly", ",", " she", " saw", " a", " bug", " on", " the", " count", "er", ".", "\n", "\n", "\"", "Mommy"], "acts": [0.0, 0.0, 0.0, 0.0, 0.0, 0.0, 0.0, 0.0, 0.0, 2.3206, 0.0, 0.0, 0.0, 0.0, 0.0, 0.0, 0.0, 0.0, 0.0, 0.0, 0.0, 0.0, 0.0, 0.0, 4.1298, 0.0, 0.0, 0.0, 0.0, 0.0, 0.0, 0.0, 0.0], "max_pos": 24, "max_act": 4.1289}]}