{"id": 1232, "density": 0.02075975, "max_act": 5.31640625, "hist": {"edges": [0.01, 0.0133, 0.0178, 0.0237, 0.0316, 0.0422, 0.0562, 0.075, 0.1, 0.1334, 0.1778, 0.2371, 0.3162, 0.4217, 0.5623, 0.7499, 1.0, 1.3335, 1.7783, 2.3714, 3.1623, 4.217, 5.6234, 7.4989, 10.0, 13.3352, 17.7828, 23.7137, 31.6228, 42.1697, 56.2341, 74.9894, 100.0], "counts": [0, 0, 0, 0, 0, 0, 0, 0, 0, 2, 32, 352, 2500, 6841, 9796, 9634, 9398, 10818, 13575, 13458, 6080, 553, 0, 0, 0, 0, 0, 0, 0, 0, 0, 0]}, "logit_lens": {"promoted": [["ou", 0.248], ["unch", 0.243], ["gether", 0.238], ["So", 0.238], [" switch", 0.237], [" fun", 0.224], [" towers", 0.221], [" harder", 0.219], [" two", 0.217], [" rules", 0.215]], "suppressed": [[" nod", 0.282], ["?\"", 0.28], [" ask", 0.27], ["?\u00e2\u20ac", 0.266], ["\"", 0.262], ["oy", 0.256], ["\u00e2\u20ac", 0.255], [" wonder", 0.253], [" asks", 0.252], [" nodded", 0.245]]}, "examples": [{"tokens": [" Lily", " said", ".", "\n", "\n", "\"", "Maybe", " we", " can", " make", " the", " bell", " ring", " faster", " if", " we", " clap", " our", " hands", ",\"", " Ben", " said", ".", "\n", "\n", "They", " started", " to", " clap", " their", " hands", " loudly", "."], "acts": [0.0, 0.0, 0.0, 1.8572, 3.8854, 0.0, 0.0, 0.0, 0.0, 0.0, 0.0, 0.0, 0.0, 0.0, 0.0, 0.0, 0.0, 0.0, 0.0, 0.0, 0.0, 0.0, 0.0, 3.4713, 5.3163, 0.0, 0.0, 0.0, 0.0, 0.0, 0.0, 0.0, 0.0], "max_pos": 24, "max_act": 5.3164}, {"tokens": ["\n", "\n", "\"", "Okay", ",", " Lily", ".", " Let", "'s", " find", " some", " paper", " and", " crayons", ",\"", " Tom", " says", ".", "\n", "\n", "They", " go", " to", " Lily", "'s", " room", " and", " find"], "acts": [0.0, 0.0, 0.0, 0.0, 0.0, 0.0, 0.0, 0.0, 0.0, 0.0, 0.0, 0.0, 0.0, 0.0, 0.0, 0.0, 0.0, 0.0, 2.7476, 5.2934, 0.0, 0.0, 0.0, 0.0, 0.0, 0.0, 0.0, 0.0], "max_pos": 19, "max_act": 5.293}, {"tokens": [" on", " the", " ground", ".", " \"", "Look", "!\"", ",", " D", "anny", " shouted", ",", " \"", "It", "'s", " a", " snake", "!\"", "\n", "\n", "J", "ames", " bent", " down", " to", " take", " a"], "acts": [0.0, 0.0, 0.0, 0.0, 0.0, 0.0, 0.0, 0.0, 0.0, 0.0, 0.0, 0.0, 0.0, 0.0, 0.0, 0.0, 0.0, 0.5285, 5.2739, 4.9052, 1.0879, 0.0, 0.0, 0.0, 0.0, 0.0, 0.0], "max_pos": 18, "max_act": 5.2734}, {"tokens": [" and", " van", "illa", ",\"", " Lily", " said", ".", "\n", "\n", "\"", "I", " want", " a", " cup", " with", " strawber", "ry", " and", " banana", ",\"", " Ben", " said", ".", "\n", "\n", "The", " man", " smiled", " and", " ser", "ved", " them", " ice"], "acts": [0.0, 0.0, 0.0, 0.0, 0.0, 0.0, 0.0, 2.5864, 4.7285, 0.0, 0.0, 0.0, 0.0, 0.0, 0.0, 0.0, 0.0, 0.0, 0.0, 0.0, 0.0, 0.0, 0.0, 2.896, 5.1919, 0.5862, 0.0, 0.0, 0.0, 0.0, 0.0, 0.0, 0.0], "max_pos": 24, "max_act": 5.1914}, {"tokens": [" said", ".", "\n", "\n", "\"", "OK", ",", " Mommy", ".", " Let", "'s", " do", " it", "!\"", " Lily", " said", ".", "\n", "\n", "They", " took", " their", " toy", " cars", " and", " placed", " them"], "acts": [0.0, 0.0, 0.0, 1.5116, 0.0, 0.0, 0.0, 0.0, 0.0, 0.0, 0.0, 0.0, 0.0, 0.0, 0.0, 0.0, 0.5357, 3.3231, 5.1288, 0.0, 0.0, 0.0, 0.0, 0.0, 0.0, 0.0, 0.0], "max_pos": 18, "max_act": 5.1289}, {"tokens": [" gum", ".", "\n", "\n", "\"", "Let", "'s", " go", " get", " some", " gum", "!\"", " Sally", " said", ".", "\n", "\n", "\"", "Yes", "!\"", " Tom", " said", ".", "\n", "\n", "So", " they", " went", " to", " the", " store", " and", " got"], "acts": [0.0, 0.0, 0.0, 0.0, 0.0, 0.0, 0.0, 0.0, 0.0, 0.0, 0.0, 0.0, 0.0, 0.0, 0.0, 2.4258, 3.8126, 0.0, 0.0, 0.71, 0.0, 0.0, 0.6209, 3.3583, 5.0845, 0.8556, 0.0, 0.0, 0.0, 0.0, 0.0, 0.0, 0.0], "max_pos": 24, "max_act": 5.0859}, {"tokens": ["\n", "\"", "Look", ",", " we", " made", " oat", " dough", "!\"", " Mia", " says", ".", "\n", "\n", "\"", "Let", "'s", " make", " cookies", "!\"", " Tom", " says", ".", "\n", "\n", "They", " take", " some", " oat", " dough", " and", " roll", " it"], "acts": [0.0, 0.0, 0.0, 0.0, 0.0, 0.0, 0.0, 0.0, 0.0, 0.0, 0.0, 0.0, 2.1118, 3.9927, 0.0, 0.0, 0.0, 0.0, 0.0, 0.0, 0.0, 0.0, 0.0, 2.6282, 5.0433, 0.0, 0.0, 0.0, 0.0, 0.0, 0.0, 0.0, 0.0], "max_pos": 24, "max_act": 5.043}, {"tokens": ["el", "c", "ome", " to", " the", " Z", "oo", "\".", "\n", "\n", "\"", "Wow", "!\"", " Max", " said", ".", " \"", "Look", " at", " all", " the", " animals", "!\"", "\n", "\n", "They", " got", " out", " of", " the", " car", " and", " walked"], "acts": [0.0, 0.0, 0.0, 0.0, 0.0, 0.0, 0.0, 0.0, 2.9281, 1.9815, 0.0, 0.0, 0.0, 0.0, 0.0, 0.0, 0.0, 0.0, 0.0, 0.0, 0.0, 0.0, 0.0, 3.8698, 5.0316, 0.0, 0.0, 0.0, 0.0, 0.0, 0.0, 0.0, 0.0], "max_pos": 24, "max_act": 5.0312}, {"tokens": [".", "\n", "\n", "\"", "Let", "'s", " smell", " it", ",\"", " Ben", " said", ".", "\n", "\n", "They", " brought", " the", " fruit", " to", " their", " no", "ses"], "acts": [0.0, 0.0, 0.0, 0.0, 0.0, 0.0, 0.0, 0.0, 0.0, 0.0, 0.0, 0.0, 2.6483, 5.0192, 0.0, 0.0, 0.0, 0.0, 0.0, 0.0, 0.0, 0.0], "max_pos": 13, "max_act": 5.0195}, {"tokens": [".", " Lily", " and", " Ben", " said", ",", " \"", "Yes", ",", " thank", " you", "!\"", "\n", "\n", "They", " played", " with", " the", " clown", " for", " a", " while"], "acts": [0.0, 0.0, 0.0, 0.0, 0.0, 0.0, 0.0, 0.0, 0.0, 0.0, 0.0, 1.5085, 4.7433, 5.0145, 0.0, 0.0, 0.0, 0.0, 0.0, 0.0, 0.0, 0.0], "max_pos": 13, "max_act": 5.0156}, {"tokens": [",", " little", " one", "?\"", "\n", "\n", "\"", "Yes", ",", " please", "!\"", " Mia", " said", ".", "\n", "\n", "The", " lady", " said", ",", " \"", "I", " can", " help"], "acts": [0.0, 0.0, 0.0, 0.0, 0.0, 0.0, 0.0, 0.0, 0.0, 0.0, 0.0, 0.0, 0.0, 0.6921, 2.7981, 5.0142, 1.1854, 0.0, 0.0, 0.0, 0.0, 0.0, 0.0, 0.0], "max_pos": 15, "max_act": 5.0156}, {"tokens": ["Let", "'s", " share", "!\"", " and", " Max", " smiled", " and", " said", ",", " \"", "Okay", "!\"", "\n", "\n", "They", " played", " together", " for", " a", " long", " time", " and"], "acts": [0.0, 0.0, 0.0, 0.0, 0.0, 0.0, 0.0, 0.0, 0.0, 0.0, 0.0, 0.0, 0.8626, 4.7714, 5.0063, 0.0, 0.0, 0.0, 0.0, 0.0, 0.0, 0.0, 0.0], "max_pos": 14, "max_act": 5.0078}]}