{"id": 1258, "density": 0.026871, "max_act": 7.1640625, "hist": {"edges": [0.01, 0.0133, 0.0178, 0.0237, 0.0316, 0.0422, 0.0562, 0.075, 0.1, 0.1334, 0.1778, 0.2371, 0.3162, 0.4217, 0.5623, 0.7499, 1.0, 1.3335, 1.7783, 2.3714, 3.1623, 4.217, 5.6234, 7.4989, 10.0, 13.3352, 17.7828, 23.7137, 31.6228, 42.1697, 56.2341, 74.9894, 100.0], "counts": [0, 0, 0, 0, 0, 0, 0, 0, 0, 2, 59, 677, 4279, 12916, 19301, 18399, 15149, 11499, 9626, 6774, 3872, 4017, 914, 0, 0, 0, 0, 0, 0, 0, 0, 0]}, "logit_lens": {"promoted": [["Yes", 0.284], [" just", 0.26], ["I", 0.235], ["Of", 0.228], ["No", 0.227], ["She", 0.221], ["It", 0.208], ["round", 0.2], ["He", 0.198], ["We", 0.195]], "suppressed": [[" before", 0.282], [" cho", 0.282], [" turns", 0.268], ["ide", 0.26], ["id", 0.257], ["m", 0.256], [" chance", 0.246], ["ck", 0.233], ["fore", 0.227], ["ush", 0.224]]}, "examples": [{"tokens": ["\"", "What", " is", " the", " gift", "?\"", ",", " Bella", " asked", ".", " ", "\n", "\"", "I", " will", " give", " you", " a", " magical", " spell", " that"], "acts": [0.0, 1.5541, 0.0, 0.0, 0.0, 0.0, 0.0, 0.0, 1.0935, 1.3628, 0.0, 0.0, 7.1622, 5.7229, 0.9001, 0.0, 0.0, 0.0, 0.0, 0.0, 0.0], "max_pos": 12, "max_act": 7.1641}, {"tokens": [" the", " van", ".", "\n", "\n", "\"", "What", "'s", " wrong", ",", " my", " loves", "?\"", " Mom", " asks", ".", " \"", "Why", " are", " you", " crying", "?\"", "\n", "\n", "\"", "We", " want", " to", " go", " in", " the", " van", "!\""], "acts": [0.0, 0.0, 0.0, 0.0, 0.0, 1.3008, 0.0, 0.0, 0.0, 0.0, 0.0, 0.0, 0.0, 0.0, 0.0, 0.0, 2.8611, 0.8227, 0.0, 0.0, 0.0, 0.0, 0.0, 0.807, 7.0328, 1.7915, 0.0, 0.0, 0.0, 0.0, 0.0, 0.0, 0.0], "max_pos": 24, "max_act": 7.0312}, {"tokens": [".", " The", " ch", "im", "ney", " was", " filthy", " and", " black", ".", "\n", "\n", "\"", "What", "'s", " that", ",", " Tom", "?\"", " Lily", " asked", ".", "\n", "\n", "\"", "I", " don", "'t", " know", ",", " Lily", ".", " Maybe"], "acts": [0.0, 0.0, 0.0, 0.0, 0.0, 0.0, 0.0, 0.0, 0.0, 0.0, 0.0, 0.0, 0.0, 0.0, 0.0, 0.0, 0.0, 0.0, 0.0, 0.0, 0.0, 1.2301, 0.0, 0.5487, 7.0256, 5.1283, 1.0947, 0.0, 1.4163, 2.2956, 0.0, 1.3096, 2.5946], "max_pos": 24, "max_act": 7.0273}, {"tokens": ["\n", "\n", "\"", "What", " is", " going", " on", " here", "?\"", " Mom", " asked", ".", " \"", "Why", " are", " you", " fighting", " and", " making", " a", " mess", "?\"", "\n", "\n", "\"", "Lily", " did", " it", "!\"", " Ben", " said", ".", "\n"], "acts": [0.0, 0.0, 0.5104, 0.0, 0.0, 0.0, 0.0, 0.0, 0.0, 0.0, 0.0, 0.6317, 3.9242, 1.6128, 0.0, 0.0, 0.0, 0.0, 0.0, 0.0, 0.0, 0.0, 0.0, 0.0, 6.9695, 0.0, 0.0, 0.0, 0.0, 0.0, 0.0, 0.0, 1.0459], "max_pos": 24, "max_act": 6.9688}, {"tokens": ["\n", "\"", "Who", " hurt", " the", " whale", "?\"", " Tom", " asked", ".", " \"", "Why", " is", " it", " dead", "?\"", "\n", "\n", "\"", "I", " don", "'t", " know", ",\"", " Lily", " said", "."], "acts": [0.0, 0.0, 0.0, 0.0, 0.0, 0.0, 0.0, 0.0, 0.0, 0.9442, 4.8813, 2.1288, 0.0, 0.0, 0.0, 0.0, 0.0, 0.0, 6.9696, 5.9882, 1.2375, 0.0, 1.9799, 0.0, 0.0, 0.0, 0.0], "max_pos": 18, "max_act": 6.9688}, {"tokens": [" on", " the", " wall", ".", " Mom", " said", " they", " were", " prin", "ts", ".", "\n", "\n", "\"", "What", " are", " prin", "ts", "?\"", " Lily", " asked", ".", "\n", "\n", "\"", "P", "r", "in", "ts", " are", " like", " cop", "ies"], "acts": [0.0, 0.0, 0.0, 0.0, 0.0, 0.8861, 0.0, 0.0, 0.0, 0.0, 0.0, 0.0, 0.0, 0.0, 0.0, 0.0, 0.0, 0.9067, 0.0, 0.0, 0.0, 1.3318, 1.0206, 0.7544, 6.9601, 0.0, 0.0, 0.0, 0.0, 0.0, 0.0, 0.0, 0.0], "max_pos": 24, "max_act": 6.9609}, {"tokens": ["\n", "\"", "What", "'s", " wrong", "?\"", " asked", " Lily", ".", "\n", "\n", "\"", "I", " lost", " my", " toy", ",\"", " said", " the", " boy"], "acts": [0.0, 0.0, 1.3334, 0.0, 0.0, 0.0, 0.0, 0.0, 0.6144, 0.0, 0.0, 6.9518, 5.1464, 0.0, 0.0, 0.0, 0.0, 0.0, 0.0, 0.0], "max_pos": 11, "max_act": 6.9531}, {"tokens": [" animal", " with", " a", " long", " nose", " and", " big", " ears", ".", "\n", "\n", "\"", "What", " is", " that", "?\"", " Lily", " asked", ".", "\n", "\n", "\"", "That", " is", " an", " elephant", ",\"", " mom", " said", "."], "acts": [0.0, 0.0, 0.0, 0.0, 0.0, 0.0, 0.0, 0.0, 0.0, 0.0, 0.0, 0.0, 0.7161, 0.0, 0.0, 0.0, 0.0, 0.0, 1.0425, 0.0, 0.0, 6.9316, 1.6297, 1.6969, 1.2292, 0.0, 0.0, 0.0, 0.0, 0.0], "max_pos": 21, "max_act": 6.9297}, {"tokens": ["What", " is", " that", "?\"", " Lily", " asked", ".", "\n", "\n", "\"", "I", " don", "'t", " know", ",\"", " Tom", " said", "."], "acts": [2.2931, 0.0, 0.0, 0.0, 0.0, 0.0, 1.6839, 1.5335, 1.4848, 6.9111, 5.8174, 1.8421, 0.0, 1.7973, 0.0, 0.0, 0.0, 0.5644], "max_pos": 9, "max_act": 6.9102}, {"tokens": [" with", " a", " st", "itch", ".\"", "\n", "\n", "\"", "What", " is", " a", " st", "itch", "?\"", " Sara", " asked", ",", " curious", ".", "\n", "\n", "\"", "A", " st", "itch", " is", " when", " you", " use", " a"], "acts": [0.0, 0.0, 0.0, 0.0, 0.0, 0.0, 0.0, 1.578, 1.8895, 0.0, 0.0, 1.1389, 0.0, 0.0, 0.0, 0.0, 0.0, 0.0, 0.8554, 0.0, 0.0, 6.8865, 1.7536, 1.4229, 0.0, 0.0, 0.0, 0.0, 0.0, 0.0], "max_pos": 21, "max_act": 6.8867}, {"tokens": [" the", " puddle", ".", " It", " was", " a", " black", " hook", ".", "\n", "\n", "\"", "What", " is", " this", "?\"", ",", " Sue", " asked", " her", " mom", ".", "\n", "\n", "\"", "It", "'s", " a", " fis", "hing", " hook", ",", " honey"], "acts": [0.0, 0.0, 0.0, 0.0, 0.0, 0.0, 0.0, 0.0, 0.0, 0.0, 0.0, 0.0, 0.0, 0.0, 0.0, 0.0, 0.0, 0.0, 0.0, 0.0, 0.0, 0.6101, 0.0, 0.0, 6.8711, 1.2862, 1.6023, 0.0, 0.0, 0.0, 0.0, 0.9429, 0.0], "max_pos": 24, "max_act": 6.8711}, {"tokens": [".", "\n", "\n", "\"", "What", " is", " that", "?\"", " Lily", " asked", ".", "\n", "\n", "\"", "I", " don", "'t", " know", ",\"", " Ben", " said", "."], "acts": [0.0, 0.0, 0.0, 0.0, 1.0435, 0.0, 0.0, 0.0, 0.0, 0.0, 1.0255, 0.0, 0.0, 6.7947, 5.3892, 1.4371, 0.0, 1.0873, 0.0, 0.0, 0.0, 0.614], "max_pos": 13, "max_act": 6.793}]}