{"id": 1255, "density": 0.08715825, "max_act": 6.92578125, "hist": {"edges": [0.01, 0.0133, 0.0178, 0.0237, 0.0316, 0.0422, 0.0562, 0.075, 0.1, 0.1334, 0.1778, 0.2371, 0.3162, 0.4217, 0.5623, 0.7499, 1.0, 1.3335, 1.7783, 2.3714, 3.1623, 4.217, 5.6234, 7.4989, 10.0, 13.3352, 17.7828, 23.7137, 31.6228, 42.1697, 56.2341, 74.9894, 100.0], "counts": [0, 0, 0, 0, 0, 0, 0, 0, 1, 20, 276, 1476, 6447, 18547, 29216, 34253, 37524, 43139, 52222, 63957, 46610, 14435, 510, 0, 0, 0, 0, 0, 0, 0, 0, 0]}, "logit_lens": {"promoted": [[" While", 0.314], [" As", 0.288], [" From", 0.28], ["As", 0.256], [" When", 0.255], [" Inside", 0.255], [" This", 0.255], [" nest", 0.25], [" jour", 0.249], ["bb", 0.231]], "suppressed": [[" ap", 0.272], [" smiles", 0.256], [" can", 0.222], ["ful", 0.221], [" kinds", 0.218], [" expensive", 0.21], [" scary", 0.206], ["ned", 0.2], [" juicy", 0.196], ["!", 0.194]]}, "examples": [{"tokens": [" frog", " who", " lived", " in", " a", " pond", ".", " One", " day", ",", " the", " frog", " decided", " to", " go", " on", " an", " adventure", " and", " hopped", " away", " from", " the", " pond", ".", "\n", "\n", "As", " it", " hopped", " along", ",", " the"], "acts": [0.0, 0.0, 0.0, 0.0, 0.0, 0.0, 4.2807, 0.0, 0.0, 0.8655, 0.0, 0.0, 0.0, 0.0, 0.0, 0.0, 0.0, 0.0, 0.0, 0.0, 0.0, 0.0, 0.0, 0.0, 6.9276, 2.4591, 3.7474, 0.0, 0.0, 0.0, 0.0, 1.3927, 0.0], "max_pos": 24, "max_act": 6.9258}, {"tokens": [" who", " loved", " to", " sleep", " all", " day", ".", " One", " day", ",", " the", " cat", " saw", " a", " bird", " flying", " in", " the", " sky", " and", " decided", " to", " catch", " it", ".", " The", " cat", " ran", " and", " ran", ",", " but", " the"], "acts": [0.0, 0.0, 0.0, 0.0, 0.0, 0.0, 3.6589, 0.0, 0.0, 1.2, 0.0, 0.0, 0.0, 0.0, 0.0, 0.0, 0.0, 0.0, 0.0, 0.0, 0.0, 0.5782, 0.0, 0.0, 6.9168, 0.4861, 0.0, 0.0, 0.0, 0.0, 0.0, 0.0, 0.0], "max_pos": 24, "max_act": 6.918}, {"tokens": [" dress", "-", "up", ".", " One", " day", ",", " she", " put", " on", " her", " pirate", " hat", " and", " her", " high", " boots", " and", " went", " to", " the", " park", " to", " play", ".", "\n", "\n", "There", ",", " she", " met", " a", " boy"], "acts": [0.0, 0.0, 0.0, 3.091, 0.4366, 0.0, 0.0, 0.0, 0.0, 0.0, 0.0, 0.0, 0.0, 0.0, 0.0, 0.0, 0.0, 0.0, 0.0, 0.0, 0.0, 0.0, 0.0, 0.0, 6.7782, 1.9916, 3.2005, 0.0, 0.0, 0.0, 0.0, 0.0, 0.0], "max_pos": 24, "max_act": 6.7773}, {"tokens": [" the", " farmer", " was", " a", " bit", " jealous", ".", " So", ",", " one", " day", ",", " the", " farmer", " decided", " to", " take", " the", " bull", " to", " wander", " around", " the", " farm", ".", "\n", "\n", "The", " bull", " was", " very", " happy", "."], "acts": [0.0, 0.0, 0.0, 0.0, 0.0, 0.0, 2.6624, 0.0, 0.0, 0.0, 0.0, 0.0, 0.0, 0.0, 0.0, 0.0, 0.0, 0.0, 0.0, 0.0, 0.0, 0.0, 0.0, 0.0, 6.7055, 2.3004, 3.8255, 0.0, 0.0, 0.0, 0.0, 0.0, 2.7106], "max_pos": 24, "max_act": 6.707}, {"tokens": [" and", " never", " play", " with", " the", " other", " cats", ".", " One", " day", ",", " Mittens", " saw", " a", " microphone", " and", " decided", " to", " po", "ke", " it", " with", " his", " paw", ".", " \n", "\n", "Suddenly", ",", " Mittens", " heard", " his", " voice"], "acts": [0.0, 0.0, 0.0, 0.0, 0.0, 0.0, 0.0, 2.8752, 0.0, 0.0, 0.0, 0.0, 0.0, 0.0, 0.0, 0.0, 0.0, 0.0, 0.0, 0.0, 0.0, 0.0, 0.0, 0.0, 6.6, 1.4829, 4.0099, 0.0, 0.0, 0.0, 0.0, 0.0, 0.0], "max_pos": 24, "max_act": 6.6016}, {"tokens": [" the", " big", " tree", " in", " his", " yard", ".", " One", " T", "u", "es", "day", ",", " Max", "'s", " owner", " took", " him", " for", " a", " walk", " to", " the", " park", ".", " Max", " was", " so", " tired", " that", " he", " wanted", " to"], "acts": [0.0, 0.0, 0.0, 0.0, 0.0, 0.0, 2.325, 0.0, 0.0, 0.0, 0.0, 0.0, 0.0, 0.0, 0.0, 0.0, 0.0, 0.0, 0.0, 0.0, 0.0, 0.0, 0.0, 0.0, 6.5574, 0.0, 0.0, 0.0, 0.0, 0.0, 0.0, 0.0, 0.0], "max_pos": 24, "max_act": 6.5586}, {"tokens": [" roared", " with", " happiness", " when", " he", " saw", " it", ".", " The", " lion", " decided", " to", " eat", " the", " peanut", ",", " so", " it", " quickly", " ran", " over", " to", " grab", " it", ".", " The", " lion", " roared", " again", " and", " again", " as", " it"], "acts": [0.0, 0.0, 0.0, 0.0, 0.0, 0.0, 0.0, 2.9383, 0.0, 0.0, 0.0, 0.0, 0.0, 0.0, 0.0, 0.0, 0.0, 0.0, 0.0, 0.0, 0.0, 0.0, 0.0, 0.0, 6.5471, 0.4356, 0.0, 0.0, 0.0, 0.0, 0.0, 0.0, 0.0], "max_pos": 24, "max_act": 6.5469}, {"tokens": [" felt", " better", ".", "\n", "\n", "P", "an", "c", "ake", " thanked", " the", " v", "et", " for", " helping", " her", " and", " hopped", " off", " to", " find", " her", " friends", ".", " She", " was", " feeling", " much", " better", " and", " running", " around"], "acts": [0.0, 0.0, 2.8613, 0.0, 0.0, 0.0, 0.0, 0.0, 0.0, 0.0, 0.0, 0.0, 0.0, 0.0, 0.0, 0.0, 0.0, 0.0, 0.0, 0.0, 0.0, 0.0, 0.0, 6.4933, 0.0, 0.0, 0.0, 0.0, 0.0, 0.0, 0.0, 0.0], "max_pos": 23, "max_act": 6.4922}, {"tokens": [" loudly", " in", " the", " mor", "n", "ings", ".", " One", " morning", ",", " Max", " saw", " an", " acorn", " on", " the", " ground", " and", " decided", " to", " go", " pick", " it", " up", ".", "\n", "\n", "Max", " hopped", " across", " the", " grass", " and"], "acts": [0.0, 0.0, 0.0, 0.0, 0.0, 0.0, 3.8842, 0.0, 0.0, 0.0, 0.0, 0.0, 0.0, 0.0, 0.0, 0.0, 0.0, 0.0, 0.0, 0.0, 0.0, 0.0, 0.0, 0.0, 6.4868, 3.0139, 3.5887, 0.0, 0.0, 0.0, 0.0, 0.0, 0.0], "max_pos": 24, "max_act": 6.4883}, {"tokens": [" opened", " the", " free", "z", "er", ".", " They", " took", " out", " a", " big", " ice", " cream", " cake", " and", " carried", " it", " to", " the", " living", " room", ".", " They", " put", " the", " cake", " on", " Mrs", ".", " L"], "acts": [0.0, 0.0, 0.0, 0.0, 0.0, 4.0926, 0.0, 0.0, 0.0, 0.0, 0.0, 0.0, 0.0, 0.0, 0.0, 0.0, 0.0, 0.0, 0.0, 0.0, 0.0, 6.483, 0.0, 0.0, 0.0, 0.0, 0.0, 0.0, 0.0, 0.0], "max_pos": 21, "max_act": 6.4844}, {"tokens": [" pulled", " the", " jar", " and", " carried", " it", " to", " the", " kitchen", ".", "\n", "\n", "But", " when", " they", " opened", " the", " jar"], "acts": [0.0, 0.0, 0.0, 0.0, 0.0, 0.0, 0.0, 0.0, 0.0, 6.4762, 1.9765, 2.6634, 0.0, 0.0, 0.0, 0.0, 0.0, 0.0], "max_pos": 9, "max_act": 6.4766}, {"tokens": [" of", " carrots", " to", " eat", ".", " One", " day", ",", " Fl", "op", "sy", " saw", " a", " hole", " in", " the", " fence", " and", " decided", " to", " pe", "ek", " through", " it", ".", " On", " the", " other", " side", ",", " he", " saw", " a"], "acts": [0.0, 0.0, 0.0, 0.0, 3.951, 0.0, 0.0, 1.0645, 0.0, 0.0, 0.0, 0.0, 0.0, 0.0, 0.0, 0.0, 0.0, 0.0, 0.0, 0.0, 0.0, 0.0, 0.0, 0.0, 6.4508, 0.0, 0.0, 0.0, 0.0, 0.0, 0.0, 0.0, 0.0], "max_pos": 24, "max_act": 6.4492}]}