{"id": 1251, "density": 0.0158435, "max_act": 4.71875, "hist": {"edges": [0.01, 0.0133, 0.0178, 0.0237, 0.0316, 0.0422, 0.0562, 0.075, 0.1, 0.1334, 0.1778, 0.2371, 0.3162, 0.4217, 0.5623, 0.7499, 1.0, 1.3335, 1.7783, 2.3714, 3.1623, 4.217, 5.6234, 7.4989, 10.0, 13.3352, 17.7828, 23.7137, 31.6228, 42.1697, 56.2341, 74.9894, 100.0], "counts": [0, 0, 0, 0, 0, 0, 0, 0, 0, 0, 2, 114, 1211, 5255, 11456, 13067, 10378, 11456, 6393, 2871, 1128, 43, 0, 0, 0, 0, 0, 0, 0, 0, 0, 0]}, "logit_lens": {"promoted": [["hood", 0.356], ["ong", 0.346], ["ind", 0.316], ["ber", 0.302], ["self", 0.283], [" village", 0.283], [" family", 0.279], [" swam", 0.277], ["iz", 0.269], ["elt", 0.264]], "suppressed": [[" words", 0.271], ["ly", 0.238], ["w", 0.23], ["ry", 0.171], ["er", 0.171], [" end", 0.168], ["-", 0.167], [" hair", 0.163], ["ke", 0.162], [" yell", 0.16]]}, "examples": [{"tokens": [" come", " with", " her", ".", " She", " brought", " the", " pet", " inside", " and", " named", " it", " P", "ink", ".", " From", " then", " on", ",", " the", " two", " were", " best", " friends", " and", " were", " never", " ap", "art", ".", " P", "ink", " brought"], "acts": [0.0, 0.0, 0.0, 0.0, 0.0, 0.0, 0.0, 0.0, 0.0, 0.0, 0.0, 0.0, 0.0, 0.0, 0.0, 0.0, 0.0, 0.0, 0.0, 0.0, 0.0, 0.0, 0.0, 0.0, 4.7177, 0.0, 0.0, 0.0, 0.0, 0.0, 0.0, 0.0, 0.0], "max_pos": 24, "max_act": 4.7188}, {"tokens": [",", " in", " a", " small", " house", ",", " lived", " a", " little", " boy", " named", " Tim", " and", " his", " cat", ",", " M", "im", "i", ".", " They", " were", " best", " friends", " and", " did", " everything", " together", ".", " One", " day", ",", " they"], "acts": [0.0, 0.0, 3.1094, 2.2142, 0.0, 0.0, 0.0, 2.359, 0.0, 0.0, 0.0, 0.0, 0.8383, 0.0, 0.0, 0.0, 0.0, 0.0, 0.0, 0.0, 1.7681, 0.0, 0.0, 0.0, 4.6503, 0.0, 0.0, 0.0, 0.0, 0.0, 0.0, 0.0, 1.2736], "max_pos": 24, "max_act": 4.6484}, {"tokens": [" and", " tired", " and", " eag", "erly", " agreed", ".", "<|endoftext|>", "Once", " upon", " a", " time", ",", " there", " lived", " two", " t", "ig", "ers", ".", " They", " were", " best", " friends", " and"], "acts": [0.569, 0.0, 0.0, 0.0, 0.0, 0.0, 0.0, 0.0, 0.0, 0.0, 0.0, 0.0, 0.0, 0.0, 0.0, 0.0, 0.0, 0.0, 0.0, 0.0, 2.6816, 0.0, 0.0, 0.0, 4.6229], "max_pos": 24, "max_act": 4.6211}, {"tokens": [" help", " the", " next", " patient", ".", "<|endoftext|>", "Once", " upon", " a", " time", ",", " there", " were", " two", " boys", " named", " Max", " and", " Tim", ".", " They", " were", " best", " friends", " and", " did", " lots", " of", " fun", " act", "iv", "it", "ies"], "acts": [0.0, 0.0, 0.0, 0.0, 0.0, 0.0, 0.0, 0.0, 0.0, 0.0, 0.0, 0.0, 0.0, 0.0, 0.7477, 0.0, 0.0, 2.7229, 0.0, 0.0, 2.3879, 0.0, 0.0, 0.0, 4.6126, 0.0, 0.0, 0.0, 0.0, 0.0, 0.0, 0.0, 0.0], "max_pos": 24, "max_act": 4.6133}, {"tokens": [" that", " she", " had", " succeed", "ed", ".", "<|endoftext|>", "Once", " there", " were", " two", " little", " girl", "s", " named", " Sally", " and", " Ann", "ie", ".", " They", " were", " best", " friends", " and", " they", " lived", " together", " in", " a", " big", " house", "."], "acts": [0.0, 0.0, 0.0, 0.0, 0.0, 0.0, 0.0, 0.0, 0.0, 0.0, 0.0, 0.0, 0.0, 0.0, 0.0, 0.0, 1.8416, 0.0, 0.0, 0.0, 1.5191, 0.0, 0.0, 0.0, 4.5733, 3.9183, 0.0, 0.9814, 0.0, 3.415, 1.9746, 0.0, 0.0], "max_pos": 24, "max_act": 4.5742}, {"tokens": [".", " \n", "\n", "The", " lion", " learned", " that", " the", " sign", " means", " friendship", ".", " From", " that", " day", " on", ",", " the", " two", " lion", "s", " were", " best", " friends", " and", " they", " ran", " together", " every", "day", " in", " the", " big"], "acts": [0.0, 0.0, 0.0, 0.0, 0.0, 0.0, 0.0, 0.0, 0.0, 0.0, 0.0, 0.0, 0.0, 0.0, 0.0, 0.0, 0.0, 0.0, 0.0, 0.0, 0.0, 0.0, 0.0, 0.0, 4.5717, 3.3722, 0.0, 0.0, 0.0, 0.0, 0.0, 1.1981, 1.262], "max_pos": 24, "max_act": 4.5703}, {"tokens": [" care", " of", " the", " bird", " until", " its", " foot", " was", " all", " better", ".", " From", " that", " day", " on", ",", " Max", " and", " the", " little", " bird", " became", " best", " friends", " and", " went", " on", " many", " adventures", " together", ".", "<|endoftext|>", "Once"], "acts": [0.0, 0.0, 0.0, 0.0, 0.0, 0.0, 0.0, 0.0, 0.0, 0.0, 0.0, 0.0, 0.0, 0.0, 0.0, 0.0, 0.0, 1.7902, 0.0, 0.0, 0.0, 0.0, 0.0, 0.0, 4.5431, 0.0, 0.0, 0.0, 0.0, 0.0, 0.0, 0.0, 0.0], "max_pos": 24, "max_act": 4.543}, {"tokens": [" storm", " fly", " away", " with", " its", " bright", " alert", " eyes", ".", "<|endoftext|>", "Once", " upon", " a", " time", " there", " were", " two", " bear", "s", ".", " They", " were", " best", " friends", " and", " loved", " to", " play", " together", ".", " One", " day", ","], "acts": [0.0, 0.0, 0.0, 0.0, 0.0, 0.0, 0.0, 0.0, 0.0, 0.0, 0.0, 0.0, 0.0, 0.0, 0.0, 0.0, 0.0, 0.0, 0.0, 0.0, 2.5734, 0.0, 0.0, 0.0, 4.5161, 0.0, 0.6949, 0.0, 0.0, 0.0, 0.0, 0.0, 0.0], "max_pos": 24, "max_act": 4.5156}, {"tokens": ["<|endoftext|>", "Sam", " and", " Tom", " are", " friends", ".", " They", " like", " to", " play", " outside", ".", " They", " have", " many"], "acts": [0.0, 0.0, 0.0, 0.0, 0.0, 0.0, 0.0, 4.5127, 0.0, 0.0, 0.0, 0.0, 0.0, 1.6844, 0.0, 0.0], "max_pos": 7, "max_act": 4.5117}, {"tokens": [" her", " feel", " safe", ".", " From", " that", " day", " on", ",", " Spot", " and", " the", " kitten", " were", " best", " friends", " and", " they", " played", " together", " in", " the", " sunshine", " every", " day"], "acts": [0.0, 0.0, 0.0, 0.0, 0.0, 0.0, 0.0, 0.0, 0.0, 0.0, 2.0932, 0.0, 0.0, 0.0, 0.0, 0.0, 4.5008, 4.1191, 0.0, 0.0, 0.0, 2.5261, 0.0, 0.0, 0.0], "max_pos": 16, "max_act": 4.5}, {"tokens": ["\n", "The", " End", ".", "<|endoftext|>", "Once", " upon", " a", " time", ",", " there", " were", " two", " little", " kids", ",", " Jenny", " and", " Tom", ".", " They", " were", " best", " friends", " and", " had", " lots", " of", " fun", " together", ".", "\n", "\n"], "acts": [0.0, 0.0, 0.0, 0.0, 0.0, 0.0, 0.0, 0.0, 0.0, 0.0, 0.0, 0.0, 0.0, 0.0, 0.0, 0.0, 0.0, 1.6453, 0.0, 0.6949, 2.9385, 0.0, 0.0, 0.0, 4.5017, 0.0, 0.0, 0.0, 0.0, 0.0, 0.0, 0.0, 0.0], "max_pos": 24, "max_act": 4.5}, {"tokens": ["We", " will", " name", " him", " F", "ur", "ry", " S", "c", "ale", ".", " He", " is", " our", " new", " friend", ".\"", "<|endoftext|>", "Tom", " and", " Lily", " are", " friends", ".", " They", " like", " to", " play", " with", " cars", " and", " trucks", "."], "acts": [0.0, 0.0, 0.0, 0.0, 0.0, 0.0, 0.0, 0.0, 0.0, 0.0, 0.0, 0.0, 0.0, 0.0, 0.0, 0.0, 0.0, 0.0, 0.0, 1.3114, 0.0, 0.0, 0.0, 0.0, 4.4854, 0.0, 0.0, 0.0, 0.0, 0.0, 0.0, 0.0, 0.0], "max_pos": 24, "max_act": 4.4844}]}