{"id": 1268, "density": 0.010195, "max_act": 7.77734375, "hist": {"edges": [0.01, 0.0133, 0.0178, 0.0237, 0.0316, 0.0422, 0.0562, 0.075, 0.1, 0.1334, 0.1778, 0.2371, 0.3162, 0.4217, 0.5623, 0.7499, 1.0, 1.3335, 1.7783, 2.3714, 3.1623, 4.217, 5.6234, 7.4989, 10.0, 13.3352, 17.7828, 23.7137, 31.6228, 42.1697, 56.2341, 74.9894, 100.0], "counts": [0, 0, 0, 0, 0, 0, 0, 0, 0, 0, 6, 60, 625, 2429, 4506, 5467, 5552, 7579, 9206, 2016, 1020, 980, 1325, 9, 0, 0, 0, 0, 0, 0, 0, 0]}, "logit_lens": {"promoted": [[" brave", 0.318], ["imed", 0.277], [" three", 0.267], [" boy", 0.266], ["ever", 0.254], [" matter", 0.25], [" careful", 0.249], [" few", 0.242], [" kind", 0.237], [" next", 0.234]], "suppressed": [[" why", 0.25], ["cream", 0.24], [" answer", 0.227], ["re", 0.223], ["med", 0.221], [" won", 0.215], ["ator", 0.198], [" chest", 0.193], ["t", 0.189], [" gone", 0.185]]}, "examples": [{"tokens": [" playing", " basket", "ball", " with", " his", " friends", " at", " the", " park", ".", " One", " day", ",", " a", " new", " boy", " named", " Billy", " came", " to", " the", " park"], "acts": [0.0, 0.0, 0.0, 0.0, 0.0, 0.0, 0.0, 0.0, 0.0, 0.0, 0.0, 0.0, 0.0, 7.7759, 1.4714, 0.0, 0.0, 0.0, 0.0, 0.0, 0.0, 0.0], "max_pos": 13, "max_act": 7.7773}, {"tokens": [" want", " to", " walk", " on", " it", ".", " Tim", " was", " sad", " because", " he", " wanted", " to", " play", " with", " Spot", " on", " the", " ice", ".", "\n", "\n", "Then", ",", " a", " big", " girl", " named", " Sue", " came", ".", " Sue", " said"], "acts": [0.0, 0.0, 0.0, 0.0, 0.0, 0.0, 0.0, 0.0, 0.0, 0.0, 0.0, 0.0, 0.0, 0.0, 0.0, 0.0, 0.0, 0.0, 0.0, 0.0, 0.0, 0.0, 0.0, 0.0, 7.7357, 3.1789, 0.616, 0.0, 0.0, 0.0, 0.0, 0.0, 0.0], "max_pos": 24, "max_act": 7.7344}, {"tokens": [" a", " field", " with", " lots", " of", " flowers", " and", " trees", ".", " The", " sun", " was", " shining", " and", " the", " birds", " were", " singing", ".", "\n", "\n", "One", " day", ",", " a", " grumpy", " old", " man", " came", " by", ".", " He", " didn"], "acts": [0.0, 0.0, 0.0, 0.0, 0.0, 0.0, 0.0, 0.0, 0.0, 0.0, 0.0, 0.0, 0.0, 0.0, 0.0, 0.0, 0.0, 0.0, 0.0, 0.0, 0.0, 0.3064, 0.0, 0.0, 7.7168, 0.0, 2.0069, 0.0, 0.0, 0.0, 0.0, 0.0, 0.0], "max_pos": 24, "max_act": 7.7188}, {"tokens": [" there", " was", " a", " strong", ",", " tall", " tree", ".", " The", " tree", " lived", " all", " by", " itself", ",", " but", " it", " was", " very", " lonely", ".", " One", " day", ",", " a", " naughty", " little", " bird", " came", " up", " to", " the", " tree"], "acts": [0.0, 0.0, 1.9563, 0.0, 0.0, 0.0, 0.0, 0.0, 0.0, 0.0, 0.0, 0.0, 0.0, 0.0, 0.0, 0.0, 0.0, 0.0, 0.0, 0.0, 0.0, 0.0, 0.0, 0.0, 7.7074, 2.3628, 1.96, 1.1881, 0.0, 0.0, 0.0, 0.0, 0.0], "max_pos": 24, "max_act": 7.707}, {"tokens": ["c", "age", ".", " The", " bird", " was", " very", " sad", " because", " it", " wanted", " to", " fly", " in", " the", " sky", " and", " see", " the", " world", ".", " One", " day", ",", " a", " little", " girl", " came", " to", " the", " bird", "c", "age"], "acts": [0.0, 0.0, 0.0, 0.0, 0.0, 0.0, 0.0, 0.0, 0.0, 0.0, 0.0, 0.0, 0.0, 0.0, 0.0, 0.0, 0.0, 0.0, 0.0, 0.0, 0.0, 0.0, 0.0, 0.0, 7.6478, 3.6638, 1.1082, 0.0, 0.0, 0.0, 0.0, 0.0, 0.0], "max_pos": 24, "max_act": 7.6484}, {"tokens": [" body", ".", " It", " lived", " in", " a", " big", " forest", " with", " many", " trees", " and", " flowers", ".", " One", " day", ",", " a", " hunter", " came", " to", " the", " forest", ".", " The", " hunter"], "acts": [0.0, 0.0, 0.0, 0.0, 0.0, 0.0, 0.0, 0.0, 0.0, 0.0, 0.0, 0.0, 0.0, 0.0, 0.0, 0.0, 0.0, 7.5931, 0.0, 0.0, 0.0, 0.0, 0.0, 0.0, 0.0, 0.0], "max_pos": 17, "max_act": 7.5938}, {"tokens": [" volcano", ".", " It", " was", " very", " loud", ".", " One", " day", ",", " a", " little", " boy", " named", " Tim", " was", " playing", " near", " the"], "acts": [0.0, 0.0, 0.0, 0.0, 0.0, 0.0, 0.0, 0.0, 0.0, 0.0, 7.5784, 3.7895, 0.0, 0.0, 0.0, 0.0, 0.0, 0.0, 0.0], "max_pos": 10, "max_act": 7.5781}, {"tokens": [" got", " stuck", " in", " a", " tree", ".", " Lily", " was", " sad", " again", " because", " she", " couldn", "'t", " play", " with", " her", " balloon", ".", "\n", "\n", "But", " then", ",", " a", " man", " pass", "ing", " by", " saw", " the", " balloon", " and"], "acts": [0.0, 0.0, 0.0, 0.0, 0.0, 0.0, 0.0, 0.0, 0.0, 0.0, 0.0, 0.0, 0.0, 0.0, 0.0, 0.0, 0.0, 0.0, 0.0, 0.0, 0.0, 0.0, 0.0, 0.0, 7.5499, 0.7392, 0.0, 0.0, 1.0936, 0.0, 0.0, 0.0, 0.0], "max_pos": 24, "max_act": 7.5508}, {"tokens": [".", " He", " loved", " to", " play", " and", " catch", " fl", "ies", " in", " his", " co", "b", "w", "eb", ".", " One", " day", ",", " a", " big", " storm", " came", " and", " destroy", "ed", " Sp", "ide"], "acts": [0.0, 0.0, 0.0, 0.0, 0.0, 0.0, 0.0, 0.0, 0.0, 0.0, 0.0, 0.0, 0.0, 0.0, 0.0, 0.0, 0.0, 0.0, 0.0, 7.5015, 2.4871, 0.0, 0.0, 0.0, 0.0, 0.0, 0.0, 0.0], "max_pos": 19, "max_act": 7.5}, {"tokens": [" butterflies", ",", " birds", ",", " and", " flowers", ".", "\n", "\n", "One", " day", ",", " a", " little", " girl", " came", " to", " the", " patch", ".", " She"], "acts": [0.0, 0.0, 0.0, 0.0, 0.0, 0.0, 0.0, 0.0, 0.0, 0.0, 0.0, 0.0, 7.4615, 3.7336, 0.8257, 0.0, 0.0, 0.0, 0.0, 0.0, 0.0], "max_pos": 12, "max_act": 7.4609}, {"tokens": [" was", " a", " big", " flag", " flying", " high", " in", " the", " sky", ".", " The", " flag", " was", " red", " and", " had", " white", " stars", " on", " it", ".", " One", " day", ",", " a", " strong", " wind", " came", " and", " blew", " the", " flag", " away"], "acts": [0.0, 1.9613, 0.0, 0.0, 0.0, 0.0, 0.0, 0.0, 0.0, 0.0, 0.0, 0.0, 0.0, 0.0, 0.0, 0.0, 0.0, 0.0, 0.0, 0.0, 0.0, 0.0, 0.0, 0.0, 7.4399, 2.409, 0.0, 0.0, 0.0, 0.0, 0.0, 0.0, 0.0], "max_pos": 24, "max_act": 7.4414}, {"tokens": [" was", " a", " big", " and", " strong", " tree", ".", " The", " tree", " liked", " to", " stret", "ch", " its", " branches", " and", " leaves", " in", " the", " sunshine", ".", " One", " day", ",", " a", " little", " boy", " came", " and", " decided", " to", " climb", " to"], "acts": [0.0, 1.5334, 0.0, 0.0, 0.0, 0.0, 0.0, 0.0, 0.0, 0.0, 0.0, 0.0, 0.0, 0.0, 0.0, 0.0, 0.0, 0.0, 0.0, 0.0, 0.0, 0.0, 0.0, 0.0, 7.4381, 3.7388, 0.5841, 0.0, 0.0, 0.0, 0.0, 0.0, 0.0], "max_pos": 24, "max_act": 7.4375}]}