{"id": 1261, "density": 0.04111375, "max_act": 8.4609375, "hist": {"edges": [0.01, 0.0133, 0.0178, 0.0237, 0.0316, 0.0422, 0.0562, 0.075, 0.1, 0.1334, 0.1778, 0.2371, 0.3162, 0.4217, 0.5623, 0.7499, 1.0, 1.3335, 1.7783, 2.3714, 3.1623, 4.217, 5.6234, 7.4989, 10.0, 13.3352, 17.7828, 23.7137, 31.6228, 42.1697, 56.2341, 74.9894, 100.0], "counts": [0, 0, 0, 0, 0, 0, 0, 0, 0, 0, 4, 80, 826, 4073, 11187, 20616, 27198, 26844, 25491, 22953, 16285, 7473, 1396, 29, 0, 0, 0, 0, 0, 0, 0, 0]}, "logit_lens": {"promoted": [[" belong", 0.218], ["cess", 0.192], [" belonged", 0.169], [" van", 0.161], [" just", 0.158], [" really", 0.144], [" flo", 0.143], [" flew", 0.14], ["nd", 0.14], [" lost", 0.135]], "suppressed": [["ust", 0.39], ["ree", 0.348], ["side", 0.339], [" cheer", 0.336], ["ren", 0.334], [" scream", 0.314], ["erry", 0.303], ["ild", 0.302], ["ly", 0.299], [" ag", 0.295]]}, "examples": [{"tokens": [".", "\n", "\n", "Her", " mom", " quickly", " told", " her", " to", " keep", " away", ".", " She", " said", ",", " \"", "No", " no", ".", " You", " can", "'t", " miss", " that", " cactus", ".\"", " \n", "\n", "But", " the", " three", " year", " old"], "acts": [0.0, 0.0, 0.0, 0.0, 0.0, 0.0, 0.0, 0.0, 0.0, 0.0, 0.0, 0.0, 0.0, 0.0, 0.0, 0.0, 0.0, 0.0, 0.0, 0.0, 0.0, 0.0, 0.0, 0.0, 8.4625, 0.0, 0.0, 0.0, 0.0, 0.0, 0.0, 0.0, 0.0], "max_pos": 24, "max_act": 8.4609}, {"tokens": [" didn", "'t", " believe", " it", " could", " move", ".", "\n", "\n", "But", " one", " day", ",", " the", " furry", " motor", " started", " to", " hum", " and", " rat", "t", "le", "."], "acts": [0.0, 0.0, 0.0, 0.0, 0.0, 0.0, 0.0, 0.0, 0.0, 0.0, 0.0, 0.0, 0.0, 0.0, 0.0, 8.291, 0.0, 0.0, 0.0, 0.0, 0.0, 0.0, 0.0, 0.0], "max_pos": 15, "max_act": 8.2891}, {"tokens": [" her", " parents", ".", "\n", "\n", "Molly", "'s", " mom", " was", " very", " sad", " when", " she", " saw", " the", " chain", ".", " She", " said", " to", " Molly", ",", " \"", "This", " chain", " looks", " very", " sharp", "!", " You", " must", " not", " touch"], "acts": [0.0, 0.0, 0.0, 0.0, 0.7757, 0.0, 0.0, 0.0, 0.0, 0.0, 0.0, 0.0, 0.0, 0.0, 0.0, 6.0803, 0.0, 0.0, 0.0, 0.0, 0.0, 0.0, 0.0, 0.0, 8.2927, 0.9347, 0.0, 0.0, 0.0, 0.0, 0.0, 0.0, 0.0], "max_pos": 24, "max_act": 8.2891}, {"tokens": [" pebble", " carefully", ".", " It", " was", " a", " bad", " pebble", ".", " It", " had", " holes", " in", " it", " and", " bump", "s", " and", " it", " felt", " funny", ".", " \"", "This", " pebble", " is", "n", "'t", " as", " pretty", " as", " the", " others"], "acts": [4.539, 0.0, 0.0, 0.773, 0.0, 0.0, 0.0, 5.8841, 0.0, 1.4981, 0.0, 0.0, 0.0, 0.7728, 0.0, 0.0, 0.0, 0.0, 0.0, 0.4708, 0.0, 0.0, 0.0, 0.5258, 8.2716, 1.3588, 0.0, 1.0773, 0.0, 0.0, 0.0, 0.0, 0.0], "max_pos": 24, "max_act": 8.2734}, {"tokens": [" listened", " to", " you", ".", " The", " ancient", " shoe", " was", " not", " for", " me", ".", " It", " was", " for"], "acts": [0.0, 0.0, 0.0, 0.0, 0.0, 0.0, 7.9906, 0.0, 0.0, 0.0, 0.0, 0.0, 0.9249, 0.0, 0.0], "max_pos": 6, "max_act": 7.9922}, {"tokens": [" him", " to", " the", " dark", " garage", " and", " showed", " him", " a", " bike", " with", " a", " broken", " chain", ".", "\n", "\n", "Billy", " asked", ",", " \"", "How", " can", " the", " magnet", " help", " fix", " this", "?\"", "\n", "\n", "His", " mom"], "acts": [0.0, 0.0, 0.0, 0.0, 0.0, 0.0, 0.0, 0.0, 0.0, 1.435, 0.0, 0.0, 0.0, 4.3433, 0.0, 0.0, 0.0, 0.0, 0.0, 0.0, 0.0, 0.0, 0.0, 0.0, 7.9523, 0.0, 0.0, 0.0, 0.0, 0.0, 0.0, 0.0, 0.0], "max_pos": 24, "max_act": 7.9531}, {"tokens": [" \"", "What", " can", " I", " do", " with", " this", "?\"", "\n", "\n", "His", " mom", " smiled", " and", " said", ",", " \"", "Well", ",", " Billy", ",", " I", " think", " this", " magnet", " could", " help", " you", " fix"], "acts": [0.0, 0.0, 0.0, 0.0, 0.0, 0.0, 0.0, 0.0, 0.0, 0.0, 0.0, 0.0, 0.0, 0.0, 0.0, 0.0, 0.0, 0.0, 0.0, 0.0, 0.0, 0.0, 0.0, 0.0, 7.9461, 0.0, 0.0, 0.0, 0.0], "max_pos": 24, "max_act": 7.9453}, {"tokens": [" Lily", ".", " He", " feels", " it", " in", " his", " hand", ".", " It", " is", " cold", " and", " hard", ".", " He", " says", ",", " \"", "Wow", ",", " Lily", ",", " this", " pebble", " is", " nice", ".", " Thank", " you", " for", " sharing", " it"], "acts": [0.0, 0.0, 0.0, 0.4799, 0.0, 0.0, 0.0, 0.0, 0.0, 0.6004, 0.0, 0.0, 0.0, 0.0, 0.0, 0.0, 0.0, 0.0, 0.0, 0.0, 0.0, 0.0, 0.0, 0.0, 7.8346, 0.0, 0.0, 0.0, 0.0, 0.0, 0.0, 0.0, 0.0], "max_pos": 24, "max_act": 7.8359}, {"tokens": [" at", " it", " and", " said", ",", " \"", "This", " penny", " is", " too", " thin", " to", " be", " real", ".", " It"], "acts": [0.0, 0.0, 0.0, 0.0, 0.0, 0.0, 0.0, 7.7935, 1.3332, 0.0, 0.0, 0.0, 0.0, 0.0, 0.0, 0.0], "max_pos": 7, "max_act": 7.793}, {"tokens": [" she", " also", " wants", " to", " tell", " the", " truth", ".", " She", " is", " very", " creative", ",", " so", " she", " has", " an", " idea", ".", "\n", "\n", "\"", "Maybe", " your", " crystal", " needs", " a", " special", " word", " to", " make", " fire", "."], "acts": [0.0, 0.0, 0.0, 0.0, 0.0, 0.0, 1.0718, 0.0, 0.0, 0.0, 0.0, 0.0, 0.0, 0.0, 0.0, 0.0, 0.0, 0.0, 0.0, 0.0, 0.0, 0.0, 0.0, 0.0, 7.7825, 0.0, 0.0, 0.0, 0.0, 0.0, 0.0, 0.0, 0.0], "max_pos": 24, "max_act": 7.7812}, {"tokens": [".", " It", " was", " a", " big", " metal", " door", "!", " Jack", " was", " so", " curious", " about", " this", " door", ",", " but", " try", " as", " he", " might", ",", " the", " fragile", " magnet", " would", " not", " twist", " around", " the", " door", ".", " Fr"], "acts": [0.0, 0.0, 0.0, 0.0, 0.0, 1.0472, 0.9313, 0.0, 0.0, 0.0, 0.0, 0.0, 0.0, 0.0, 1.7771, 0.0, 0.0, 0.0, 0.0, 0.0, 0.0, 0.0, 0.0, 0.0, 7.7617, 0.0, 0.0, 0.0, 0.0, 0.0, 0.7888, 0.0, 0.0], "max_pos": 24, "max_act": 7.7617}, {"tokens": [" ent", "ire", " night", " sky", "!", " All", " the", " people", " in", " the", " town", " cheered", ".", " \n", "\n", "The", " magnet", " kept", " ra", "is", "ing", " the", " light", " until", " it"], "acts": [0.0, 0.0, 0.0, 0.0, 0.0, 0.0, 0.0, 0.0, 0.0, 0.0, 0.0, 0.0, 0.0, 0.0, 0.0, 0.0, 7.7191, 1.1676, 0.0, 0.0, 0.0, 0.0, 0.0, 0.0, 1.1727], "max_pos": 16, "max_act": 7.7188}]}