{"id": 1275, "density": 0.0131135, "max_act": 6.53125, "hist": {"edges": [0.01, 0.0133, 0.0178, 0.0237, 0.0316, 0.0422, 0.0562, 0.075, 0.1, 0.1334, 0.1778, 0.2371, 0.3162, 0.4217, 0.5623, 0.7499, 1.0, 1.3335, 1.7783, 2.3714, 3.1623, 4.217, 5.6234, 7.4989, 10.0, 13.3352, 17.7828, 23.7137, 31.6228, 42.1697, 56.2341, 74.9894, 100.0], "counts": [0, 0, 0, 0, 0, 0, 0, 0, 0, 0, 1, 43, 397, 1473, 4000, 8352, 10641, 10163, 8041, 5373, 2995, 951, 24, 0, 0, 0, 0, 0, 0, 0, 0, 0]}, "logit_lens": {"promoted": [["ly", 0.239], [" looking", 0.208], [" today", 0.187], [" cont", 0.182], [" this", 0.171], ["c", 0.162], [" baby", 0.154], ["ause", 0.152], [" forget", 0.151], [" angry", 0.15]], "suppressed": [["ut", 0.381], [" welc", 0.332], [" forgave", 0.321], ["id", 0.309], ["lp", 0.3], ["thday", 0.289], ["es", 0.289], [" should", 0.286], [" pret", 0.285], [" proudly", 0.284]]}, "examples": [{"tokens": [" The", " boy", " waved", " goodbye", " and", " the", " pig", " smiled", ",", " happy", " to", " have", " had", " such", " a", " polite", " and", " fun", " ride", ".", "<|endoftext|>", "John", " was", " very", " lazy", ".", " He", " never", " wanted", " to", " do", " anything", "."], "acts": [0.0, 0.0, 0.0, 0.0, 0.0, 0.0, 0.0, 0.0, 0.0, 0.0, 0.0, 0.0, 0.0, 0.0, 0.0, 0.0, 0.0, 0.0, 0.0, 0.0, 0.0, 0.0, 0.0, 0.0, 6.5297, 0.0, 0.0, 0.0, 0.0, 0.0, 0.0, 0.0, 0.0], "max_pos": 24, "max_act": 6.5312}, {"tokens": [" group", " of", " friends", ".", "<|endoftext|>", "Bob", " was", " a", " very", " sad", " boy", ".", " He", " sat", " in", " his", " office", " and", " sighed", ".", " He", " was", " feeling", " very", " fragile", ".", " Then", ",", " something", " magical", " happened", "!", " A"], "acts": [0.0, 0.0, 0.0, 0.0, 0.0, 0.0, 0.0, 0.0, 0.0, 1.2699, 0.0, 0.0, 0.0, 0.0, 0.0, 0.0, 0.0, 0.0, 0.0, 0.0, 0.0, 0.0, 0.0, 0.0, 6.4474, 0.0, 0.0, 0.0, 0.0, 0.0, 0.0, 0.0, 0.0], "max_pos": 24, "max_act": 6.4492}, {"tokens": [" of", " the", " story", ":", " T", "ake", " your", " time", ",", " but", " always", " remember", " to", " care", " for", " your", " env", "iron", "ment", "!", "<|endoftext|>", "Sam", " was", " so", " lazy", ".", " He", " just", " wanted", " to", " li", "e", " around"], "acts": [0.0, 0.0, 0.0, 0.0, 0.0, 0.0, 0.0, 0.0, 0.0, 0.0, 0.0, 0.0, 0.0, 0.0, 0.0, 0.0, 0.0, 0.0, 0.0, 0.0, 0.0, 0.0, 0.0, 0.0, 6.4182, 0.0, 0.0, 0.0, 0.0, 0.0, 0.0, 0.0, 1.1969], "max_pos": 24, "max_act": 6.418}, {"tokens": [" was", " very", " hot", ".", "\n", "\n", "John", " said", " to", " himself", ","], "acts": [0.0, 0.0, 6.3367, 0.0, 0.0, 0.0, 0.0, 0.0, 0.0, 0.0, 0.0], "max_pos": 2, "max_act": 6.3359}, {"tokens": [".", " She", " was", " three", " years", " old", " and", " very", " hot", ".", " She", " was", " so", " hot", " she", " had", " to", " take", " medicine", ".", " \n", "\n"], "acts": [0.0, 0.0, 0.0, 0.0, 0.0, 0.0, 0.0, 0.0, 5.2408, 0.0, 0.0, 0.0, 0.0, 6.1835, 0.0, 0.0, 0.0, 0.0, 0.0, 0.0, 0.0, 0.0], "max_pos": 13, "max_act": 6.1836}, {"tokens": [" small", ".", "<|endoftext|>", "One", " day", ",", " Little", " Tim", " and", " his", " mommy", " went", " on", " a", " walk", " in", " nature", ".", " Little", " Tim", " was", " so", " curious", " and", " nosy", "!", " Everywhere", " he", " looked", " he", " wanted", " to", " know"], "acts": [1.792, 0.0, 0.0, 0.0, 0.0, 0.0, 0.0, 0.0, 0.0, 0.0, 0.0, 0.0, 0.0, 0.0, 0.0, 0.0, 0.0, 0.0, 0.0, 0.0, 0.0, 0.0, 2.6116, 0.0, 6.1791, 0.0, 0.0, 0.0, 0.0, 0.0, 0.0, 0.0, 0.0], "max_pos": 24, "max_act": 6.1797}, {"tokens": ["ig", "z", "ag", " ma", "ze", " and", " it", " was", " very", " smelly", ".", " Timmy", " didn", "'t", " want", " to", " go", " inside"], "acts": [0.0, 0.0, 0.0, 2.1416, 0.0, 0.0, 0.0, 0.0, 0.0, 6.0961, 0.0, 0.0, 0.0, 0.0, 0.0, 0.0, 0.0, 0.0], "max_pos": 9, "max_act": 6.0977}, {"tokens": ["ig", "ail", " was", " so", " nosy", " that", " she", " wanted", " to", " find", " out", " what", " was"], "acts": [0.0, 0.0, 0.0, 0.0, 6.0921, 0.0, 0.0, 0.0, 0.0, 0.0, 0.0, 0.0, 0.0], "max_pos": 4, "max_act": 6.0938}, {"tokens": [" stack", " small", " pieces", " of", " leaves", ".", " She", " thought", " it", " was", " so", " amazing", ".", "<|endoftext|>", "One", " day", ",", " D", "ie", "g", "o", " was", " feeling", " very", " impatient", ".", " He", " wanted", " to", " make", " something", ",", " but"], "acts": [0.0, 0.0, 0.0, 0.0, 0.0, 0.0, 0.0, 0.0, 0.0, 0.0, 0.0, 0.0, 0.0, 0.0, 0.0, 0.0, 0.0, 0.0, 0.0, 0.0, 0.0, 0.0, 0.0, 0.0, 6.0732, 0.0, 0.0, 0.0, 0.0, 0.0, 0.0, 0.0, 0.0], "max_pos": 24, "max_act": 6.0742}, {"tokens": [".", " Your", " room", " is", " very", " smelly", ".\"", " Timmy", " didn", "'t", " want", " to", " stop", " listen"], "acts": [0.0, 0.0, 0.0, 0.0, 0.0, 6.0238, 0.0, 0.0, 0.0, 0.0, 0.0, 0.0, 0.0, 0.0], "max_pos": 5, "max_act": 6.0234}, {"tokens": [" pale", " fur", " and", " a", " long", " tail", ".", " The", " dog", " was", " barking", " and", " running", " around", ".", " It", " looked", " wild", " and", " scary", ".", "\n", "\n", "\"", "Look", ","], "acts": [1.9071, 0.0, 0.0, 0.0, 0.0, 0.0, 0.0, 0.0, 0.0, 0.0, 1.2497, 0.0, 0.0, 0.0, 0.0, 0.0, 0.0, 5.9461, 0.0, 3.2684, 0.0, 0.0, 0.0, 0.0, 0.0, 0.0], "max_pos": 17, "max_act": 5.9453}, {"tokens": [" purple", " fa", "uc", "et", " was", " to", " her", ".", "<|endoftext|>", "One", " day", ",", " a", " lazy", " rabbit", " was", " hopping", " down", " a", " path", ".", " He", " was", " so", " lazy", " that", " he", " wanted", " to", " take", " the", " eas", "iest"], "acts": [1.9344, 0.0, 0.0, 0.0, 0.0, 0.0, 0.0, 0.0, 0.0, 0.0, 0.0, 0.0, 0.0, 4.6312, 0.0, 0.0, 0.0, 0.0, 0.0, 0.0, 0.0, 0.0, 0.0, 0.0, 5.9014, 0.0, 0.0, 0.0, 0.0, 0.0, 0.0, 0.0, 0.0], "max_pos": 24, "max_act": 5.9023}]}