{"id": 1270, "density": 0.01414825, "max_act": 5.59375, "hist": {"edges": [0.01, 0.0133, 0.0178, 0.0237, 0.0316, 0.0422, 0.0562, 0.075, 0.1, 0.1334, 0.1778, 0.2371, 0.3162, 0.4217, 0.5623, 0.7499, 1.0, 1.3335, 1.7783, 2.3714, 3.1623, 4.217, 5.6234, 7.4989, 10.0, 13.3352, 17.7828, 23.7137, 31.6228, 42.1697, 56.2341, 74.9894, 100.0], "counts": [0, 0, 0, 0, 0, 0, 0, 0, 0, 0, 0, 69, 818, 3716, 7177, 8962, 9714, 8761, 8489, 6916, 1846, 125, 0, 0, 0, 0, 0, 0, 0, 0, 0, 0]}, "logit_lens": {"promoted": [["an", 0.319], [" kids", 0.31], ["s", 0.283], ["ts", 0.283], [" one", 0.26], ["a", 0.246], ["one", 0.244], [" off", 0.24], [" people", 0.24], ["als", 0.235]], "suppressed": [["igh", 0.313], [" enc", 0.299], [" than", 0.284], [" met", 0.271], [" be", 0.265], [" sleep", 0.26], [" scar", 0.238], [" sle", 0.237], [" chasing", 0.237], [" against", 0.236]]}, "examples": [{"tokens": [" for", " a", " wish", " and", " it", " always", " gave", " her", " the", " best", " wish", "!", " One", " day", " she", " asked", " the", " jar", " for", " a", " magical", " dress", ".", " M", "ir", "ac", "ul", "ous", "ly", " it", " gr", "ant", "ed"], "acts": [0.0, 0.0, 0.0, 0.0, 0.0, 0.0, 0.0, 0.0, 0.0, 0.5587, 0.0, 0.0, 0.0, 0.0, 0.0, 0.0, 0.0, 0.0, 0.0, 0.0, 0.0, 0.0, 0.0, 1.0741, 5.5954, 0.0, 0.0, 0.0, 0.0, 0.0, 0.0, 0.0, 0.0], "max_pos": 24, "max_act": 5.5938}, {"tokens": [",", " \u00e2\u20ac\u0153", "Let", " me", " go", "!", " I", " don", "\u00e2\u20ac\u2122", "t", " want", " to", " get", " into", " any", " trouble", "!\u00e2\u20ac", " The", " police", " said", ",", " \u00e2\u20ac\u0153", "We", " just", " want", " to", " help"], "acts": [0.0, 0.0, 0.0, 0.0, 0.0, 0.0, 0.0, 0.0, 0.0, 0.0, 0.0, 0.0, 0.0, 0.0, 0.0, 0.0, 0.0, 0.0, 5.5681, 0.0, 0.0, 0.0, 0.0, 0.0, 0.0, 0.0, 0.0], "max_pos": 18, "max_act": 5.5664}, {"tokens": [".", "\n", "\n", "Suddenly", ",", " she", " had", " an", " idea", ".", " She", " jumped", " up", " and", " grabbed", " the", " handle", " and", " gave", " it", " a", " twirl", ".", " M", "ir", "ac", "ul", "ous", "ly", ",", " the", " box", " opened"], "acts": [0.0, 0.0, 0.0, 0.0, 0.0, 0.0, 0.0, 0.0, 0.0, 0.0, 0.0, 0.0, 0.0, 0.0, 0.0, 0.0, 0.0, 0.0, 0.0, 0.0, 0.0, 0.0, 0.0, 0.6398, 5.3844, 0.0, 0.0, 0.0, 0.0, 0.0, 0.0, 0.0, 0.0], "max_pos": 24, "max_act": 5.3828}, {"tokens": [" named", " Timmy", ".", " One", " day", ",", " Timmy", " went", " outside", " to", " play", ".", " He", " saw", " a", " mo", "s", "qu", "it", "o", " flying", " around", ".", " M", "os", "qu", "it", "o", "es", " were", " Timmy", "'s", " le"], "acts": [0.0, 0.0, 0.0, 0.0, 0.0, 0.0, 0.0, 0.0, 0.0, 0.0, 0.0, 0.0, 0.0, 0.0, 0.0, 0.0, 1.877, 0.0, 0.0, 0.0, 0.0, 0.0, 0.0, 0.0, 5.3509, 0.0, 0.0, 0.0, 0.0, 0.0, 0.0, 0.0, 0.0], "max_pos": 24, "max_act": 5.3516}, {"tokens": ["a", " says", ".", "\n", "\n", "\"", "Wow", ",", " M", "ir", "a", ",", " your", " flower", " is", " very", " nice", "!\""], "acts": [0.0, 0.0, 0.0, 0.0, 0.0, 0.0, 0.0, 0.0, 1.1061, 5.3258, 0.0, 0.0, 0.0, 0.0, 0.0, 0.0, 0.0, 0.0], "max_pos": 9, "max_act": 5.3242}, {"tokens": [" may", "or", " was", " very", " worried", " and", " they", " quickly", " got", " out", " their", " fast", "est", " police", " car", " to", " try", " and", " cap", "ture", " the", " driver", ".", " The", " police", " car", " zoom", "ed", " after", " the", " big", ",", " green"], "acts": [0.0, 0.0, 0.0, 0.0, 0.0, 0.0, 0.0, 0.0, 0.0, 0.0, 0.0, 0.0, 0.0, 3.2071, 0.0, 0.0, 0.0, 0.0, 0.0, 0.0, 0.0, 0.0, 0.0, 0.0, 5.3176, 0.0, 0.0, 0.0, 0.0, 0.0, 2.6315, 0.0, 0.0], "max_pos": 24, "max_act": 5.3164}, {"tokens": [" want", " to", ",", " but", " the", " police", " told", " him", " that", " sharing", " is", " good", ".", " Sam"], "acts": [0.0, 0.0, 0.0, 0.0, 0.0, 5.2729, 0.0, 0.0, 0.0, 0.0, 0.0, 0.0, 0.0, 0.0], "max_pos": 5, "max_act": 5.2734}, {"tokens": [".", " The", " re", "s", "ul", "ts", " of", " their", " hard", " work", " were"], "acts": [0.0, 0.0, 5.1872, 4.0569, 2.2093, 0.0, 0.0, 0.0, 0.0, 0.0, 0.0], "max_pos": 2, "max_act": 5.1875}, {"tokens": [" wearing", " a", " blue", " un", "if", "orm", " and", " a", " shiny", " bad", "ge", ".", " Lily", " asked", " him", ",", " \"", "What", " is", " your", " job", "?\"", " The", " police", " off", "ic", "er", " said", ",", " \"", "I", " en"], "acts": [0.0, 0.0, 0.0, 0.0, 0.0, 0.0, 0.0, 0.0, 0.0, 0.0, 0.0, 0.0, 0.0, 0.0, 0.0, 0.0, 0.0, 0.0, 0.0, 0.0, 0.0, 0.0, 0.0, 5.16, 1.8548, 1.0693, 0.0, 0.0, 0.0, 0.0, 0.0, 0.0], "max_pos": 23, "max_act": 5.1602}, {"tokens": [".", " It", " makes", " loud", " and", " ugly", " noises", ".", "\n", "\n", "R", "av", "i", " hears", " the", " noises", " and", " comes", " to", " see", ".", " He", " sees", " M", "ir", "a", " with", " the", " v", "i", "ol", "in", "."], "acts": [0.0, 0.0, 0.0, 0.0, 0.0, 0.0, 0.0, 0.0, 0.0, 0.0, 0.0, 0.0, 0.0, 0.0, 0.0, 0.0, 0.0, 0.0, 0.0, 0.0, 0.0, 0.0, 0.0, 0.9811, 5.1591, 0.0, 0.0, 0.0, 0.0, 0.0, 0.0, 0.0, 0.0], "max_pos": 24, "max_act": 5.1602}, {"tokens": [".", " She", " was", " so", " gifted", " that", " her", " mom", " often", " asked", " to", " see", " what", " M", "ir", "a", " had", " wr", "itten", " and", " dra", "wn", ".", " M", "ir", "a", " was", " so", " proud", " to", " show", " her", " mom"], "acts": [0.0, 0.0, 0.0, 0.0, 0.0, 0.0, 0.0, 0.0, 0.0, 0.0, 0.0, 0.0, 0.0, 1.0857, 4.7403, 0.0, 0.0, 0.0, 0.0, 0.0, 0.0, 0.0, 0.0, 1.0596, 5.148, 0.0, 0.0, 0.0, 0.0, 0.0, 0.0, 0.0, 0.0], "max_pos": 24, "max_act": 5.1484}, {"tokens": [" and", " showed", " the", " miss", "ile", " to", " the", " police", ".", " The", " police", " were", " very", " thankful", " that", " Lily", " found", " it", " and"], "acts": [0.0, 0.0, 0.0, 1.7329, 0.0, 0.0, 0.0, 4.0657, 0.0, 0.0, 5.1432, 0.0, 0.0, 0.0, 0.0, 0.0, 0.0, 0.0, 0.0], "max_pos": 10, "max_act": 5.1445}]}