{"id": 1276, "density": 0.00742225, "max_act": 6.734375, "hist": {"edges": [0.01, 0.0133, 0.0178, 0.0237, 0.0316, 0.0422, 0.0562, 0.075, 0.1, 0.1334, 0.1778, 0.2371, 0.3162, 0.4217, 0.5623, 0.7499, 1.0, 1.3335, 1.7783, 2.3714, 3.1623, 4.217, 5.6234, 7.4989, 10.0, 13.3352, 17.7828, 23.7137, 31.6228, 42.1697, 56.2341, 74.9894, 100.0], "counts": [0, 0, 0, 0, 0, 0, 0, 0, 0, 0, 2, 27, 245, 1159, 2667, 4471, 6219, 5445, 4382, 3389, 1158, 446, 79, 0, 0, 0, 0, 0, 0, 0, 0, 0]}, "logit_lens": {"promoted": [["en", 0.469], ["es", 0.361], ["ts", 0.343], ["s", 0.342], ["m", 0.313], ["fish", 0.309], ["ount", 0.305], ["ty", 0.299], ["ens", 0.284], [" eyes", 0.27]], "suppressed": [[" close", 0.228], ["stairs", 0.213], ["qu", 0.21], [" dra", 0.21], ["et", 0.21], [" tow", 0.208], [" exp", 0.207], ["ers", 0.206], [" tidy", 0.206], ["orm", 0.204]]}, "examples": [{"tokens": [".", " \n", "\n", "The", " group", " of", " people", " int", "ro", "d", "uc", "ed", " themselves", " as", " sc", "ient", "ist", "s", " who", " had", " come", " to", " seek"], "acts": [0.0, 0.0, 0.0, 0.0, 0.0, 0.0, 0.0, 0.0, 0.0, 0.0, 0.0, 0.0, 0.0, 0.0, 6.7332, 0.0, 2.0401, 0.0, 0.0, 0.0, 0.0, 0.0, 0.0], "max_pos": 14, "max_act": 6.7344}, {"tokens": ["Yay", " mommy", ",", " I", " love", " ice", " cream", "!\"", " They", " got", " in", " the", " car", " and", " drove", " to", " the", " ice", " cream", " shop", ".", " They", " got", " two", " sc", "oop", "s", " each", " and", " it", " was", " so", " yummy"], "acts": [0.0, 0.0, 0.0, 0.0, 0.0, 0.0, 0.0, 0.0, 0.0, 0.0, 0.0, 0.0, 0.0, 0.0, 0.0, 0.0, 0.0, 0.0, 0.0, 0.0, 0.0, 0.0, 0.0, 0.0, 6.6903, 0.0, 0.0, 0.0, 0.0, 0.0, 0.0, 0.0, 0.0], "max_pos": 24, "max_act": 6.6914}, {"tokens": [" moon", " we", "ighed", ".", " She", " thought", " it", " must", " be", " more", " than", " anything", " else", " she", " had", " ever", " carried", ".", " \n", "\n", "So", " she", " got", " some", " sc", "a", "les", " and", " carefully", " placed", " the", " moon", " on"], "acts": [0.0, 0.0, 2.9868, 0.0, 0.0, 0.0, 0.0, 0.0, 0.0, 0.0, 0.0, 0.0, 0.0, 0.0, 0.0, 0.0, 0.0, 0.0, 0.0, 0.0, 0.0, 0.0, 0.0, 0.0, 6.6838, 0.0, 0.0, 0.0, 0.0, 0.0, 0.0, 0.0, 0.0], "max_pos": 24, "max_act": 6.6836}, {"tokens": ["i", " was", " gl", "id", "ing", " through", " the", " sky", " and", " saw", " a", " cher", "ry", " tree", " bel", "ow", ".", " T", "i", "k", "i", " smelled", " the", " sweet", " sc", "ent", " of", " the", " cher", "ry", " and", " wanted", " to"], "acts": [0.0, 0.0, 0.0, 2.2624, 0.0, 0.0, 0.0, 0.0, 0.0, 0.0, 0.0, 0.0, 0.0, 0.0, 3.0247, 0.0, 0.0, 0.0, 0.0, 0.0, 0.0, 0.0, 0.0, 0.0, 6.6347, 0.0, 0.0, 0.0, 0.0, 0.0, 0.0, 0.0, 0.0], "max_pos": 24, "max_act": 6.6328}, {"tokens": [" lots", " of", " stick", "y", " con", "es", " and", " spr", "ink", "les", " stuck", " to", " the", " ground", ".", " But", " it", " smelled", " so", " yummy", "!", " They", " bought", " two", " sc", "oop", "s", " of", " cream", " and", " put", " them", " on"], "acts": [0.0, 0.0, 0.0, 0.0, 0.0, 0.0, 0.0, 0.0, 0.0, 0.0, 0.0, 0.0, 0.0, 0.0, 0.0, 0.0, 0.0, 0.0, 0.0, 0.0, 0.0, 0.0, 0.0, 0.0, 6.6265, 1.1563, 0.0, 0.0, 0.0, 0.0, 0.0, 0.0, 0.0], "max_pos": 24, "max_act": 6.625}, {"tokens": [" on", " his", " tail", ".", " All", " the", " other", " fish", " had", " green", " sc", "a", "les", ".", " Z", "ip", " felt", " different", " and"], "acts": [0.0, 0.0, 0.0, 0.0, 0.0, 0.0, 0.0, 0.0, 0.0, 0.0, 6.5663, 0.0, 0.0, 0.0, 0.0, 0.0, 0.4014, 0.0, 0.0], "max_pos": 10, "max_act": 6.5664}, {"tokens": [" the", " paper", " sc", "ra", "p", "s", " and", " put", " them", " in", " a"], "acts": [0.0, 0.0, 6.433, 0.0, 0.0, 0.0, 0.0, 0.0, 0.0, 0.0, 0.0], "max_pos": 2, "max_act": 6.4336}, {"tokens": [" two", " friends", " went", " to", " the", " kitchen", " to", " make", " their", " tun", "a", " dish", ".", " Soon", " they", " were", " sc", "oop", "ing", " tun", "a", " out", " of", " can", "s"], "acts": [0.0, 0.0, 0.0, 0.0, 0.0, 0.0, 0.0, 0.0, 0.0, 0.0, 0.0, 0.0, 0.0, 0.0, 0.0, 0.0, 6.4108, 0.0, 0.0, 0.0, 0.0, 0.0, 0.0, 0.0, 0.0], "max_pos": 16, "max_act": 6.4102}, {"tokens": [" they", " have", " no", " more", " cards", ".", " Then", " they", " count", " their", " sc", "ore", "s", ".", " Tom", " has", " four", " sc", "ore", "s", ".", " Mia", " has", " two", " sc", "ore", "s", ".", " Tom", " has", " more", " sc", "ore"], "acts": [0.0, 0.0, 0.0, 0.0, 0.0, 0.0, 0.0, 0.0, 0.0, 0.0, 5.8437, 0.0, 0.0, 0.0, 0.0, 0.0, 0.0, 6.2618, 0.0, 0.0, 0.0, 0.0, 0.0, 0.0, 6.3834, 0.0, 0.0, 0.0, 0.0, 0.0, 0.0, 5.9903, 0.0], "max_pos": 24, "max_act": 6.3828}, {"tokens": [" a", " rock", " and", " fell", " down", ".", " They", " looked", " up", " and", " saw", " something", " on", " the", " rock", ".", " It", " was", " a", " lizard", ".", " It", " had", " green", " sc", "a", "les", " and", " a", " long", " tail", ".", " It"], "acts": [0.0, 0.0, 0.0, 0.0, 0.0, 0.0, 0.0, 0.0, 0.0, 0.0, 0.0, 0.0, 0.0, 0.0, 0.0, 0.0, 0.0, 0.0, 0.0, 0.0, 0.0, 0.0, 0.0, 0.0, 6.3641, 0.0, 0.0, 0.0, 0.0, 0.0, 0.0, 0.0, 0.0], "max_pos": 24, "max_act": 6.3633}, {"tokens": [".", " It", " was", " made", " by", " a", " sc", "ient", "ist", " who", " wanted", " to", " study", " the", " ocean", ".", " But", " the", " sc", "ient", "ist", " was", " not", " nice", ".", " He", " wanted"], "acts": [0.0, 0.0, 0.0, 0.0, 0.0, 0.0, 5.8118, 0.0, 2.4839, 0.0, 0.0, 0.0, 0.0, 0.0, 0.0, 0.0, 0.0, 0.0, 6.3399, 0.0, 1.5478, 0.0, 0.0, 0.0, 0.0, 0.0, 0.0], "max_pos": 18, "max_act": 6.3398}, {"tokens": [" could", " and", " as", " it", " flew", " up", ",", " it", " sc", "ooped", " up", " the", " jelly", " into", " its", " wings", "."], "acts": [0.0, 0.0, 0.0, 0.0, 0.0, 0.0, 0.0, 0.0, 6.3229, 0.0, 0.0, 0.0, 0.0, 0.0, 0.0, 0.0, 0.0], "max_pos": 8, "max_act": 6.3242}]}