{"id": 1277, "density": 0.0368655, "max_act": 4.12109375, "hist": {"edges": [0.01, 0.0133, 0.0178, 0.0237, 0.0316, 0.0422, 0.0562, 0.075, 0.1, 0.1334, 0.1778, 0.2371, 0.3162, 0.4217, 0.5623, 0.7499, 1.0, 1.3335, 1.7783, 2.3714, 3.1623, 4.217, 5.6234, 7.4989, 10.0, 13.3352, 17.7828, 23.7137, 31.6228, 42.1697, 56.2341, 74.9894, 100.0], "counts": [0, 0, 0, 0, 0, 0, 0, 0, 0, 1, 39, 543, 4820, 17983, 30567, 31823, 27586, 19720, 10863, 3323, 194, 0, 0, 0, 0, 0, 0, 0, 0, 0, 0, 0]}, "logit_lens": {"promoted": [["ase", 0.354], [" where", 0.314], [" Inside", 0.305], [" ahead", 0.294], ["sc", 0.293], [" As", 0.289], [" forth", 0.286], [" check", 0.286], ["ve", 0.28], ["fort", 0.279]], "suppressed": [["als", 0.232], [" are", 0.212], [" feel", 0.193], [" whistle", 0.192], [" thank", 0.187], [" learn", 0.183], [" most", 0.182], [" love", 0.181], [" become", 0.181], ["i", 0.178]]}, "examples": [{"tokens": [" Dad", " said", ".", " \"", "G", "ate", " ", "1", "2", ".", " Come", " on", ",", " let", "'s", " go", ".\"", "\n", "\n", "They", " ran", " to", " the", " gate", ".", " They", " showed", " their", " tick", "ets", " and", " pass", "port"], "acts": [0.0, 0.0, 0.0, 0.0, 0.0, 0.0, 0.0, 0.0, 0.0, 0.0, 0.0, 0.0, 0.9949, 0.0, 0.0, 0.0, 0.0, 0.0, 1.3306, 0.0, 0.0, 0.0, 0.0, 0.0, 4.1206, 0.0, 0.0, 0.0, 0.0, 0.0, 0.0, 0.0, 0.0], "max_pos": 24, "max_act": 4.1211}, {"tokens": [" remember", " what", " Mom", " and", " Dad", " said", ".", " They", " have", " to", " trust", " them", ".", "\n", "\n", "They", " decide", " to", " go", " back", " down", "stairs", " and", " wait", ".", " They", " hope", " Mom", " and", " Dad", " will", " come", " soon"], "acts": [0.0, 0.0, 0.0, 0.0, 0.0, 0.0, 0.7059, 0.0, 0.0, 0.0, 0.0, 0.0, 1.7111, 0.0, 0.0, 0.0, 0.0, 0.0, 0.0, 0.0, 0.0, 0.0, 0.0, 0.0, 4.1124, 0.0, 0.0, 0.0, 0.0, 0.0, 0.0, 0.0, 0.0], "max_pos": 24, "max_act": 4.1133}, {"tokens": [" \"", "Maybe", " there", " is", " more", " air", " and", " space", " there", ".\"", "\n", "\n", "They", " sne", "ak", " out", " of", " the", " house", " and", " run", " to", " the", " garden", ".", " They", " see", " a", " big", " tree", " with", " a", " branch"], "acts": [0.0, 0.0, 0.0, 0.0, 0.0, 0.0, 0.0, 0.0, 0.0, 0.0, 0.0, 0.0, 0.0, 0.0, 0.0, 0.0, 0.0, 0.0, 0.0, 0.0, 0.0, 0.0, 0.0, 0.0, 4.0156, 0.0, 0.0, 0.0, 0.0, 0.0, 0.0, 0.0, 0.0], "max_pos": 24, "max_act": 4.0156}, {"tokens": ["ing", " at", " the", " end", " of", " the", " cave", ".", " \"", "Maybe", " it", "'s", " a", " way", " out", "!\"", "\n", "\n", "They", " ran", " to", " the", " open", "ing", ".", " But", " it", " was", " not", " a", " way", " out", "."], "acts": [0.0, 0.0, 0.0, 0.0, 0.0, 0.0, 0.0, 1.5931, 0.0, 0.0, 0.0, 0.0, 0.0, 0.0, 0.0, 0.0, 0.0, 0.5733, 0.0, 0.0, 0.0, 0.0, 0.0, 0.0, 3.9415, 1.1294, 0.8717, 0.0, 0.0, 0.0, 0.0, 0.0, 1.3341], "max_pos": 24, "max_act": 3.9414}, {"tokens": [".", " He", " was", " not", " polite", ".", " He", " took", " the", " book", " and", " ran", ".", " Sam", " followed", " him", ".", "\n", "\n", "They", " went", " to", " the", " park", ".", " They", " opened", " the", " book", ".", " It", " was", " a"], "acts": [0.0, 0.0, 0.0, 0.0, 0.0, 0.0, 0.0, 0.0, 0.0, 0.0, 0.0, 0.0, 2.4937, 0.0, 0.0, 0.0, 2.244, 0.0, 1.0444, 0.0, 0.0, 0.0, 0.0, 0.0, 3.8382, 0.0, 0.0, 0.0, 0.0, 2.5336, 0.0, 0.0, 0.0], "max_pos": 24, "max_act": 3.8379}, {"tokens": [" g", "ym", ".", " She", " was", " curious", " about", " what", " was", " inside", " the", " box", ".", " So", ",", " she", " went", " closer", " and", " decided", " to", " pe", "ek", " inside", ".", " When", " she", " peeked", ",", " she", " saw", " a", " big"], "acts": [0.0, 0.0, 1.1237, 0.0, 0.0, 0.0, 0.0, 0.0, 0.0, 0.0, 0.0, 0.0, 1.2847, 0.0, 0.0, 0.0, 0.0, 0.0, 0.0, 0.0, 0.0, 0.0, 0.0, 0.0, 3.8294, 0.0, 0.0, 0.0, 0.0, 0.0, 0.0, 0.0, 0.0], "max_pos": 24, "max_act": 3.8301}, {"tokens": [" big", " tent", " in", " the", " corner", " of", " the", " park", ".", " It", " looked", " cool", " and", " dark", " inside", ".", " They", " ran", " to", " the", " tent", " and", " went", " in", ".", " They", " hoped", " to", " find", " some", " water", " and", " some"], "acts": [0.0, 0.0, 0.0, 0.0, 0.0, 0.0, 0.0, 0.0, 1.6432, 0.0, 0.0, 0.0, 0.0, 0.0, 0.0, 1.3478, 0.0, 0.0, 0.0, 0.0, 0.0, 0.0, 0.0, 0.0, 3.8173, 0.0, 0.0, 0.0, 0.0, 0.0, 0.0, 0.0, 0.0], "max_pos": 24, "max_act": 3.8164}, {"tokens": [" Mom", " said", ".", " \"", "You", " need", " to", " get", " some", " bri", "cks", " for", " that", ".\"", "\n", "\n", "So", " L", "arry", " ran", " out", " to", " the", " store", ".", " He", " found", " the", " perfect", " bri", "cks", ".", "\n"], "acts": [0.0, 0.0, 0.0, 0.0, 0.0, 0.0, 0.0, 0.0, 0.0, 0.0, 0.0, 0.0, 0.0, 0.0, 0.0, 0.0, 0.0, 0.0, 0.0, 0.0, 0.0, 0.0, 0.0, 0.0, 3.8053, 0.0, 0.0, 0.0, 0.0, 0.0, 0.0, 1.4808, 0.0], "max_pos": 24, "max_act": 3.8047}, {"tokens": [" excited", " and", " said", ",", " \"", "Yes", ",", " let", "'s", " go", " now", "!\"", " \n", "\n", "They", " rushed", " out", " the", " door", " and", " went", " to", " the", " park", ".", " They", " played", " on", " the", " swings", " and", " went", " down"], "acts": [0.0, 0.0, 0.0, 0.0, 0.0, 0.0, 0.5884, 0.0, 0.0, 0.0, 0.0, 0.5365, 0.0, 1.3212, 0.0, 0.0, 0.0, 0.0, 0.0, 0.0, 0.0, 0.0, 0.0, 0.0, 3.8024, 0.0, 0.0, 0.0, 0.0, 0.0, 0.0, 0.0, 0.0], "max_pos": 24, "max_act": 3.8027}, {"tokens": ["\n", "\n", "One", " day", ",", " he", " wanted", " to", " walk", " outside", " in", " the", " sunshine", ".", " So", " he", " grabbed", " his", " blanket", " and", " ran", " out", " the", " door", ".", " But", " when", " he", " got", " outside", ",", " he", " saw"], "acts": [0.0, 0.0, 0.0, 0.0, 0.0, 0.0, 0.0, 0.0, 0.0, 0.0, 0.0, 0.8504, 0.8958, 2.0207, 0.0, 0.0, 0.0, 0.0, 0.0, 0.0, 0.0, 0.0, 0.0, 0.0, 3.8004, 0.3474, 0.0, 0.0, 0.0, 0.0, 0.0, 0.0, 0.0], "max_pos": 24, "max_act": 3.8008}, {"tokens": [" saw", " a", " big", " ant", " hill", " in", " the", " garden", ".", " They", " wondered", " what", " the", " ants", " were", " doing", ".", " They", " decided", " to", " go", " closer", " and", " look", ".", " They", " saw", " many", " ants", " carrying", " bit", "s", " of"], "acts": [0.0, 0.0, 0.0, 0.0, 0.0, 0.0, 0.0, 0.0, 1.281, 0.0, 0.0, 0.0, 0.0, 0.0, 0.0, 0.0, 1.2522, 0.0, 0.0, 0.0, 0.0, 0.0, 0.0, 0.0, 3.7953, 0.0, 0.0, 0.0, 0.0, 0.0, 0.0, 0.0, 0.0], "max_pos": 24, "max_act": 3.7949}, {"tokens": [" un", "f", "air", ".", "\n", "\n", "The", " next", " day", ",", " they", " decided", " to", " sne", "ak", " out", " of", " their", " room", " and", " go", " to", " the", " store", ".", " They", " took", " some", " money", " from", " their", " p", "igg"], "acts": [0.0, 0.0, 0.0, 0.0, 0.0, 0.0, 0.0, 0.0, 0.0, 0.5082, 0.0, 0.0, 0.0, 0.0, 0.0, 0.0, 0.0, 0.0, 0.0, 0.0, 0.0, 0.0, 0.0, 0.0, 3.7927, 0.0, 0.0, 0.0, 0.0, 0.0, 0.0, 0.0, 0.0], "max_pos": 24, "max_act": 3.793}]}