{"id": 1283, "density": 0.0666385, "max_act": 7.76953125, "hist": {"edges": [0.01, 0.0133, 0.0178, 0.0237, 0.0316, 0.0422, 0.0562, 0.075, 0.1, 0.1334, 0.1778, 0.2371, 0.3162, 0.4217, 0.5623, 0.7499, 1.0, 1.3335, 1.7783, 2.3714, 3.1623, 4.217, 5.6234, 7.4989, 10.0, 13.3352, 17.7828, 23.7137, 31.6228, 42.1697, 56.2341, 74.9894, 100.0], "counts": [0, 0, 0, 0, 0, 0, 0, 0, 0, 4, 86, 937, 5261, 16756, 27317, 33103, 38464, 41697, 43793, 33571, 18485, 6496, 583, 1, 0, 0, 0, 0, 0, 0, 0, 0]}, "logit_lens": {"promoted": [[" pile", 0.246], [" size", 0.23], [" shapes", 0.225], [" soon", 0.224], [" shape", 0.211], [" Sara", 0.208], [" Finally", 0.206], [" walls", 0.199], [" sounds", 0.198], [" suddenly", 0.193]], "suppressed": [[" alone", 0.294], [" welcome", 0.291], [" badly", 0.281], ["?\".", 0.275], ["ention", 0.27], ["ince", 0.264], [" but", 0.263], [" lesson", 0.263], [" truth", 0.26], ["ock", 0.257]]}, "examples": [{"tokens": [" were", " lots", " of", " wonderful", " toys", " \u00e2\u20ac\ufffd", "\ufffd", " dolls", " and", " t", "ed", "d", "ies", ",", " cars", " and", " trains", ",", " color", "ing", " books", " and", " pencil", "s", ".", " She", " was", " so", " happy", " she", " could", " play", " with"], "acts": [0.0, 0.0, 0.0, 0.0, 0.0, 0.0, 0.0, 0.0, 0.0, 0.0, 0.0, 0.0, 0.0, 0.0, 0.0, 0.0, 0.0, 0.0, 1.2387, 0.0, 0.0, 0.0, 0.0, 0.0, 7.7687, 2.0721, 1.4702, 0.0, 0.0, 0.0, 0.0, 0.0, 0.0], "max_pos": 24, "max_act": 7.7695}, {"tokens": [" and", " towers", ".", " They", " fold", " paper", " triang", "les", " into", " roof", "s", " and", " flag", "s", ".", " They", " fold", " paper", " circles", " into", " windows", " and", " door", "s", ".", " They", " use", " glue", " to", " stick", " everything", " together", "."], "acts": [0.0, 0.0, 5.738, 0.8198, 0.0, 0.0, 0.0, 0.0, 0.0, 0.0, 0.0, 0.0, 0.0, 0.0, 6.4058, 1.397, 0.0, 0.0, 0.0, 0.0, 0.0, 1.0657, 0.0, 0.0, 7.3931, 1.4705, 0.0, 0.0, 0.0, 0.0, 0.0, 0.0, 5.6443], "max_pos": 24, "max_act": 7.3945}, {"tokens": ["ed", " the", " brush", " around", " and", " around", " in", " bright", " colours", ".", " She", " used", " green", "s", " and", " bl", "u", "es", ",", " yellow", "s", " and", " red", "s", ".", " \n", "\n", "Mummy", " smiled", " and", " said", ",", " \""], "acts": [0.0, 0.0, 0.0, 0.0, 0.0, 0.0, 0.0, 0.0, 0.0, 4.9599, 0.7335, 0.0, 0.0, 0.0, 1.3188, 0.0, 0.0, 0.0, 0.0, 0.0, 0.0, 0.0, 0.0, 0.0, 7.1921, 2.1203, 4.159, 0.0, 0.0, 0.0, 0.0, 0.0, 0.0], "max_pos": 24, "max_act": 7.1914}, {"tokens": [" crayons", " and", " sc", "ri", "bb", "led", " all", " over", " the", " paper", ".", " He", " made", " l", "ines", ",", " circles", ",", " d", "ots", " and", " squ", "igg", "les", ".", " He", " ruined", " Lily", "'s", " figure", ".", "\n", "\n"], "acts": [0.0, 0.0, 0.0, 0.0, 0.0, 0.0, 0.0, 0.0, 0.0, 0.0, 5.0737, 0.5555, 0.0, 0.0, 0.0, 0.0, 0.0, 0.0, 0.0, 0.0, 0.0, 0.0, 0.0, 0.0, 7.1427, 1.6353, 0.0, 0.0, 0.0, 0.0, 2.9854, 0.8882, 2.7968], "max_pos": 24, "max_act": 7.1445}, {"tokens": [" used", " red", " and", " yellow", " and", " blue", " and", " green", " and", " pink", " and", " purple", " and", " orange", " and", " brown", ".", " They", " made", " many", " shapes", " and", " pattern", "s", ".", " They", " filled", " the", " whole", " card", " with", " paint", "."], "acts": [0.0, 0.0, 0.0, 0.0, 0.0, 0.0, 0.0, 0.0, 0.0, 0.0, 0.0, 0.0, 0.0, 0.0, 0.0, 0.0, 6.5553, 0.7296, 0.0, 0.0, 0.0, 0.0, 0.0, 0.0, 7.135, 1.0439, 0.0, 0.0, 0.0, 0.0, 0.0, 0.0, 5.6202], "max_pos": 24, "max_act": 7.1367}, {"tokens": [" yellow", " into", " green", ",", " and", " red", " and", " blue", " into", " purple", ".", " She", " painted", " pictures", " of", " flowers", ",", " animals", ",", " and", " rainbow", "s", " on", " paper", ".", "\n", "\n", "One", " day", ",", " she", " saw", " a"], "acts": [0.0, 0.0, 0.0, 0.0, 1.2698, 0.0, 0.0, 0.0, 0.0, 0.0, 6.2706, 1.3287, 0.0, 0.0, 0.0, 0.0, 0.0, 0.0, 0.0, 0.0, 0.9293, 0.0, 0.0, 0.0, 7.0443, 1.7349, 4.1609, 1.8259, 0.9323, 0.9626, 0.0, 0.0, 0.0], "max_pos": 24, "max_act": 7.043}, {"tokens": [" to", " their", " room", " and", " started", " to", " cut", " and", " glue", ".", " They", " made", " red", " heart", "s", ",", " red", " stars", ",", " red", " flowers", " and", " red", " circles", ".", " They", " stuck", " them", " on", " the", " walls", ",", " the"], "acts": [0.0, 0.0, 0.0, 0.0, 0.0, 0.0, 0.0, 0.0, 0.0, 3.0906, 0.0, 0.0, 0.0, 0.0, 0.0, 0.0, 0.0, 0.0, 0.0, 0.0, 0.0, 0.0, 0.0, 0.0, 7.0278, 1.5393, 0.0, 0.0, 0.0, 0.0, 0.0, 0.0, 0.0], "max_pos": 24, "max_act": 7.0273}, {"tokens": [" They", " make", " snow", "m", "en", ",", " snow", "ball", "s", " and", " snow", " ang", "els", ".", " They", " wear", " warm", " hats", ",", " gl", "o", "ves", " and", " boots", ".", " They", " have", " fun", " with", " their", " friends", " and", " their"], "acts": [0.0, 0.0, 0.0, 0.0, 0.0, 0.0, 0.0, 0.0, 0.0, 0.0, 0.0, 0.0, 0.0, 5.7062, 0.0, 0.0, 0.0, 0.0, 0.0, 0.0, 0.0, 0.0, 0.0, 0.0, 6.8989, 0.7304, 0.0, 0.0, 0.0, 0.0, 0.0, 0.0, 0.0], "max_pos": 24, "max_act": 6.8984}, {"tokens": [".", " They", " picked", " up", " sticks", " and", " leaves", ".", " They", " painted", " their", " h", "om", "es", " with", " bright", " colors", ".", " They", " plant", "ed", " flowers", " and", " trees", ".", " They", " worked", " hard", " every", " day", " to", " impro", "ve"], "acts": [1.5617, 0.0, 0.0, 0.0, 0.0, 0.0, 0.0, 5.6199, 0.0, 0.0, 0.0, 0.0, 0.0, 0.0, 0.0, 0.0, 0.0, 6.5638, 1.0592, 0.0, 0.0, 0.0, 0.0, 0.0, 6.8684, 1.2302, 0.0, 0.0, 0.0, 0.0, 0.0, 0.0, 0.0], "max_pos": 24, "max_act": 6.8672}, {"tokens": [" the", " snow", " and", " made", " it", " tall", ".", " He", " added", " a", " roof", ",", " a", " door", "way", " and", " even", " two", " windows", ".", "\n", "\n", "When", " he", " was", " done", ",", " R"], "acts": [0.0, 0.0, 0.0, 0.0, 0.0, 0.0, 3.6189, 0.0, 0.0, 0.0, 0.0, 0.0, 0.0, 0.0, 0.0, 0.0, 0.0, 0.0, 0.0, 6.8641, 2.2214, 4.4881, 0.9892, 0.0, 0.0, 0.0, 0.0, 0.0], "max_pos": 19, "max_act": 6.8633}, {"tokens": [" was", " very", " creative", ".", " She", " had", " many", " colors", " and", " papers", " and", " br", "us", "hes", ".", " She", " made", " pictures", " of", " animals", " and", " flowers", " and", " stars", ".", "\n", "\n", "One", " even", "ing", ",", " after", " dinner"], "acts": [0.0, 0.0, 0.0, 1.9425, 0.0, 0.0, 0.0, 0.0, 0.0, 0.0, 0.0, 0.0, 0.0, 0.0, 5.4077, 0.0, 0.4375, 0.0, 0.0, 0.0, 0.0, 0.0, 0.0, 0.0, 6.8488, 1.2699, 3.0483, 1.2201, 0.0, 0.0, 0.0, 0.0, 0.0], "max_pos": 24, "max_act": 6.8477}, {"tokens": [" They", " found", " some", " paper", " and", " scissors", " and", " cut", " out", " different", " shapes", ".", " They", " had", " circles", ",", " square", "s", ",", " triang", "les", ",", " and", " stars", ".", " They", " also", " found", " some", " glue", " and", " gl", "itter"], "acts": [0.0, 0.0, 0.0, 0.0, 0.0, 0.0, 0.0, 0.0, 0.0, 0.0, 0.0, 4.8618, 0.0, 0.0, 0.0, 0.0, 0.0, 0.0, 0.0, 0.0, 0.0, 0.0, 0.0, 0.0, 6.834, 1.0503, 0.0, 0.0, 0.0, 0.0, 0.0, 0.0, 0.0], "max_pos": 24, "max_act": 6.8359}]}