{"id": 1292, "density": 0.18142525, "max_act": 4.89453125, "hist": {"edges": [0.01, 0.0133, 0.0178, 0.0237, 0.0316, 0.0422, 0.0562, 0.075, 0.1, 0.1334, 0.1778, 0.2371, 0.3162, 0.4217, 0.5623, 0.7499, 1.0, 1.3335, 1.7783, 2.3714, 3.1623, 4.217, 5.6234, 7.4989, 10.0, 13.3352, 17.7828, 23.7137, 31.6228, 42.1697, 56.2341, 74.9894, 100.0], "counts": [0, 0, 0, 0, 0, 0, 0, 1, 3, 98, 792, 4497, 19083, 59633, 108058, 123187, 112484, 97131, 81223, 68498, 49277, 1736, 0, 0, 0, 0, 0, 0, 0, 0, 0, 0]}, "logit_lens": {"promoted": [[" his", 0.551], [" he", 0.533], [" boy", 0.532], [" He", 0.517], [" him", 0.43], ["His", 0.421], ["He", 0.42], [" His", 0.397], [" himself", 0.379], [" Timmy", 0.246]], "suppressed": [[" themselves", 0.308], [" quar", 0.297], [" Rose", 0.292], ["cess", 0.289], [" itself", 0.288], [" their", 0.274], [" fingers", 0.27], [" shell", 0.267], ["Molly", 0.265], [" us", 0.26]]}, "examples": [{"tokens": [" had", " to", " stop", ",", " but", " she", " knew", " that", " she", " could", " push", " the", " swing", " again", " the", " next", " day", ".", "<|endoftext|>", "John", " was", " an", " ordinary", " boy", ".", " He", " went", " out", " to", " play", " every", " day", "."], "acts": [0.0, 0.0, 0.0, 0.0, 0.0, 0.0, 0.0, 0.0, 0.0, 0.0, 0.0, 0.0, 0.0, 0.0, 0.0, 0.0, 0.0, 0.0, 0.0, 0.0, 2.4254, 0.0, 0.0, 0.0, 4.8958, 2.3863, 1.5914, 0.8459, 1.6518, 0.6826, 0.0, 0.9076, 3.8745], "max_pos": 24, "max_act": 4.8945}, {"tokens": [" playing", " hockey", ".", "\n", "\n", "At", " the", " end", " of", " the", " day", " he", " was", " tired", ".", " He", " needed", " to", " rest", " his", " body", " and", " mind", ".", " So", " he", " grabbed", " his", " hockey", " stick", " and", " went", " home"], "acts": [0.8354, 0.0, 3.9287, 2.9995, 4.1751, 1.3783, 0.0, 0.0, 0.0, 0.0, 0.656, 0.0, 0.0, 0.902, 4.0131, 0.4727, 2.0845, 1.0186, 0.0, 0.0, 0.0, 2.4385, 1.4266, 4.5663, 4.8364, 0.0, 3.2361, 1.1244, 0.0, 0.9252, 2.3312, 0.8883, 0.9768], "max_pos": 24, "max_act": 4.8359}, {"tokens": [" he", " had", " an", " idea", "!", " He", " remembered", " he", " had", " a", " lemon", "ade", " stand", " in", " his", " yard", " and", " he", " could", " use", " it", " to", " make", " money", ".", " \n", "\n", "The", " kid", " put", " a", " sign", " at"], "acts": [0.0, 0.9385, 0.0, 0.0, 4.0292, 0.8108, 2.2805, 0.0, 0.0, 0.0, 0.0, 0.0, 0.0, 1.7155, 0.0, 0.0, 2.6765, 0.9277, 0.0, 1.6035, 0.6176, 1.0333, 1.656, 0.0, 4.8288, 2.105, 4.2381, 2.3332, 0.0, 1.9799, 0.0, 0.0, 1.8534], "max_pos": 24, "max_act": 4.8281}, {"tokens": [" back", " and", " he", " felt", " cozy", ".", "\n", "\n", "One", " day", " he", " saw", " a", " little", " boy", ".", " The", " boy", " was", " walking", " around", " looking", " for", " something", ".", " He", " asked", " the", " rock", ",", " \"", "Do", " you"], "acts": [0.0, 1.1098, 0.0, 1.1054, 0.0, 4.0989, 2.4642, 3.7852, 1.5319, 2.9612, 0.0, 2.4633, 0.0, 0.0, 0.0, 4.4373, 3.501, 0.0, 1.7185, 0.0, 1.6399, 0.0, 1.9648, 0.0, 4.8239, 1.8954, 3.9385, 3.7175, 0.0, 1.5618, 2.325, 0.8487, 0.0], "max_pos": 24, "max_act": 4.8242}, {"tokens": [".", "\n", "\n", "T", "ed", " felt", " happy", " as", " he", " ran", " along", " the", " track", ".", " He", " smiled", " as", " he", " passed", " the", " trees", " and", " field", "s", ".", " He", " laughed", " as", " he", " saw", " the", " creatures", " in"], "acts": [3.9945, 2.5026, 4.0434, 0.8488, 0.0, 1.7946, 0.4932, 2.389, 0.0, 0.0, 0.0, 0.0, 0.0, 4.1392, 0.0, 1.3298, 3.0662, 0.0, 1.7175, 1.526, 0.0, 2.1222, 0.0, 0.0, 4.805, 0.0, 1.9544, 3.0788, 0.0, 2.3974, 0.0, 0.0, 1.827], "max_pos": 24, "max_act": 4.8047}, {"tokens": [".", " He", " felt", " his", " heart", " ra", "cing", ".", " He", " was", " so", " alert", " and", " fo", "c", "used", ",", " looking", " for", " any", " sign", "s", " of", " danger", ".", " Suddenly", ",", " he", " heard", " a", " noise", "!", " He"], "acts": [4.3133, 0.0, 1.4766, 0.0, 0.0, 0.0, 0.0, 4.1035, 0.3611, 0.9723, 0.7885, 1.1308, 2.1037, 0.0, 0.0, 1.1529, 2.7489, 0.6683, 2.102, 0.0, 0.0, 0.0, 0.0, 0.0, 4.8002, 2.8427, 4.0021, 0.0, 2.1805, 0.0, 0.0, 3.8029, 0.0], "max_pos": 24, "max_act": 4.8008}, {"tokens": [" visit", "s", " the", " village", ",", " bring", "ing", " cool", " wind", "s", " and", " fun", " adventures", ".", "<|endoftext|>", "One", " day", ",", " a", " boy", " was", " ready", " to", " paint", ".", " He", " grabbed", " his", " paint", "s", ",", " a", " brush"], "acts": [0.0, 0.6837, 0.0, 0.0, 0.8096, 1.0699, 0.0, 0.0, 0.0, 0.0, 0.0, 0.0, 0.0, 1.8032, 0.252, 0.0, 0.6798, 0.3421, 0.0, 0.0, 1.9497, 0.9684, 0.0, 0.0, 4.7698, 1.7836, 2.682, 0.0, 0.0, 0.0, 1.9246, 0.8413, 0.0], "max_pos": 24, "max_act": 4.7695}, {"tokens": [" like", " he", " could", " cast", " a", " spell", " whenever", " he", " wanted", ".", " He", " went", " home", " very", " excited", ",", " and", " he", " knew", " he", " could", " do", " it", " again", ".", "<|endoftext|>", "Once", " upon", " a", " time", " there", " was", " a"], "acts": [2.1818, 0.0, 0.0, 1.4523, 0.8975, 0.0, 2.3524, 0.0, 2.1146, 4.4625, 0.4096, 0.0, 0.9882, 0.9617, 1.4397, 4.092, 4.0397, 0.0, 2.2684, 0.0, 0.0, 1.169, 0.0, 1.1909, 4.7548, 0.4908, 0.8555, 0.0, 0.0, 0.7194, 0.0, 0.0, 0.0], "max_pos": 24, "max_act": 4.7539}, {"tokens": [" ran", " through", " the", " park", ",", " knock", "ing", " over", " trash", " can", "s", " and", " making", " a", " loud", " noise", ".", " He", " felt", " scared", " but", " he", " kept", " going", ".", " Soon", ",", " two", " police", " off", "ic", "ers", " arrived"], "acts": [0.0, 1.789, 1.3123, 0.0, 2.0171, 0.0, 0.0, 0.9493, 0.0, 0.0, 1.0498, 0.903, 0.0, 0.0, 0.0, 0.0, 4.1342, 0.0, 1.408, 0.0, 1.5513, 0.0, 0.9267, 0.0, 4.7552, 2.3823, 3.9272, 0.0, 0.0, 0.0, 0.0, 0.0, 0.0], "max_pos": 24, "max_act": 4.7539}, {"tokens": [",", " he", " felt", " so", " adventurous", ".", " He", " explored", " all", " of", " the", " path", "s", ",", " trees", " and", " rocks", ".", "\n", "\n", "When", " he", " got", " tired", ",", " he", " would", " rest", " for", " a", " bit", ".", " He"], "acts": [3.9106, 0.0, 1.3, 1.0072, 0.0, 4.4303, 1.2886, 2.794, 1.3104, 0.0, 0.0, 0.0, 0.0, 2.4464, 0.0, 2.7134, 0.0, 4.4216, 2.4304, 4.4392, 3.3883, 0.0, 1.3137, 1.5026, 4.7472, 0.0, 0.0, 0.0, 2.2959, 0.9546, 0.0, 4.2666, 0.0], "max_pos": 24, "max_act": 4.7461}, {"tokens": [" He", " was", " so", " happy", " he", " ran", " around", " with", " a", " big", " smile", " on", " his", " face", ".", " He", " felt", " like", " he", " had", " just", " painted", " the", " world", ".", "<|endoftext|>", "Once", " upon", " a", " time", ",", " there", " were"], "acts": [0.0, 0.0, 0.0, 1.2653, 0.0, 0.0, 1.5457, 2.6412, 0.0, 0.6243, 0.0, 2.5161, 0.0, 0.0, 4.1119, 0.8175, 1.5244, 3.0809, 0.0, 0.8057, 0.0, 1.2666, 0.0, 0.0, 4.7438, 0.0, 0.5201, 0.0, 0.0, 0.6375, 0.6557, 0.0, 0.0], "max_pos": 24, "max_act": 4.7422}, {"tokens": [" dreaming", " of", " doing", " yog", "a", " and", " feeling", " envious", " of", " all", " the", " amazing", " po", "ses", " she", " saw", ".", "<|endoftext|>", "John", " was", " a", " very", " dirty", " boy", ".", " He", " never", " washed", " and", " he", " always", " had", " j"], "acts": [0.0, 0.0, 0.0, 0.0, 0.0, 0.0, 0.0, 0.0, 0.0, 0.0, 0.0, 0.0, 0.0, 0.0, 0.0, 0.0, 0.0, 0.0, 0.0, 2.3133, 0.0, 0.6606, 0.0, 0.0, 4.7172, 1.887, 0.9581, 1.6033, 2.7225, 0.0, 0.6164, 2.4222, 0.0], "max_pos": 24, "max_act": 4.7188}]}