{"id": 13, "density": 0.30741175, "max_act": 6.8671875, "hist": {"edges": [0.01, 0.0133, 0.0178, 0.0237, 0.0316, 0.0422, 0.0562, 0.075, 0.1, 0.1334, 0.1778, 0.2371, 0.3162, 0.4217, 0.5623, 0.7499, 1.0, 1.3335, 1.7783, 2.3714, 3.1623, 4.217, 5.6234, 7.4989, 10.0, 13.3352, 17.7828, 23.7137, 31.6228, 42.1697, 56.2341, 74.9894, 100.0], "counts": [0, 0, 0, 0, 0, 0, 0, 0, 4, 59, 359, 2652, 13368, 51755, 123435, 198593, 238800, 231892, 181737, 114058, 57271, 15364, 300, 0, 0, 0, 0, 0, 0, 0, 0, 0]}, "logit_lens": {"promoted": [[" anyway", 0.393], [" agreed", 0.35], [" either", 0.347], [" nodded", 0.333], [" replied", 0.294], [" yes", 0.276], [" ag", 0.265], [" answer", 0.263], ["No", 0.255], [" nod", 0.247]], "suppressed": [[" treasure", 0.296], ["ast", 0.288], [" celebrate", 0.278], [" adventures", 0.276], [" dessert", 0.272], [" island", 0.27], [" celebr", 0.268], [" party", 0.267], ["ture", 0.26], ["iest", 0.258]]}, "examples": [{"tokens": [" and", " said", ",", " \"", "You", " are", " very", " pretty", ",", " Lily", ".", " Do", " you", " want", " to", " mar", "ry", " me", "?\"", "\n", "\n", "Lily", " was", " shy", " and", " bl", "ushed", ".", " She", " liked", " Ben", ",", " but"], "acts": [3.1463, 2.7149, 1.5758, 1.0997, 0.93, 0.3794, 0.6018, 0.0, 0.4804, 1.0501, 0.0, 0.0, 0.0, 0.0, 0.0, 0.0, 0.0, 0.0, 1.8036, 0.7467, 1.8865, 4.063, 3.7156, 3.201, 6.8687, 3.2528, 5.0514, 2.9571, 5.1111, 2.0963, 0.0, 1.1069, 2.2621], "max_pos": 24, "max_act": 6.8672}, {"tokens": [".\"", " Ben", " said", ".", "\n", "\n", "\"", "No", ",", " I", "'m", " not", ".", " I", " heard", " it", ".", " Ben", " is", " te", "asing", " me", ".\"", " Mia", " said", ".", "\n", "\n", "Mom", " and", " Dad", " looked", " at"], "acts": [3.4505, 5.0255, 6.3347, 4.0412, 1.1288, 2.7487, 2.1983, 1.3287, 1.8217, 2.1882, 1.4776, 0.9902, 0.0, 0.7819, 0.0, 2.029, 0.0, 0.9086, 0.997, 1.2703, 2.1838, 1.4157, 3.6432, 5.5404, 6.7485, 4.1516, 0.8481, 2.7108, 4.5273, 2.0168, 4.0204, 4.7336, 2.4769], "max_pos": 24, "max_act": 6.75}, {"tokens": ["\n", "\n", "\"", "I", " don", "'t", " know", ".", " Maybe", " it", " is", " not", " for", " us", ".", " Maybe", " it", " is", " for", " Mom", " or", " Dad", ".\"", " Lily", " says", ".", "\n", "\n", "They", " decide", " to", " dis", "cu"], "acts": [0.0, 1.8475, 1.998, 2.1943, 0.657, 1.5186, 0.5695, 0.0, 0.7402, 2.4549, 1.508, 0.0, 0.7722, 1.0064, 0.0, 0.0, 1.5911, 1.0627, 0.0, 0.0, 0.0, 0.0, 3.1619, 5.4624, 6.6961, 4.3328, 0.9986, 3.0277, 3.8621, 1.7126, 2.6115, 1.9639, 0.0], "max_pos": 24, "max_act": 6.6953}, {"tokens": ["\n", "\"", "No", ",", " Lily", ".", " I", " do", " not", " want", " to", " go", ".", " You", " go", " and", " ask", " mom", " for", " new", " batter", "ies", ".\"", " Ben", " says", ".", " \"", "It", " is", " your", " camera", ".", " You"], "acts": [0.0, 0.0, 0.0, 0.6253, 1.5623, 0.0, 0.7036, 1.2502, 0.9887, 0.0, 0.0, 0.0, 0.0, 1.0066, 1.5197, 0.0, 0.0, 0.0, 0.0, 0.0, 0.0, 1.8753, 1.6417, 4.7796, 6.6275, 4.333, 0.0, 1.3651, 0.7072, 0.0, 0.0, 0.0, 0.5728], "max_pos": 24, "max_act": 6.6289}, {"tokens": [" I", " have", " a", " turn", "?", " It", " is", " not", " fair", ".", " You", " have", " many", " toys", " and", " I", " have", " few", ".\"", "\n", "\n", "Lily", " was", " selfish", " and", " did", " not", " want", " to", " share", ".", " She", " said"], "acts": [1.0998, 0.0, 0.0, 0.0, 0.0, 0.0, 0.0, 0.0, 1.0699, 0.0, 1.4345, 1.407, 0.0, 1.0589, 0.0, 0.0, 0.0, 0.9483, 2.2401, 0.8252, 2.3059, 4.455, 4.5684, 2.6892, 6.6071, 4.0741, 3.8774, 1.4622, 2.9466, 1.9828, 1.3892, 4.7737, 3.094], "max_pos": 24, "max_act": 6.6055}, {"tokens": [" We", " don", "'t", " want", " to", " b", "other", " the", " be", "a", "ver", ".", " It", " might", " get", " angry", " if", " we", " get", " too", " close", ",\"", " his", " mom", " said", ".", "\n", "\n", "Tim", " and", " Mia", " walked", " a"], "acts": [0.9803, 0.0, 0.0, 0.0, 1.0091, 0.0, 0.0, 0.0, 1.4045, 0.0, 0.0, 0.0, 1.8646, 1.3348, 0.9885, 0.0, 0.0, 1.7926, 1.367, 0.0, 0.0, 2.5515, 3.2592, 4.6789, 6.5991, 3.8541, 1.2899, 2.8918, 4.096, 2.0156, 4.4617, 4.5515, 3.4956], "max_pos": 24, "max_act": 6.5977}, {"tokens": ["\"", "I", " don", "'t", " know", ",", " Tom", ".", " I", "'m", " sorry", ".", " I", " did", " not", " mean", " to", " throw", " it", " over", " the", " fence", ".\"", " Lily", " says", ".", " She", " is", " sad", " and", " sorry", ".", "\n"], "acts": [2.5199, 1.5216, 0.0, 1.2665, 0.5404, 1.5777, 2.2444, 0.0, 1.6579, 1.114, 0.0, 0.0, 1.0865, 1.1223, 1.1954, 0.0, 1.7657, 0.0, 1.8181, 0.0, 0.0, 1.34, 2.2873, 4.6192, 6.5609, 3.6556, 4.0245, 2.7686, 1.4772, 2.3461, 1.1788, 1.3748, 0.0], "max_pos": 24, "max_act": 6.5625}, {"tokens": [" not", " nice", ".\"", " Lily", " said", ".", "\n", "\n", "\"", "No", ",", " Lily", " took", " the", " slide", " from", " me", ".", " She", " is", " not", " nice", ".\"", " Tom", " said", ".", "\n", "\n", "Their", " moms", " looked", " at", " each"], "acts": [0.0, 0.8918, 2.897, 5.311, 6.4832, 4.0949, 1.1638, 2.3274, 2.4044, 1.297, 1.6723, 2.5527, 1.7265, 1.4175, 2.1208, 0.0, 0.0, 0.0, 0.0, 0.0, 0.0, 0.9263, 2.6662, 5.2154, 6.4945, 4.0249, 1.0177, 2.0485, 2.3304, 4.0971, 4.2996, 2.0447, 1.4215], "max_pos": 24, "max_act": 6.4961}, {"tokens": [" are", " not", ".", " Some", " can", " make", " you", " sick", ",", " or", " hurt", " your", " mouth", ".", " You", " have", " to", " ask", " me", " first", ",", " okay", "?\"", " mom", " says", ",", " hug", "g", "ing", " Anna", "."], "acts": [0.0, 0.0, 0.0, 0.0, 0.0, 0.0, 0.0, 0.0, 0.0, 0.0, 0.0, 0.0, 1.6633, 0.0, 0.8445, 0.5999, 0.0, 0.0, 0.0, 0.0, 0.9944, 0.7279, 0.8009, 4.1304, 6.4483, 4.6131, 4.406, 1.295, 3.5376, 3.2586, 2.5314], "max_pos": 24, "max_act": 6.4492}, {"tokens": [" asks", ".", "\n", "\n", "\"", "I", " don", "'t", " know", ".", " Maybe", " no", " one", " has", " the", " lion", ".", " Maybe", " the", " lion", " is", " hiding", ".\"", " Ben", " says", ".", "\n", "\n", "They", " look", " around", ".", " They"], "acts": [3.4595, 1.7433, 0.0, 1.4406, 1.818, 2.2734, 0.0, 0.8973, 0.0, 0.0, 0.0, 0.0, 0.9957, 1.4349, 0.0, 0.0, 0.0, 0.0, 0.0, 0.0, 0.0, 0.0, 2.8734, 5.1347, 6.4099, 4.0297, 0.5363, 2.8734, 3.4831, 3.2416, 1.2369, 1.059, 1.6096], "max_pos": 24, "max_act": 6.4102}, {"tokens": [" the", " fence", ".", "\n", "\n", "\"", "But", " he", " has", " our", " ball", ".", " Dad", " will", " be", " mad", ".", " He", " said", " it", " was", " expensive", ".\"", " Tom", " said", ",", " feeling", " sad", " and", " angry", ".", "\n", "\n"], "acts": [1.9641, 3.7783, 1.8221, 0.0, 1.1509, 0.9787, 0.0, 0.0, 1.3739, 0.0, 0.0, 0.0, 0.0, 1.1826, 1.9205, 0.0, 0.0, 0.0, 0.7169, 2.5861, 0.9507, 1.1664, 2.2206, 5.3861, 6.3828, 4.8377, 4.3509, 3.2221, 3.7495, 3.2637, 2.4864, 0.0, 1.8921], "max_pos": 24, "max_act": 6.3828}, {"tokens": [" reindeer", ".", " She", " is", " mean", ".\"", " Ben", " says", ".", "\n", "\n", "\"", "Ben", " tried", " to", " take", " my", " reindeer", ".", " He", " is", " rude", ".\"", " Lily", " says", ".", "\n", "\n", "Mom", " s", "igh", "s", "."], "acts": [0.0, 0.0, 0.0, 0.0, 0.0, 3.1812, 4.8989, 6.1075, 3.7165, 0.676, 2.6095, 1.9431, 1.8573, 1.6554, 3.2524, 0.8905, 0.9719, 0.0, 0.0, 0.6848, 0.0, 0.0, 3.2334, 5.2771, 6.3643, 3.5426, 0.6879, 2.6759, 4.4759, 4.5302, 4.2763, 3.8296, 2.8702], "max_pos": 24, "max_act": 6.3633}]}