{"id": 1309, "density": 0.014988, "max_act": 8.5234375, "hist": {"edges": [0.01, 0.0133, 0.0178, 0.0237, 0.0316, 0.0422, 0.0562, 0.075, 0.1, 0.1334, 0.1778, 0.2371, 0.3162, 0.4217, 0.5623, 0.7499, 1.0, 1.3335, 1.7783, 2.3714, 3.1623, 4.217, 5.6234, 7.4989, 10.0, 13.3352, 17.7828, 23.7137, 31.6228, 42.1697, 56.2341, 74.9894, 100.0], "counts": [0, 0, 0, 0, 0, 0, 0, 0, 0, 0, 8, 119, 477, 1607, 5257, 10528, 13713, 12240, 9149, 4712, 1990, 145, 6, 1, 0, 0, 0, 0, 0, 0, 0, 0]}, "logit_lens": {"promoted": [["c", 0.368], ["ery", 0.325], ["y", 0.299], [" course", 0.283], ["as", 0.275], ["s", 0.275], ["r", 0.27], ["t", 0.261], ["re", 0.248], [" end", 0.244]], "suppressed": [[" pretending", 0.307], ["ually", 0.302], [" taking", 0.281], [" helping", 0.277], [" going", 0.269], ["ople", 0.269], [" knowing", 0.266], [" asleep", 0.26], ["inary", 0.256], ["iting", 0.247]]}, "examples": [{"tokens": [" to", " have", " ice", " cu", "b", "es", " and", " s", "y", "r", "up", " for"], "acts": [0.0, 0.0, 0.0, 8.5219, 0.0, 0.0, 0.0, 0.0, 0.0, 0.0, 0.0, 0.0], "max_pos": 3, "max_act": 8.5234}, {"tokens": ["'s", " mom", " has", " a", " big", " jug", " of", " juice", ".", " She", " p", "ours", " some", " juice", " in", " two", " cup", "s", ".", " She", " add", "s", " some", " ice", " cu", "b", "es", ".", " The", " juice", " is", " icy", " and"], "acts": [0.0, 0.0, 0.0, 0.0, 0.0, 0.0, 0.0, 0.0, 0.0, 0.0, 0.0, 0.0, 0.0, 0.0, 0.0, 0.0, 2.0549, 0.0, 0.0, 0.0, 0.0, 0.0, 0.0, 0.0, 6.1009, 0.0, 0.0, 0.0, 0.0, 0.0, 0.0, 0.0, 0.0], "max_pos": 24, "max_act": 6.1016}, {"tokens": [" toy", " sho", "vel", ".", " He", " liked", " to", " play", " with", " his", " sho", "vel", " in", " the", " sand", ".", " One", " day", ",", " Tim", " saw", " a", " big", " ice", " cu", "be", ".", " It", " was", " very", " cold", ".", "\n"], "acts": [0.0, 0.0, 1.6714, 0.0, 0.0, 0.0, 0.0, 0.0, 0.0, 0.0, 0.0, 1.7735, 0.0, 0.0, 1.5994, 0.0, 0.0, 0.0, 0.0, 0.0, 0.0, 0.0, 0.0, 0.0, 6.0652, 1.4412, 0.0, 0.0, 0.0, 0.0, 0.0, 0.0, 0.0], "max_pos": 24, "max_act": 6.0664}, {"tokens": [" so", " happy", " to", " have", " something", " different", " for", " lunch", ".", " \n", "\n", "Later", " that", " day", ",", " John", " told", " his", " friends", " about", " his", " lunch", " of", " ice", " cu", "b", "es", " and", " s", "y", "r", "up", "."], "acts": [0.0, 0.0, 0.0, 0.0, 0.0, 0.0, 0.0, 0.0, 0.0, 0.0, 0.0, 0.0, 0.0, 0.0, 0.0, 0.0, 0.0, 0.0, 0.0, 0.0, 0.0, 0.0, 0.0, 0.0, 6.0027, 0.0, 1.0056, 0.0, 0.0, 0.0, 0.0, 0.8819, 0.0], "max_pos": 24, "max_act": 6.0039}, {"tokens": [" \n", "\n", "The", " man", " and", " the", " woman", " also", " filled", " some", " balloons", " with", " water", " and", " hung", " them", " around", " the", " roof", ".", " They", " were", " like", " ice", " cu", "b", "es", " and", " kept", " the", " roof", " much", " cooler"], "acts": [0.0, 0.0, 0.0, 0.0, 0.0, 0.0, 0.0, 0.0, 0.0, 0.0, 0.0, 0.0, 0.0, 0.0, 0.0, 0.0, 0.0, 0.0, 0.0, 0.0, 0.0, 0.0, 0.0, 0.0, 5.9356, 0.0, 0.0, 0.0, 0.0, 0.0, 0.0, 0.0, 0.0], "max_pos": 24, "max_act": 5.9375}, {"tokens": [" do", " it", " too", ".", " \n", "\n", "After", " a", " lot", " of", " practice", ",", " the", " boring", " cu", "be", " was", " finally", " able", " to", " split", " up", " into", " small", " cu", "b", "es", " like", " the", " adventurous", " cu", "be", "."], "acts": [0.0, 0.0, 0.0, 0.0, 0.0, 0.0, 0.0, 0.0, 0.0, 0.0, 0.0, 0.0, 0.0, 0.0, 4.1681, 0.9743, 0.0, 0.0, 0.0, 0.0, 0.0, 0.0, 0.0, 0.0, 5.3196, 0.0, 0.9186, 0.0, 0.0, 1.8183, 3.7874, 0.0, 0.0], "max_pos": 24, "max_act": 5.3203}, {"tokens": [" him", ".", " He", " rem", "em", "b", "ers", " that", " Sam", " is", " his", " friend", "."], "acts": [0.0, 0.0, 0.0, 0.0, 5.3114, 0.0, 0.0, 0.0, 0.0, 0.0, 0.0, 0.0, 0.0], "max_pos": 4, "max_act": 5.3125}, {"tokens": [".", " She", " rem", "em", "b", "ers", " that", " Ben", " is", " her", " friend", "."], "acts": [0.0, 0.0, 0.0, 5.311, 0.0, 0.0, 0.0, 0.0, 0.0, 0.0, 0.0, 0.0], "max_pos": 3, "max_act": 5.3125}, {"tokens": [" Be", "ing", " ignorant", " of", " the", " feel", "ings", " of", " others", " is", " not", " the", " way", " to", " be", ".", "<|endoftext|>", "Once", " upon", " a", " time", " there", " were", " two", " cu", "b", "es", ".", " One", " cu", "be", " was", " very"], "acts": [0.0, 0.0, 0.0, 0.0, 0.0, 0.0, 0.0, 0.0, 0.0, 0.0, 0.0, 0.0, 0.0, 0.0, 0.0, 0.0, 0.0, 0.0, 0.0, 0.0, 0.0, 0.0, 0.0, 0.0, 5.2283, 0.0, 0.0, 0.0, 0.0, 4.4779, 1.3163, 0.0, 0.0], "max_pos": 24, "max_act": 5.2266}, {"tokens": [" dance", " in", " the", " field", " of", " flowers", ",", " and", " he", " still", " rem", "em", "b", "ers", " the", " voice", " that", " was", " so", " adorable"], "acts": [0.0, 0.0, 0.0, 0.0, 0.0, 0.0, 0.0, 0.0, 0.0, 0.0, 0.0, 5.1153, 0.0, 0.0, 0.0, 0.0, 0.0, 0.0, 0.0, 0.0], "max_pos": 11, "max_act": 5.1172}, {"tokens": [" about", " their", " quar", "rel", ",", " and", " started", " a", " new", " adventure", " together"], "acts": [0.0, 0.0, 4.9983, 1.5779, 0.0, 0.0, 0.0, 0.0, 0.0, 0.0, 0.0], "max_pos": 2, "max_act": 5.0}, {"tokens": [" the", " grass", ".", " Every", " day", " he", " would", " crawl", " around", ",", " looking", " for", " something", " sweet", " to", " eat", ".", " One", " day", " he", " came", " upon", " a", " sugar", " cu", "be", " in", " the", " grass", ".", " He", " carefully", " crawled"], "acts": [0.0, 0.0, 0.0, 0.0, 0.0, 0.0, 0.0, 0.0, 0.0, 0.0, 0.0, 0.0, 0.0, 0.0, 0.0, 0.0, 0.0, 0.0, 0.0, 0.0, 0.0, 0.0, 0.0, 0.0, 4.9948, 1.0924, 0.0, 0.0, 0.0, 0.0, 0.0, 0.0, 0.0], "max_pos": 24, "max_act": 4.9961}]}