{"id": 1318, "density": 0.01418, "max_act": 6.140625, "hist": {"edges": [0.01, 0.0133, 0.0178, 0.0237, 0.0316, 0.0422, 0.0562, 0.075, 0.1, 0.1334, 0.1778, 0.2371, 0.3162, 0.4217, 0.5623, 0.7499, 1.0, 1.3335, 1.7783, 2.3714, 3.1623, 4.217, 5.6234, 7.4989, 10.0, 13.3352, 17.7828, 23.7137, 31.6228, 42.1697, 56.2341, 74.9894, 100.0], "counts": [0, 0, 0, 0, 0, 0, 0, 0, 0, 1, 45, 805, 2432, 3786, 5615, 5859, 4691, 4772, 9689, 5358, 4596, 8196, 875, 0, 0, 0, 0, 0, 0, 0, 0, 0]}, "logit_lens": {"promoted": [[",", 0.269], [" there", 0.23], [" all", 0.17], [" this", 0.153], [" made", 0.153], [".", 0.15], [" that", 0.144], [" in", 0.133], [" called", 0.125], [" a", 0.117]], "suppressed": [["joy", 0.529], ["um", 0.488], ["an", 0.487], ["illed", 0.432], [" reward", 0.427], ["asure", 0.423], ["ield", 0.422], [" forgave", 0.419], ["ally", 0.416], ["Yay", 0.413]]}, "examples": [{"tokens": [" smiled", " and", " hopped", " away", ".", " Mia", " waved", " goodbye", " and", " continued", " to", " hop", " around", " her", " room", ",", " feeling", " very", " cheerful", ".", "<|endoftext|>", "Once", " upon", " a", " time", ",", " there", " was", " a", " nice", " little", " dog", " named"], "acts": [0.0, 0.0, 0.0, 0.0, 0.0, 0.0, 0.0, 0.0, 0.0, 0.0, 0.0, 0.0, 0.0, 0.0, 0.0, 0.0, 0.0, 0.0, 0.0, 0.0, 0.0, 0.8494, 2.1847, 3.0688, 6.1403, 2.7467, 2.4694, 0.0, 0.0, 0.0, 0.0, 0.0, 0.0], "max_pos": 24, "max_act": 6.1406}, {"tokens": [" Jim", " and", " Sam", " quickly", " realized", " that", " the", " lamp", " was", " magical", ",", " which", " they", " had", " been", " hop", "ing", " all", " along", ".", "<|endoftext|>", "Once", " upon", " time", " a", " little", " boy", " was", " walking", " in", " the", " dry"], "acts": [0.0, 0.0, 0.0, 0.0, 0.0, 0.0, 0.0, 0.0, 0.0, 0.0, 0.0, 0.0, 0.0, 0.0, 0.0, 0.0, 0.0, 0.0, 0.0, 0.0, 0.0, 0.0, 1.5631, 6.1225, 1.9007, 0.0, 0.0, 0.0, 0.0, 0.0, 0.0, 0.0], "max_pos": 23, "max_act": 6.1211}, {"tokens": [" not", " believe", " he", " had", " been", " so", " naughty", "!", " He", " quickly", " ran", " away", " and", " never", " rock", "ed", " the", " swing", " again", ".", "<|endoftext|>", "Once", " upon", " a", " time", ",", " there", " lived", " a", " big", " bear", ".", " He"], "acts": [0.0, 0.0, 0.0, 0.0, 0.0, 0.0, 0.0, 0.0, 0.0, 0.0, 0.0, 0.0, 0.0, 0.0, 0.0, 0.0, 0.0, 0.0, 0.0, 0.0, 0.0, 0.7219, 2.187, 2.976, 6.0405, 2.6338, 2.6274, 0.0, 0.0, 0.0, 0.0, 0.0, 0.0], "max_pos": 24, "max_act": 6.0391}, {"tokens": [" \"", "Yes", ",", " I", " did", "!\"", "\n", "\n", "They", " both", " laughed", " and", " then", " went", " back", " to", " playing", " their", " game", ".", "<|endoftext|>", "Once", " upon", " a", " time", ",", " there", " were", " two", " friends", " called", " Joe", " and"], "acts": [0.0, 0.0, 0.0, 0.0, 0.0, 0.0, 0.0, 0.0, 0.0, 0.0, 0.0, 0.0, 0.0, 0.0, 0.0, 0.0, 0.0, 0.0, 0.0, 0.0, 0.0, 0.736, 2.2331, 2.7756, 6.024, 2.4634, 2.3991, 0.0, 0.0, 0.0, 0.0, 0.0, 0.0], "max_pos": 24, "max_act": 6.0234}, {"tokens": [" She", " felt", " safe", " in", " her", " mom", "'s", " car", ",", " and", " she", " was", " so", " happy", " to", " spend", " time", " with", " her", ".", "<|endoftext|>", "Once", " upon", " a", " time", ",", " there", " was", " a", " little", " girl", " named", " Lucy"], "acts": [0.0, 0.0, 0.0, 0.0, 0.0, 0.0, 0.0, 0.0, 0.0, 0.0, 0.0, 0.0, 0.0, 0.0, 0.0, 0.0, 0.0, 0.0, 0.0, 0.0, 0.0, 1.1274, 1.7757, 2.6212, 5.994, 2.5342, 2.3016, 0.0, 0.0, 0.0, 0.3719, 0.0, 0.0], "max_pos": 24, "max_act": 5.9922}, {"tokens": [" until", " it", " finally", " landed", " on", " a", " flower", ".", "\n", "\n", "M", "andy", " smiled", ".", " She", " felt", " happy", " and", " free", ".", "<|endoftext|>", "Once", " upon", " a", " time", ",", " there", " was", " a", " girl", " called", " Mary", "."], "acts": [0.0, 0.0, 0.0, 0.0, 0.0, 0.0, 0.0, 0.0, 0.0, 0.0, 0.0, 0.0, 0.0, 0.0, 0.0, 0.0, 0.0, 0.0, 0.0, 0.0, 0.0, 1.0057, 2.22, 2.7855, 5.9933, 2.5453, 2.6158, 0.0, 0.0, 0.0, 0.0, 0.0, 0.0], "max_pos": 24, "max_act": 5.9922}, {"tokens": [".\"", "\n", "\n", "Molly", " and", " Mom", " went", " inside", ",", " and", " Molly", " stopped", " worry", "ing", " about", " the", " fierce", " miss", "ile", ".", "<|endoftext|>", "Once", " upon", " a", " time", " there", " was", " a", " very", " honest", " black", " cat", "."], "acts": [0.0, 0.0, 0.0, 0.0, 0.0, 0.0, 0.0, 0.0, 0.0, 0.0, 0.0, 0.0, 0.0, 0.0, 0.0, 0.0, 0.0, 0.0, 0.0, 0.0, 0.0, 1.1596, 2.0473, 2.5722, 5.9875, 3.6503, 0.0, 0.0, 0.0, 0.0, 0.0, 0.0, 0.0], "max_pos": 24, "max_act": 5.9883}, {"tokens": [" and", " hugged", " her", " uncle", " goodbye", ".", " She", " waved", " as", " he", " drove", " away", " and", " thanked", " him", " for", " the", " funny", " afternoon", ".", "<|endoftext|>", "Once", " upon", " a", " time", ",", " there", " was", " a", " tough", " car", ".", " Every"], "acts": [0.0, 0.0, 0.0, 0.0, 0.0, 0.0, 0.0, 0.0, 0.0, 0.0, 0.0, 0.0, 0.0, 0.0, 0.0, 0.0, 0.0, 0.0, 0.0, 0.0, 0.0, 0.6346, 2.3197, 2.9497, 5.9831, 2.5979, 2.4942, 0.0, 0.0, 0.0, 0.0, 0.0, 0.0], "max_pos": 24, "max_act": 5.9844}, {"tokens": [".\"", " Daisy", " hugged", " her", " bear", ",", " feeling", " much", " saf", "er", ".", " She", " thanked", " the", " friendly", " monster", " and", " waved", " goodbye", ".", "<|endoftext|>", "Once", " upon", " a", " time", ",", " there", " were", " two", " friends", " named", " A", "b"], "acts": [0.0, 0.0, 0.0, 0.0, 0.0, 0.0, 0.0, 0.0, 0.0, 0.0, 0.0, 0.0, 0.0, 0.0, 0.0, 0.0, 0.0, 0.0, 0.0, 0.0, 0.0, 0.8864, 2.9676, 3.2585, 5.9772, 2.8882, 2.9609, 0.0, 0.0, 0.0, 0.0, 0.0, 0.0], "max_pos": 24, "max_act": 5.9766}, {"tokens": [" She", " thought", " she", " was", " lucky", " to", " not", " only", " see", " the", " bird", ",", " but", " also", " the", " sp", "ort", "s", " plane", ".", "<|endoftext|>", "Once", " upon", " a", " time", " there", " was", " a", " store", ".", " The", " store", " sold"], "acts": [0.0, 0.0, 0.0, 0.0, 0.0, 0.0, 0.0, 0.0, 0.0, 0.0, 0.0, 0.0, 0.0, 0.0, 0.0, 0.0, 0.0, 0.0, 0.0, 0.0, 0.0, 0.9785, 2.0758, 2.7901, 5.9728, 3.7112, 0.0, 0.0, 0.0, 0.0, 0.0, 0.0, 0.0], "max_pos": 24, "max_act": 5.9727}, {"tokens": [" left", " the", " zoo", ".", " But", " Ben", " would", " never", " forget", " the", " long", " moment", " of", " friendship", " he", " shared", " with", " the", " elephant", ".", "<|endoftext|>", "Once", " upon", " a", " time", ",", " there", " was", " a", " clever", " little", " girl", "."], "acts": [0.0, 0.0, 0.0, 0.0, 0.0, 0.0, 0.0, 0.0, 0.0, 0.0, 0.0, 0.0, 0.0, 0.0, 0.0, 0.0, 0.0, 0.0, 0.0, 0.0, 0.0, 1.3034, 2.0028, 2.7794, 5.9595, 2.5813, 2.308, 0.0, 0.0, 0.0, 0.0, 0.3323, 0.0], "max_pos": 24, "max_act": 5.9609}, {"tokens": [" were", " sad", ",", " but", " they", " still", " had", " fun", ".", " In", " the", " end", ",", " they", " laughed", " and", " went", " back", " home", ".", "<|endoftext|>", "Once", " upon", " a", " time", ",", " there", " was", " a", " little", " girl", ".", " She"], "acts": [0.0, 0.0, 0.0, 0.0, 0.0, 0.0, 0.0, 0.0, 0.0, 0.0, 0.0, 0.0, 0.0, 0.0, 0.0, 0.0, 0.0, 0.0, 0.0, 0.0, 0.0, 0.7276, 1.7093, 2.3517, 5.9576, 2.1745, 1.8299, 0.0, 0.0, 0.0, 0.0, 0.0, 0.0], "max_pos": 24, "max_act": 5.957}]}