{"id": 132, "density": 0.02880575, "max_act": 7.37890625, "hist": {"edges": [0.01, 0.0133, 0.0178, 0.0237, 0.0316, 0.0422, 0.0562, 0.075, 0.1, 0.1334, 0.1778, 0.2371, 0.3162, 0.4217, 0.5623, 0.7499, 1.0, 1.3335, 1.7783, 2.3714, 3.1623, 4.217, 5.6234, 7.4989, 10.0, 13.3352, 17.7828, 23.7137, 31.6228, 42.1697, 56.2341, 74.9894, 100.0], "counts": [0, 0, 0, 0, 0, 0, 0, 0, 5, 33, 285, 1525, 6634, 18667, 27169, 24737, 15471, 8290, 4977, 3302, 1724, 1595, 809, 0, 0, 0, 0, 0, 0, 0, 0, 0]}, "logit_lens": {"promoted": [[" \u00e2\u20ac\u0153", 0.624], ["\u00e2\u20ac\u0153", 0.587], [" ", 0.304], [" honey", 0.301], [" bees", 0.297], [" hive", 0.275], [" bee", 0.273], [" compl", 0.26], [" '", 0.239], [" crown", 0.239]], "suppressed": [[" cat", 0.45], [" puppy", 0.388], [" pigeon", 0.312], [" bone", 0.296], [" cats", 0.293], [" collar", 0.287], ["ex", 0.285], [" kitten", 0.285], [" dog", 0.281], [" leash", 0.276]]}, "examples": [{"tokens": [".", " She", " quickly", " painted", " a", " big", ",", " pink", " elephant", ".", " She", " was", " very", " proud", " of", " her", " work", ".", "\n", "\n", "Mommy", " smiled", " and", " said", ",", " \u00e2\u20ac\u0153", "That", " looks", " wonderful", ",", " Emily", "!\u00e2\u20ac", "\n"], "acts": [3.7867, 0.0, 0.0, 0.0, 0.0, 0.0, 0.8667, 0.639, 0.0, 3.5572, 0.0, 0.0, 0.7212, 0.0, 0.0, 0.0, 0.0, 4.4342, 2.1453, 4.5967, 0.0, 0.7081, 0.0, 5.5412, 7.3789, 1.1537, 0.0, 0.0, 0.0, 0.0, 0.0, 1.1333, 2.0418], "max_pos": 24, "max_act": 7.3789}, {"tokens": ["!\u00e2\u20ac", " But", " Lucy", " wasn", "\u00e2\u20ac\u2122", "t", " so", " sure", ".", " She", " thought", " tun", "a", " sounded", " kind", " of", " disgusting", ".", " \n", "\n", "John", " smiled", " and", " said", ",", " \u00e2\u20ac\u0153", "I", " know", " it", " sounds", " y", "ucky", ","], "acts": [0.9725, 0.8266, 0.0, 2.0286, 0.0, 0.0, 0.0, 0.0, 2.6898, 0.0, 0.0, 0.0, 0.0, 0.0, 0.0, 0.0, 0.0, 3.4752, 1.1595, 2.793, 0.0, 0.7179, 0.0, 5.2101, 7.3282, 1.1598, 0.9448, 0.0, 0.0, 0.0, 0.0, 0.0, 0.9363], "max_pos": 24, "max_act": 7.3281}, {"tokens": [" she", " saw", " her", " teacher", " sat", " at", " the", " desk", ".", " Emma", " said", " \u00e2\u20ac\u0153", "Hello", " teacher", "\u00e2\u20ac", " and", " smiled", ".", " The", " teacher", " smiled", " back", " and", " said", ",", " \u00e2\u20ac\u0153", "Hello", " Emma", ",", " it", "'s", " nice", " to"], "acts": [0.0, 0.0, 0.0, 0.0, 0.0, 0.0, 0.0, 0.0, 0.0, 0.0, 0.4282, 0.5896, 0.0, 0.0, 0.0, 0.0, 0.5426, 3.5843, 0.0, 0.0, 0.0, 0.0, 0.0, 5.1091, 7.284, 0.9076, 0.0, 0.0, 0.0, 0.0, 0.0, 0.0, 0.0], "max_pos": 24, "max_act": 7.2852}, {"tokens": [" up", " pr", "op", "erly", ".", "\n", "\n", "\u00e2\u20ac\u0153", "Thank", " you", ",", " Sandy", "\u00e2\u20ac", " her", " friend", " said", ".", "\n", "\n", "S", "andy", " smiled", " and", " said", ",", " \u00e2\u20ac\u0153", "It", "\u00e2\u20ac\u2122", "s", " important", " to", " be", " gentle"], "acts": [0.0, 0.0, 0.0, 0.0, 3.1637, 1.7617, 3.1601, 1.2978, 0.0, 1.0226, 0.0, 0.0, 0.0, 0.0, 0.0, 1.6962, 5.3266, 2.9916, 3.9561, 1.3055, 0.0, 0.5133, 0.0, 4.6921, 7.281, 0.7255, 0.0, 0.0, 0.0, 0.0, 0.0, 0.0, 0.0], "max_pos": 24, "max_act": 7.2812}, {"tokens": [" the", " pile", " of", " trash", ",", " \u00e2\u20ac\u0153", "it", "'s", " disgusting", "!\"", "\n", "\n", "A", "ma", "nd", "a", " put", " her", " hand", " over", " her", " nose", " and", " said", ",", " \u00e2\u20ac\u0153", "E", "ee", "e", "w", "!", " What", " happened"], "acts": [0.0, 0.0, 0.0, 0.0, 2.601, 0.6874, 0.0, 0.0, 0.0, 1.3967, 2.5884, 3.3172, 0.0, 0.0, 0.0, 0.0, 0.0, 0.0, 0.0, 0.0, 0.0, 0.0, 0.0, 5.7143, 7.2819, 0.714, 0.0, 0.0, 0.0, 0.0, 1.0688, 0.0, 0.0], "max_pos": 24, "max_act": 7.2812}, {"tokens": [" nice", ".\u00e2\u20ac", " The", " pirate", " was", " surprised", ",", " but", " he", " understood", " what", " the", " young", " boy", " was", " saying", ".", "\n", "\n", "The", " pirate", " smiled", " and", " said", ",", " \u00e2\u20ac\u0153", "I", "\u00e2\u20ac\u2122", "m", " sorry", " for", " telling", " mean"], "acts": [0.8912, 1.0836, 1.2078, 0.0, 0.0, 0.0, 3.0527, 0.0, 0.0, 0.0, 0.0, 0.0, 0.0, 0.0, 0.0, 3.5308, 4.2486, 2.4628, 3.1508, 1.0027, 0.0, 0.4377, 0.0, 5.1251, 7.2636, 0.9319, 0.9024, 0.0, 0.0, 1.512, 0.0, 0.0, 0.0], "max_pos": 24, "max_act": 7.2617}, {"tokens": [" again", ",", " \u00e2\u20ac\u0153", "Are", " you", " happy", "?\u00e2\u20ac", " The", " po", "ppy", " replied", ",", " \u00e2\u20ac\u0153", "Yes", ",", " stand", " happy", ".\u00e2\u20ac", " \n", "\n", "Lucy", " smiled", " and", " said", ",", " \u00e2\u20ac\u0153", "Well", ",", " if"], "acts": [1.325, 5.8998, 1.6349, 0.0, 0.0, 0.0, 2.3517, 0.0, 0.0, 0.0, 5.0242, 6.4889, 1.9539, 0.0, 1.5454, 0.0, 0.0, 2.4145, 1.5447, 3.1425, 0.0, 0.8339, 0.0, 6.0507, 7.2413, 1.5737, 1.2781, 1.8539, 0.0], "max_pos": 24, "max_act": 7.2422}, {"tokens": [" bench", ".", " \n", "\n", "\u00e2\u20ac\u0153", "But", " it", "\u00e2\u20ac\u2122", "s", " a", " very", " big", " pastry", ",\u00e2\u20ac", " Sammy", " said", ".", " \n", "\n", "The", " man", " smiled", " and", " said", ",", " \u00e2\u20ac\u0153", "Let", "\u00e2\u20ac\u2122", "s", " share", " it", ".", " That"], "acts": [0.0, 3.1176, 1.2616, 3.0632, 1.9832, 0.0, 0.0, 0.0, 0.0, 0.0, 0.0, 0.0, 0.0, 0.0, 0.0, 3.2447, 5.751, 1.9397, 5.406, 0.0, 0.0, 0.0, 0.0, 5.611, 7.2221, 1.7262, 0.0, 0.0, 0.0, 0.9015, 0.0, 3.007, 0.0], "max_pos": 24, "max_act": 7.2227}, {"tokens": [" didn", "\u00e2\u20ac\u2122", "t", " stop", " roar", "ing", " and", " kept", " going", ".", " \n", "\n", "The", " bigger", " tiger", " got", " frustrated", " and", " grow", "led", " back", ".", " He", " said", ",", " \u00e2\u20ac\u0153", "Why", " won", "\u00e2\u20ac\u2122", "t", " you", " listen", "?"], "acts": [1.0098, 0.0, 0.0, 0.0, 0.0, 0.0, 0.0, 0.0, 0.0, 2.0165, 1.4862, 1.6327, 0.0, 0.0, 0.0, 0.0, 0.0, 0.0, 0.0, 1.2562, 0.7485, 2.9153, 0.0, 5.218, 7.1785, 0.9278, 0.0, 0.0, 0.0, 0.0, 0.0, 0.0, 2.2209], "max_pos": 24, "max_act": 7.1797}, {"tokens": [" him", " the", " cup", " of", " cocoa", ".", "\n", "Jack", " was", " so", " excited", " and", " he", " drank", " it", " all", " in", " one", " s", "ip", ".", "\n", "He", " said", ",", " \u00e2\u20ac\u0153", "That", " was", " so", " yummy", "!", " Can", " I"], "acts": [0.0, 0.0, 0.0, 0.9751, 0.0, 2.0287, 2.0483, 0.0, 0.0, 0.0, 0.0, 0.0, 0.0, 1.0892, 0.9095, 0.0, 0.0, 0.0, 0.0, 0.0, 2.3123, 2.4446, 0.0, 4.6261, 7.1642, 0.7835, 0.0, 0.0, 0.0, 0.0, 1.5919, 1.1457, 0.0], "max_pos": 24, "max_act": 7.1641}, {"tokens": [" her", " best", " but", " she", " couldn", "\u00e2\u20ac\u2122", "t", " quite", " colour", " the", " way", " the", " old", " man", " did", ".", "\n", "\n", "The", " old", " man", " smiled", " and", " said", ",", " \u00e2\u20ac\u0153", "That", "\u00e2\u20ac\u2122", "s", " ok", ",", " you", "\u00e2\u20ac\u2122"], "acts": [0.0, 0.0, 0.0, 0.0, 0.9141, 0.0, 0.0, 0.0, 0.0, 0.0, 0.0, 0.0, 0.0, 0.0, 0.0, 1.5702, 1.6672, 2.4057, 0.0, 0.0, 0.0, 0.0, 0.0, 5.1265, 7.1569, 1.1177, 0.0, 0.0, 0.0, 0.6114, 0.0, 0.0, 0.0], "max_pos": 24, "max_act": 7.1562}, {"tokens": [" and", " spark", "les", ".", "\n", "\n", "\u00e2\u20ac\u0153", "Wow", "!", " That", "\u00e2\u20ac\u2122", "s", " so", " cool", "!\u00e2\u20ac", " said", " Daisy", ".", "\n", "\n", "Jack", " smiled", " and", " said", ",", " \u00e2\u20ac\u0153", "This", " must", " be", " the", " powerful", " thing", " that"], "acts": [0.0, 0.0, 0.0, 0.9625, 0.5013, 1.3218, 1.3162, 0.6638, 1.0395, 0.0, 0.0, 0.0, 0.0, 0.0, 0.0, 1.9644, 0.0, 5.121, 2.2721, 3.1084, 0.0, 0.3882, 0.0, 5.37, 7.1435, 1.0434, 0.0, 0.0, 0.0, 0.0, 0.0, 0.0, 0.0], "max_pos": 24, "max_act": 7.1445}]}