{"id": 1321, "density": 0.021373, "max_act": 6.5859375, "hist": {"edges": [0.01, 0.0133, 0.0178, 0.0237, 0.0316, 0.0422, 0.0562, 0.075, 0.1, 0.1334, 0.1778, 0.2371, 0.3162, 0.4217, 0.5623, 0.7499, 1.0, 1.3335, 1.7783, 2.3714, 3.1623, 4.217, 5.6234, 7.4989, 10.0, 13.3352, 17.7828, 23.7137, 31.6228, 42.1697, 56.2341, 74.9894, 100.0], "counts": [0, 0, 0, 0, 0, 0, 0, 0, 0, 1, 23, 161, 1092, 5397, 12620, 17818, 20285, 13919, 6362, 3678, 2773, 1298, 65, 0, 0, 0, 0, 0, 0, 0, 0, 0]}, "logit_lens": {"promoted": [[" lots", 0.256], [" a", 0.245], [" some", 0.187], [" new", 0.185], [" also", 0.181], [" ex", 0.161], [" big", 0.16], [" many", 0.159], [" even", 0.145], [" it", 0.142]], "suppressed": [["sely", 0.452], [" question", 0.419], [" mistake", 0.397], ["imed", 0.392], [" questions", 0.388], ["ible", 0.379], ["bow", 0.368], [" office", 0.363], ["ches", 0.363], [" eye", 0.362]]}, "examples": [{"tokens": [" sailed", " so", " far", " before", ".", " She", " sailed", " and", " sailed", " until", " she", " reached", " the", " beach", ".", " \n", "\n", "The", " beach", " was", " a", " beautiful", " place", ",", " with", " sand", ",", " trees", " and", " animals", ".", " B", "eet"], "acts": [0.0, 0.0, 0.0, 0.0, 0.0, 0.0, 0.0, 0.0, 0.0, 0.0, 0.0, 0.0, 0.0, 0.0, 0.0, 0.0, 0.0, 0.0, 0.0, 0.0, 0.0, 0.0, 0.0, 0.4733, 6.5875, 0.0, 1.0091, 0.0, 0.0, 0.0, 0.0, 0.0, 0.0], "max_pos": 24, "max_act": 6.5859}, {"tokens": [" over", " and", " opened", " the", " door", " under", "n", "e", "ath", " the", " tree", ".", "\n", "\n", "In", "side", " the", " tree", " was", " a", " small", " room", ".", " There", " were", " shel", "ves", " filled", " with", " special", " things", ".", " Sarah"], "acts": [0.0, 0.0, 0.0, 0.0, 0.0, 0.0, 0.0, 0.0, 0.0, 0.0, 0.0, 0.0, 0.0, 0.0, 0.0, 0.0, 0.0, 0.0, 0.0, 0.0, 0.0, 0.0, 0.0, 0.0, 6.3073, 0.0, 1.3484, 0.0, 2.5248, 0.0, 0.0, 0.0, 0.0], "max_pos": 24, "max_act": 6.3086}, {"tokens": [" turns", " until", " they", " reached", " their", " dest", "ination", " -", " the", " ice", " cream", " shop", ".", " \n", "\n", "The", " ice", " cream", " shop", " was", " a", " messy", " place", ",", " with", " lots", " of", " stick", "y", " con", "es", " and", " spr"], "acts": [0.0, 0.0, 0.0, 0.0, 0.0, 0.0, 0.0, 0.7486, 0.0, 0.0, 0.0, 0.0, 0.0, 0.0, 0.0, 0.0, 0.0, 0.0, 0.0, 0.0, 0.0, 0.0, 0.0, 0.0, 6.2775, 0.0, 1.0611, 0.0, 0.0, 0.0, 0.0, 0.0, 0.0], "max_pos": 24, "max_act": 6.2773}, {"tokens": [" her", " mom", " went", " to", " the", " town", " in", " their", " car", ".", " Sara", " helped", " her", " mom", " cook", " the", " cake", ".", " It", " was", " a", " big", " cake", ",", " with", " chocolate", " and", " cream", ".", " Sara", " licked", " the", " spoon"], "acts": [0.0, 0.0, 0.0, 0.0, 0.0, 0.0, 0.0, 0.0, 0.0, 0.0, 0.0, 0.0, 0.0, 0.0, 0.0, 0.0, 0.0, 0.0, 0.0, 0.0, 0.0, 0.0, 0.0, 1.7448, 6.2607, 0.0, 1.2867, 0.0, 0.0, 0.0, 0.0, 0.0, 0.0], "max_pos": 24, "max_act": 6.2617}, {"tokens": [" a", " special", " treat", ".", " So", " one", " day", " they", " decided", " to", " give", " her", " a", " present", ".", "\n", "\n", "The", " present", " was", " a", " big", " box", ",", " with", " a", " pad", "l", "ock", " on", " it", ".", " The"], "acts": [0.0, 0.0, 0.0, 0.0, 0.0, 0.0, 0.0, 0.0, 0.0, 0.0, 0.0, 0.0, 0.0, 0.0, 0.0, 0.0, 0.0, 0.0, 0.0, 0.0, 0.0, 0.0, 0.0, 0.0, 6.2571, 0.0, 0.0, 0.0, 0.0, 0.0, 0.0, 0.0, 0.0], "max_pos": 24, "max_act": 6.2578}, {"tokens": [" the", " test", ",", " the", " little", " car", " woke", " up", " early", ".", " He", " felt", " happy", " and", " ready", ".", " He", " drove", " to", " the", " test", " place", ".", " There", " were", " many", " other", " cars", " there", ".", " They", " all", " wanted"], "acts": [0.0, 0.0, 0.0, 0.0, 0.0, 0.0, 0.0, 0.0, 0.0, 0.0, 0.0, 0.0, 0.0, 0.0, 0.0, 0.0, 0.0, 0.0, 0.0, 0.0, 0.0, 0.0, 0.0, 0.0, 6.2, 0.0, 0.0, 0.0, 0.0, 0.0, 0.0, 0.0, 0.0], "max_pos": 24, "max_act": 6.1992}, {"tokens": [" it", ",", " excited", " to", " see", " what", " was", " inside", ".", " She", " opened", " the", " door", " and", " stepped", " inside", ".", " It", " was", " warm", " and", " cozy", ".", " There", " were", " soft", " pillow", "s", " and", " blanket", "s", " to", " sn"], "acts": [0.0, 0.0, 0.0, 0.0, 0.0, 0.0, 0.0, 0.0, 0.0, 0.0, 0.0, 0.0, 0.0, 0.0, 0.0, 0.0, 0.0, 0.0, 0.8436, 0.0, 0.0, 0.0, 0.0, 0.0, 6.1656, 1.0581, 0.0, 0.0, 2.2864, 0.0, 0.0, 0.0, 0.0], "max_pos": 24, "max_act": 6.1641}, {"tokens": [" hidden", " place", " was", " so", " exciting", "!", " There", " were", " trees", ",", " rocks", ",", " and", " a", " river", "."], "acts": [0.0, 0.0, 0.0, 0.0, 0.0, 0.0, 0.0, 6.1201, 0.0, 2.0977, 0.0, 1.3736, 1.8795, 0.0, 0.0, 0.0], "max_pos": 7, "max_act": 6.1211}, {"tokens": [" found", " his", " favourite", " pastry", ".", "<|endoftext|>", "One", " day", ",", " Mommy", " and", " J", "am", "el", " went", " to", " the", " store", ".", " It", " was", " a", " big", " place", " with", " many", " people", " and", " things", " to", " buy", ".", " J"], "acts": [0.0, 0.0, 0.0, 0.0, 0.0, 0.0, 0.0, 0.0, 0.0, 0.0, 0.0, 0.0, 0.0, 0.0, 0.0, 0.0, 0.0, 0.0, 0.0, 0.0, 0.0, 0.0, 0.0, 0.0, 6.1031, 0.0, 0.0, 0.0, 0.0, 0.0, 0.0, 0.0, 0.0], "max_pos": 24, "max_act": 6.1016}, {"tokens": [" When", " K", "ay", "la", " walked", " inside", ",", " she", " couldn", "'t", " believe", " her", " eyes", ".", " It", " was", " an", " incredible", " sp", "ort", "s", " room", ".", " There", " were", " basket"], "acts": [0.0, 0.0, 0.0, 0.0, 0.0, 0.0, 0.0, 0.0, 0.0, 0.0, 0.0, 0.0, 0.0, 0.0, 0.0, 0.5341, 0.0, 0.0, 0.0, 0.0, 0.0, 0.0, 0.0, 0.0, 6.0871, 0.0], "max_pos": 24, "max_act": 6.0859}, {"tokens": [" he", " wanted", " to", " find", " out", " what", " was", " inside", " it", ".", "\n", "\n", "He", " looked", " inside", " and", " saw", " a", " big", " surprise", " -", " toys", "!", " There", " were", " all", " kinds", " of", " toys", " in", " the", " bin", ","], "acts": [0.0, 0.0, 0.0, 0.0, 0.0, 0.0, 0.0, 0.0, 0.0, 0.0, 0.0, 0.0, 0.0, 0.0, 0.0, 0.0, 0.6897, 0.0, 0.0, 0.0, 2.3658, 0.0, 0.0, 0.0, 6.0573, 0.0, 0.0, 0.8099, 0.0, 0.0, 0.0, 0.0, 1.0807], "max_pos": 24, "max_act": 6.0586}, {"tokens": [" gate", ".", " Her", " dad", " pressed", " a", " button", " and", " the", " gate", " opened", ".", " They", " drove", " up", " a", " long", " drive", "way", " and", " saw", " a", " huge", " house", " with", " many", " windows", " and", " a", " fountain", ".", " Lila", " gasped"], "acts": [0.0, 0.0, 0.0, 0.0, 0.0, 0.0, 0.0, 0.0, 0.0, 0.0, 0.0, 0.0, 0.0, 0.0, 0.0, 0.0, 0.0, 0.0, 0.0, 0.8583, 0.6357, 0.0, 0.0, 0.0, 6.0216, 0.0, 0.0, 1.9512, 0.0, 0.0, 0.0, 0.0, 0.0], "max_pos": 24, "max_act": 6.0234}]}