{"id": 1335, "density": 0.018608, "max_act": 9.484375, "hist": {"edges": [0.01, 0.0133, 0.0178, 0.0237, 0.0316, 0.0422, 0.0562, 0.075, 0.1, 0.1334, 0.1778, 0.2371, 0.3162, 0.4217, 0.5623, 0.7499, 1.0, 1.3335, 1.7783, 2.3714, 3.1623, 4.217, 5.6234, 7.4989, 10.0, 13.3352, 17.7828, 23.7137, 31.6228, 42.1697, 56.2341, 74.9894, 100.0], "counts": [0, 0, 0, 0, 0, 0, 0, 0, 0, 1, 6, 57, 341, 1849, 6954, 13732, 14852, 12099, 9282, 6316, 3952, 3116, 1763, 112, 0, 0, 0, 0, 0, 0, 0, 0]}, "logit_lens": {"promoted": [[" and", 0.413], [" like", 0.339], [" trouble", 0.329], [" enough", 0.322], [" years", 0.309], [" or", 0.291], [" than", 0.286], ["er", 0.263], [" aw", 0.254], [" tears", 0.251]], "suppressed": [["nd", 0.252], [" little", 0.245], ["ant", 0.236], ["ike", 0.222], [" living", 0.219], [" face", 0.219], [" sho", 0.215], [" hands", 0.213], ["ake", 0.207], ["round", 0.206]]}, "examples": [{"tokens": [" and", " pretty", ".", "\n", "\n", "But", " then", ",", " Tim", " saw", " a", " big", " pebble", " that", " was", " not", " shiny", " or", " smooth", " or", " pretty", ".", " It", " was", " brown", " and", " stick", "y", " and", " smelly", ".", " It", " was"], "acts": [0.0, 1.4878, 0.0, 0.0, 0.0, 0.0, 0.0, 0.0, 0.0, 0.0, 0.0, 0.0, 0.0, 0.0, 0.0, 0.0, 5.2214, 0.0, 4.6422, 0.0, 2.0959, 0.0, 0.0, 0.0, 9.4852, 0.0, 1.2618, 4.737, 0.0, 2.6833, 0.0, 0.0, 0.0], "max_pos": 24, "max_act": 9.4844}, {"tokens": [".", " She", " pulls", " hard", " and", " sees", " a", " big", " fish", ".", " It", " is", " brown", " and", " sp", "i", "k", "y", " and", " has", " a"], "acts": [0.0, 0.0, 0.0, 2.0983, 0.0, 0.0, 0.0, 0.0, 0.0, 0.0, 0.0, 0.0, 9.1682, 0.0, 0.0, 2.1122, 1.4385, 3.0156, 0.0, 0.0, 0.0], "max_pos": 12, "max_act": 9.1719}, {"tokens": [" a", " big", " waff", "le", " and", " a", " small", " waff", "le", ".", "\n", "\n", "Timmy", " looked", " at", " the", " waff", "les", ".", " The", " big", " waff", "le", " was", " brown", " and", " cr", "is", "p", "y", ".", " The", " small"], "acts": [0.0, 0.0, 0.0, 0.0, 0.0, 0.0, 0.0, 0.0, 0.0, 0.0, 0.0, 0.0, 0.0, 0.0, 0.0, 0.0, 0.0, 0.0, 0.0, 0.0, 0.0, 0.0, 0.0, 0.0, 9.1348, 0.0, 1.9844, 0.0, 1.4382, 2.2643, 0.0, 0.0, 0.0], "max_pos": 24, "max_act": 9.1328}, {"tokens": [" they", " heard", " a", " loud", " noise", ".", " It", " was", " coming", " from", " the", " big", " fa", "ctor", "y", " near", " their", " house", ".", " The", " fa", "ctor", "y", " was", " brown", " and", " had", " a", " tall", " ch", "im", "ney", "."], "acts": [0.0, 0.0, 0.0, 0.0, 0.0, 0.0, 0.0, 0.0, 0.0, 0.0, 0.0, 0.0, 0.0, 0.0, 0.0, 0.0, 0.0, 0.0, 0.0, 0.0, 0.0, 0.0, 0.0, 0.0, 9.0084, 0.0, 0.0, 0.0, 0.0, 0.0, 0.0, 0.0, 0.0], "max_pos": 24, "max_act": 9.0078}, {"tokens": [" the", " park", ".", " The", " dog", " is", " black", " and", " brown", ".", " It", " has", " sharp", " teeth", " and", " loud", " bark"], "acts": [0.0, 0.0, 0.0, 0.0, 0.0, 0.0, 7.0798, 0.0, 8.9512, 0.0, 0.0, 0.0, 2.2278, 0.0, 0.0, 0.0, 0.0], "max_pos": 8, "max_act": 8.9531}, {"tokens": [" in", " the", " park", ".", " The", " h", "ors", "es", " are", " big", " and", " brown", " and", " have", " long", " hair", ".", " They", " live", " in"], "acts": [0.0, 0.0, 0.0, 0.0, 0.0, 0.0, 0.0, 0.0, 0.0, 7.5132, 0.0, 8.9473, 0.0, 0.0, 0.0, 0.8498, 0.0, 0.0, 0.0, 0.0], "max_pos": 11, "max_act": 8.9453}, {"tokens": ["\n", "But", " one", " day", ",", " the", " la", "wn", " was", " not", " soft", " anymore", ".", " It", " was", " rough", " and", " brown", ".", " Sam", " and", " Lily", " did", " not", " like", " it"], "acts": [0.0, 0.0, 0.0, 0.0, 0.0, 0.0, 0.0, 0.0, 0.0, 0.0, 5.1491, 0.5434, 0.0, 0.0, 0.0, 3.543, 0.0, 8.702, 0.0, 0.0, 0.0, 0.0, 0.0, 0.0, 0.0, 0.0], "max_pos": 17, "max_act": 8.7031}, {"tokens": [" dog", " is", " brown", " and", " furry", ".", " The", " dog", " bark", "s", " loud"], "acts": [0.0, 0.0, 8.6708, 0.0, 6.6591, 0.0, 0.0, 0.0, 0.0, 0.0, 0.9427], "max_pos": 2, "max_act": 8.6719}, {"tokens": [" O", "r", " some", " glue", ".\"", "\n", "\n", "They", " look", " for", " something", " to", " fix", " the", " kite", ".", " They", " see", " a", " big", " leaf", ".", " It", " is", " brown", " and", " dry", ".", " They", " think", " it", " can", " cover"], "acts": [0.0, 0.0, 0.0, 0.0, 0.0, 0.0, 0.0, 0.0, 0.0, 0.0, 0.0, 0.0, 0.0, 0.0, 0.0, 0.0, 0.0, 0.0, 0.0, 0.0, 0.0, 0.0, 0.0, 0.0, 8.6092, 0.0, 1.1283, 0.0, 0.0, 0.0, 0.0, 0.0, 0.0], "max_pos": 24, "max_act": 8.6094}, {"tokens": [" only", " a", " few", ".", " They", " are", " not", " very", " r", "ipe", " yet", ".", " Some", " of", " them", " are", " green", " and", " hard", ".", " Some", " of", " them", " are", " brown", " and", " r", "ot", ".", " You", " have", " to", " pick"], "acts": [0.0, 0.0, 0.0, 0.0, 0.0, 0.0, 0.0, 0.0, 0.0, 1.6166, 0.0, 0.0, 0.0, 0.0, 0.0, 0.0, 7.4736, 0.0, 1.257, 0.0, 0.0, 0.0, 0.0, 0.0, 8.5198, 0.0, 0.0, 0.0, 0.0, 0.0, 0.0, 0.0, 0.0], "max_pos": 24, "max_act": 8.5234}, {"tokens": [" car", " and", " drove", " to", " grandma", "'s", " house", ".", " When", " they", " arrived", ",", " they", " saw", " the", " dog", " waiting", " for", " them", ".", " He", " was", " black", " and", " brown", ",", " with", " a", " long", " tail", " and", " flo", "ppy"], "acts": [0.0, 0.0, 0.0, 0.0, 0.0, 0.0, 0.0, 0.0, 0.0, 0.0, 0.0, 0.0, 0.0, 0.0, 0.0, 0.0, 0.0, 0.0, 0.0, 0.0, 0.0, 0.0, 7.5966, 0.0, 8.4941, 0.0, 0.0, 0.0, 0.0, 0.0, 0.0, 0.0, 0.0], "max_pos": 24, "max_act": 8.4922}, {"tokens": [" are", " friends", ".", " They", " like", " to", " play", " with", " their", " toys", " and", " their", " dog", ",", " Max", ".", " Max", " is", " a", " big", " dog", ".", " He", " is", " brown", " and", " furry", ".", " He", " likes", " to", " run", " and"], "acts": [0.0, 0.0, 0.0, 0.0, 0.0, 0.0, 0.0, 0.0, 0.0, 0.0, 0.0, 0.0, 0.0, 0.0, 0.0, 0.0, 0.0, 0.0, 0.0, 1.9465, 0.0, 0.0, 0.0, 0.0, 8.4924, 0.0, 6.197, 0.0, 0.0, 0.0, 0.0, 0.0, 0.0], "max_pos": 24, "max_act": 8.4922}]}