{"id": 1344, "density": 0.01182725, "max_act": 7.140625, "hist": {"edges": [0.01, 0.0133, 0.0178, 0.0237, 0.0316, 0.0422, 0.0562, 0.075, 0.1, 0.1334, 0.1778, 0.2371, 0.3162, 0.4217, 0.5623, 0.7499, 1.0, 1.3335, 1.7783, 2.3714, 3.1623, 4.217, 5.6234, 7.4989, 10.0, 13.3352, 17.7828, 23.7137, 31.6228, 42.1697, 56.2341, 74.9894, 100.0], "counts": [0, 0, 0, 0, 0, 0, 0, 0, 0, 0, 17, 276, 1590, 4960, 8750, 10050, 8078, 5054, 2812, 1782, 1781, 1762, 397, 0, 0, 0, 0, 0, 0, 0, 0, 0]}, "logit_lens": {"promoted": [[" welcome", 0.386], [" sweet", 0.327], [" kind", 0.308], [" brave", 0.306], [" funny", 0.288], [" cool", 0.279], [" nice", 0.276], [" good", 0.254], [" mean", 0.252], [" friendly", 0.252]], "suppressed": [["he", 0.273], ["al", 0.262], [" living", 0.246], ["il", 0.23], ["board", 0.226], ["i", 0.225], ["ss", 0.218], ["ize", 0.216], [" things", 0.213], [" scatter", 0.203]]}, "examples": [{"tokens": [".", "\n", "\n", "\"", "Thank", " you", " for", " helping", " me", "!", " You", " are", " very", " brave", " and", " kind", "!\"", " Lily", " said", ".", "\n", "\n", "\"", "You", " are", " welcome", ",", " Lily", "!", " We", " are", " glad", " you"], "acts": [0.0, 0.0, 0.0, 0.0, 0.0, 0.0, 0.0, 0.0, 0.0, 0.0, 0.0, 5.5591, 4.6826, 0.0, 2.1531, 0.0, 0.0, 0.0, 0.0, 0.0, 0.0, 0.0, 0.0, 0.893, 7.1426, 0.0, 0.6488, 0.0, 0.0, 0.5572, 1.0756, 0.0, 0.0], "max_pos": 24, "max_act": 7.1406}, {"tokens": ["\n", "\n", "\"", "Thank", " you", " for", " sharing", ",", " Ben", ",\"", " Lily", " said", ".", " \"", "You", " are", " a", " good", " brother", ".\"", "\n", "\n", "\"", "You", " are", " welcome", ",", " Lily", ",\"", " Ben", " said", ".", " \""], "acts": [0.0, 0.0, 0.0, 0.0, 0.0, 0.0, 0.0, 1.3629, 0.0, 0.0, 0.0, 0.0, 0.0, 0.0, 0.6594, 6.3443, 3.5519, 0.0, 0.0, 0.0, 0.0, 0.0, 0.7623, 1.1392, 6.9815, 0.0, 1.0554, 0.0, 0.0, 0.0, 0.0, 0.0, 0.0], "max_pos": 24, "max_act": 6.9805}, {"tokens": [" it", " himself", ".", "\n", "\n", "\"", "Thank", " you", ",", " Ben", ".", " You", " are", " a", " nice", " monkey", ".\"", " Mia", " said", ".", "\n", "\n", "\"", "You", " are", " welcome", ",", " Mia", ".", " You", " are", " a", " sweet"], "acts": [0.0, 0.0, 0.0, 0.0, 0.0, 0.0, 0.0, 0.4778, 0.8371, 0.0, 0.0, 0.0, 5.9835, 3.4666, 0.0, 0.0, 0.0, 0.0, 0.0, 0.0, 0.0, 0.0, 0.0, 1.2609, 6.9613, 0.0, 0.7493, 0.8589, 0.0, 0.0, 5.0733, 2.8622, 0.0], "max_pos": 24, "max_act": 6.9609}, {"tokens": [" to", " Sam", ".", "\n", "\n", "\"", "Thank", " you", ",", " bird", "!\"", " Sam", " said", ".", " \"", "Thank", " you", " so", " much", "!\"", "\n", "\n", "\"", "You", "'re", " welcome", ",", " little", " boy", ",\"", " the", " bird", " said"], "acts": [0.0, 0.0, 0.0, 0.0, 0.0, 0.0, 0.0, 0.5551, 0.8815, 0.0, 0.0, 0.0, 0.0, 0.0, 0.0, 0.0, 0.629, 1.74, 0.0, 0.0, 0.0, 0.0, 0.0, 1.4401, 6.9214, 0.0, 1.0085, 0.0, 0.0, 0.0, 0.0, 0.0, 0.0], "max_pos": 24, "max_act": 6.9219}, {"tokens": ["\n", "\n", "\"", "Thank", " you", ",", " friends", ".", " You", " are", " very", " good", " and", " helpful", ",\"", " Tim", " and", " Sam", " said", ".", "\n", "\n", "\"", "You", " are", " welcome", ",", " squirrel", "s", ".", " We", " are", " happy"], "acts": [0.0, 0.0, 0.0, 0.0, 0.0, 0.4147, 0.0, 0.0, 0.0, 5.6674, 4.9438, 0.0, 2.3729, 0.0, 0.0, 0.0, 0.0, 0.0, 0.0, 0.0, 0.0, 0.0, 0.0, 1.0003, 6.8782, 0.0, 0.6839, 0.0, 0.0, 0.0, 0.0, 0.7841, 0.0], "max_pos": 24, "max_act": 6.8789}, {"tokens": [" Thank", " you", ",", " thank", " you", ",", " thank", " you", "!\"", " Lily", " says", ",", " hug", "g", "ing", " Ben", " and", " the", " doll", ".", "\n", "\n", "\"", "You", " are", " welcome", ",", " Lily", ".", " I", " am", " glad", " you"], "acts": [0.0, 0.0, 0.0, 0.0, 0.0, 0.0, 0.0, 0.0, 0.0, 0.0, 0.0, 0.0, 0.0, 0.0, 0.0, 0.0, 0.0, 0.0, 0.0, 0.0, 0.0, 0.0, 0.0, 1.0205, 6.8801, 0.0, 0.618, 0.0, 0.0, 0.6694, 0.6535, 0.0, 0.0], "max_pos": 24, "max_act": 6.8789}, {"tokens": ["Thank", " you", ",", " Tom", " and", " Mia", ",\"", " Sam", " said", ".", " \"", "You", " are", " the", " best", " swim", " teacher", "s", " ever", ".\"", "\n", "\n", "\"", "You", " are", " welcome", ",", " Sam", ",\"", " Tom", " and", " Mia", " said"], "acts": [0.0, 0.6485, 0.4673, 0.0, 0.0, 0.0, 0.0, 0.0, 0.0, 0.0, 0.0, 0.5376, 5.9471, 1.775, 0.0, 0.0, 0.0, 0.0, 0.0, 0.0, 0.0, 0.0, 0.6066, 1.094, 6.8081, 0.0, 0.6311, 0.8494, 0.0, 0.0, 0.0, 0.0, 0.0], "max_pos": 24, "max_act": 6.8086}, {"tokens": ["'s", " arm", " and", " gave", " him", " a", " big", " hug", ".", "\n", "\n", "\"", "Thank", " you", ",", " Daddy", ",\"", " said", " Timmy", ".", "\n", "\n", "\"", "You", "'re", " welcome", ",", " son", ",\"", " said", " his", " dad", "."], "acts": [0.0, 0.0, 0.0, 0.0, 0.0, 0.0, 0.0, 0.0, 0.0, 0.0, 0.0, 0.0, 0.0, 0.0, 1.2968, 0.0, 0.0, 0.0, 0.0, 0.0, 0.0, 0.0, 0.0, 1.1249, 6.7891, 0.0, 1.1556, 0.0, 0.0, 0.0, 0.0, 0.0, 0.0], "max_pos": 24, "max_act": 6.7891}, {"tokens": [" you", ",", " little", " girl", ".", " You", " are", " very", " nice", ".", " The", "se", " berries", " are", " good", ",\"", " the", " bird", " said", ".", "\n", "\n", "\"", "You", " are", " welcome", ",", " little", " bird", ".", " I", " am", " glad"], "acts": [0.5013, 0.9742, 0.0, 0.0, 0.0, 0.0, 5.8836, 4.6042, 0.0, 0.0, 0.0, 0.0, 0.0, 0.9909, 0.0, 0.0, 0.0, 0.0, 0.0, 0.0, 0.0, 0.0, 0.0, 1.141, 6.7448, 0.0, 1.3222, 0.0, 0.0, 0.0, 0.7696, 0.6044, 0.0], "max_pos": 24, "max_act": 6.7461}, {"tokens": [" to", " the", " hive", ".", "\n", "\n", "\"", "Thank", " you", ",", " Sam", ",", " you", " are", " very", " kind", ",\"", " Lily", " said", ".", "\n", "\n", "\"", "You", " are", " welcome", ",", " Lily", ",", " but", " you", " should", " be"], "acts": [0.0, 0.0, 0.0, 0.0, 0.0, 0.0, 0.0, 0.0, 0.0, 0.387, 0.0, 0.0, 0.0, 5.2635, 4.3988, 0.0, 0.0, 0.0, 0.0, 0.0, 0.0, 0.0, 0.0, 0.738, 6.6278, 0.0, 0.7061, 0.0, 0.0, 0.0, 0.0, 0.0, 0.0], "max_pos": 24, "max_act": 6.6289}, {"tokens": ["\n", "\"", "Wow", ",", " that", " was", " fun", ",", " Lily", "!", " Thank", " you", " for", " being", " my", " friend", "!\"", " Ben", " says", ".", "\n", "\n", "\"", "You", " are", " welcome", ",", " Ben", "!", " You", " are", " very", " brave"], "acts": [0.0, 0.0, 0.0, 0.0, 0.0, 1.4394, 0.0, 0.0, 0.0, 0.0, 0.0, 0.0, 0.0, 2.5918, 0.6293, 0.0, 0.0, 0.0, 0.0, 0.0, 0.0, 0.0, 0.0, 0.8916, 6.6019, 0.0, 0.6123, 0.0, 0.0, 0.0, 5.145, 4.1289, 0.0], "max_pos": 24, "max_act": 6.6016}, {"tokens": [".", "\n", "\n", "\"", "Wow", ",", " that", "'s", " cool", "!\"", " Tim", " said", ".", " \"", "Thank", " you", " for", " telling", " me", ".\"", "\n", "\n", "\"", "You", "'re", " welcome", ",\"", " the", " fireman", " said", ".", " \"", "But"], "acts": [0.0, 0.0, 0.0, 0.0, 0.0, 0.0, 0.0, 2.2065, 0.0, 0.0, 0.0, 0.0, 0.0, 0.0, 0.0, 0.0, 0.0, 0.0, 0.0, 0.0, 0.0, 0.0, 0.4193, 1.0603, 6.5878, 0.0, 0.0, 0.0, 0.0, 0.0, 0.0, 0.0, 0.0], "max_pos": 24, "max_act": 6.5859}]}