{"id": 1347, "density": 0.0206725, "max_act": 6.9140625, "hist": {"edges": [0.01, 0.0133, 0.0178, 0.0237, 0.0316, 0.0422, 0.0562, 0.075, 0.1, 0.1334, 0.1778, 0.2371, 0.3162, 0.4217, 0.5623, 0.7499, 1.0, 1.3335, 1.7783, 2.3714, 3.1623, 4.217, 5.6234, 7.4989, 10.0, 13.3352, 17.7828, 23.7137, 31.6228, 42.1697, 56.2341, 74.9894, 100.0], "counts": [0, 0, 0, 0, 0, 0, 0, 0, 2, 20, 308, 1454, 3888, 9579, 16548, 17958, 13228, 8246, 4772, 3059, 2250, 1258, 120, 0, 0, 0, 0, 0, 0, 0, 0, 0]}, "logit_lens": {"promoted": [["Then", 0.287], [" then", 0.277], ["ine", 0.266], [" color", 0.263], [" Then", 0.258], [" seek", 0.254], [" smile", 0.237], ["ens", 0.236], [" wonder", 0.23], [" How", 0.23]], "suppressed": [["Be", 0.318], [" dangerous", 0.316], [" late", 0.307], ["ze", 0.301], [" badly", 0.239], [" caught", 0.227], [" careful", 0.222], [" climbed", 0.221], [" spilled", 0.22], [" knock", 0.209]]}, "examples": [{"tokens": [" Mittens", " accidentally", " knocked", " it", " down", " and", " it", " broke", ".", " \n", "\n", "M", "ittens", " felt", " very", " sad", " and", " didn", "'t", " know", " what", " to", " do", ".", " But", " then", ",", " Mittens", "'", " mommy", " told", " her", " that"], "acts": [0.0, 0.0, 0.0, 0.0, 0.0, 0.0, 0.0, 0.0, 0.0, 0.0, 0.0, 0.0, 0.0, 0.0, 0.0, 0.0, 1.1669, 0.0, 0.0, 2.0118, 0.4977, 0.0, 0.0, 1.1708, 6.9153, 4.8222, 3.3531, 0.0, 0.0, 0.0, 0.0, 0.0, 0.0], "max_pos": 24, "max_act": 6.9141}, {"tokens": [" they", " did", " everything", " together", ".", "\n", "\n", "One", " day", ",", " Lily", " was", " feeling", " sad", " and", " her", " r", "ag", " doll", " was", " feeling", " sad", " too", ".", " But", " then", ",", " Lily", " had", " an", " idea", "!", " She"], "acts": [0.0, 0.0, 0.0, 0.0, 0.0, 0.0, 0.0, 0.0, 0.5805, 0.3496, 0.0, 0.0, 0.0, 0.0, 1.4927, 0.0, 0.0, 0.0, 0.0, 0.0, 0.0, 0.0, 0.0, 1.2565, 6.8754, 5.3639, 3.9664, 0.0, 0.0, 0.0, 0.0, 0.0, 0.0], "max_pos": 24, "max_act": 6.875}, {"tokens": [" rock", ".", " He", " felt", " a", " sh", "ock", " and", " stopped", " moving", ".", " \n", "\n", "R", "ed", " was", " sad", " because", " he", " couldn", "'t", " move", " anymore", ".", " But", " then", ",", " a", " thoughtful", " tow", " truck", " came", " to"], "acts": [0.0, 0.0, 0.0, 0.0, 0.0, 0.0, 0.0, 0.0, 0.0, 0.0, 0.0, 0.0, 0.0, 0.0, 0.0, 0.0, 0.0, 1.8915, 1.2438, 0.0, 0.0, 0.0, 0.781, 0.0, 6.7312, 5.1753, 2.9013, 0.0, 0.0, 0.0, 0.0, 0.0, 0.0], "max_pos": 24, "max_act": 6.7305}, {"tokens": [",", " but", " it", " was", " broken", ".", " Benny", " was", " sad", " and", " didn", "'t", " know", " what", " to", " do", ".", " \n", "\n", "Then", ",", " the", " mail", "man", " came", " to", " deliver", " a"], "acts": [0.0, 0.0, 0.0, 0.0, 0.0, 0.0, 0.0, 0.0, 0.8678, 0.5979, 0.0, 0.0, 1.8535, 0.0, 0.0, 0.0, 1.6602, 1.4203, 2.1818, 6.5482, 3.5144, 0.0, 0.0, 0.0, 0.0, 0.0, 0.0, 0.0], "max_pos": 19, "max_act": 6.5469}, {"tokens": [" to", " move", ",", " but", " it", " couldn", "'t", ".", " It", " was", " tra", "pped", "!", " \n", "\n", "The", " driver", " of", " the", " truck", " was", " very", " sad", ".", " But", " then", ",", " a", " kind", " farmer", " came", " to", " help"], "acts": [0.0, 0.0, 0.0, 0.6857, 0.0, 0.0, 0.0, 0.0, 0.0, 0.0, 0.0, 0.0, 0.0, 0.0, 0.0, 0.0, 0.0, 0.0, 0.0, 0.0, 0.0, 0.0, 0.0, 0.0, 6.5142, 4.979, 2.6641, 0.0, 0.0, 0.0, 0.0, 0.0, 0.0], "max_pos": 24, "max_act": 6.5156}, {"tokens": [" a", " pe", "ar", " and", " it", " broke", " into", " pieces", ".", " Timmy", " was", " sad", " because", " he", " couldn", "'t", " eat", " the", " pe", "ar", " anymore", ".", " \n", "\n", "But", " then", ",", " Timmy", " had", " an", " idea", ".", " He"], "acts": [0.0, 0.0, 0.0, 0.0, 0.0, 0.0, 0.0, 0.0, 0.0, 0.0, 0.0, 0.8697, 1.4259, 0.9834, 0.0, 0.0, 0.0, 0.0, 0.0, 0.0, 0.0, 0.5999, 0.6489, 1.7267, 6.4862, 4.6353, 3.0856, 0.0, 0.0, 0.0, 0.0, 0.0, 0.0], "max_pos": 24, "max_act": 6.4844}, {"tokens": [" too", " young", " to", " use", " it", ".", "\n", "\n", "Timmy", " was", " sad", " and", " didn", "'t", " know", " what", " to", " do", ".", " But", " then", ",", " he", " remembered", " that", " he", " could", " turn"], "acts": [0.0, 0.0, 0.0, 0.0, 0.0, 0.0, 0.0, 0.0, 0.0, 0.0, 0.0, 0.0, 0.0, 0.0, 1.7476, 0.0, 0.0, 0.0, 0.5846, 6.4516, 5.6266, 2.7119, 0.6518, 1.6783, 0.6343, 0.0, 0.0, 0.0], "max_pos": 19, "max_act": 6.4531}, {"tokens": [" knocked", " over", " the", " fold", "er", " and", " all", " of", " the", " pictures", " fell", " out", ".", " Timmy", " was", " sad", " and", " didn", "'t", " know", " what", " to", " do", ".", " But", " then", ",", " his", " mom", " came", " in", " and", " helped"], "acts": [0.0, 0.0, 0.0, 0.0, 0.0, 0.0, 0.0, 0.0, 0.0, 0.0, 0.0, 0.0, 0.0, 0.0, 0.0, 0.0, 0.0, 0.0, 0.0, 1.6031, 0.0, 0.0, 0.0, 1.2635, 6.4039, 4.8882, 2.9926, 0.0, 0.0, 0.0, 0.0, 0.0, 0.0], "max_pos": 24, "max_act": 6.4023}, {"tokens": [",", " Lily", " accidentally", " dropped", " her", " necklace", " and", " it", " broke", " into", " tiny", " pieces", ".", " She", " felt", " sad", " and", " her", " heart", " felt", " empty", ".", "\n", "\n", "But", " then", ",", " her", " mommy", " came", " and", " gave", " her"], "acts": [0.0, 0.0, 0.0, 0.0, 0.0, 0.0, 0.0, 0.0, 0.0, 0.0, 0.0, 0.0, 0.0, 0.0, 0.0, 0.8251, 0.9393, 0.0, 0.0, 0.0, 0.0, 0.8243, 0.0, 2.1184, 6.3741, 4.3091, 3.4601, 0.0, 0.0, 0.0, 0.0, 0.0, 0.0], "max_pos": 24, "max_act": 6.375}, {"tokens": [" bird", "'s", " friends", " tried", " to", " help", " it", ",", " but", " nothing", " seemed", " to", " work", ".", " They", " thought", " it", " was", " just", " too", " sad", ".", "\n", "\n", "But", " then", " one", " day", ",", " something", " special", " happened", "!"], "acts": [0.0, 0.0, 0.0, 1.2505, 0.0, 0.0, 0.0, 0.0, 0.0, 0.0, 1.8514, 0.0, 0.0, 0.0, 0.0, 0.8108, 0.0, 0.0, 0.0, 0.0, 0.0, 0.0, 0.0, 0.7938, 6.3523, 5.1341, 2.0231, 2.9748, 2.038, 0.0, 0.0, 0.0, 0.0], "max_pos": 24, "max_act": 6.3516}, {"tokens": [" accidentally", " spilled", " the", " in", "k", " all", " over", " her", " paper", ".", " She", " was", " very", " sad", " because", " she", " thought", " she", " ruined", " her", " drawing", ".", "\n", "\n", "But", " then", ",", " her", " mom", " came", " in", " and", " saw"], "acts": [0.0, 0.0, 0.0, 0.0, 0.0, 0.0, 0.0, 0.0, 0.0, 0.0, 0.0, 0.0, 0.0, 0.8216, 1.4372, 1.1886, 1.4286, 0.0, 0.0, 0.0, 0.0, 0.9548, 0.0, 2.0066, 6.2991, 4.6027, 3.399, 0.0, 0.0, 0.0, 0.0, 0.0, 0.0], "max_pos": 24, "max_act": 6.3008}, {"tokens": [" new", " c", "ell", " phone", " outside", " when", " she", " dropped", " it", " and", " it", " broke", ".", " She", " was", " sad", " and", " didn", "'t", " know", " what", " to", " do", ".", " But", " then", " she", " remembered", " how", " she", " ser", "ved", " the"], "acts": [0.0, 0.0, 0.0, 0.0, 0.0, 0.0, 0.0, 0.0, 0.0, 0.0, 0.0, 0.0, 0.0, 0.0, 0.0, 0.5182, 0.0, 0.0, 0.0, 1.6035, 0.0, 0.0, 0.0, 0.9582, 6.2747, 4.9634, 1.5856, 1.7551, 0.8733, 0.0, 0.0, 0.0, 0.0], "max_pos": 24, "max_act": 6.2734}]}