{"id": 1362, "density": 0.01370025, "max_act": 6.1328125, "hist": {"edges": [0.01, 0.0133, 0.0178, 0.0237, 0.0316, 0.0422, 0.0562, 0.075, 0.1, 0.1334, 0.1778, 0.2371, 0.3162, 0.4217, 0.5623, 0.7499, 1.0, 1.3335, 1.7783, 2.3714, 3.1623, 4.217, 5.6234, 7.4989, 10.0, 13.3352, 17.7828, 23.7137, 31.6228, 42.1697, 56.2341, 74.9894, 100.0], "counts": [0, 0, 0, 0, 0, 0, 0, 0, 0, 7, 62, 129, 985, 4675, 11420, 13906, 10803, 6768, 3211, 1282, 915, 597, 41, 0, 0, 0, 0, 0, 0, 0, 0, 0]}, "logit_lens": {"promoted": [[" room", 0.269], [" door", 0.24], ["ace", 0.211], ["board", 0.198], [" took", 0.196], [" favorite", 0.191], ["ving", 0.188], [" things", 0.188], [" Inside", 0.175], [" sat", 0.174]], "suppressed": [[" course", 0.341], [" later", 0.315], ["ers", 0.31], ["a", 0.293], ["ches", 0.286], [" sometimes", 0.284], ["ough", 0.274], ["ch", 0.271], ["qu", 0.264], [" now", 0.258]]}, "examples": [{"tokens": [" said", ".", " She", " loved", " yarn", ".", " She", " followed", " the", " driver", " to", " the", " back", " of", " the", " truck", ".", "\n", "\n", "The", " driver", " opened", " the", " door", " and", " lifted", " the", " box", ".", " He", " smiled", " at", " Lily"], "acts": [0.0, 0.0, 0.0, 0.0, 0.0, 0.0, 0.0, 0.0, 0.0, 0.0, 0.0, 0.0, 0.0, 0.0, 0.0, 0.0, 0.0, 0.0, 0.0, 0.0, 0.0, 0.0, 0.0, 0.0, 6.1345, 0.0, 0.0, 0.0, 1.5569, 0.0, 0.0, 0.0, 0.0], "max_pos": 24, "max_act": 6.1328}, {"tokens": ["\n", "\n", "\"", "N", "ot", "hing", ",", " mom", ",\"", " Lila", " said", ".", " \"", "We", " were", " just", " playing", ".\"", "\n", "\n", "Mom", " opened", " the", " door", " and", " saw", " their", " red", " arms", ".", " She", " frowned", "."], "acts": [0.0, 0.0, 0.0, 0.0, 0.0, 0.0, 0.0, 0.0, 0.0, 0.0, 0.0, 0.0, 0.0, 0.0, 0.0, 0.0, 0.0, 0.0, 0.0, 0.0, 0.0, 0.0, 0.0, 0.0, 6.1314, 0.0, 0.0, 0.0, 0.0, 0.0, 0.0, 0.0, 0.0], "max_pos": 24, "max_act": 6.1328}, {"tokens": [".", " Brown", ",", " Mr", ".", " Brown", ",", " please", " open", " the", " door", ",\"", " they", " shouted", ".", "\n", "\n", "M", "r", ".", " Brown", " opened", " the", " door", " and", " looked", " at", " them", ".", "\n", "\n", "\"", "What"], "acts": [0.0, 0.0, 0.0, 0.0, 0.0, 0.0, 0.0, 0.0, 0.0, 0.0, 0.0, 0.0, 0.0, 0.0, 0.0, 0.0, 0.0, 0.0, 0.0, 0.0, 0.0, 0.0, 0.0, 0.0, 6.1306, 0.0, 0.0, 0.0, 0.0, 0.0, 0.0, 0.0, 0.0], "max_pos": 24, "max_act": 6.1289}, {"tokens": [" Mommy", " to", " be", " angry", ".", " She", " hid", " behind", " the", " clothes", " and", " hoped", " Mommy", " would", " not", " find", " her", ".", "\n", "\n", "Mommy", " opened", " the", " door", " and", " turned", " on", " the", " light", ".", " She", " looked", " at"], "acts": [0.0, 0.0, 0.0, 0.0, 0.0, 0.0, 0.0, 0.0, 0.0, 0.0, 1.4777, 0.0, 0.0, 0.0, 0.0, 0.0, 0.0, 0.0, 0.0, 0.0, 0.0, 0.0, 0.0, 0.0, 6.0428, 0.0, 0.9662, 0.0, 0.0, 1.3159, 0.4306, 0.0, 0.0], "max_pos": 24, "max_act": 6.043}, {"tokens": ["'s", " eat", " some", " pr", "un", "es", "!\"", " Tim", " said", ".", "\n", "\n", "\"", "OK", "!\"", " Sue", " said", ".", "\n", "\n", "They", " opened", " the", " bag", " and", " took", " out", " some", " pr", "un", "es", ".", " They"], "acts": [0.0, 0.0, 0.0, 0.0, 0.0, 0.0, 0.0, 0.0, 0.0, 0.0, 0.0, 0.0, 0.0, 0.0, 0.0, 0.0, 0.0, 0.0, 0.4091, 0.0, 0.0, 0.0, 1.0688, 0.0, 6.0278, 0.0, 0.6082, 0.0, 0.0, 0.0, 0.0, 0.669, 0.0], "max_pos": 24, "max_act": 6.0273}, {"tokens": [" \"", "Maybe", " we", " should", " wait", " and", " see", " who", " the", " owner", " is", " first", ".\"", "\n", "\n", "Just", " then", ",", " the", " door", " to", " the", " house", " opened", " and", " an", " old", " woman", " stepped", " out", ".", " She", " saw"], "acts": [0.0, 0.0, 0.0, 0.0, 0.0, 0.8272, 0.0, 0.0, 0.0, 0.0, 0.0, 0.0, 0.0, 0.0, 0.0, 0.0, 0.7923, 0.0, 0.0, 0.0, 0.0, 0.0, 0.0, 0.0, 6.0113, 0.0, 0.0, 0.0, 0.0, 0.0, 0.9394, 0.0, 0.0], "max_pos": 24, "max_act": 6.0117}, {"tokens": [" box", " and", " hid", " the", " key", ".", " They", " sat", " on", " the", " floor", " and", " pretended", " to", " read", " a", " book", ".", "\n", "\n", "Mom", " opened", " the", " door", " and", " saw", " them", ".", " She", " smiled", ".", "\n", "\n"], "acts": [0.0, 2.4688, 0.0, 0.0, 0.0, 0.0, 0.0, 0.0, 0.0, 0.0, 0.0, 1.2905, 0.0, 0.0, 0.0, 0.0, 0.0, 0.0, 0.0, 0.0, 0.0, 0.0, 0.0, 0.0, 6.007, 0.0, 0.0, 0.0, 0.0, 0.0, 0.0, 0.0, 0.0], "max_pos": 24, "max_act": 6.0078}, {"tokens": [" walked", " over", " to", " the", " op", "era", ".", " When", " they", " arrived", ",", " they", " knocked", " on", " the", " door", ".", " To", " their", " surprise", ",", " the", " door", " opened", " and", " it", " was", " Tom", "'", " friend", ".", " She", " smiled"], "acts": [0.0, 0.0, 0.0, 0.0, 0.0, 0.0, 0.0, 0.0, 0.0, 0.0, 1.159, 0.0, 0.0, 2.3207, 1.154, 0.0, 1.8897, 0.0, 0.0, 0.0, 0.9776, 0.0, 0.0, 0.0, 5.9642, 0.0, 0.0, 0.0, 0.4106, 0.0, 0.0, 0.0, 0.0], "max_pos": 24, "max_act": 5.9648}, {"tokens": [".", "\n", "\n", "Finally", ",", " they", " reached", " the", " door", " of", " the", " king", "'s", " room", ".", " A", " man", " in", " a", " red", " coat", " opened", " the", " door", " and", " said", ",", " \"", "W", "el", "c", "ome", " to"], "acts": [0.0, 0.0, 0.0, 0.0, 0.0, 0.0, 0.0, 0.0, 0.0, 1.3951, 0.0, 0.0, 0.0, 0.0, 0.8406, 0.0, 0.0, 0.0, 0.0, 0.0, 0.0, 0.0, 1.1987, 0.0, 5.9573, 0.0, 0.7027, 0.0, 0.0, 0.0, 0.0, 0.0, 0.0], "max_pos": 24, "max_act": 5.957}, {"tokens": [" say", " sorry", " and", " help", " me", " fix", " it", ".\"", " Sara", " said", ",", " st", "er", "n", "ly", ".", "\n", "\n", "L", "en", "a", " opened", " the", " door", " and", " looked", " at", " Sara", " with", " tear", "ful", " eyes", "."], "acts": [0.0, 0.0, 0.0, 0.0, 0.0, 0.0, 0.0, 0.0, 0.0, 0.0, 0.0, 0.0, 0.0, 0.0, 1.0412, 0.0, 0.0, 0.0, 0.0, 0.0, 0.0, 0.0, 0.7862, 0.0, 5.9417, 0.0, 0.0, 0.0, 0.0, 0.0, 0.0, 0.0, 0.0], "max_pos": 24, "max_act": 5.9414}, {"tokens": [" mom", " to", " the", " kitchen", ".", " There", ",", " she", " saw", " a", " big", " white", " box", " with", " a", " door", " and", " some", " buttons", ".", " Mom", " opened", " the", " door", " and", " showed", " Lily", " the", " inside", ".", " There", " were", " r"], "acts": [0.0, 0.0, 0.0, 0.0, 0.0, 0.0, 0.0, 0.0, 0.0, 0.0, 0.0, 0.0, 0.0, 1.0579, 0.0, 0.0, 1.9464, 0.0, 0.0, 0.0, 0.0, 0.0, 1.0285, 0.0, 5.9371, 0.0, 0.0, 0.0, 0.0, 0.5955, 0.0, 0.8783, 0.0], "max_pos": 24, "max_act": 5.9375}, {"tokens": [" to", " the", " front", " of", " the", " plane", ".", " They", " knocked", " on", " the", " door", " of", " the", " co", "ck", "p", "it", ".", " The", " pilot", " opened", " the", " door", " and", " smiled", ".", " He", " was", " wearing", " a", " red", " hat"], "acts": [0.0, 0.0, 1.306, 0.0, 0.0, 0.0, 0.0, 0.0, 0.0, 2.1484, 1.4132, 0.0, 1.8756, 0.8115, 0.0, 0.0, 0.0, 0.0, 0.9533, 0.0, 0.0, 0.0, 0.9818, 0.0, 5.92, 0.0, 0.0, 0.0, 0.0, 0.0, 0.0, 0.0, 0.0], "max_pos": 24, "max_act": 5.9219}]}