{"id": 1379, "density": 0.0127645, "max_act": 6.30859375, "hist": {"edges": [0.01, 0.0133, 0.0178, 0.0237, 0.0316, 0.0422, 0.0562, 0.075, 0.1, 0.1334, 0.1778, 0.2371, 0.3162, 0.4217, 0.5623, 0.7499, 1.0, 1.3335, 1.7783, 2.3714, 3.1623, 4.217, 5.6234, 7.4989, 10.0, 13.3352, 17.7828, 23.7137, 31.6228, 42.1697, 56.2341, 74.9894, 100.0], "counts": [0, 0, 0, 0, 0, 0, 0, 0, 0, 2, 47, 152, 775, 3526, 7928, 11240, 10065, 7116, 5038, 3366, 1310, 483, 10, 0, 0, 0, 0, 0, 0, 0, 0, 0]}, "logit_lens": {"promoted": [[" away", 0.235], [",", 0.21], [" he", 0.203], [".", 0.201], [" she", 0.2], [" they", 0.188], [" and", 0.187], [" new", 0.176], [" to", 0.169], ["<|endoftext|>", 0.158]], "suppressed": [["umbers", 0.477], ["aught", 0.434], [" nam", 0.432], ["arden", 0.431], ["lebr", 0.429], ["+", 0.429], ["eces", 0.428], [" suc", 0.428], ["\\", 0.426], [" umb", 0.424]]}, "examples": [{"tokens": [" land", "sc", "ape", ".", "\n", "\n", "One", " day", ",", " John", " decided", " he", " wanted", " to", " explore", ".", " He", " grabbed", " his", " bike", " and", " rode", " as", " far", " as", " his", " legs", " could", " take", " him", ".", " He", " was"], "acts": [0.0, 0.0, 0.0, 0.0, 0.0, 0.0, 1.0624, 0.0, 0.0, 0.0, 0.7781, 0.0, 0.0, 0.0, 0.0, 0.0, 0.0, 0.0, 0.0, 0.0, 0.0, 0.0, 2.7957, 5.7886, 6.31, 0.0, 2.0508, 3.7467, 1.2297, 1.0041, 0.0, 0.0, 0.0], "max_pos": 24, "max_act": 6.3086}, {"tokens": [" his", " sur", "round", "ings", ".", " One", " day", " he", " decided", " to", " go", " on", " an", " adventure", " to", " find", " a", " special", " message", ".", " He", " v", "ent", "ured", " far", " and", " wide", " and", " stumbled", " upon", " a", " cave", "."], "acts": [0.0, 0.0, 0.0, 0.0, 0.0, 0.0, 0.0, 0.0, 0.0, 0.0, 0.0, 0.0, 0.0, 1.537, 0.0, 0.0, 0.0, 0.0, 0.0, 0.0, 0.0, 0.0, 0.0, 0.0, 5.915, 0.0, 0.0, 0.0, 0.0, 0.0, 0.0, 0.0, 0.0], "max_pos": 24, "max_act": 5.9141}, {"tokens": [" the", " football", " as", " hard", " as", " he", " could", " and", " it", " went", " flying", " into", " the"], "acts": [0.0, 0.0, 1.1782, 1.6415, 5.8142, 3.3232, 3.4385, 0.9614, 0.0, 0.0, 0.0, 0.0, 0.0], "max_pos": 4, "max_act": 5.8125}, {"tokens": [" pilot", " saw", " Jane", " and", " he", " smiled", ".", " He", " waved", " back", ",", " and", " Jane", " waved", " even", " harder", ".", " The", " plane", " went", " so", " high", " and", " so", " far", " that", " it", " soon", " went", " out", " of", " sight", "."], "acts": [0.0, 0.0, 0.0, 0.0, 0.0, 0.0, 0.0, 0.0, 0.0, 0.9716, 0.0, 0.0, 0.0, 0.0, 0.0, 0.0, 0.0, 0.0, 0.0, 0.0, 0.0, 0.8456, 0.0, 0.0, 5.7329, 0.0, 0.0, 0.0, 0.0, 0.0, 0.0, 3.0293, 0.0], "max_pos": 24, "max_act": 5.7344}, {"tokens": ["nny", " how", " to", " fly", ".", " She", " tried", " and", " tried", " again", ",", " until", " finally", " she", " could", " do", " it", "!", " She", " flew", " so", " high", " and", " so", " far", ",", " even", " to", " the", " other", " side", " of", " the"], "acts": [0.0, 0.0, 0.0, 0.0, 0.0, 0.0, 0.0, 0.0, 0.0, 0.0, 0.0, 0.0, 0.0, 0.0, 0.0, 0.0, 0.0, 0.0, 0.0, 0.0, 0.0, 1.3766, 0.0, 0.0, 5.718, 0.0, 0.0, 0.0, 0.0, 0.8365, 2.6803, 0.0, 0.0], "max_pos": 24, "max_act": 5.7188}, {"tokens": [" to", " carry", " him", " away", " from", " the", " bird", ".", " The", " re", "s", "ult", " was", " un", "b", "el", "ie", "v", "able", "!", " The", " wind", " took", " him", " far", " away", ",", " and", " the", " bird", " was", " safe", "."], "acts": [0.0, 0.8591, 0.0, 0.0, 0.0, 0.0, 0.0, 0.0, 0.0, 0.0, 0.0, 0.0, 0.0, 0.0, 0.0, 0.0, 0.0, 0.0, 0.0, 0.0, 0.0, 0.0, 0.0, 0.0, 5.6816, 2.5617, 0.0, 0.0, 0.0, 0.0, 0.0, 0.0, 0.0], "max_pos": 24, "max_act": 5.6797}, {"tokens": [",", " a", " big", " g", "ust", " of", " wind", " blew", " Lila", "'s", " kite", " away", ".", " It", " sn", "apped", " the", " string", " and", " took", " the", " kite", " far", ",", " far", " away", ".", " Lila", " was", " sad", " and", " scared", "."], "acts": [0.0, 0.0, 0.0, 0.0, 0.0, 0.0, 0.0, 0.0, 0.0, 0.0, 0.0, 0.0, 0.0, 0.0, 0.0, 0.0, 0.0, 0.0, 0.0, 0.0, 0.0, 0.0, 4.7199, 0.0, 5.6767, 2.7887, 0.0, 0.0, 0.0, 0.0, 0.0, 0.0, 0.0], "max_pos": 24, "max_act": 5.6758}, {"tokens": ["One", " day", ",", " she", " decided", " to", " explore", " the", " world", " be", "y", "ond", " her", " favourite", " patch", " of", " flowers", ".", " She", " hopped", " into", " a", " n", "ation", " far", " away", ",", " where", " the", " rules", " were", " different", "."], "acts": [0.0, 0.0, 0.0, 0.0, 0.0, 0.0, 0.0, 0.0, 0.0, 0.0, 0.0, 0.0, 0.0, 0.0, 0.0, 0.0, 0.0, 0.0, 0.0, 0.8292, 0.0, 0.0, 0.0, 0.0, 5.6718, 2.8713, 0.0, 0.0, 0.0, 0.0, 0.0, 0.0, 0.0], "max_pos": 24, "max_act": 5.6719}, {"tokens": [" hunter", " he", " was", "!", "<|endoftext|>", "Yes", "ter", "day", ",", " two", " adventurous", " friends", " pretended", " they", " were", " explore", "r", "s", " and", " sailed", " to", " an", " imag", "inary", " far", " away", " island", ".", " As", " they", " sailed", " the", " spark"], "acts": [0.0, 0.0, 0.0, 0.0, 0.0, 0.0, 0.0, 0.0, 0.0, 0.0, 0.0, 0.0, 0.0, 0.0, 0.0, 0.0, 0.0, 0.0, 0.0, 0.0, 0.0, 0.0, 0.0, 0.0, 5.6415, 3.1648, 0.0, 0.0, 0.0, 0.0, 0.0, 0.8138, 0.0], "max_pos": 24, "max_act": 5.6406}, {"tokens": [" long", ".", " \n", "\n", "One", " day", ",", " the", " tiny", " pink", " boat", " had", " to", " move", " away", " from", " the", " har", "b", "or", ".", " It", " moved", " so", " far", " away", ",", " it", " couldn", "'t", " be", " seen", " anymore"], "acts": [0.0, 0.0, 0.0, 0.0, 0.0, 0.0, 0.0, 0.0, 0.0, 0.0, 0.0, 0.0, 0.0, 0.0, 0.0, 0.0, 0.0, 0.0, 0.0, 0.0, 0.0, 0.0, 0.0, 0.0, 5.618, 2.2161, 0.0, 0.0, 0.0, 0.0, 0.0, 0.0, 0.0], "max_pos": 24, "max_act": 5.6172}, {"tokens": [" to", " find", " his", " way", " back", " home", ",", " but", " he", " was", " alone", " and", " all", " he", " could", " see", " was", " field", "s", " and", " trees", ",", " stret", "ching", " far", " and", " wide", ".", " \n", "\n", "The", " metal", " bird"], "acts": [0.0, 0.0, 0.0, 1.703, 0.0, 0.0, 0.0, 0.0, 0.0, 0.0, 0.0, 0.0, 0.0, 0.0, 0.704, 0.0, 0.0, 0.0, 0.0, 0.0, 0.0, 0.0, 0.0, 0.0, 5.6012, 0.0, 0.0, 0.0, 0.0, 0.0, 0.0, 0.0, 0.0], "max_pos": 24, "max_act": 5.6016}, {"tokens": [" the", " only", " human", ".", " Everyone", " cheered", " for", " her", ".", "\n", "\n", "K", "ate", " put", " in", " lots", " of", " e", "ff", "ort", " and", " ran", " as", " fast", " as", " she", " could", ".", " In", " the", " end", ",", " she"], "acts": [0.0, 0.0, 0.0, 0.0, 0.0, 0.0, 0.0, 0.0, 0.0, 0.0, 0.0, 0.0, 0.0, 0.0, 0.0, 0.0, 0.0, 0.0, 0.0, 0.9393, 0.0, 0.0, 2.5039, 1.7203, 5.5513, 2.0527, 3.2474, 0.0, 0.0, 0.0, 1.0942, 0.0, 0.0], "max_pos": 24, "max_act": 5.5508}]}