{"id": 137, "density": 0.01457125, "max_act": 7.60546875, "hist": {"edges": [0.01, 0.0133, 0.0178, 0.0237, 0.0316, 0.0422, 0.0562, 0.075, 0.1, 0.1334, 0.1778, 0.2371, 0.3162, 0.4217, 0.5623, 0.7499, 1.0, 1.3335, 1.7783, 2.3714, 3.1623, 4.217, 5.6234, 7.4989, 10.0, 13.3352, 17.7828, 23.7137, 31.6228, 42.1697, 56.2341, 74.9894, 100.0], "counts": [0, 0, 0, 0, 0, 0, 0, 0, 0, 0, 1, 54, 617, 3269, 8590, 12063, 10513, 6949, 4686, 4069, 3944, 2866, 662, 2, 0, 0, 0, 0, 0, 0, 0, 0]}, "logit_lens": {"promoted": [[" a", 0.492], [" two", 0.351], [" some", 0.346], [" four", 0.327], [" another", 0.322], [" an", 0.32], [" long", 0.293], [" lots", 0.276], ["ount", 0.266], [" many", 0.263]], "suppressed": [[" living", 0.225], [" on", 0.202], [" hands", 0.196], [" having", 0.18], ["ally", 0.178], [" cheer", 0.171], [" room", 0.167], [" rad", 0.165], [" leaving", 0.165], ["ugg", 0.163]]}, "examples": [{"tokens": [" is", " silly", ".", " There", " is", " no", " such", " thing", " as", " a", " witch", ".", " Maybe", " a", " nice", " lady", " li", "ves", " there", ".", " She", " has", " a", " cat", " and", " a", " bro", "om", " because", " she", " likes", " animals", " and"], "acts": [0.0, 0.0, 0.0, 0.0, 0.0, 0.0, 1.5385, 0.0, 0.0, 0.0, 0.0, 0.0, 0.0, 0.0, 0.0, 0.0, 0.0, 0.0, 0.0, 0.0, 0.0, 0.0, 0.0, 0.0, 7.6062, 0.0, 0.0, 0.0, 0.0, 0.0, 0.0, 0.0, 1.2529], "max_pos": 24, "max_act": 7.6055}, {"tokens": [" Can", " you", " do", " that", ",", " honey", "?\"", "\n", "\n", "Lily", " nodded", " again", ".", " She", " liked", " Mrs", ".", " L", "ee", ".", " She", " had", " a", " cat", " and", " a", " garden", ".", " She", " always", " gave", " Lily", " cookies"], "acts": [0.0, 0.0, 0.0, 0.0, 0.0, 0.0, 0.0, 0.0, 0.0, 0.0, 0.0, 0.0, 0.0, 0.0, 0.0, 0.0, 0.0, 0.0, 0.0, 0.0, 0.0, 0.0, 0.0, 0.0, 7.5579, 0.0, 0.0, 1.1137, 0.8404, 0.0, 0.0, 0.0, 0.0], "max_pos": 24, "max_act": 7.5586}, {"tokens": [" a", " kitten", " or", " a", " puppy", " or", " a", " bunny", ",\"", " Sara", " says"], "acts": [0.0, 0.0, 7.4325, 0.0, 0.0, 6.3567, 0.0, 0.0, 0.0, 0.0, 0.0], "max_pos": 2, "max_act": 7.4336}, {"tokens": ["ucky", "!\"", "\n", "\n", "The", " nurse", " said", ",", " \"", "Good", " job", ",", " Ben", "!", " You", " are", " very", " brave", ".", " Here", ",", " have", " a", " sticker", " and", " a", " lollipop", ".", " You", " can", " choose", " any", " one"], "acts": [0.0, 0.0, 0.0, 0.0, 0.0, 0.0, 0.0, 0.0, 0.0, 0.0, 0.0, 0.0, 0.0, 0.0, 0.0, 0.0, 0.0, 0.0, 0.0, 0.0, 0.0, 0.0, 0.0, 0.0, 7.3251, 0.8406, 0.0, 0.0, 0.0, 0.0, 0.0, 0.0, 0.0], "max_pos": 24, "max_act": 7.3242}, {"tokens": [" had", " a", " long", " body", " like", " a", " snake", " and", " ant", "en", "n", "as", " like", " a", " worm", "."], "acts": [0.0, 0.0, 0.0, 0.0, 0.0, 0.0, 0.0, 7.2904, 0.0, 0.0, 0.0, 0.0, 0.0, 0.0, 0.0, 0.0], "max_pos": 7, "max_act": 7.2891}, {"tokens": [" has", " a", " dragon", " and", " a", " princess", " and", " a", " castle", "!\"", "\n", "\n"], "acts": [0.0, 0.0, 0.0, 7.2262, 0.0, 0.0, 6.4051, 0.0, 0.0, 0.0, 0.0, 0.0], "max_pos": 3, "max_act": 7.2266}, {"tokens": [" some", " animals", " and", " the", " sounds", " they", " made", ".", " He", " showed", " her", " pictures", " of", " a", " lion", ",", " a", " monkey", ",", " a", " cow", ",", " a", " duck", " and", " a", " snake", ".", " Lily", " repe", "ated", " after", " him"], "acts": [0.0, 0.0, 3.315, 0.0, 0.0, 0.0, 0.0, 0.0, 0.0, 0.0, 0.0, 0.0, 0.0, 0.0, 0.0, 4.3883, 0.0, 0.0, 4.4512, 0.0, 0.0, 4.2627, 0.0, 0.0, 7.201, 0.9698, 0.0, 0.9617, 0.0, 0.0, 0.0, 0.0, 0.0], "max_pos": 24, "max_act": 7.1992}, {"tokens": [" are", " not", " a", " king", ",", " Tom", ".", " You", " are", " just", " a", " normal", " boy", ".", " A", " king", " has", " a", " big", " castle", " and", " many", " people", " who", " do", " what", " he", " says", ".\""], "acts": [0.0, 0.0, 0.0, 0.0, 3.6034, 0.0, 0.0, 0.0, 0.0, 0.0, 0.0, 0.0, 0.0, 0.0, 0.0, 0.0, 0.0, 0.0, 0.0, 0.0, 7.167, 0.0, 0.0, 0.0, 0.0, 0.0, 0.0, 0.0, 0.0], "max_pos": 20, "max_act": 7.168}, {"tokens": [".", "\n", "\n", "Mia", " and", " Ben", " looked", " at", " each", " other", ".", " They", " did", " not", " have", " any", " coins", ".", " They", " only", " had", " a", " toy", " car", " and", " a", " doll", " that", " they", " brought", " from", " home", "."], "acts": [0.0, 0.0, 0.0, 0.0, 0.0, 0.0, 0.0, 0.0, 0.0, 0.0, 0.0, 0.0, 0.0, 0.0, 0.0, 0.0, 0.0, 0.0, 0.0, 0.0, 0.0, 0.0, 0.0, 0.0, 7.1093, 0.0, 0.0, 0.0, 0.0, 0.0, 0.0, 0.0, 0.0], "max_pos": 24, "max_act": 7.1094}, {"tokens": ["lp", "!\"", " they", " shouted", ".", "\n", "\n", "Suddenly", ",", " they", " saw", " a", " man", " in", " a", " funny", " costum", "e", ".", " He", " had", " a", " furry", " head", " and", " a", " long", " tail", ".", " He", " was", " the", " one"], "acts": [0.0, 0.0, 0.0, 0.0, 0.0, 0.0, 0.0, 0.0, 0.0, 0.0, 0.0, 0.0, 0.0, 0.0, 0.0, 0.0, 0.0, 0.0, 0.0, 0.0, 0.8215, 0.0, 0.0, 0.0, 7.0883, 0.0, 0.0, 0.0, 0.4893, 0.0, 0.0, 0.0, 0.0], "max_pos": 24, "max_act": 7.0898}, {"tokens": [" out", " of", " the", " box", " and", " run", " to", " the", " fence", ".", " They", " see", " a", " pale", " girl", " sitting", " on", " the", " grass", ".", " She", " has", " a", " doll", " and", " a", " book", ".", " She", " looks", " sad", " and", " lonely"], "acts": [0.0, 0.0, 0.0, 0.0, 0.0, 0.0, 0.0, 0.0, 0.0, 0.0, 0.0, 0.0, 0.0, 0.0, 0.0, 0.0, 0.0, 0.0, 0.0, 0.0, 0.0, 0.0, 0.0, 0.0, 7.048, 0.0, 0.0, 0.5899, 0.0, 0.0, 0.0, 2.2867, 0.0], "max_pos": 24, "max_act": 7.0469}, {"tokens": [" wide", " bridge", ",", " a", " tall", " tree", ",", " a", " small", " duck", " and", " a", " big", " dog", ".", "\n", "\n", "They", " are"], "acts": [0.0, 0.0, 0.0, 0.0, 0.0, 0.0, 1.7888, 0.0, 0.0, 0.0, 6.9551, 0.0, 0.0, 0.0, 0.0, 0.0, 0.0, 0.0, 0.0], "max_pos": 10, "max_act": 6.957}]}