{"id": 1388, "density": 0.056961, "max_act": 5.2109375, "hist": {"edges": [0.01, 0.0133, 0.0178, 0.0237, 0.0316, 0.0422, 0.0562, 0.075, 0.1, 0.1334, 0.1778, 0.2371, 0.3162, 0.4217, 0.5623, 0.7499, 1.0, 1.3335, 1.7783, 2.3714, 3.1623, 4.217, 5.6234, 7.4989, 10.0, 13.3352, 17.7828, 23.7137, 31.6228, 42.1697, 56.2341, 74.9894, 100.0], "counts": [0, 0, 0, 0, 0, 0, 0, 0, 0, 3, 122, 1492, 6946, 23888, 47770, 53904, 39843, 24333, 14520, 8979, 5543, 501, 0, 0, 0, 0, 0, 0, 0, 0, 0, 0]}, "logit_lens": {"promoted": [[" cat", 0.424], [" puppy", 0.422], [" dog", 0.419], [" Max", 0.385], ["Max", 0.366], [" dogs", 0.329], [" collar", 0.301], [" leash", 0.276], [" bone", 0.243], [" yarn", 0.234]], "suppressed": [[" \u00e2\u20ac\u0153", 0.473], ["\u00e2\u20ac\u0153", 0.448], [" boats", 0.323], [" '", 0.32], [" sail", 0.296], ["John", 0.292], ["used", 0.292], [" mountain", 0.292], [" honey", 0.287], [" har", 0.284]]}, "examples": [{"tokens": [" and", " a", " wa", "gging", " tail", ".", " Lily", " picked", " up", " the", " puppy", " and", " took", " it", " home", " with", " her", ".", "\n", "\n", "As", " she", " played", " with", " the", " puppy", ",", " Lily", " started", " to", " imag", "ine", " all"], "acts": [0.0, 2.5037, 0.0, 0.0, 1.2177, 0.0, 0.0, 0.0, 0.0, 4.474, 0.0, 0.8619, 0.0, 0.6746, 0.0, 0.0, 3.2268, 0.0, 0.0, 0.4907, 0.0, 0.9501, 2.1287, 1.01, 5.2095, 0.0, 0.0, 0.0, 0.6453, 2.577, 0.0, 0.0, 0.0], "max_pos": 24, "max_act": 5.2109}, {"tokens": [" Spot", ".", " Spot", " was", " a", " very", " naughty", " puppy", " and", " he", " kept", " chasing", " the", " birds", " in", " the", " park", ".", "\n", "\n", "One"], "acts": [1.6706, 0.0, 0.0, 0.5341, 1.9046, 0.0, 1.2875, 0.0, 0.0, 0.0, 1.4494, 1.8337, 5.1471, 0.0, 1.635, 2.2762, 0.8461, 0.0, 0.0, 0.4119, 1.2874], "max_pos": 12, "max_act": 5.1484}, {"tokens": [" dog", " did", " not", " listen", ".", " It", " ran", " away", " with", " the", " hoop", ",", " wa", "gging", " its", " tail", ".", " Ben", " saw", " what", " happened", " and", " ran", " after", " the", " dog", ".", " He", " had", " a", " plan", ".", "\n"], "acts": [0.0, 0.0, 0.0, 0.0, 0.0, 0.0, 0.0, 0.0, 0.0, 4.602, 0.0, 0.0, 0.0, 0.0, 2.3057, 0.0, 0.8085, 0.0, 0.0, 0.0, 0.0, 0.0, 0.0, 0.0, 5.1363, 0.0, 0.5909, 1.0474, 0.0, 2.9413, 1.0911, 0.0, 0.0], "max_pos": 24, "max_act": 5.1367}, {"tokens": [" dog", " met", " a", " friendly", " cat", ".", " The", " cat", " was", " playing", " with", " a", " ball", ".", " The", " dog", " wanted", " to", " play", " too", ".", " They", " played", " with", " the", " ball", " and", " had", " a", " lot", " of", " fun", "."], "acts": [0.0, 0.0, 2.9397, 1.284, 1.1104, 0.0, 3.7971, 0.0, 0.0, 1.3033, 0.5193, 3.4278, 0.0, 0.0, 4.0681, 0.0, 0.9618, 1.9974, 1.314, 0.0, 0.0, 0.0, 1.7046, 0.6564, 5.1344, 0.0, 0.0, 0.0, 2.1893, 0.0, 1.339, 0.0, 0.0], "max_pos": 24, "max_act": 5.1328}, {"tokens": [" same", " day", ".", " The", " puppy", " was", " small", " and", " fluffy", " with", " big", ",", " black", " eyes", ".", " \n", "\n", "The", " family", " went", " outside", " to", " play", " with", " the", " puppy", ",", " and", " they", " laughed", " with", " joy", " as"], "acts": [0.0, 0.0, 0.0, 3.9812, 0.0, 0.0, 1.5232, 0.0, 2.3616, 0.0, 2.7429, 0.0, 3.5326, 0.0, 0.0, 0.0, 0.0, 3.7975, 0.0, 0.5779, 0.0, 0.8482, 0.5345, 0.0, 5.1088, 0.0, 0.0, 0.0, 0.5948, 0.0, 0.0, 0.0, 0.0], "max_pos": 24, "max_act": 5.1094}, {"tokens": ["\n", "\n", "The", " dog", " did", " not", " listen", ".", " It", " picked", " up", " the", " ball", " in", " its", " mouth", " and", " ran", " away", ".", " Ben", " and", " Lily", " chased", " the", " dog", ",", " hop", "ing", " to", " get", " their", " ball"], "acts": [0.0, 0.0, 3.9653, 0.0, 0.0, 0.0, 0.0, 0.0, 0.8942, 0.0, 0.0, 3.552, 0.0, 0.0, 2.2825, 0.0, 0.0, 0.6051, 0.0, 0.0, 0.0, 0.5666, 0.0, 1.1133, 5.099, 0.9465, 0.926, 0.0, 1.8497, 1.829, 1.8728, 2.7099, 0.0], "max_pos": 24, "max_act": 5.0977}, {"tokens": [" pet", " cat", ",", " Whiskers", ",", " jumped", " up", " and", " tried", " to", " catch", " the", " string", ".", " But", " Whiskers", " got", " all", " t", "ang"], "acts": [0.0, 2.0557, 0.0, 0.0, 0.8666, 1.28, 0.0, 0.0, 0.0, 1.253, 0.9523, 5.0633, 0.0, 0.0, 0.0, 0.0, 0.0, 0.0, 0.0, 0.0], "max_pos": 11, "max_act": 5.0625}, {"tokens": [" no", " friend", ".", " He", " was", " lonely", ".", " He", " wished", " he", " had", " listened", " to", " his", " mom", ".", " He", " wished", " he", " had", " not", " tried", " to", " carry", " the", " puppy", ".", " He", " wished", " he", " had", " asked", " first"], "acts": [0.0, 0.0, 0.0, 0.0, 0.0, 1.637, 0.0, 0.0, 0.0, 0.0, 0.0, 0.0, 0.0, 2.3345, 0.0, 0.0, 0.0, 0.0, 0.0, 0.0, 0.0, 0.0, 0.0, 0.0, 5.0479, 0.0, 0.0, 0.0, 0.0, 0.0, 0.0, 0.0, 0.0], "max_pos": 24, "max_act": 5.0469}, {"tokens": ["es", " it", ".", " The", " dog", " br", "ings", " the", " ball", " back", " and", " drop", "s", " it", " again", ".", "\n", "\n", "Anna", " and", " Ben", " have", " fun", " with", " the", " dog", ".", " They", " run", " and", " laugh", " and", " pet"], "acts": [0.9914, 0.0, 0.0, 4.4293, 0.0, 0.0, 0.0, 3.8613, 0.0, 0.0, 0.0, 0.0, 0.0, 0.0, 0.0, 0.0, 0.0, 0.0, 0.0, 0.0, 0.0, 0.8445, 0.5732, 0.9035, 5.0404, 0.5367, 0.0, 0.6963, 0.7358, 1.0984, 0.8323, 0.6719, 1.6122], "max_pos": 24, "max_act": 5.0391}, {"tokens": [" wrong", ".", " The", " owner", " said", " the", " puppy", " was", " sick", " and", " needed", " to", " go", " to", " the", " v", "et", ".", "\n", "\n", "Lily", " felt", " sad", " for", " the", " puppy", " and", " said", ",", " \"", "I", " hope", " the"], "acts": [0.0, 0.0, 4.8029, 0.0, 0.0, 4.5255, 0.0, 0.0, 1.4586, 0.0, 1.1048, 1.1725, 0.8725, 0.9475, 3.7644, 0.5955, 0.0, 0.0, 0.0, 0.0, 0.0, 0.0, 0.0, 0.0, 5.0376, 0.0, 0.0, 0.0, 0.0, 0.0, 0.0, 0.0, 4.2933], "max_pos": 24, "max_act": 5.0391}, {"tokens": [" he", " accidentally", " to", "re", " his", " furry", " coat", " on", " a", " sharp", " edge", ".", " \n", "\n", "Max", " didn", "'t", " notice", " the", " tear", " and", " kept", " running", " after", " the", " cat", ".", " But", " as", " he", " chased", " the", " cat"], "acts": [0.0, 0.0, 0.0, 0.0, 3.0866, 2.4145, 0.0, 0.0, 3.1608, 0.0, 0.0, 0.0, 0.0, 2.1847, 0.0, 0.0, 0.0, 0.0, 3.7665, 0.0, 0.0, 0.0, 0.0, 0.9967, 5.0404, 0.0, 0.0, 1.9475, 0.0, 0.5669, 2.0689, 4.6526, 1.4988], "max_pos": 24, "max_act": 5.0391}, {"tokens": [" dog", " runs", " away", " with", " the", " ball", ".", "\n", "\n", "\"", "Hey", ",", " come", " back", "!\"", " Tim", " and", " Sam", " shout", ".", "\n", "\n", "They", " chase", " the", " dog", ".", " The", " dog", " is", " happy", ".", " It"], "acts": [0.0, 1.4346, 0.0, 0.0, 4.3679, 0.0, 0.0, 0.0, 0.0, 0.0, 0.0, 2.0337, 1.0643, 0.0, 0.0, 0.3583, 0.0, 0.0, 0.0, 0.0, 0.0, 0.0, 0.0, 1.337, 5.0324, 1.8515, 0.5981, 4.7917, 0.9731, 1.7354, 0.9797, 0.0, 0.0], "max_pos": 24, "max_act": 5.0312}]}