{"id": 1402, "density": 0.038751, "max_act": 6.04296875, "hist": {"edges": [0.01, 0.0133, 0.0178, 0.0237, 0.0316, 0.0422, 0.0562, 0.075, 0.1, 0.1334, 0.1778, 0.2371, 0.3162, 0.4217, 0.5623, 0.7499, 1.0, 1.3335, 1.7783, 2.3714, 3.1623, 4.217, 5.6234, 7.4989, 10.0, 13.3352, 17.7828, 23.7137, 31.6228, 42.1697, 56.2341, 74.9894, 100.0], "counts": [0, 0, 0, 0, 0, 0, 0, 0, 0, 4, 45, 711, 6280, 22953, 38728, 36986, 24557, 13626, 6584, 2865, 1142, 512, 11, 0, 0, 0, 0, 0, 0, 0, 0, 0]}, "logit_lens": {"promoted": [[" miss", 0.312], ["ued", 0.295], [" frustrated", 0.292], [" mist", 0.287], [" only", 0.271], [" lost", 0.268], [" disappointed", 0.257], [" missed", 0.254], [" sadly", 0.241], [" felt", 0.24]], "suppressed": [[" on", 0.232], [" parade", 0.218], ["stairs", 0.205], [" barn", 0.201], ["dd", 0.196], ["ress", 0.194], ["ey", 0.193], [" Spot", 0.192], ["uddy", 0.187], [" motor", 0.186]]}, "examples": [{"tokens": [" tree", " in", " the", " yard", ".", " She", " wants", " to", " play", " with", " it", ".", " She", " tries", " to", " reach", " it", ",", " but", " it", " is", " too", " high", ".", " She", " gets", " a", " chair", " and", " climb", "s", " on", " it"], "acts": [0.0, 0.0, 0.0, 0.0, 0.0, 0.0, 0.0, 0.0, 0.0, 0.0, 0.0, 0.0, 0.0, 0.7466, 0.0, 0.0, 0.0, 0.0, 0.0, 0.7142, 1.3097, 0.0, 0.0, 0.0, 6.0416, 3.6965, 0.0, 0.0, 0.0, 0.0, 0.0, 0.0, 0.9658], "max_pos": 24, "max_act": 6.043}, {"tokens": [" lock", " on", " the", " shelf", ".", " She", " wants", " to", " play", " with", " it", ".", " She", " tries", " to", " reach", " it", ",", " but", " it", " is", " too", " high", ".", " She", " stret", "ches", " her", " arms", ",", " but", " she", " cannot"], "acts": [0.0, 0.0, 0.0, 0.0, 0.0, 0.8053, 0.0, 0.4407, 0.0, 0.0, 0.0, 0.0, 0.8206, 0.9059, 0.6365, 0.0, 0.0, 0.0, 0.6901, 0.7336, 1.4262, 0.0, 0.0, 0.5263, 5.8837, 1.0339, 0.0, 0.8929, 0.0, 0.0, 0.671, 3.174, 0.913], "max_pos": 24, "max_act": 5.8828}, {"tokens": [" they", " needed", " glue", " to", " att", "ach", " the", " pieces", " together", ".", " They", " looked", " around", " the", " room", ",", " but", " they", " could", " not", " find", " any", " glue", ".", " They", " asked", " their", " mom", ",", " but", " she", " said", " she"], "acts": [0.0, 0.6761, 0.0, 0.0, 0.0, 0.0, 0.0, 0.0, 0.0, 0.0, 2.8746, 0.558, 0.0, 0.0, 0.7609, 0.0, 0.0, 1.8426, 2.0758, 0.0, 0.0, 0.0, 0.0, 1.5758, 5.7436, 0.733, 1.5622, 0.4868, 0.0, 0.0, 0.0, 1.7602, 0.0], "max_pos": 24, "max_act": 5.7422}, {"tokens": [" her", " mom", ".", " She", " looked", " for", " her", " book", " of", " songs", " on", " the", " shelf", " in", " her", " room", ".", " But", " she", " could", " not", " find", " it", ".", " She", " saw", " that", " her", " brother", " Ben", " had", " taken", " it"], "acts": [0.0, 0.0, 0.0, 0.0, 0.0, 0.0, 0.0, 0.0, 0.0, 0.0, 0.0, 0.0, 0.0, 0.0, 0.0, 0.7948, 0.0, 0.0, 1.3805, 2.3657, 0.0, 0.0, 0.0, 0.0, 5.7249, 0.5448, 0.0, 0.0, 0.0, 0.0, 0.0, 0.0, 0.0], "max_pos": 24, "max_act": 5.7266}, {"tokens": [" wanted", " to", " carry", " the", " bag", " to", " her", " house", ".", "\n", "\n", "Sue", " tried", " to", " carry", " the", " bag", ",", " but", " it", " was", " too", " heavy", ".", " She", " felt", " tired", ".", " Sue", " did", " not", " want", " to"], "acts": [0.0, 0.0, 0.0, 0.0, 0.0, 0.0, 0.0, 0.0, 0.0, 0.0, 0.0, 0.0, 0.0, 0.0, 0.0, 0.0, 0.0, 0.0, 0.0, 0.7532, 2.5497, 1.0264, 0.0, 0.0, 5.7158, 3.4023, 0.0, 0.0, 1.924, 1.2919, 1.4694, 0.0, 0.9603], "max_pos": 24, "max_act": 5.7148}, {"tokens": [" him", ".", " He", " wanted", " to", " grab", " the", " toy", ".", "\n", "\n", "Tim", " tried", " to", " reach", " the", " shelf", ",", " but", " he", " was", " too", " small", ".", " He", " thought", " of"], "acts": [0.0, 0.0, 1.129, 0.0, 0.5803, 0.0, 0.0, 0.0, 0.0, 0.0, 0.0, 0.0, 0.0, 0.4435, 0.0, 0.0, 0.0, 0.0, 0.0, 3.6839, 3.2917, 1.768, 0.0, 0.5197, 5.7033, 2.1338, 1.4204], "max_pos": 24, "max_act": 5.7031}, {"tokens": [" small", " doll", " named", " Ann", ",", " van", "ished", ".", " Amy", " looked", " all", " over", " the", " house", " for", " Ann", ",", " but", " she", " could", " not", " find", " her", ".", " She", " felt", " very", " sad", " and", " asked", " her", " mommy", " for"], "acts": [0.0, 0.0, 0.0, 0.0, 0.0, 0.0, 0.0, 0.0, 0.0, 0.0, 0.0, 0.0, 0.0, 0.0, 0.5255, 0.0, 0.0, 0.0, 2.08, 2.3153, 0.0, 0.0, 0.0, 0.0, 5.6768, 3.7486, 3.2395, 0.7672, 2.2078, 0.0, 1.0978, 0.0, 0.0], "max_pos": 24, "max_act": 5.6758}, {"tokens": [" orange", " crayon", ",", " but", " she", " could", " not", " find", " it", ".", " She", " looked", " for", " her", " yellow", " crayon", ",", " but", " she", " could", " not", " find", " it", ".", " She", " looked", " for", " all", " her", " colorful", " crayons", ",", " but"], "acts": [0.0, 0.0, 0.0, 1.2651, 2.9195, 2.5793, 0.9524, 0.0, 0.0, 0.6313, 5.5377, 0.9478, 0.9371, 0.7221, 0.0, 0.0, 0.0, 1.3404, 3.1571, 2.6601, 1.0119, 0.0, 0.0, 0.906, 5.6749, 0.9534, 0.9911, 0.0, 0.0, 0.0, 0.0, 0.0, 1.127], "max_pos": 24, "max_act": 5.6758}, {"tokens": [" it", " with", " his", " nose", ",", " but", " it", " is", " too", " far", ".", " He", " tries", " to", " push", " his", " cage", ",", " but", " it", " is", " too", " heavy", ".", " He", " bark", "s", " and", " wh", "ines", ",", " but", " no"], "acts": [0.0, 0.0, 0.0, 0.0, 0.0, 0.0, 0.8289, 0.9838, 0.0, 0.0, 0.0, 4.9346, 3.123, 2.4988, 1.0701, 0.0, 0.0, 0.0, 0.6132, 1.1416, 1.287, 0.764, 0.0, 0.5622, 5.6585, 1.077, 0.9903, 1.0013, 0.0, 0.0, 0.0, 0.4039, 0.0], "max_pos": 24, "max_act": 5.6602}, {"tokens": [" with", " her", " favorite", " toy", ",", " but", " it", " was", " stuck", " under", " the", " bed", ".", " She", " tried", " to", " reach", " it", ",", " but", " she", " couldn", "'t", ".", " She", " felt", " frustrated", " because", " she", " really", " wanted", " to", " play"], "acts": [0.0, 0.0, 0.0, 0.0, 0.0, 0.0, 0.0, 1.6869, 0.0, 0.0, 0.0, 0.0, 0.0, 3.6185, 1.7467, 1.2064, 0.0, 0.0, 0.0, 0.5828, 3.7647, 1.0353, 0.0, 1.1435, 5.6547, 3.3747, 0.8005, 0.0, 2.0222, 0.0, 0.0, 0.7375, 0.0], "max_pos": 24, "max_act": 5.6562}, {"tokens": [" salt", " to", " make", " them", " taste", " good", ".", " \n", "\n", "Benny", " hopped", " around", " looking", " for", " some", " salt", ",", " but", " he", " couldn", "'t", " find", " any", ".", " He", " asked", " his", " friend", ",", " a", " bird", ",", " if"], "acts": [0.0, 0.0, 0.0, 0.0, 0.0, 0.0, 0.0, 0.0, 0.0, 0.0, 0.0, 0.0, 0.0, 0.0, 0.0, 0.0, 0.0, 0.0, 1.8869, 0.559, 0.4107, 0.0, 0.0, 0.7811, 5.6418, 0.9549, 0.6227, 0.0, 0.0, 0.0, 0.0, 0.0, 0.0], "max_pos": 24, "max_act": 5.6406}, {"tokens": [" in", " her", " room", ",", " so", " she", " tried", " to", " push", " it", " up", " the", " st", "air", ".", " But", " the", " ball", " was", " too", " big", " and", " heavy", ".", " She", " tried", " and", " tried", ",", " but", " she", " could", " not"], "acts": [0.0, 0.0, 0.0, 0.0, 0.0, 0.0, 0.0, 0.0, 0.0, 0.0, 0.0, 0.0, 0.0, 0.0, 0.0, 0.0, 0.0, 0.0, 1.5952, 0.0, 0.0, 2.2027, 0.0, 0.0, 5.6137, 2.8806, 1.3731, 2.9104, 2.0328, 0.9763, 4.1615, 3.4119, 0.0], "max_pos": 24, "max_act": 5.6133}]}