{"id": 1409, "density": 0.00972175, "max_act": 7.91015625, "hist": {"edges": [0.01, 0.0133, 0.0178, 0.0237, 0.0316, 0.0422, 0.0562, 0.075, 0.1, 0.1334, 0.1778, 0.2371, 0.3162, 0.4217, 0.5623, 0.7499, 1.0, 1.3335, 1.7783, 2.3714, 3.1623, 4.217, 5.6234, 7.4989, 10.0, 13.3352, 17.7828, 23.7137, 31.6228, 42.1697, 56.2341, 74.9894, 100.0], "counts": [0, 0, 0, 0, 0, 0, 0, 0, 0, 1, 48, 336, 675, 2417, 5543, 7457, 6412, 4533, 3511, 3296, 2438, 1894, 315, 11, 0, 0, 0, 0, 0, 0, 0, 0]}, "logit_lens": {"promoted": [[" fluffy", 0.29], [" furry", 0.289], [" cur", 0.28], [" brown", 0.277], [" whole", 0.262], [" white", 0.257], [" black", 0.25], [" two", 0.243], [" yellow", 0.241], [" mush", 0.228]], "suppressed": [["r", 0.273], ["o", 0.264], ["str", 0.254], ["al", 0.248], [" happening", 0.238], ["ery", 0.238], [" dis", 0.229], ["ar", 0.219], ["ike", 0.218], ["my", 0.217]]}, "examples": [{"tokens": [" shocked", ".", " He", " st", "are", "s", " at", " the", " box", ".", " He", " sees", " a", " big", ",", " fluffy", ",", " white", " bunny", ".", " It", " has", " long", " ears", " and", " a", " pink", " nose", ".", " It", " looks", " at", " Tim"], "acts": [0.0, 0.0, 0.0, 0.0, 0.0, 0.0, 0.0, 0.0, 0.0, 0.0, 0.0, 0.0, 0.0, 0.0, 3.6603, 0.0, 4.1857, 0.0, 0.0, 0.0, 0.0, 1.2337, 0.0, 0.0, 7.9109, 3.0825, 0.0, 0.0, 0.0, 0.0, 0.0, 0.0, 0.0], "max_pos": 24, "max_act": 7.9102}, {"tokens": [" animals", ",", " like", " monkey", "s", ",", " lion", "s", ",", " and", " elephant", "s", ".", " Anna", " liked", " the", " elephant", "s", " best", ".", " They", " had", " big", " ears", " and", " long", " no", "ses", ".", " Ben", " liked", " the", " lion"], "acts": [0.0, 0.0, 0.0, 0.0, 0.0, 1.9363, 0.0, 0.0, 1.2923, 2.2495, 0.0, 0.0, 0.0, 0.0, 0.0, 0.0, 0.0, 0.0, 0.0, 0.0, 0.0, 0.0, 0.0, 0.0, 7.8126, 0.0, 0.0, 0.0, 0.0, 0.0, 0.0, 0.0, 0.0], "max_pos": 24, "max_act": 7.8125}, {"tokens": [" you", " see", "?\"", "\n", "\n", "Ben", " squ", "in", "ts", " his", " eyes", " and", " says", ",", " \"", "I", " see", " a", " bunny", ".", " It", " has", " long", " ears", " and", " a", " fluffy", " tail", ".", " Do", " you", " see", " it"], "acts": [0.0, 0.0, 0.0, 0.0, 0.0, 0.0, 0.0, 0.0, 0.0, 0.0, 0.0, 2.0521, 0.0, 0.0, 0.0, 0.0, 0.0, 0.0, 0.0, 0.0, 0.0, 0.0, 0.0, 0.0, 7.7977, 2.968, 1.765, 0.0, 0.0, 0.0, 0.0, 0.0, 0.0], "max_pos": 24, "max_act": 7.7969}, {"tokens": [" to", " Tom", " and", " looked", " under", " the", " table", ".", "\n", "\n", "There", " was", " a", " big", " green", " frog", " under", " the", " table", ".", " It", " had", " red", " eyes", " and", " a", " long", " to", "ng", "ue", ".", " It", " cro"], "acts": [0.0, 0.0, 0.7843, 0.0, 0.0, 0.0, 0.0, 0.0, 0.0, 0.0, 0.0, 0.0, 0.0, 0.0, 0.0, 0.0, 0.0, 0.0, 0.0, 0.0, 0.9952, 0.6007, 0.0, 0.0, 7.7946, 3.9542, 1.1402, 0.0, 0.0, 0.5494, 0.0, 0.9339, 0.0], "max_pos": 24, "max_act": 7.793}, {"tokens": [" It", " has", " big", " eyes", " and", " wings", ".", " It", " fl", "ies", " around", " the", " bush"], "acts": [0.0, 0.0, 1.2631, 0.0, 7.7871, 0.0, 0.8517, 1.9822, 0.0, 0.0, 0.0, 0.0, 0.0], "max_pos": 4, "max_act": 7.7852}, {"tokens": ["s", ".", "<|endoftext|>", "Ben", " and", " Mia", " were", " playing", " in", " the", " park", ".", " They", " saw", " a", " big", " bird", " in", " the", " sky", ".", " It", " had", " black", " and", " white", " feathers", " and", " a", " long", " yellow", " beak", "."], "acts": [0.0, 0.0, 0.0, 0.0, 0.0, 0.0, 0.0, 0.0, 0.0, 0.0, 0.0, 0.0, 0.0, 0.0, 0.0, 0.0, 0.0, 0.0, 0.0, 0.0, 0.0, 0.0, 0.0, 0.0, 7.7721, 0.0, 0.0, 6.3609, 4.2132, 0.0, 0.0, 0.0, 0.0], "max_pos": 24, "max_act": 7.7734}, {"tokens": ["\n", "They", " ran", " to", " the", " tree", " and", " saw", " a", " hairy", " animal", " sleeping", " on", " a", " branch", ".", " It", " was", " a", " cat", ".", " It", " had", " black", " and", " white", " fur", " and", " a", " long", " tail", ".", "\n"], "acts": [0.0, 0.0, 0.0, 0.0, 0.0, 0.0, 0.0, 0.0, 0.0, 0.0, 0.0, 0.0, 0.0, 0.0, 0.0, 0.0, 0.4138, 0.0, 0.0, 0.0, 0.0, 0.0, 0.0, 0.0, 7.582, 0.0, 0.0, 6.1922, 3.9013, 0.0, 0.0, 0.0, 0.0], "max_pos": 24, "max_act": 7.582}, {"tokens": [" walk", " soft", "ly", " and", " slowly", ".", " They", " do", " not", " make", " noise", ".", " They", " see", " the", " fox", " looking", " at", " them", ".", " He", " has", " big", " ears", " and", " bright", " eyes", ".", "\n", "\n", "\"", "Hello", ","], "acts": [0.0, 0.0, 0.0, 1.6601, 0.0, 0.0, 0.0, 0.0, 0.0, 0.0, 0.0, 0.0, 0.0, 0.0, 0.0, 0.0, 0.0, 0.0, 0.0, 0.0, 0.0, 0.4165, 0.0, 0.0, 7.5637, 0.0, 0.0, 0.7198, 0.0, 0.0, 0.0, 0.0, 0.0], "max_pos": 24, "max_act": 7.5625}, {"tokens": [" they", " see", " something", " else", " in", " the", " box", ".", " It", " is", " a", " small", ",", " fluffy", " animal", ".", " It", " has", " long", " ears", ",", " a", " pink", " nose", " and", " a", " cute", " tail", ".", " It", " is", " a", " bunny"], "acts": [0.0, 0.0, 0.0, 0.0, 0.0, 0.0, 0.0, 0.0, 0.0, 0.0, 0.0, 0.0, 3.3124, 0.0, 0.0, 0.0, 0.0, 1.0482, 0.0, 0.0, 5.4382, 0.977, 0.0, 0.0, 7.54, 4.4514, 1.9574, 0.0, 0.0, 0.888, 0.0, 0.0, 0.0], "max_pos": 24, "max_act": 7.5391}, {"tokens": [" table", ".", " It", " had", " something", " white", " and", " fluffy", " inside", ".", " It", " looked", " yummy", ".", "\n"], "acts": [0.0, 0.0, 0.0, 0.0, 0.0, 0.0, 7.5408, 0.0, 0.0, 0.0, 0.0, 0.0, 0.0, 0.0, 0.0], "max_pos": 6, "max_act": 7.5391}, {"tokens": [" time", ",", " there", " was", " a", " little", " girl", ".", " She", " had", " a", " big", " white", " hat", " and", " white", " shoes", ".", " She", " was", " so", " happy", "."], "acts": [0.0, 0.0, 0.0, 0.0, 0.0, 0.0, 0.0, 0.0, 0.0, 0.0, 0.5811, 0.0, 0.0, 0.0, 7.5301, 1.3878, 0.0, 0.0, 0.0, 0.0, 0.0, 0.0, 0.0], "max_pos": 14, "max_act": 7.5312}, {"tokens": [" something", "!\"", " Ben", " shouted", ".", " He", " lifted", " his", " sho", "vel", " and", " showed", " Anna", " a", " small", ",", " furry", " animal", ".", " It", " had", " a", " long", " nose", " and", " tiny", " eyes", ".", "\n", "\n", "\"", "What", " is"], "acts": [0.0, 0.0, 0.0, 0.0, 0.0, 0.0, 0.0, 0.0, 0.0, 0.0, 0.0, 0.0, 0.0, 0.0, 0.0, 2.6736, 0.0, 0.0, 0.0, 0.0, 0.0, 0.8797, 0.0, 0.0, 7.4054, 0.0, 0.0, 0.0, 0.0, 0.0, 0.0, 0.0, 0.0], "max_pos": 24, "max_act": 7.4062}]}