{"id": 1424, "density": 0.02517975, "max_act": 8.421875, "hist": {"edges": [0.01, 0.0133, 0.0178, 0.0237, 0.0316, 0.0422, 0.0562, 0.075, 0.1, 0.1334, 0.1778, 0.2371, 0.3162, 0.4217, 0.5623, 0.7499, 1.0, 1.3335, 1.7783, 2.3714, 3.1623, 4.217, 5.6234, 7.4989, 10.0, 13.3352, 17.7828, 23.7137, 31.6228, 42.1697, 56.2341, 74.9894, 100.0], "counts": [0, 0, 0, 0, 0, 0, 0, 0, 1, 23, 320, 1295, 2146, 4457, 8110, 10977, 11641, 9736, 11184, 16569, 12119, 8289, 3722, 130, 0, 0, 0, 0, 0, 0, 0, 0]}, "logit_lens": {"promoted": [[" lived", 0.351], [" named", 0.247], [" sailed", 0.231], [" Mia", 0.22], [" who", 0.204], [" sail", 0.193], [" town", 0.179], [" Ben", 0.178], [" enjoyed", 0.17], [" Ann", 0.169]], "suppressed": [[" might", 0.413], ["'", 0.356], ["stead", 0.305], ["ance", 0.287], [" inv", 0.281], [" bite", 0.269], ["ust", 0.25], [" closer", 0.248], ["\"", 0.246], [" fig", 0.246]]}, "examples": [{"tokens": [" keep", " a", " part", " of", " the", " cute", " prize", ".", "<|endoftext|>", "Once", " upon", " a", " time", ",", " there", " was", " a", " brave", " lion", " who", " was", " going", " on", " an", " adventure", ".", " He"], "acts": [0.0, 0.0, 0.0, 0.0, 0.0, 0.0, 0.0, 0.0, 0.0, 0.0, 0.0, 0.0, 0.0, 0.0, 0.0, 0.0, 3.205, 5.2964, 8.4182, 2.2665, 1.6761, 1.149, 1.19, 0.0, 1.423, 0.0, 0.0], "max_pos": 18, "max_act": 8.4219}, {"tokens": [" was", " just", " around", " the", " corner", "!", "<|endoftext|>", "Once", " upon", " a", " time", " there", " was", " a", " young", " lion", ".", " One", " day", " it", " was", " walking", " through", " the"], "acts": [0.0, 0.0, 0.0, 0.0, 0.0, 0.0, 0.0, 0.0, 0.0, 0.0, 0.0, 0.0, 0.0, 3.3703, 5.3593, 8.2754, 0.0, 1.115, 0.0, 1.5397, 0.0, 0.0, 0.0, 0.0], "max_pos": 15, "max_act": 8.2734}, {"tokens": [" each", " other", " through", " ad", "ver", "s", "ity", " can", " make", " all", " the", " differe", "n", "ce", ".", "<|endoftext|>", "Once", " upon", " a", " time", " there", " was", " a", " young", " fox", " who", " was", " looking", " for", " something", " to", " do", "."], "acts": [0.0, 0.0, 0.0, 0.0, 0.0, 0.0, 0.0, 0.0, 0.0, 0.0, 0.0, 0.0, 0.0, 0.0, 0.0, 0.0, 0.0, 0.0, 0.0, 0.0, 0.0, 0.0, 3.2779, 4.8641, 8.0925, 1.5104, 1.2397, 1.2168, 0.0, 0.0, 0.0, 0.0, 0.0], "max_pos": 24, "max_act": 8.0938}, {"tokens": [" song", " for", " the", " rest", " of", " the", " day", ".", "<|endoftext|>", "Once", " upon", " a", " time", ",", " there", " was", " a", " playful", " chicken", " named", " Ch", "uck", ".", " Ch", "uck", " loved", " to"], "acts": [0.0, 0.0, 0.0, 0.0, 0.0, 0.0, 0.0, 0.0, 0.0, 0.0, 0.0, 0.0, 0.0, 0.0, 0.0, 0.0, 2.9549, 4.1952, 7.9994, 0.0, 2.7637, 1.1661, 0.0, 0.0, 0.0, 0.0, 0.0], "max_pos": 18, "max_act": 8.0}, {"tokens": [" toy", " could", " now", " dance", " around", " and", " be", " as", " al", "ive", " as", " it", " could", " be", ".", "<|endoftext|>", "Once", " upon", " a", " time", " there", " was", " a", " fast", " fox", ".", " He", " loved", " to", " run", " and", " go", " on"], "acts": [0.0, 0.0, 0.0, 0.0, 0.0, 0.0, 0.0, 0.0, 0.0, 0.0, 0.0, 0.0, 0.0, 0.0, 0.0, 0.0, 0.0, 0.0, 0.0, 0.0, 0.2729, 0.0, 3.3703, 4.2356, 7.9744, 0.0, 1.2146, 0.0, 0.6492, 0.9772, 0.0, 0.6561, 0.0], "max_pos": 24, "max_act": 7.9727}, {"tokens": [" that", " the", " child", " had", " recogn", "ized", " it", ".", " The", " gentle", " oat", " was", " part", " of", " their", " family", " now", ".", "<|endoftext|>", "Once", " there", " was", " a", " foolish", " fox", " who", " stepped", " into", " a", " dark", " ve", "l", "v"], "acts": [0.0, 0.0, 0.0, 0.0, 0.0, 0.0, 0.0, 0.0, 0.0, 0.0, 0.0, 0.0, 0.0, 0.0, 0.0, 0.0, 0.0, 0.0, 0.0, 0.345, 0.0, 0.0, 3.4732, 4.2271, 7.9531, 1.624, 1.1348, 1.1901, 0.7263, 1.7277, 2.2116, 0.0, 1.3236], "max_pos": 24, "max_act": 7.9531}, {"tokens": [" he", " could", " go", " for", " a", " ride", "!", "<|endoftext|>", "Once", " there", " was", " a", " fox", " who", " was", " very", " tired", ".", " He", " couldn", "'t"], "acts": [0.0, 0.0, 0.0, 0.0, 0.0, 0.0, 0.0, 0.0, 0.0, 0.0, 0.0, 3.1223, 7.9376, 1.2999, 1.1554, 1.0481, 1.3451, 0.0, 0.0, 0.0, 0.0], "max_pos": 12, "max_act": 7.9375}, {"tokens": [" all", " nodded", " and", " the", " big", " heart", " thanked", " them", " and", " continued", " on", " his", " journey", ".", "<|endoftext|>", "Once", " upon", " a", " time", ",", " there", " was", " a", " tiny", " kitten", " named", " Fluffy", ".", " She", " lived", " in", " a", " cozy"], "acts": [0.0, 0.0, 0.0, 0.0, 0.0, 0.0, 0.0, 0.0, 0.0, 0.0, 0.0, 0.0, 0.0, 0.0, 0.0, 0.3345, 0.0, 0.0, 0.0, 0.0, 0.2952, 0.2847, 3.4429, 4.7525, 7.9198, 0.0, 3.9785, 0.0, 0.7335, 0.0, 0.0, 0.0, 0.0], "max_pos": 24, "max_act": 7.918}, {"tokens": [" couldn", "'t", " wait", " for", " the", " next", " time", " he", " could", " come", " out", " and", " roll", " around", "!", "<|endoftext|>", "Once", " upon", " a", " time", " there", " was", " a", " young", " fox", ".", " He", " had", " two", " big", " ears", " and", " a"], "acts": [0.0, 0.0, 0.0, 0.0, 0.0, 0.0, 0.0, 0.0, 0.0, 0.0, 0.0, 0.0, 0.0, 0.0, 0.0, 0.0, 0.0, 0.0, 0.0, 0.0, 0.0, 0.0, 3.2531, 4.6517, 7.9059, 0.0, 1.0724, 0.4742, 0.9983, 1.009, 2.6368, 0.0, 0.8761], "max_pos": 24, "max_act": 7.9062}, {"tokens": [" in", " the", " family", ".", " With", " pat", "ience", " and", " practice", ",", " they", " could", " all", " make", " beautiful", " music", " together", ".", "<|endoftext|>", "Once", " there", " was", " a", " young", " bear", ".", " He", " was", " learning", " to", " balance", " on", " a"], "acts": [0.0, 0.0, 0.0, 0.0, 0.0, 0.0, 0.0, 0.0, 0.0, 0.0, 0.0, 0.0, 0.0, 0.0, 0.0, 0.0, 0.0, 0.0, 0.0, 0.0, 0.4425, 0.0, 3.4922, 5.0224, 7.8941, 0.0, 1.1952, 0.9411, 1.1444, 0.0, 0.0, 0.0, 0.0], "max_pos": 24, "max_act": 7.8945}, {"tokens": [" make", " sure", " the", " fox", " couldn", "'t", " tear", " it", " again", ".", " And", " the", " lion", " lived", " happily", " ever", " after", ".", "<|endoftext|>", "Once", " there", " was", " a", " helpful", " monkey", " who", " loved", " to", " climb", " trees", ".", " Every", "day"], "acts": [0.0, 0.0, 0.0, 0.0, 0.0, 0.0, 0.0, 0.0, 0.0, 0.0, 0.0, 0.0, 0.0, 0.0, 0.0, 0.0, 0.0, 0.0, 0.0, 0.0, 0.0, 0.0, 3.5262, 4.231, 7.8891, 1.6981, 0.0, 0.0, 0.0, 0.0, 0.0, 0.0, 0.0], "max_pos": 24, "max_act": 7.8906}, {"tokens": [" time", " on", " the", " river", " with", " his", " new", "ly", " rep", "a", "ired", " kay", "ak", ".", "<|endoftext|>", "Once", " upon", " a", " time", ",", " there", " was", " a", " little", " bee", " named", " Bu", "zz", ".", " Bu", "zz", " lived", " in"], "acts": [0.0, 0.0, 0.0, 0.0, 0.0, 0.0, 0.0, 0.0, 0.0, 0.0, 0.0, 0.0, 0.0, 0.0, 0.0, 0.0, 0.0, 0.0, 0.0, 0.0, 0.2253, 0.0, 3.3041, 3.1177, 7.8865, 0.0, 3.2148, 3.4438, 0.0, 0.8713, 1.4719, 0.0, 0.0], "max_pos": 24, "max_act": 7.8867}]}