{"id": 1432, "density": 0.064596, "max_act": 4.0390625, "hist": {"edges": [0.01, 0.0133, 0.0178, 0.0237, 0.0316, 0.0422, 0.0562, 0.075, 0.1, 0.1334, 0.1778, 0.2371, 0.3162, 0.4217, 0.5623, 0.7499, 1.0, 1.3335, 1.7783, 2.3714, 3.1623, 4.217, 5.6234, 7.4989, 10.0, 13.3352, 17.7828, 23.7137, 31.6228, 42.1697, 56.2341, 74.9894, 100.0], "counts": [0, 0, 0, 0, 0, 0, 0, 0, 0, 6, 115, 1843, 11914, 41001, 69776, 69636, 42988, 16569, 3543, 667, 326, 0, 0, 0, 0, 0, 0, 0, 0, 0, 0, 0]}, "logit_lens": {"promoted": [[" name", 0.316], [" keep", 0.252], [" share", 0.243], [" now", 0.24], [" especially", 0.235], [" sell", 0.231], [" This", 0.222], ["ge", 0.221], [" those", 0.22], [" talk", 0.219]], "suppressed": [[" stre", 0.341], [" size", 0.274], [" eas", 0.269], [" beh", 0.261], ["ations", 0.258], [" room", 0.247], [" beep", 0.234], ["wards", 0.23], [" mess", 0.225], [" legs", 0.219]]}, "examples": [{"tokens": [" it", ".", " She", " takes", " it", " out", " and", " puts", " it", " on", ".", " She", " feels", " happy", " and", " pretty", ".", "\n", "\n", "She", " goes", " to", " the", " kitchen", " to", " show", " her", " mom", ".", " Her", " mom", " is", " making"], "acts": [0.0, 0.0, 0.0, 0.0, 0.0, 0.0, 0.0, 0.0, 0.0, 0.0, 0.0, 0.0, 0.0, 0.0, 0.0, 0.0, 0.0, 0.0, 0.471, 0.0, 0.0, 1.4414, 0.5854, 0.6781, 4.0372, 0.5485, 0.0, 0.0, 0.0, 0.0, 0.0, 0.0, 0.0], "max_pos": 24, "max_act": 4.0391}, {"tokens": [" in", " the", " tree", ".", " She", " smiled", " and", " laughed", ".", " Then", ",", " she", " went", " to", " the", " playground", " to", " laugh", " again", ".", " She", " saw", " a", " little", " boy"], "acts": [0.0, 0.0, 0.0, 0.0, 0.6206, 0.0, 1.2304, 0.0, 0.0, 0.0, 0.4865, 0.0, 0.0, 1.3082, 0.0, 0.0, 4.0045, 0.0, 0.0, 0.0, 0.5827, 0.0, 1.2936, 0.0, 0.0], "max_pos": 16, "max_act": 4.0039}, {"tokens": [".", " She", " had", " a", " pony", " named", " Sp", "ark", "y", ".", " One", " day", ",", " Lily", " and", " Sp", "ark", "y", " went", " to", " the", " park", " to", " play", ".", " They", " saw", " a", " little", " boy", " there"], "acts": [0.0, 0.0, 0.0, 0.0, 0.0, 0.0, 0.0, 0.0, 0.0, 0.0, 0.0, 0.0, 0.0, 0.0, 0.5178, 0.0, 0.0, 0.0, 0.0, 0.0, 0.0, 0.0, 3.9962, 1.3891, 0.5963, 0.8261, 0.0, 1.6147, 0.0, 0.0, 0.0], "max_pos": 22, "max_act": 3.9961}, {"tokens": [" her", " family", " she", " wanted", " food", ".", " The", " little", " girl", " in", " the", " family", " heard", " Fluffy", "'s", " me", "ow", "s", ".", " She", " went", " to", " the", " kitchen", " to", " get", " some", " food", " for", " Fluffy", ".", " The", " little"], "acts": [0.0, 0.0, 0.0, 0.0, 0.0, 0.0, 0.0, 0.0, 0.0, 1.1815, 0.0, 0.0, 0.0, 0.0, 0.0, 0.0, 0.0, 0.0, 0.0, 0.0, 0.0, 0.9465, 0.4944, 0.9298, 3.8644, 1.5636, 0.7616, 0.0, 0.0, 0.0, 0.0, 0.0, 0.0], "max_pos": 24, "max_act": 3.8652}, {"tokens": [" two", " friends", " went", " to", " the", " kitchen", " to", " make", " their", " tun", "a", " dish", ".", " Soon", " they"], "acts": [0.0, 0.0, 0.0, 0.7676, 0.0, 0.7048, 3.8624, 1.2984, 0.0, 0.0, 0.0, 0.0, 0.0, 0.0, 0.0], "max_pos": 6, "max_act": 3.8633}, {"tokens": [" that", " she", " couldn", "'t", " hear", " her", " beautiful", " singing", " and", " dancing", ".", " \n", "\n", "F", "e", "el", "ing", " upset", ",", " Lily", " went", " to", " the", " kitchen", " to", " get", " some", " jam", " to", " make", " herself", " feel", " better"], "acts": [0.0, 0.0, 0.0, 0.0, 0.0, 0.0, 0.0, 0.0, 0.0, 0.0, 0.0, 0.0, 0.0, 0.0, 0.0, 0.0, 0.0, 0.0, 0.0, 0.0, 0.582, 0.6954, 0.0, 0.7753, 3.8488, 1.7713, 0.804, 0.0, 1.202, 0.0, 0.0, 0.0, 0.0], "max_pos": 24, "max_act": 3.8496}, {"tokens": [" not", " say", " anything", ".", " It", " just", " stared", " at", " Lily", " with", " its", " black", " eyes", ".", " Sara", " did", " not", " notice", ".", " She", " went", " to", " the", " kitchen", " to", " get", " a", " snack", ".", " She", " left", " the", " door"], "acts": [0.6786, 0.0, 0.0, 0.0, 0.0, 0.6301, 0.0, 0.0, 0.0, 1.2234, 0.7658, 0.0, 0.0, 0.0, 0.0, 0.0, 0.7129, 0.0, 0.0, 0.0, 0.7564, 1.3244, 0.9563, 0.7577, 3.836, 1.4693, 0.0, 0.0, 0.5548, 0.7875, 0.0, 0.0, 0.0], "max_pos": 24, "max_act": 3.8359}, {"tokens": [" girl", " named", " Lily", ".", " She", " loved", " to", " play", " with", " her", " toys", " and", " eat", " yummy", " snacks", ".", " One", " day", ",", " she", " went", " to", " the", " kitchen", " to", " get", " a", " snack", " from", " the", " ref", "r", "iger"], "acts": [0.0, 0.0, 0.0, 0.0, 0.0, 1.0382, 1.0593, 0.0, 0.0, 0.0, 0.7313, 0.0, 0.0, 0.0, 0.0, 0.5146, 0.4274, 0.5383, 0.4591, 0.0, 0.6402, 0.6817, 0.0, 0.0, 3.8232, 1.5381, 0.0, 0.0, 0.0, 0.0, 1.417, 0.0, 0.0], "max_pos": 24, "max_act": 3.8223}, {"tokens": [" and", " a", " cup", " of", " water", ".", " Lily", " drank", " some", " water", " and", " lay", " down", " on", " the", " couch", ".", "\n", "\n", "Mommy", " went", " to", " the", " kitchen", " to", " make", " some", " soup", ".", " Lily", " heard", " a", " noise"], "acts": [0.0, 0.0, 0.0, 0.0, 0.0, 0.0, 0.0, 0.0, 0.0, 0.0, 0.0, 0.0, 0.0, 0.8192, 0.0, 0.0, 0.0, 0.0, 0.0, 0.0, 0.0, 1.3897, 0.0, 0.8613, 3.8125, 0.9413, 0.7346, 0.0, 0.0, 0.0, 0.4823, 0.0, 0.0], "max_pos": 24, "max_act": 3.8125}, {"tokens": [" Lily", ".", " She", " loved", " muff", "ins", " and", " ate", " them", " every", " day", ".", " One", " day", ",", " she", " went", " to", " the", " park", " to", " play", " with", " her", " friends", ".", " She", " brought", " a"], "acts": [0.0, 0.0, 0.0, 1.2106, 0.0, 0.0, 0.0, 0.0, 0.0, 0.0, 0.0, 0.0, 0.7441, 0.8388, 0.5483, 0.0, 1.0515, 0.938, 0.6633, 0.0, 3.8011, 1.228, 1.3368, 1.0607, 0.8603, 0.8103, 0.9943, 2.1473, 0.9728], "max_pos": 20, "max_act": 3.8008}, {"tokens": [" girl", " named", " Lily", ".", " She", " loved", " the", " color", " purple", " and", " had", " a", " purple", " dress", ".", " One", " day", ",", " she", " went", " to", " the", " park", " to", " play", ".", " She", " saw", " a", " boy", " with", " a"], "acts": [0.0, 0.0, 0.0, 0.0, 0.6097, 1.4507, 0.0, 0.0, 0.0, 0.0, 1.0755, 0.6858, 0.0, 0.0, 0.0, 0.0, 0.6865, 0.0, 0.0, 0.5889, 0.6287, 0.0, 0.0, 3.7994, 1.1222, 0.0, 0.7715, 0.0, 1.5908, 0.8115, 0.0, 0.9195], "max_pos": 23, "max_act": 3.7988}, {"tokens": [".", " She", " had", " a", " red", " balloon", " that", " she", " thought", " was", " very", " attractive", ".", " One", " day", ",", " Lily", " and", " her", " mom", " went", " to", " the", " park", " to", " play", ".", " Lily", " brought", " her", " red", " balloon", " with"], "acts": [0.0, 0.0, 0.0, 0.4822, 0.0, 0.0, 0.8261, 0.0, 0.0, 0.5688, 0.0, 0.0, 0.0, 0.0, 0.4938, 0.0, 0.0, 0.496, 0.0, 0.0, 0.0, 0.6223, 0.0, 0.0, 3.754, 0.9087, 0.0, 0.5192, 1.493, 0.0, 0.0, 0.0, 0.0], "max_pos": 24, "max_act": 3.7539}]}