{"id": 144, "density": 0.02499225, "max_act": 8.7265625, "hist": {"edges": [0.01, 0.0133, 0.0178, 0.0237, 0.0316, 0.0422, 0.0562, 0.075, 0.1, 0.1334, 0.1778, 0.2371, 0.3162, 0.4217, 0.5623, 0.7499, 1.0, 1.3335, 1.7783, 2.3714, 3.1623, 4.217, 5.6234, 7.4989, 10.0, 13.3352, 17.7828, 23.7137, 31.6228, 42.1697, 56.2341, 74.9894, 100.0], "counts": [0, 0, 0, 0, 0, 0, 0, 0, 0, 1, 37, 307, 1350, 4845, 11716, 16871, 17670, 15382, 12554, 7631, 5881, 4029, 1608, 87, 0, 0, 0, 0, 0, 0, 0, 0]}, "logit_lens": {"promoted": [[" how", 0.385], [" why", 0.363], [" what", 0.361], [" new", 0.333], [" who", 0.319], [" which", 0.311], [" about", 0.311], ["What", 0.28], [" else", 0.274], ["Why", 0.271]], "suppressed": [["cks", 0.335], ["thday", 0.306], [" away", 0.283], ["board", 0.271], [" close", 0.268], ["ish", 0.263], ["ery", 0.25], ["ail", 0.244], ["ub", 0.242], ["ches", 0.237]]}, "examples": [{"tokens": [".", "<|endoftext|>", "Once", " upon", " a", " time", " there", " was", " a", " girl", " named", " Emma", ".", " She", " was", " very", " curious", " and", " always", " wanted", " to", " know", " what", " was", " happening", " around", " her", ".", "\n", "\n"], "acts": [0.0, 0.0, 0.0, 0.0, 0.0, 0.0, 0.0, 0.0, 0.0, 0.0, 0.0, 0.0, 0.0, 0.0, 0.0, 0.0, 4.2164, 0.0, 0.0, 2.0361, 0.6227, 8.7272, 3.8658, 0.0, 0.0, 0.0, 0.0, 0.0, 0.0, 0.0], "max_pos": 21, "max_act": 8.7266}, {"tokens": [" named", " Andy", ".", " He", " loved", " to", " explore", " and", " watch", " the", " world", " around", " him", ".", " Everywhere", " he", " went", ",", " Andy", " was", " curious", " and", " wanted", " to", " know", " more", ".", "\n", "\n", "One", " day", ",", " Andy"], "acts": [0.0, 0.0, 0.0, 0.0, 0.0, 0.0, 4.2892, 0.0, 1.6631, 0.0, 0.0, 0.0, 0.0, 0.0, 0.0, 0.0, 0.0, 0.0, 0.0, 0.0, 4.602, 0.0, 1.8756, 0.6263, 8.6823, 2.6511, 0.0, 0.0, 0.0, 0.0, 0.0, 0.0, 0.0], "max_pos": 24, "max_act": 8.6797}, {"tokens": [" a", " hand", "ful", ",", " and", " they", " both", " ate", " popcorn", " together", " as", " the", " movie", " started", ".", "<|endoftext|>", "Once", " there", " was", " a", " boy", " who", " wanted", " to", " know", " about", " muff", "ins", ".", " One", " day", ",", " the"], "acts": [0.0, 0.0, 0.0, 0.0, 0.0, 0.0, 0.0, 0.0, 0.0, 0.0, 0.0, 0.0, 0.0, 0.0, 0.0, 0.0, 0.0, 0.0, 0.0, 0.0, 0.0, 0.0, 1.3585, 0.0, 8.5973, 3.5698, 0.0, 0.0, 0.0, 0.0, 0.0, 0.0, 0.0], "max_pos": 24, "max_act": 8.5938}, {"tokens": ["On", " the", " way", " home", ",", " he", " showed", " it", " to", " J", "ul", "ie", ".", " She", " was", " very", " curious", " and", " wanted", " to", " know", " what", " he", " was", " going", " to", " do", " with", " it"], "acts": [0.0, 0.0, 0.0, 0.0, 0.0, 0.0, 0.0, 0.0, 0.0, 0.0, 0.0, 0.0, 0.0, 0.0, 0.0, 0.0, 4.2026, 0.0, 1.0162, 0.0, 8.5382, 3.4957, 1.1869, 0.0, 0.0, 0.0, 0.0, 0.0, 0.0], "max_pos": 20, "max_act": 8.5391}, {"tokens": [" he", " wondered", " what", " he", " could", " do", ".", " He", " thought", " of"], "acts": [0.0, 8.5114, 2.1671, 0.0, 0.0, 0.0, 0.0, 0.0, 0.6415, 0.9596], "max_pos": 1, "max_act": 8.5078}, {"tokens": [" safely", " so", " nobody", " could", " steal", " them", ".", "<|endoftext|>", "Once", " upon", " a", " time", " there", " was", " a", " nosy", " girl", " named", " Jane", ".", " Jane", " wanted", " to", " know", " everything", " that", " was", " going", " on", " around", " her", "."], "acts": [0.0, 0.0, 0.0, 0.0, 0.0, 0.0, 0.0, 0.0, 0.0, 0.0, 0.0, 0.0, 0.0, 0.0, 0.0, 1.0811, 0.0, 0.0, 0.0, 0.0, 0.0, 0.9641, 0.0, 8.4775, 1.3055, 0.0, 0.0, 0.0, 0.0, 0.0, 0.0, 0.0], "max_pos": 23, "max_act": 8.4766}, {"tokens": [" corner", " of", " her", " room", ".", " She", " wanted", " to", " know", " what", " was", " inside", " so", " she", " shook", " it", "."], "acts": [0.0, 0.0, 0.0, 0.0, 0.0, 0.0, 0.0, 0.0, 8.4304, 3.3201, 0.0, 0.0, 0.0, 0.0, 0.0, 0.0, 0.0], "max_pos": 8, "max_act": 8.4297}, {"tokens": [" little", " boy", " took", " a", " walk", " to", " the", " top", " of", " the", " hill", " to", " exam", "ine", " the", " board", ".", " He", " was", " very", " curious", " and", " wanted", " to", " know", " why", " the", " board", " was", " alone", " at", " the", " top"], "acts": [0.0, 0.0, 0.0, 0.0, 0.0, 0.0, 0.0, 0.0, 0.0, 0.0, 0.0, 0.0, 1.2284, 1.4425, 0.0, 0.0, 0.0, 0.0, 0.0, 0.0, 3.9891, 0.0, 0.9239, 0.7719, 8.386, 0.0, 0.0, 0.0, 0.0, 0.0, 0.0, 0.0, 0.0], "max_pos": 24, "max_act": 8.3828}, {"tokens": [".", " He", " wanted", " to", " know", " why", " things", " were", " the", " way", " they", " were", "."], "acts": [0.0, 0.0, 0.0, 0.0, 8.2981, 0.0, 1.1779, 0.0, 0.0, 0.0, 0.0, 0.0, 0.0], "max_pos": 4, "max_act": 8.2969}, {"tokens": [" wondered", " why", " there", " was", " a", " plate", " in", " the", " park"], "acts": [8.2855, 0.0, 0.0, 0.0, 0.0, 0.0, 0.0, 0.0, 0.0], "max_pos": 0, "max_act": 8.2891}, {"tokens": [" wondered", " if", " her", " knee", " would", " still", " hurt", ".", " She"], "acts": [8.2855, 0.0, 0.0, 0.0, 0.0, 0.0, 0.0, 0.0, 0.0], "max_pos": 0, "max_act": 8.2891}, {"tokens": [" a", " meadow", ".", " As", " she", " kne", "el", "ed", " there", " she", " saw", " a", " bright", " nut", " in", " the", " grass", ".", " She", " was", " curious", " and", " wanted", " to", " know", " what", " it", " was", ".", " She", " picked", " it", " up"], "acts": [0.0, 0.0, 0.0, 0.0, 0.0, 0.0, 0.0, 0.0, 0.0, 0.0, 0.0, 0.0, 0.0, 0.0, 0.0, 0.0, 0.0, 0.0, 0.0, 0.0, 4.2998, 0.0, 0.7189, 0.7338, 8.262, 3.6127, 0.0, 0.0, 0.0, 0.0, 0.0, 0.0, 0.0], "max_pos": 24, "max_act": 8.2656}]}