{"id": 1466, "density": 0.03782825, "max_act": 11.421875, "hist": {"edges": [0.01, 0.0133, 0.0178, 0.0237, 0.0316, 0.0422, 0.0562, 0.075, 0.1, 0.1334, 0.1778, 0.2371, 0.3162, 0.4217, 0.5623, 0.7499, 1.0, 1.3335, 1.7783, 2.3714, 3.1623, 4.217, 5.6234, 7.4989, 10.0, 13.3352, 17.7828, 23.7137, 31.6228, 42.1697, 56.2341, 74.9894, 100.0], "counts": [0, 0, 0, 0, 0, 0, 0, 0, 0, 0, 9, 143, 1270, 5516, 12194, 14039, 12763, 10350, 9795, 13777, 19333, 29282, 12875, 9127, 840, 0, 0, 0, 0, 0, 0, 0]}, "logit_lens": {"promoted": [[" were", 0.557], [" are", 0.494], [" both", 0.48], [" played", 0.34], ["'re", 0.325], [" feel", 0.316], [" became", 0.29], [" smile", 0.284], [" sat", 0.281], [" giggle", 0.281]], "suppressed": [["se", 0.251], [" was", 0.211], ["less", 0.181], ["is", 0.179], [" win", 0.174], ["able", 0.173], [" is", 0.172], [" tag", 0.171], ["ild", 0.171], ["sed", 0.169]]}, "examples": [{"tokens": [" time", " ag", "o", ".", " I", " thought", " I", " would", " never", " see", " it", " again", ".", " You", " found", " my", " Tr", "ue", " ring", "!\"", "\n", "\n", "Ben", " and", " Mia", " were", " happy", ".", " They", " had", " gi", "ven", " mom"], "acts": [0.0, 0.0, 0.0, 0.0, 0.0, 0.0, 0.0, 0.0, 0.6307, 0.0, 0.0, 0.0, 0.0, 0.5444, 0.0, 0.0, 0.0, 0.0, 0.0, 0.0, 0.0, 0.0, 0.0, 0.8632, 11.4226, 1.3818, 0.0, 0.0, 5.5806, 0.0, 0.0, 0.0, 0.0], "max_pos": 24, "max_act": 11.4219}, {"tokens": [" in", " front", " of", " her", " face", ".", " She", " made", " a", " funny", " noise", ".", "\n", "\n", "Lily", " and", " Tom", " were", " scared", ".", " They", " screamed", " and", " ran", " away"], "acts": [0.0, 0.0, 0.0, 0.0, 0.0, 0.0, 0.0, 0.0, 0.0, 0.0, 0.0, 0.0, 0.0, 0.0, 0.0, 0.0, 11.3425, 1.348, 0.0, 0.0, 6.3227, 0.0, 0.7844, 0.0, 0.0], "max_pos": 16, "max_act": 11.3438}, {"tokens": [" will", " give", " you", " a", " hug", " and", " a", " kiss", ".", " And", " maybe", " a", " cookie", ".\"", "\n", "\n", "Lily", " and", " Ben", " think", " for", " a", " moment", ".", " They", " like", " hugs"], "acts": [0.0, 0.0, 0.0, 0.0, 0.0, 0.0, 0.0, 0.0, 0.0, 0.0, 0.0, 0.0, 0.0, 0.0, 0.0, 0.0, 0.0, 0.0, 11.2862, 0.0, 0.0, 0.0, 0.0, 0.0, 7.4453, 0.0, 0.0], "max_pos": 18, "max_act": 11.2891}, {"tokens": [" could", " have", " started", " a", " fire", ".", " You", " should", " never", " cook", " without", " me", ".", " You", " should", " always", " ask", " me", " first", ".\"", "\n", "\n", "Lily", " and", " Tom", " felt", " sorry", ".", " They", " said", ",", " \"", "We"], "acts": [0.0, 0.0, 0.0, 0.0, 0.0, 0.0, 0.6264, 0.0, 0.0, 0.0, 0.0, 0.0, 0.0, 0.596, 0.0, 0.0, 0.0, 0.0, 0.0, 0.0, 0.0, 0.0, 0.0, 0.0, 11.217, 0.6135, 0.0, 0.0, 5.4619, 0.0, 0.0, 0.0, 3.0586], "max_pos": 24, "max_act": 11.2188}, {"tokens": [".\"", "\n", "\n", "Sam", " and", " Mia", " sighed", ".", " They", " knew", " their", " mom", " was", " right"], "acts": [0.0, 0.0, 0.0, 0.0, 0.0, 11.182, 0.0, 0.0, 6.2779, 0.0, 0.0, 0.0, 0.0, 0.0], "max_pos": 5, "max_act": 11.1797}, {"tokens": [" made", " a", " th", "ird", " loud", " noise", ".", "\n", "\n", "Ben", " and", " Lily", " were", " very", " angry", ".", " They", " saw", " the", " cr"], "acts": [0.0, 0.0, 0.0, 0.0, 0.0, 0.0, 0.0, 0.0, 0.0, 0.0, 0.0, 11.1782, 1.1772, 0.0, 0.0, 0.0, 4.7373, 0.0, 0.0, 0.0], "max_pos": 11, "max_act": 11.1797}, {"tokens": [" want", " to", " cry", ".", "\n", "\n", "Ben", " and", " Mia", " wonder", " why", " the", " teacher", " is", " so", " mean", "."], "acts": [0.0, 0.0, 0.0, 0.0, 0.0, 0.0, 0.0, 1.2127, 11.18, 0.0, 0.0, 0.0, 0.0, 0.0, 0.0, 0.0, 0.0], "max_pos": 8, "max_act": 11.1797}, {"tokens": ["!", " You", " need", " a", " bath", " right", " now", "!\"", "\n", "\n", "Sara", " and", " Tom", " nod", ".", " They", " are", " sorry", ".", " They", " hug"], "acts": [0.0, 0.0, 0.0, 0.0, 0.0, 0.0, 0.0, 0.0, 0.0, 0.0, 0.0, 0.0, 11.1326, 0.0, 0.0, 5.5561, 0.0, 0.0, 0.0, 5.0058, 0.0], "max_pos": 12, "max_act": 11.1328}, {"tokens": [" is", " Sam", ".", " I", " can", "'t", " play", " with", " you", ".", " I", " can", "'t", " walk", ".", " I", " can", "'t", " travel", ".\"", "\n", "\n", "Anna", " and", " Ben", " feel", " sad", ".", " They", " say", ",", " \"", "We"], "acts": [0.0, 0.0, 0.0, 0.0, 0.0, 0.0, 0.0, 0.0, 0.0, 0.0, 0.0, 0.0, 0.0, 0.0, 0.0, 0.0, 0.0, 0.0, 0.0, 0.0, 0.0, 0.0, 0.0, 0.0, 11.1246, 1.869, 0.0, 0.0, 5.9845, 0.0, 0.0, 1.0732, 3.1019], "max_pos": 24, "max_act": 11.125}, {"tokens": [" help", " me", " set", " the", " table", " for", " dinner", "?\"", "\n", "\n", "Sara", " and", " Ben", " say", " yes", ".", " They", " put", " away", " their", " blocks"], "acts": [0.0, 0.0, 0.0, 0.0, 0.0, 0.0, 0.0, 0.0, 0.0, 0.0, 0.0, 0.0, 11.1149, 0.0, 0.0, 0.0, 5.6274, 0.0, 0.0, 0.0, 0.0], "max_pos": 12, "max_act": 11.1172}, {"tokens": [" need", " a", " modern", " boat", " to", " enjoy", " it", ".", " Sara", " and", " Ben", " agreed", " and", " thanked", " Mom", " and", " Dad", ".", " They"], "acts": [0.0, 0.0, 0.0, 0.0, 0.0, 0.0, 0.0, 0.0, 0.0, 0.0, 11.0742, 0.0, 0.0, 0.0, 0.0, 0.0, 3.0721, 0.0, 4.8141], "max_pos": 10, "max_act": 11.0703}, {"tokens": [" a", " lot", ".", "\n", "\n", "Lily", " and", " Tom", " screamed", " and", " cried", ".", " They", " tried", " to", " get"], "acts": [0.0, 0.0, 0.0, 0.0, 0.0, 0.0, 0.0, 11.0524, 0.0, 2.825, 0.0, 0.0, 7.348, 0.0, 0.0, 0.0], "max_pos": 7, "max_act": 11.0547}]}