{"id": 1465, "density": 0.039255, "max_act": 4.75390625, "hist": {"edges": [0.01, 0.0133, 0.0178, 0.0237, 0.0316, 0.0422, 0.0562, 0.075, 0.1, 0.1334, 0.1778, 0.2371, 0.3162, 0.4217, 0.5623, 0.7499, 1.0, 1.3335, 1.7783, 2.3714, 3.1623, 4.217, 5.6234, 7.4989, 10.0, 13.3352, 17.7828, 23.7137, 31.6228, 42.1697, 56.2341, 74.9894, 100.0], "counts": [0, 0, 0, 0, 0, 0, 0, 0, 0, 0, 35, 368, 3488, 15179, 30742, 35324, 30686, 23348, 13222, 4148, 470, 10, 0, 0, 0, 0, 0, 0, 0, 0, 0, 0]}, "logit_lens": {"promoted": [[" only", 0.273], [" very", 0.253], [" made", 0.225], [" a", 0.213], [" have", 0.212], [" can", 0.211], [" tall", 0.208], [" cut", 0.205], [" both", 0.202], ["ied", 0.198]], "suppressed": [["ze", 0.328], [" flashlight", 0.315], ["ention", 0.294], [" feet", 0.288], ["ath", 0.288], [" breath", 0.286], ["als", 0.286], [" excitement", 0.286], [" top", 0.281], ["ater", 0.278]]}, "examples": [{"tokens": ["Stop", "!", " Don", "'t", " touch", " them", "!\"", " Lily", " said", ".", " She", " pulled", " the", " box", " away", " from", " Anna", ".", " \"", "They", " are", " mine", "!", " They", " are", " from", " my", " grandma", ".", " She", " gave", " them", " to"], "acts": [0.0, 0.0, 0.0, 0.0, 0.0, 0.0, 0.0, 0.0, 0.0, 0.0, 0.0, 0.0, 0.0, 0.8446, 0.0, 0.0, 0.0, 0.0, 0.0, 0.0, 3.4542, 0.0, 0.0, 1.2425, 4.7521, 0.0, 0.0, 0.0, 0.0, 0.0, 0.0, 0.0, 0.0], "max_pos": 24, "max_act": 4.7539}, {"tokens": [" them", " away", ".", "\n", "\n", "\"", "Look", ",", " Ben", " and", " Lily", ".\"", " Mom", " says", ".", " \"", "The", "se", " are", " bad", " tomato", "es", ".", " They", " are", " not", " good", " to", " eat", ".", " They", " can", " make"], "acts": [0.0, 0.0, 0.0, 0.0, 0.0, 0.0, 0.0, 0.0, 0.0, 0.0, 0.0, 0.0, 0.0, 0.0, 0.0, 0.0, 0.0, 0.0, 2.5831, 0.0, 0.0, 0.0, 0.6206, 1.2271, 4.5086, 2.5914, 0.0, 0.0, 0.0, 0.0, 0.0, 1.7554, 0.0], "max_pos": 24, "max_act": 4.5078}, {"tokens": [",", " \"", "Max", ",", " please", ",", " open", " the", " door", ".", " You", " are", " ru", "ining", " my", " crayons", ".", " I", " need", " them", " to", " draw", ".", " They", " are", " my", " supp", "ly", " of", " colors", ".\"", " Max", " did"], "acts": [0.0, 0.0, 0.0, 0.0, 0.0, 0.0, 0.0, 0.0, 0.0, 0.0, 2.2875, 2.3822, 0.0, 0.0, 0.0, 0.0, 0.0, 1.0728, 0.0, 0.0, 2.3643, 0.0, 0.0, 0.7758, 4.4189, 0.0, 0.0, 0.0, 0.0, 0.0, 0.0, 0.0, 0.0], "max_pos": 24, "max_act": 4.418}, {"tokens": [" car", " from", " Ben", "'s", " pile", " and", " a", " doll", " from", " Mia", "'s", " pile", ".", " She", " says", ",", " \"", "The", "se", " are", " mine", " now", ".", " They", " are", " better", " than", " yours", ".", " You", " can", " have", " the"], "acts": [0.0, 0.0, 0.0, 0.0, 0.0, 0.0, 0.0, 0.0, 0.9038, 0.0, 0.0, 0.0, 0.0, 0.0, 0.0, 0.0, 0.0, 0.0, 0.0, 2.4852, 0.0, 0.0, 0.779, 1.6172, 4.4114, 0.0, 0.0, 0.0, 0.5413, 2.8482, 0.8696, 0.0, 0.0], "max_pos": 24, "max_act": 4.4102}, {"tokens": ["se", " are", " not", " treasure", ",", " children", ",\"", " she", " said", ".", " \"", "The", "se", " are", " dirty", " and", " old", ".", " They", " have", " no", " value", ".", " They", " are", " just", " j", "unk", ".\"", "\n", "\n", "Ben", " and"], "acts": [0.0, 2.1895, 0.0, 0.0, 0.0, 0.0, 0.0, 0.0, 0.0, 0.0, 0.0, 0.0, 0.0, 2.8866, 0.0, 0.0, 0.0, 0.0, 0.0, 2.0927, 0.0, 0.0, 0.5028, 0.0, 4.3629, 1.7801, 0.0, 0.0, 0.0, 0.0, 0.0, 0.0, 0.0], "max_pos": 24, "max_act": 4.3633}, {"tokens": [" them", " back", " to", " me", ".\"", "\n", "\n", "Tom", " says", ",", " \"", "No", ",", " Lily", ".", " This", " is", " my", " doll", " and", " my", " comb", ".", " They", " are", " fun", ".", " You", " are", " boring", ".", " Go", " away"], "acts": [0.0, 0.0, 0.0, 0.0, 0.0, 0.0, 0.0, 0.0, 0.0, 0.0, 0.0, 0.0, 0.0, 0.0, 0.0, 0.0, 1.382, 0.0, 0.0, 0.0, 0.0, 0.0, 0.0, 1.2907, 4.3179, 0.0, 0.0, 2.2203, 2.0877, 0.0, 0.0, 0.0, 0.0], "max_pos": 24, "max_act": 4.3164}, {"tokens": [" Can", " I", " leave", " the", " garden", "?\u00e2\u20ac", "\n", "\n", "His", " dad", " laughed", ".", " \u00e2\u20ac\u0153", "No", ",", " John", ".", " N", "ot", " right", " now", ".", " The", " gate", " is", " too", " big", " for", " you", ".", " When", " you", "\u00e2\u20ac\u2122"], "acts": [0.0, 0.0, 0.0, 0.0, 0.0, 0.0, 0.0, 0.0, 0.0, 0.0, 0.0, 0.0, 0.0, 0.0, 0.0, 0.0, 0.0, 0.0, 0.0, 0.0, 0.0, 0.0, 0.0, 0.8917, 4.2581, 2.7149, 0.0, 0.0, 0.0, 0.0, 0.0, 0.0, 0.0], "max_pos": 24, "max_act": 4.2578}, {"tokens": [",", " what", " did", " you", " do", "?", " You", " know", " you", " are", " not", " supp", "o", "sed", " to", " touch", " the", " or", "n", "am", "ent", "s", ".", " They", " are", " not", " toys", ".", " They", " are", " fragile", " and", " can"], "acts": [0.0, 0.0, 0.0, 0.0, 0.0, 0.0, 2.3704, 0.0, 0.0, 1.5583, 0.0, 0.0, 0.0, 0.0, 0.0, 0.0, 0.0, 0.0, 0.0, 0.0, 0.0, 0.0, 0.0, 0.0, 4.2343, 2.0887, 0.0, 0.0, 0.0, 4.1897, 0.0, 0.0, 1.878], "max_pos": 24, "max_act": 4.2344}, {"tokens": ["?\"", " their", " mom", " said", ".", " \"", "You", " were", " not", " supp", "o", "sed", " to", " play", " with", " the", " scale", " and", " the", " ru", "l", "er", ".", " They", " are", " not", " toys", ".", " They", " are", " for", " cooking", " and"], "acts": [0.0, 0.0, 0.0, 0.0, 0.0, 0.0, 2.3957, 1.0931, 0.8748, 0.0, 0.0, 0.0, 0.0, 0.0, 0.0, 0.0, 0.0, 0.0, 0.0, 0.0, 0.0, 0.0, 0.0, 0.5803, 4.2329, 1.9508, 0.0, 0.0, 0.9624, 4.2323, 0.9624, 0.0, 0.0], "max_pos": 24, "max_act": 4.2344}, {"tokens": [" her", " dress", ".", " \n", "\n", "\"", "Oh", " no", "!\"", " cried", " Lily", ".", " \"", "My", " dress", " is", " all", " dirty", "!\"", "\n", "\n", "\"", "Don", "'t", " worry"], "acts": [0.0, 0.0, 0.0, 0.0, 0.0, 0.0, 0.0, 0.0, 0.0, 0.0, 0.0, 0.0, 0.0, 0.0, 0.0, 3.1407, 4.2166, 0.0, 0.0, 0.0, 0.0, 0.0, 0.0, 0.0, 0.0], "max_pos": 16, "max_act": 4.2148}, {"tokens": [" shopkeeper", ",", " \"", "Do", " you", " have", " any", " elephant", "s", "?\"", "\n", "\n", "The", " shopkeeper", " said", ",", " \"", "No", ",", " I", "'m", " sorry", ".", " They", " are", " very", " expensive", "!\"", "\n", "\n", "But", " Dave", "y"], "acts": [0.0, 0.0, 0.0, 0.0, 0.0, 0.0, 0.0, 0.0, 0.0, 0.0, 0.0, 0.0, 0.0, 0.0, 0.0, 0.0, 0.0, 0.0, 0.0, 0.69, 0.9459, 0.0, 0.0, 1.352, 4.212, 2.249, 0.0, 0.0, 0.0, 0.0, 0.0, 0.0, 0.0], "max_pos": 24, "max_act": 4.2109}, {"tokens": [" some", " ice", " on", " his", " hand", ".", " She", " said", ",", " \"", "Tom", ",", " you", " should", " not", " have", " f", "ed", " the", " g", "e", "ese", ".", " They", " are", " wild", " animals", " and", " they", " can", " hurt", " you", "."], "acts": [0.0, 0.0, 0.0, 0.0, 0.0, 0.0, 0.0, 0.0, 0.0, 0.0, 0.0, 0.0, 1.2548, 1.6858, 0.0, 0.0, 0.0, 0.0, 0.0, 0.0, 0.0, 0.0, 0.0, 0.0, 4.2099, 0.0, 0.0, 0.0, 0.0, 1.173, 0.0, 0.0, 0.0], "max_pos": 24, "max_act": 4.2109}]}