{"id": 1471, "density": 0.03134425, "max_act": 5.86328125, "hist": {"edges": [0.01, 0.0133, 0.0178, 0.0237, 0.0316, 0.0422, 0.0562, 0.075, 0.1, 0.1334, 0.1778, 0.2371, 0.3162, 0.4217, 0.5623, 0.7499, 1.0, 1.3335, 1.7783, 2.3714, 3.1623, 4.217, 5.6234, 7.4989, 10.0, 13.3352, 17.7828, 23.7137, 31.6228, 42.1697, 56.2341, 74.9894, 100.0], "counts": [0, 0, 0, 0, 0, 0, 0, 0, 0, 0, 15, 309, 2309, 11484, 24247, 29489, 24234, 16303, 9422, 5003, 2151, 407, 4, 0, 0, 0, 0, 0, 0, 0, 0, 0]}, "logit_lens": {"promoted": [[" turns", 0.301], [" me", 0.279], [" careful", 0.273], [" sudden", 0.248], [" yourself", 0.248], [" carefully", 0.238], [" what", 0.23], [" gentle", 0.221], [" patient", 0.213], [" each", 0.212]], "suppressed": [[" sky", 0.304], ["f", 0.301], ["les", 0.297], ["loo", 0.289], ["ings", 0.286], [" air", 0.285], ["as", 0.283], [" sparkled", 0.28], ["round", 0.278], ["g", 0.277]]}, "examples": [{"tokens": [" wall", " is", " not", " fair", ".", " It", " is", " not", " yours", ".", " It", " is", " our", "s", ".", " You", " have", " to", " respect", " it", ".", " You", " have", " to", " ask", " before", " you", " write", " on", " something", ".", " And", " you"], "acts": [0.0, 0.0, 0.0, 0.0, 0.0, 0.0, 0.0, 0.0, 0.0, 0.0, 0.0, 0.0, 0.0, 0.0, 0.0, 0.0, 0.0, 0.0, 3.8587, 0.0, 0.8767, 0.0, 0.0, 0.0, 5.8647, 1.9785, 0.0, 2.0687, 0.0, 0.0, 1.0742, 0.6034, 0.0], "max_pos": 24, "max_act": 5.8633}, {"tokens": [" says", ",", " \"", "It", "'s", " okay", ".", " I", "'m", " glad", " you", " are", " safe", ".", " But", " next", " time", ",", " you", " have", " to", " ask", " before", " you", " take", " something", ".", " And", " you", " have"], "acts": [0.0, 0.0, 0.0, 0.0, 0.0, 0.0, 0.0, 0.0, 0.0, 0.0, 0.0, 0.0, 0.0, 0.0, 0.0, 0.0, 0.0, 0.0, 0.0, 0.6678, 0.0, 5.8039, 2.427, 0.0, 3.1589, 0.0, 1.3756, 0.7125, 0.0, 0.0], "max_pos": 21, "max_act": 5.8047}, {"tokens": [" and", " says", ",", " \"", "I", " love", " you", " too", ",", " Tom", " and", " Anna", ".", " I", " know", " you", " did", " not", " know", ".", " But", " you", " have", " to", " ask", " before", " you", " take", " something", " that", " is", " not", " yours"], "acts": [0.0, 0.0, 0.0, 0.0, 0.0, 0.0, 0.0, 0.0, 0.0, 0.0, 0.0, 0.0, 0.3505, 0.0, 0.0, 0.0, 0.7217, 0.0, 0.6606, 0.0, 0.0, 0.0, 0.7146, 0.0, 5.7838, 2.2994, 0.0, 3.3293, 0.0, 0.0, 0.0, 0.0, 0.0], "max_pos": 24, "max_act": 5.7852}, {"tokens": [" have", " to", " respect", " the", " wall", ".", " You", " have", " to", " respect", " me", ".", " You", " cannot", " de", "ma", "nd", " what", " you", " want", ".", " You", " have", " to", " ask", " and", " listen", ".", " That", " is", " the", " right", " thing"], "acts": [0.0, 0.0, 4.166, 0.0, 0.0, 0.0, 0.0, 0.0, 0.0, 4.1324, 0.0, 0.6758, 0.0, 0.0, 0.0, 0.0, 0.0, 0.0, 0.0, 0.0, 0.6616, 0.0, 0.0, 0.0, 5.6308, 1.2808, 2.4038, 1.5754, 0.0, 0.0, 0.0, 0.0, 0.0], "max_pos": 24, "max_act": 5.6289}, {"tokens": [" mom", " sighed", " and", " kissed", " her", " fore", "head", ".", "\n", "\n", "\"", "I", " know", ",", " honey", ".", " I", " love", " you", ".", " But", " you", " have", " to", " ask", " me", " before", " you", " touch", " my", " jewel", "ry", "."], "acts": [0.0, 0.0, 0.0, 0.0, 0.0, 0.0, 0.0, 0.0, 0.0, 0.0, 0.0, 0.0, 0.0, 0.0, 0.0, 0.0, 0.0, 0.0, 0.0, 0.0, 0.0, 0.0, 0.7312, 0.0, 5.5906, 2.3175, 1.4738, 0.0, 2.4567, 0.0, 0.0, 0.0, 0.0], "max_pos": 24, "max_act": 5.5898}, {"tokens": [" listen", ".", " You", " have", " to", " ask", " nicely", " if", " you", " want", " to", " play", " with", " my"], "acts": [0.0, 0.0, 0.0, 0.0, 0.0, 5.5854, 3.0555, 0.0, 0.0, 1.9709, 0.0, 1.4251, 2.9671, 0.0], "max_pos": 5, "max_act": 5.5859}, {"tokens": [" dog", " is", " friendly", " and", " likes", " children", ".", " But", " you", " have", " to", " ask", " Lily", " first", ",\"", " Mom", " said", ".", "\n", "\n"], "acts": [0.0, 0.0, 0.0, 0.0, 0.0, 0.0, 0.0, 0.0, 0.0, 0.0, 0.0, 5.5318, 1.476, 0.0, 0.0, 0.0, 0.0, 0.0, 0.0, 0.0], "max_pos": 11, "max_act": 5.5312}, {"tokens": [" Lily", " are", " hungry", ".", " He", " says", " to", " them", ".", "\n", "\n", "\"", "OK", ",", " OK", ".", " I", " forgive", " you", ".", " But", " you", " have", " to", " ask", " me", " first", ".", " You", " cannot", " take", " things", " that"], "acts": [0.0, 0.0, 0.0, 0.0, 0.0, 0.0, 0.0, 0.7864, 0.0, 0.0, 0.0, 0.0, 0.0, 0.0, 0.0, 0.0, 0.0, 0.0, 0.0, 0.0, 0.0, 0.0, 0.0, 0.0, 5.5229, 1.969, 0.0, 0.0, 0.0, 0.0, 1.8328, 0.0, 0.0], "max_pos": 24, "max_act": 5.5234}, {"tokens": [" back", "?\"", "\n", "\n", "His", " mom", " smiled", ".", " She", " said", ",", " \"", "Yes", ",", " you", " can", " have", " it", " back", ".", " But", " you", " have", " to", " take", " good", " care", " of", " it", ".", " It", " is", " not"], "acts": [0.0, 0.0, 0.0, 0.0, 0.0, 0.0, 0.0, 0.0, 0.0, 0.0, 0.0, 0.0, 0.0, 0.0, 0.0, 0.0, 0.0, 0.0, 0.0, 0.0, 0.0, 0.0, 0.5432, 0.0, 5.5133, 2.1363, 0.0, 3.0021, 0.7233, 0.6256, 0.0, 0.0, 0.0], "max_pos": 24, "max_act": 5.5117}, {"tokens": [" and", " clever", ".", " You", " made", " amazing", " things", " with", " your", " blocks", ".", " But", " you", " have", " to", " follow", " the", " rules", ".", " You", " have", " to", " ask", " before", " you", " take", " things", ".", " You", " have", " to"], "acts": [0.0, 0.0, 0.0, 0.0, 1.7295, 0.0, 0.0, 1.5502, 0.0, 0.0, 0.0, 0.0, 0.0, 0.0, 0.0, 4.7185, 0.0, 0.0, 1.0662, 0.0, 0.0, 0.0, 5.5131, 2.4627, 0.0, 3.0912, 0.0, 1.3913, 0.0, 0.0, 0.0], "max_pos": 22, "max_act": 5.5117}, {"tokens": [",", " \"", "Yes", ",", " you", " can", " keep", " the", " make", "up", ".", " But", " you", " can", " only", " play", " with", " it", " sometimes", ".", " And", " you", " have", " to", " ask", " me", " first", ".", " OK", "?\"", "\n", "\n", "Lily"], "acts": [0.0, 0.0, 0.0, 0.0, 0.0, 0.0, 0.5284, 0.0, 0.0, 0.0, 0.0, 0.0, 0.0, 0.6651, 0.0, 1.1873, 2.4131, 0.0, 0.0, 0.0, 0.0, 0.0, 0.0, 0.0, 5.4941, 1.9275, 0.0, 0.7122, 0.0, 0.0, 0.0, 0.0, 0.0], "max_pos": 24, "max_act": 5.4961}, {"tokens": [" and", " said", ",", " \"", "You", "'re", " welcome", ",", " Lily", ".", " And", " yes", ",", " you", " can", " keep", " W", "igg", "le", ".", " But", " you", " have", " to", " take", " good", " care", " of", " him", ".", " He", " will", " change"], "acts": [0.0, 0.0, 0.0, 0.0, 0.0, 0.0, 0.0, 0.0, 0.0, 0.0, 0.0, 0.0, 0.0, 0.0, 0.0, 0.0, 0.0, 0.0, 0.0, 0.0, 0.0, 0.0, 0.631, 0.0, 5.4913, 2.1275, 0.0, 2.7745, 0.0, 0.8109, 0.0, 0.0, 0.0], "max_pos": 24, "max_act": 5.4922}]}