{"id": 1482, "density": 0.0309435, "max_act": 4.29296875, "hist": {"edges": [0.01, 0.0133, 0.0178, 0.0237, 0.0316, 0.0422, 0.0562, 0.075, 0.1, 0.1334, 0.1778, 0.2371, 0.3162, 0.4217, 0.5623, 0.7499, 1.0, 1.3335, 1.7783, 2.3714, 3.1623, 4.217, 5.6234, 7.4989, 10.0, 13.3352, 17.7828, 23.7137, 31.6228, 42.1697, 56.2341, 74.9894, 100.0], "counts": [0, 0, 0, 0, 0, 0, 0, 0, 0, 8, 91, 1126, 6955, 20883, 29621, 26331, 19091, 11247, 5722, 2329, 369, 1, 0, 0, 0, 0, 0, 0, 0, 0, 0, 0]}, "logit_lens": {"promoted": [["One", 0.406], ["Later", 0.323], ["hing", 0.314], [" After", 0.305], ["After", 0.288], [" While", 0.277], [" One", 0.277], ["ach", 0.272], ["As", 0.268], [" later", 0.258]], "suppressed": [[" m", 0.226], [" arms", 0.223], ["i", 0.223], [" you", 0.222], [" might", 0.215], ["ing", 0.203], ["ed", 0.202], [" big", 0.193], [" tall", 0.183], [" to", 0.182]]}, "examples": [{"tokens": [" bags", " on", " it", "!\"", " They", " both", " hung", " their", " bags", " on", " the", " hook", " and", " played", " together", " all", " day", ".", " They", " had", " a", " lot", " of", " fun", ".", "\n", "\n", "Later", ",", " the", " sky", " turned", " dark"], "acts": [0.0, 0.0, 0.0, 0.9943, 0.0, 0.0, 0.0, 0.0, 0.0, 0.0, 0.0, 0.0, 0.0, 0.0, 0.0, 0.0, 0.0, 3.3169, 0.0, 0.0, 0.0, 0.0, 0.0, 0.0, 4.2933, 1.9107, 4.1195, 0.0, 0.0, 0.0, 0.0, 0.0, 0.0], "max_pos": 24, "max_act": 4.293}, {"tokens": [" small", " house", " with", " his", " best", " friend", ",", " a", " little", " girl", " named", " Sue", ".", " Sue", " and", " Tom", " loved", " to", " play", " together", " all", " day", ".", "\n", "\n", "One", " sunny", " day", ",", " Sue", " and", " Tom", " found"], "acts": [1.3146, 0.0, 0.0, 0.0, 0.0, 0.0, 0.0, 0.0, 0.0, 0.0, 0.0, 0.0, 2.2015, 0.0, 0.0, 0.0, 0.0, 0.0, 0.0, 0.0, 0.0, 0.0, 3.1962, 1.1556, 4.1881, 3.095, 0.0, 0.0, 0.0, 0.0, 0.0, 0.0, 0.0], "max_pos": 24, "max_act": 4.1875}, {"tokens": [" the", " butter", ",", " please", "?\"", " Kitty", " said", ",", " \"", "Yes", ",", " you", " can", " have", " it", ".\"", " They", " both", " smiled", " and", " were", " happy", ".", "\n", "\n", "K", "itty", " and", " Do", "gg", "y", " decided", " to"], "acts": [0.0, 0.0, 0.0, 0.0, 0.5044, 0.0, 0.0, 0.0, 0.0, 0.0, 0.0, 0.0, 0.0, 0.0, 0.0, 3.2036, 0.0, 0.0, 0.0, 0.0, 0.0, 0.0, 3.8645, 2.553, 4.1821, 0.0, 0.0, 0.0, 0.0, 0.0, 0.0, 0.0, 0.0], "max_pos": 24, "max_act": 4.1836}, {"tokens": [",", " Sue", "!", " I", " am", " happy", " too", ".\"", " Tim", " and", " Sue", " played", " on", " the", " swings", " and", " the", " slide", ".", " They", " had", " lots", " of", " fun", ".", "\n", "\n"], "acts": [0.0, 0.0, 0.0, 0.0, 0.0, 0.0, 0.0, 1.6611, 0.0, 0.0, 0.0, 0.0, 0.0, 0.0, 0.6602, 0.0, 0.0, 0.0, 2.6971, 0.0, 0.0, 0.0, 0.0, 0.0, 4.1848, 1.359, 3.6093], "max_pos": 24, "max_act": 4.1836}, {"tokens": [" with", " the", " blue", " rope", ".", " Mia", " was", " happy", " because", " she", " could", " skip", " just", " like", " Tom", ".", " They", " both", " laughed", " and", " had", " lots", " of", " fun", ".", "\n", "\n", "After", " playing", ",", " they", " sat", " under"], "acts": [0.0, 0.0, 0.0, 0.0, 2.026, 0.0, 0.0, 0.0, 0.0, 0.0, 0.0, 0.0, 0.0, 0.0, 0.0, 2.9144, 0.0, 0.0, 0.0, 0.0, 0.0, 0.0, 0.0, 0.0, 4.0866, 1.8923, 3.947, 0.7892, 0.0, 0.8468, 0.8564, 0.0, 0.0], "max_pos": 24, "max_act": 4.0859}, {"tokens": ["!", " Let", "'s", " be", " friends", "!\"", " Tim", " was", " happy", " to", " have", " a", " new", " friend", ".", " They", " played", " together", " and", " had", " a", " lot", " of", " fun", ".", "\n", "\n", "At", " the", " end", " of", " the", " day"], "acts": [0.0, 0.0, 0.0, 0.0, 0.0, 0.9742, 0.0, 0.0, 0.0, 0.0, 0.0, 0.0, 0.0, 0.0, 2.7822, 0.0, 0.0, 0.7812, 0.0, 0.0, 0.0, 0.0, 0.0, 0.0, 4.0818, 1.848, 3.7841, 1.286, 0.0, 0.0, 0.0, 0.0, 0.0], "max_pos": 24, "max_act": 4.082}, {"tokens": [" pet", " cat", " named", " Kitty", ".", " Kitty", " loved", " to", " play", " with", " Tom", ",", " and", " they", " would", " race", " around", " the", " house", " all", " day", " long", ".", "\n", "\n", "One", " day", ",", " Tom", " found", " a", " big", " ball"], "acts": [0.0, 0.0, 0.0, 0.0, 1.7017, 0.0, 0.0, 0.0, 0.0, 0.0, 0.0, 0.0, 0.0, 0.0, 0.0, 0.0, 0.0, 0.0, 0.0, 0.0, 0.0, 0.0, 2.3717, 1.568, 4.0634, 2.7914, 0.0, 0.0, 0.0, 0.0, 0.0, 0.0, 1.2549], "max_pos": 24, "max_act": 4.0625}, {"tokens": [" in", " a", " small", " house", " with", " a", " little", " girl", " named", " Sue", ".", " Sue", " loved", " Kitty", " very", " much", " and", " played", " with", " her", " every", " day", ".", "\n", "\n", "One", " day", ",", " Sue", " made", " a", " sandwich", " for"], "acts": [0.0, 0.0, 0.0, 0.0, 0.0, 0.0, 0.0, 0.0, 0.0, 0.0, 2.2978, 0.0, 0.0, 0.0, 0.0, 0.0, 0.0, 0.0, 0.0, 0.0, 0.0, 0.0, 2.915, 2.2049, 4.0503, 3.2448, 0.0, 0.5633, 0.0, 0.0, 0.0, 0.0, 0.0], "max_pos": 24, "max_act": 4.0508}, {"tokens": [" you", "?\"", " Tom", " replied", ",", " \"", "Yes", ",", " you", " can", " play", " with", " me", ",", " Lucy", ".\"", " They", " played", " together", " and", " had", " lots", " of", " fun", ".", "\n", "\n", "While", " playing", ",", " Lucy", " fell", " down"], "acts": [0.0, 0.0, 0.0, 0.0, 0.0, 0.0, 0.0, 0.0, 0.0, 0.0, 0.0, 0.0, 0.0, 0.0, 0.0, 3.1084, 0.0, 0.4607, 1.2017, 0.0, 0.0, 0.0, 0.0, 0.0, 4.042, 2.1969, 3.8621, 0.0, 0.0, 1.0231, 0.0, 0.0, 0.0], "max_pos": 24, "max_act": 4.043}, {"tokens": [" to", " help", " his", " friends", ".", " He", " had", " a", " pet", " dog", " named", " Spot", ".", " Spot", " was", " small", " and", " loved", " to", " play", " with", " Tom", ".", "\n", "\n", "One", " day", ",", " Tom", " and", " Spot", " went", " for"], "acts": [0.0, 0.0, 0.0, 0.0, 2.9867, 0.0, 0.0, 0.0, 0.0, 0.0, 0.0, 0.0, 2.5513, 0.0, 0.0, 0.0, 0.0, 0.0, 0.0, 0.0, 0.0, 0.0, 2.7618, 1.8325, 4.0149, 2.9248, 0.0, 0.0, 0.0, 0.0, 0.0, 0.0, 0.0], "max_pos": 24, "max_act": 4.0156}, {"tokens": [".", " Let", "'s", " play", " under", " the", " high", " tree", ".\"", " Sam", " smiled", " and", " followed", " his", " brother", ".", " They", " played", " together", ",", " laughing", " and", " having", " fun", ".", "\n", "\n", "Suddenly", ",", " a", " big", " bird", " flew"], "acts": [0.0, 0.0, 0.0, 0.0, 0.0, 0.0, 0.0, 0.0, 0.9871, 0.0, 0.0, 0.0, 0.0, 0.0, 0.0, 2.8076, 0.0, 0.0, 0.5677, 0.0, 0.0, 0.0, 0.0, 0.0, 4.0054, 1.7937, 3.6538, 0.0, 0.0, 0.0, 0.0, 0.0, 0.0], "max_pos": 24, "max_act": 4.0039}, {"tokens": [" lived", " in", " a", " big", " house", " with", " her", " friend", ",", " a", " dog", " named", " Max", ".", " They", " loved", " to", " play", " together", " all", " day", " long", ".", "\n", "\n", "One", " day", ",", " Lucy", " and", " Max", " were", " playing"], "acts": [0.0, 0.0, 0.0, 0.0, 0.0, 0.0, 0.0, 0.0, 0.0, 0.0, 0.0, 0.0, 0.0, 2.4111, 0.0, 0.0, 0.0, 0.0, 0.683, 0.0, 0.0, 0.0, 3.0278, 1.8539, 3.9958, 3.0383, 0.0, 0.0, 0.0, 0.0, 0.0, 0.0, 0.0], "max_pos": 24, "max_act": 3.9961}]}