{"id": 1487, "density": 0.06990425, "max_act": 9.78125, "hist": {"edges": [0.01, 0.0133, 0.0178, 0.0237, 0.0316, 0.0422, 0.0562, 0.075, 0.1, 0.1334, 0.1778, 0.2371, 0.3162, 0.4217, 0.5623, 0.7499, 1.0, 1.3335, 1.7783, 2.3714, 3.1623, 4.217, 5.6234, 7.4989, 10.0, 13.3352, 17.7828, 23.7137, 31.6228, 42.1697, 56.2341, 74.9894, 100.0], "counts": [0, 0, 0, 0, 0, 0, 0, 0, 0, 19, 355, 1618, 2974, 9476, 25059, 41844, 48390, 47525, 42025, 32539, 19539, 7061, 1118, 75, 0, 0, 0, 0, 0, 0, 0, 0]}, "logit_lens": {"promoted": [[" him", 0.526], [" them", 0.326], [" her", 0.301], [".", 0.29], [" me", 0.262], [" itself", 0.249], [" you", 0.246], [" us", 0.231], [" his", 0.23], [" its", 0.221]], "suppressed": [["p", 0.319], ["ith", 0.278], [" game", 0.274], ["is", 0.274], [" smell", 0.267], [" finished", 0.25], [" teacher", 0.247], ["em", 0.237], ["akes", 0.236], ["nt", 0.236]]}, "examples": [{"tokens": [" see", " Lily", ".", " He", " wanted", " to", " say", " sorry", ".", " He", " cried", " and", " screamed", ",", " but", " no", " one", " heard", " him", ".", " The", " man", " was", " mean", " and", " hit"], "acts": [4.4559, 0.0, 0.0, 0.0, 0.0, 0.0, 0.0, 0.0, 0.0, 0.0, 0.0, 0.0, 0.0, 0.0, 0.0, 0.0, 0.0, 9.7791, 1.2795, 0.0, 0.0, 0.0, 0.0, 0.0, 0.0, 2.2394], "max_pos": 17, "max_act": 9.7812}, {"tokens": ["\n", "Lila", " felt", " a", " big", " hole", " in", " her", " chest", ".", " She", " wanted", " her", " balloon", " back", ".", " She", " cried", " and", " cried", ",", " but", " no", " one", " heard", " her", ".", " The", " park", " was", " empty", " and", " quiet"], "acts": [0.0, 0.0, 0.0, 0.0, 0.0, 0.0, 1.9517, 0.0, 0.0, 0.0, 0.0, 0.0, 0.0, 0.0, 0.0, 0.0, 0.0, 0.0, 0.0, 0.0, 0.0, 0.0, 0.0, 0.0, 9.3321, 0.0, 0.0, 0.0, 0.0, 0.0, 0.0, 0.0, 0.0], "max_pos": 24, "max_act": 9.3359}, {"tokens": [" he", " was", " not", " there", ".", " She", " was", " alone", ".", "\n", "\n", "\"", "Help", "!", " He", "lp", "!\"", " she", " cried", ",", " hop", "ing", " someone", " would", " hear", " her", ".", "\n", "\n", "Ben", " heard", " her", " cry"], "acts": [0.0, 0.0, 0.0, 0.0, 0.0, 0.0, 0.0, 0.0, 0.0, 0.0, 0.0, 0.0, 0.0, 0.0, 0.0, 0.0, 0.0, 0.0, 0.0, 0.0, 0.0, 0.0, 0.0, 0.0, 9.3275, 0.0, 0.0, 0.0, 0.0, 0.0, 4.7223, 0.0, 0.0], "max_pos": 24, "max_act": 9.3281}, {"tokens": [".", " She", " could", " not", " bre", "at", "he", ".", " She", " needed", " o", "x", "y", "g", "en", ".", " She", " tried", " to", " scream", ",", " but", " no", " one", " heard", " her", ".", "\n", "\n", "Then", ",", " she", " felt"], "acts": [0.0, 0.0, 0.0, 0.0, 0.0, 0.0, 0.0, 0.0, 0.0, 0.0, 0.0, 0.0, 0.0, 0.0, 0.0, 0.0, 0.0, 0.0, 0.0, 0.0, 0.0, 0.0, 0.0, 0.0, 9.1349, 0.0, 0.0, 0.7515, 0.0, 0.0, 0.0, 0.0, 0.0], "max_pos": 24, "max_act": 9.1328}, {"tokens": [" his", " leg", ".", " Sam", " screamed", " and", " cried", " too", ".", " Tim", " and", " Sam", " were", " both", " hurt", " and", " scared", ".", "\n", "\n", "No", " one", " heard", " them", ".", " No", " one", " came", " to", " help", " them"], "acts": [0.0, 0.0, 0.0, 0.0, 0.0, 0.0, 0.0, 0.0, 0.0, 0.0, 0.0, 0.0, 0.0, 0.0, 0.0, 0.0, 0.0, 0.0, 0.0, 0.0, 0.0, 0.0, 9.1211, 1.6089, 0.0, 0.0, 0.0, 0.0, 4.1967, 5.303, 1.406], "max_pos": 22, "max_act": 9.125}, {"tokens": [" box", " move", ".", " She", " was", " scared", " and", " confused", ".", " She", " tried", " to", " shout", " and", " b", "ang", " on", " the", " l", "id", ",", " but", " no", " one", " heard", " her", ".", " She", " tried", " to", " find", " her", " shadow"], "acts": [0.0, 0.8536, 0.0, 0.0, 0.0, 0.0, 0.0, 0.0, 0.0, 0.0, 0.0, 0.0, 0.0, 0.0, 0.0, 0.0, 1.2376, 0.0, 0.0, 0.0, 0.0, 0.0, 0.0, 0.0, 9.0503, 0.0, 0.0, 0.0, 0.0, 0.0, 0.0, 0.0, 0.0], "max_pos": 24, "max_act": 9.0469}, {"tokens": [" He", " did", " not", " like", " being", " locked", " in", " the", " bathroom", ".", " He", " ban", "ged", " on", " the", " door", " and", " shouted", " for", " help", ",", " but", " no", " one", " heard", " him", ".", " He", " started", " to", " cry", ".", "\n"], "acts": [0.0, 0.0, 0.0, 0.0, 0.0, 0.0, 1.7716, 0.0, 0.0, 0.0, 0.0, 0.0, 0.0, 0.67, 0.0, 0.0, 0.0, 0.0, 1.1031, 1.3607, 0.0, 0.0, 0.0, 0.0, 8.8513, 0.9165, 0.0, 0.0, 0.0, 0.0, 0.0, 0.0, 0.0], "max_pos": 24, "max_act": 8.8516}, {"tokens": [" car", ",", " the", " man", " grabbed", " her", " and", " put", " her", " in", " the", " trunk", ".", " Lily", " was", " scared", " and", " cried", " for", " help", ",", " but", " no", " one", " heard", " her", ".", " She", " was", " stuck", " there", " for", " a"], "acts": [0.0, 0.0, 0.0, 0.0, 0.9956, 0.0, 0.0, 0.0, 0.0, 0.0, 0.0, 0.0, 0.0, 0.0, 0.0, 0.0, 0.0, 0.0, 1.2015, 0.0, 0.0, 0.0, 0.0, 0.0, 8.8543, 0.0, 0.0, 0.0, 0.0, 0.0, 0.0, 3.6217, 0.0], "max_pos": 24, "max_act": 8.8516}, {"tokens": [" what", " to", " do", ".", " Then", " he", " remembered", " that", " he", " was", " deaf", ".", " He", " was", " so", " relieved", " that", " no", " one", " else", " heard", " his", " snee", "z", "ing", "!", " He", " smiled", " and"], "acts": [0.0, 1.9001, 0.0, 0.0, 0.0, 0.0, 0.0, 0.0, 0.0, 0.0, 0.0, 0.0, 0.0, 0.0, 0.0, 0.0, 0.0, 0.0, 0.0, 0.0, 8.7817, 0.0, 0.0, 0.0, 0.0, 0.0, 0.0, 0.0, 0.0], "max_pos": 20, "max_act": 8.7812}, {"tokens": [" something", " bad", " happened", ".", " Tom", " and", " Lily", " lost", " their", " balance", " and", " fell", " into", " the", " well", ".", " They", " screamed", " for", " help", ",", " but", " no", " one", " heard", " them", ".", " They", " were", " wet", " and", " cold", " and"], "acts": [0.0, 0.0, 0.0, 0.0, 0.0, 0.0, 0.0, 1.2071, 0.0, 0.0, 0.0, 0.0, 2.3055, 0.0, 0.0, 0.0, 0.0, 0.0, 0.9947, 1.0948, 0.0, 0.0, 0.0, 0.0, 8.7267, 1.9516, 0.0, 0.0, 0.0, 0.0, 0.0, 0.0, 0.0], "max_pos": 24, "max_act": 8.7266}, {"tokens": ["\n", "He", " flew", " up", " high", " in", " the", " sky", " and", " let", " out", " a", " loud", ",", " sad", " cry", ".", " He", " was", " hop", "ing", " that", " someone", " might", " hear", " him", ",", " but", " there", " was", " only", " sil", "ence"], "acts": [0.0, 0.0, 0.0, 0.0, 0.0, 0.0, 0.0, 0.0, 0.0, 0.0, 0.0, 0.0, 0.0, 0.0, 0.0, 0.0, 0.0, 0.0, 0.0, 0.0, 0.0, 0.0, 0.0, 0.0, 8.7129, 1.5316, 0.0, 0.0, 0.0, 0.0, 0.0, 0.0, 0.0], "max_pos": 24, "max_act": 8.7109}, {"tokens": [" her", " friends", " sad", " and", " her", " mom", " ashamed", ".", " She", " reg", "ret", "ted", " her", " cho", "ice", ".", "\n", "\n", "She", " cried", ".", " But", " no", " one", " heard", " her", ".", " No", " one", " c", "ared", ".", " No"], "acts": [0.0, 0.0, 0.0, 0.0, 0.0, 0.0, 1.739, 0.0, 0.0, 0.0, 0.0, 2.2767, 0.0, 0.0, 0.0, 0.0, 0.0, 0.0, 0.0, 0.0, 0.0, 0.0, 0.0, 0.0, 8.6986, 0.0, 0.0, 0.0, 0.0, 0.0, 0.0, 0.0, 0.0], "max_pos": 24, "max_act": 8.6953}]}