{"id": 1493, "density": 0.0571845, "max_act": 3.30078125, "hist": {"edges": [0.01, 0.0133, 0.0178, 0.0237, 0.0316, 0.0422, 0.0562, 0.075, 0.1, 0.1334, 0.1778, 0.2371, 0.3162, 0.4217, 0.5623, 0.7499, 1.0, 1.3335, 1.7783, 2.3714, 3.1623, 4.217, 5.6234, 7.4989, 10.0, 13.3352, 17.7828, 23.7137, 31.6228, 42.1697, 56.2341, 74.9894, 100.0], "counts": [0, 0, 0, 0, 0, 0, 0, 0, 0, 3, 67, 745, 6331, 27534, 58001, 66960, 46496, 18557, 3701, 340, 3, 0, 0, 0, 0, 0, 0, 0, 0, 0, 0, 0]}, "logit_lens": {"promoted": [[".", 0.28], [" tomorrow", 0.279], [" to", 0.201], [" now", 0.188], [",", 0.181], [" again", 0.176], [" with", 0.165], ["!", 0.163], [" too", 0.162], [" for", 0.157]], "suppressed": [["ung", 0.429], [" years", 0.418], [" sudden", 0.411], [" village", 0.401], ["ared", 0.391], [" sailed", 0.386], [" grew", 0.377], [" recogn", 0.375], ["ese", 0.371], [" thinks", 0.371]]}, "examples": [{"tokens": [" and", " the", " sun", " on", " her", " face", ".", " She", " laughs", " and", " says", ",", " \"", "W", "he", "e", "!\"", "\n", "\n", "Tom", " wait", "s", " for", " his", " turn", ".", " He", " sees", " a", " cute", " squirrel", " on", " a"], "acts": [0.0, 0.0, 0.0, 0.0, 0.0, 0.0, 0.0, 0.0, 0.0, 0.0, 0.0, 0.0, 0.0, 0.0, 0.0, 0.0, 0.0, 0.0, 0.0, 0.0, 0.0, 0.0, 0.0, 2.2868, 3.3015, 0.0, 0.0, 0.0, 0.0, 0.0, 0.0, 0.0, 0.0], "max_pos": 24, "max_act": 3.3008}, {"tokens": [" so", " much", " fun", "!", "\n", "\n", "G", "eorge", " watched", " the", " L", "ive", "ly", " Cl", "own", " with", " aw", "e", ".", " When", " it", " was", " finally", " his", " turn", " to", " meet", " the", " clown", ",", " he", " started", " to"], "acts": [0.0, 0.0, 0.0, 0.0, 0.0, 0.0, 0.0, 0.0, 0.0, 0.0, 0.0, 0.0, 0.0, 0.0, 0.0, 0.0, 0.0, 0.0, 0.0, 0.0, 0.0, 0.0, 0.0, 0.8822, 3.2703, 0.0, 0.0, 0.0, 0.0, 0.0, 0.0, 0.0, 0.0], "max_pos": 24, "max_act": 3.2695}, {"tokens": [" the", " trees", ".", " He", " smiled", " as", " he", " watched", " the", " flowers", " blow", "ing", " in", " the", " wind", ".", "\n", "\n", "Finally", ",", " it", " was", " Sam", "'s", " turn", "!", " He", " pushed", " the", " handle", " of", " the", " sho"], "acts": [0.0, 0.0, 0.0, 0.0, 0.0, 0.0, 0.0, 0.0, 0.0, 0.0, 0.0, 0.0, 0.0, 0.0, 0.0, 0.0, 0.0, 0.0, 0.0, 0.5233, 0.0, 0.0, 0.0, 1.45, 3.1929, 0.0, 0.0, 0.0, 0.0, 0.0, 0.0, 0.0, 0.0], "max_pos": 24, "max_act": 3.1934}, {"tokens": [".", " Today", ",", " dad", " had", " gi", "ven", " Jack", " an", " important", " task", ".", "\n", "\n", "\"", "Jack", ",\"", " said", " dad", ",", " \"", "It", "'s", " your", " turn", " to", " load", " up", " the", " boat", " with", " the", " fish"], "acts": [0.0, 0.0, 0.0, 0.0, 0.5883, 0.0, 0.0, 0.0, 0.0, 0.7043, 0.0, 0.0, 0.0, 0.0, 0.0, 0.0, 0.0, 0.0, 0.0, 0.0, 0.0, 0.0, 0.0, 0.7776, 3.1137, 0.0, 0.0, 0.0, 0.0, 0.0, 0.0, 0.0, 0.0], "max_pos": 24, "max_act": 3.1133}, {"tokens": [" what", " I", " have", " done", "?\"", " the", " mum", " asked", ".", "\n", "\n", "The", " daughter", " nodded", " her", " head", ".", "\n", "\n", "\"", "Now", " it", "'s", " your", " turn", ",\"", " said", " the", " mum", ".", "\n", "\n", "The"], "acts": [0.0, 0.0, 0.0, 0.0, 0.0, 0.0, 0.0, 0.0, 0.0, 0.0, 0.0, 0.0, 0.0, 0.3812, 0.0, 0.0, 0.0, 0.0, 0.0, 0.0, 0.0, 0.0, 0.0, 0.0, 3.1094, 0.0, 0.0, 0.6764, 0.6739, 0.0, 0.0, 0.0, 0.0], "max_pos": 24, "max_act": 3.1094}, {"tokens": ["They", " have", " so", " much", " fun", " with", " their", " white", " box", " that", " they", " forget", " about", " the", " pain", " and", " the", " tape", ".", " They", " are", " happy", " with", " their", " original", " castle", ".", "<|endoftext|>", "Sara", " likes", " to", " write", "."], "acts": [0.0, 0.0, 0.0, 0.0, 0.0, 0.0, 0.8597, 1.8122, 0.0, 0.0, 0.0, 0.0, 0.0, 0.0, 0.0, 0.0, 0.0, 0.0, 0.0, 0.0, 0.0, 0.8477, 0.0, 1.4737, 3.0826, 2.2025, 0.0, 0.0, 0.0, 0.0, 0.0, 0.0, 0.0], "max_pos": 24, "max_act": 3.082}, {"tokens": ["ol", "in", " from", " Lily", "'s", " hands", " and", " ran", " away", ".", " Lily", " cried", " and", " cried", ",", " but", " her", " mom", " told", " her", " they", " would", " buy", " another", " one", ".", " \"", "No", ",", " I", " want", " this", " one"], "acts": [0.0, 0.0, 0.0, 0.0, 0.0, 0.0, 0.0, 0.0, 0.0, 0.0, 0.0, 0.0, 0.0, 0.0, 0.0, 0.0, 0.7925, 0.0, 0.0, 0.0, 0.0, 1.1024, 1.3209, 2.1061, 3.0679, 0.0, 0.0, 0.0, 0.5854, 0.8488, 0.0, 2.5356, 2.3307], "max_pos": 24, "max_act": 3.0684}, {"tokens": [" finished", " its", " v", "oy", "age", " and", " returned", " to", " where"], "acts": [3.0502, 0.0, 0.0, 0.0, 0.0, 0.0, 0.0, 0.0, 0.0], "max_pos": 0, "max_act": 3.0508}, {"tokens": [" finished", " eating", ",", " they", " pa", "id", " the", " b", "ill"], "acts": [3.0502, 1.2048, 0.0, 0.0, 0.0, 0.0, 0.0, 0.0, 0.0], "max_pos": 0, "max_act": 3.0508}, {"tokens": [" finished", " their", " juice", " and", " went", " back", " to", " play", "."], "acts": [3.0502, 1.6297, 1.3098, 0.0, 0.0, 0.0, 0.0, 0.9657, 0.0], "max_pos": 0, "max_act": 3.0508}, {"tokens": [" finished", ".", " They", " looked", " around", ",", " adm", "ir", "ing"], "acts": [3.0502, 0.0, 0.0, 0.8937, 0.0, 0.0, 0.0, 0.0, 0.0], "max_pos": 0, "max_act": 3.0508}, {"tokens": [" so", " happy", " and", " played", " on", " it", " all", " day", ".", " L", "ater", ",", " her", " mom", " asked", " her", ",", " \"", "Lily", ",", " why", " did", " you", " choose", " this", " carpet", "?\"", " Lily", " replied", ",", " \"", "B", "ec"], "acts": [0.0, 0.5153, 0.0, 0.0, 0.0, 0.0, 0.0, 0.0, 0.0, 0.0, 0.0, 0.0, 0.5699, 0.0, 0.0, 0.0, 0.0, 0.0, 0.0, 0.0, 0.0, 0.8712, 0.0, 0.0, 3.0422, 1.8642, 0.0, 0.0, 0.0, 0.0, 0.0, 0.0, 0.0], "max_pos": 24, "max_act": 3.043}]}