{"id": 1518, "density": 0.0408935, "max_act": 4.57421875, "hist": {"edges": [0.01, 0.0133, 0.0178, 0.0237, 0.0316, 0.0422, 0.0562, 0.075, 0.1, 0.1334, 0.1778, 0.2371, 0.3162, 0.4217, 0.5623, 0.7499, 1.0, 1.3335, 1.7783, 2.3714, 3.1623, 4.217, 5.6234, 7.4989, 10.0, 13.3352, 17.7828, 23.7137, 31.6228, 42.1697, 56.2341, 74.9894, 100.0], "counts": [0, 0, 0, 0, 0, 0, 0, 0, 0, 1, 83, 1209, 8672, 29262, 41201, 37547, 24361, 12756, 5690, 1891, 887, 14, 0, 0, 0, 0, 0, 0, 0, 0, 0, 0]}, "logit_lens": {"promoted": [[" friends", 0.301], [" friend", 0.296], [" they", 0.294], [" They", 0.288], [" family", 0.25], [" sister", 0.228], [" decide", 0.225], ["ous", 0.22], ["They", 0.219], [" group", 0.208]], "suppressed": [[" drank", 0.283], [" bubbles", 0.277], [" well", 0.276], [" pudd", 0.271], [" stirred", 0.268], [" away", 0.258], ["ze", 0.252], [" nicely", 0.251], [" higher", 0.247], [" sugar", 0.241]]}, "examples": [{"tokens": [" house", ".", " Come", " on", ",", " Rex", " and", " Fluffy", ".", " Let", "'s", " make", " some", " new", " friends", ".\"", "<|endoftext|>", "Sara", " and", " Tom", " were", " brother", " and", " sister", ".", " They", " liked", " to", " play", " in", " the", " attic", " of"], "acts": [0.0, 0.8632, 0.0, 0.0, 0.0, 0.0, 0.0, 0.0, 0.0, 0.0, 0.0, 0.0, 0.0, 0.0, 0.0, 0.5747, 0.0, 0.0, 0.0, 0.0, 0.0, 0.0, 2.1724, 0.0, 4.5737, 0.0, 0.0, 0.6926, 0.0, 0.0, 0.0, 0.0, 0.0], "max_pos": 24, "max_act": 4.5742}, {"tokens": [" have", " fun", " with", " his", " mom", ".", " He", " was", " not", " miserable", " anymore", ".", " He", " was", " happy", ".", "<|endoftext|>", "L", "en", "a", " and", " Tom", " are", " friends", ".", " They", " like", " to", " play", " pretend", ".", " Today", " they"], "acts": [0.0, 0.0, 0.0, 0.0, 0.0, 0.0, 0.0, 0.0, 0.0, 0.0, 0.0, 0.4615, 0.0, 0.0, 0.0, 0.0, 0.0, 0.0, 0.0, 0.0, 0.0, 0.0, 0.0, 0.0, 4.3855, 0.0, 0.8444, 0.0, 0.0, 0.0, 1.9154, 0.0, 0.0], "max_pos": 24, "max_act": 4.3867}, {"tokens": [" had", " lost", " their", " toys", ".", " They", " wished", " they", " had", " never", " met", " the", " fairy", ".", "<|endoftext|>", "M", "ir", "a", " and", " R", "av", "i", " are", " friends", ".", " They", " like", " to", " draw", " with", " pencil", "s", "."], "acts": [0.0, 0.0, 0.0, 0.0, 0.8864, 0.0, 0.0, 0.0, 0.0, 0.0, 0.0, 0.0, 0.0, 0.9468, 0.0, 0.0, 0.0, 0.0, 0.0, 0.0, 0.0, 0.0, 0.0, 0.0, 4.3514, 0.0, 0.8278, 0.5946, 0.0, 0.0, 0.0, 0.0, 2.0135], "max_pos": 24, "max_act": 4.3516}, {"tokens": [" selfish", " and", " rude", ".", " Be", " kind", " and", " generous", ".", " You", " will", " have", " more", " fun", " and", " more", " friends", ".", "<|endoftext|>", "Lila", " and", " Ben", " are", " friends", ".", " They", " like", " to", " play", " in", " the", " park", "."], "acts": [0.0, 0.0, 0.0, 0.0, 0.0, 0.0, 0.0, 0.0, 0.8131, 0.0, 0.0, 0.0, 0.0, 0.0, 0.0, 0.0, 0.0, 0.0, 0.0, 0.0, 0.0, 0.0, 0.0, 0.0, 4.3444, 0.0, 0.6623, 0.0, 0.0, 0.0, 0.0, 0.0, 2.8461], "max_pos": 24, "max_act": 4.3438}, {"tokens": [" many", " colors", " and", " make", " their", " pictures", " pretty", ".", " She", " said", " they", " could", " be", " happy", " with", " their", " notebook", ".", "<|endoftext|>", "Lila", " and", " Ben", " are", " friends", ".", " They", " like", " to", " play", " in", " the", " park", "."], "acts": [0.0, 0.0, 0.0, 0.0, 0.0, 0.0, 0.0, 0.0, 0.0, 0.0, 0.0, 0.0, 0.0, 0.0, 0.0, 0.0, 0.0, 0.0, 0.0, 0.0, 0.0, 0.0, 0.0, 0.0, 4.3312, 0.0, 0.6271, 0.0, 0.0, 0.0, 0.0, 0.0, 2.7117], "max_pos": 24, "max_act": 4.332}, {"tokens": ["Look", ",", " a", " bird", "!\"", " The", " bird", " felt", " happy", " that", " someone", " noticed", " it", ".", "\n", "\n", "The", " little", " girl", " and", " the", " bird", " became", " friends", ".", " They", " talked", " about", " the", " bird", "'s", " humble", " nest"], "acts": [0.0, 0.0, 0.0, 0.0, 0.6746, 0.4591, 0.0, 0.0, 0.0, 0.0, 0.0, 0.0, 0.0, 0.8374, 0.0, 0.4731, 0.0, 0.0, 0.0, 0.0, 0.0, 0.0, 0.7874, 0.0, 4.3293, 1.2861, 0.0, 0.0, 0.0, 0.0, 0.0, 0.0, 0.0], "max_pos": 24, "max_act": 4.3281}, {"tokens": [" her", " dolls", " and", " her", " mom", ".", " She", " was", " a", " good", " girl", " and", " a", " good", " queen", ".", "<|endoftext|>", "Tom", " and", " Anna", " are", " brother", " and", " sister", ".", " They", " live", " with", " Mom", " and", " Dad", " in", " a"], "acts": [0.0, 0.0, 0.0, 0.0, 0.0, 0.0, 0.0, 0.0, 0.0, 0.0, 0.0, 0.987, 0.0, 0.0, 0.0, 0.707, 0.0, 0.0, 0.0, 0.0, 0.0, 0.0, 2.3137, 0.0, 4.3231, 0.0, 0.0, 0.0, 0.0, 0.0, 0.0, 0.0, 0.0], "max_pos": 24, "max_act": 4.3242}, {"tokens": [".", " They", " hug", " each", " other", " and", " say", " \"", "We", " love", " our", " cards", " and", " we", " love", " each", " other", ".\"", "<|endoftext|>", "Lila", " and", " Sam", " are", " friends", ".", " They", " like", " to", " play", " with", " toys", " and", " books"], "acts": [0.9343, 0.0, 0.0, 0.0, 0.0, 0.0, 0.0, 0.0, 0.0, 0.0, 0.0, 0.0, 0.0, 0.0, 0.0, 0.0, 0.0, 0.0, 0.0, 0.0, 0.0, 0.0, 0.0, 0.0, 4.308, 0.0, 0.0, 0.4488, 0.0, 0.0, 0.0, 0.0, 0.0], "max_pos": 24, "max_act": 4.3086}, {"tokens": [" you", " are", " the", " best", " cat", " in", " the", " world", ".", " You", " are", " my", " friend", " and", " you", " are", " charming", ".\"", "<|endoftext|>", "Tim", " and", " Sam", " were", " friends", ".", " They", " liked", " to", " play", " with", " their", " toys", "."], "acts": [0.0, 0.0, 0.0, 0.0, 0.0, 0.0, 0.0, 0.0, 0.8968, 0.0, 0.0, 0.0, 0.0, 2.0342, 0.0, 0.0, 0.0, 0.8534, 0.0, 0.0, 0.0, 0.0, 0.0, 0.0, 4.3053, 0.0, 0.0, 0.0, 0.0, 0.0, 0.0, 0.0, 2.2924], "max_pos": 24, "max_act": 4.3047}, {"tokens": [" She", " hugged", " her", " mom", " and", " said", ",", " \"", "Thank", " you", ",", " mom", ".", " You", " are", " the", " best", ".\"", "<|endoftext|>", "Tom", " and", " Mia", " are", " friends", ".", " They", " like", " to", " play", " with", " books", " and", " p"], "acts": [0.0, 0.0, 0.0, 0.0, 0.0, 0.0, 0.0, 0.0, 0.0, 0.0, 0.0, 0.0, 0.0, 0.0, 0.0, 0.0, 0.0, 0.0, 0.0, 0.0, 0.0, 0.0, 0.0, 0.0, 4.2705, 0.0, 0.6303, 0.0, 0.0, 0.0, 0.0, 0.0, 0.0], "max_pos": 24, "max_act": 4.2695}, {"tokens": [" liked", " Lily", ".", " Lily", " was", " nice", ".", " She", " was", " not", " a", " crocodile", ".", " She", " was", " a", " friend", ".", "<|endoftext|>", "Lila", " and", " Tom", " were", " friends", ".", " They", " liked", " to", " play", " in", " the", " park", "."], "acts": [0.0, 0.0, 0.0, 0.0, 0.0, 0.0, 0.0, 0.0, 0.0, 0.0, 0.0, 0.0, 0.5223, 0.0, 0.0, 0.0, 0.0, 1.8903, 0.0, 0.0, 0.0, 0.0, 0.0, 0.0, 4.238, 0.0, 0.0, 0.0, 0.0, 0.0, 0.0, 0.0, 2.4263], "max_pos": 24, "max_act": 4.2383}, {"tokens": [" teacher", " and", " her", " friends", ".", " She", " accept", "ed", " her", " class", " and", " learned", " new", " things", " and", " had", " fun", ".", "<|endoftext|>", "Lila", " and", " Ben", " are", " friends", ".", " They", " like", " to", " play", " in", " the", " garden", "."], "acts": [0.0, 1.8958, 0.0, 0.0, 1.0187, 0.0, 0.0, 0.0, 0.0, 0.0, 0.0, 0.0, 0.0, 0.0, 0.0, 0.0, 0.0, 0.0, 0.0, 0.0, 0.0, 0.0, 0.0, 0.0, 4.2372, 0.0, 0.0, 0.0, 0.0, 0.0, 0.0, 0.0, 2.7296], "max_pos": 24, "max_act": 4.2383}]}