{"id": 151, "density": 0.02903675, "max_act": 5.078125, "hist": {"edges": [0.01, 0.0133, 0.0178, 0.0237, 0.0316, 0.0422, 0.0562, 0.075, 0.1, 0.1334, 0.1778, 0.2371, 0.3162, 0.4217, 0.5623, 0.7499, 1.0, 1.3335, 1.7783, 2.3714, 3.1623, 4.217, 5.6234, 7.4989, 10.0, 13.3352, 17.7828, 23.7137, 31.6228, 42.1697, 56.2341, 74.9894, 100.0], "counts": [0, 0, 0, 0, 0, 0, 0, 0, 0, 1, 16, 78, 769, 5471, 17968, 29819, 28661, 18394, 9578, 4302, 1059, 31, 0, 0, 0, 0, 0, 0, 0, 0, 0, 0]}, "logit_lens": {"promoted": [[" swim", 0.272], [" back", 0.248], [" in", 0.244], ["ied", 0.239], [" saved", 0.224], [" into", 0.209], [" to", 0.203], [" down", 0.203], [" fly", 0.2], ["ed", 0.195]], "suppressed": [["um", 0.328], ["Wow", 0.311], [" week", 0.307], [" world", 0.306], [" years", 0.306], ["ly", 0.289], [" count", 0.281], [" sorts", 0.279], [" discover", 0.268], [" sudden", 0.263]]}, "examples": [{"tokens": ["\n", "Ben", " did", " not", " want", " to", " give", " it", " back", ".", " He", " held", " it", " tight", ".", "\n", "\n", "\"", "No", ",", " I", " want", " it", "!", " You", " have", " too", " many", "!\"", " he", " shouted"], "acts": [0.0, 0.0, 0.0, 0.0, 0.0, 0.0, 0.6285, 3.9602, 0.0, 0.0, 0.0, 0.0, 3.069, 0.0, 0.0, 0.0, 0.0, 0.0, 0.0, 0.0, 0.0, 0.9803, 5.0779, 0.0, 1.3393, 0.0, 0.0, 0.0, 0.0, 0.0, 0.0], "max_pos": 22, "max_act": 5.0781}, {"tokens": [" angry", ".", "\n", "\n", "\"", "Tom", " took", " my", " no", "vel", "!\"", " Lily", " said", ".", " She", " screamed", ".", "\n", "\n", "\"", "No", ",", " I", " want", " it", "!\"", " Tom", " said", ".", " He", " screamed", ".", "\n"], "acts": [0.0, 0.0, 0.0, 0.0, 0.0, 0.0, 0.0, 0.0, 0.0, 0.0, 0.0, 0.0, 0.0, 0.0, 0.0, 0.8361, 0.0, 0.0, 0.0, 0.0, 0.0, 0.0, 0.0, 0.8795, 4.7365, 0.0, 0.0, 0.0, 0.0, 0.0, 1.0694, 0.0, 0.0], "max_pos": 24, "max_act": 4.7383}, {"tokens": [" her", " birthday", ".", " She", " wanted", " the", " princess", " crown", " now", ".", " She", " started", " to", " cry", " and", " scream", ".", " She", " said", ",", " \"", "But", " I", " want", " it", "!", " I", " need", " it", "!", " I", " am", " a"], "acts": [0.0, 0.0, 0.0, 0.0, 0.0, 0.822, 2.4587, 2.302, 0.0, 0.0, 0.0, 0.0, 0.0, 0.0, 0.0, 0.7604, 0.0, 0.0, 0.0, 0.0, 0.0, 0.0, 0.0, 0.78, 4.6084, 0.0, 0.0, 0.0, 3.7681, 0.0, 0.0, 0.0, 0.0], "max_pos": 24, "max_act": 4.6094}, {"tokens": [" bu", "lly", " showed", " up", ".", " He", " wanted", " to", " play", " with", " the", " truck", " too", ".", " He", " grabbed", " the", " truck", " from", " Pete", " and", " tried", " to", " keep", " it", " for", " himself", ".", " \n", "\n", "\"", "No", "!\""], "acts": [0.0, 0.0, 0.0, 0.0, 0.0, 0.0, 0.6318, 0.0, 0.3162, 0.0, 0.0, 0.0, 0.0, 0.0, 0.0, 0.0, 0.0, 0.0, 0.0, 0.0, 0.0, 0.0, 0.9812, 0.6672, 4.5937, 0.0, 0.0, 0.0, 0.0, 0.0, 0.0, 0.0, 0.0], "max_pos": 24, "max_act": 4.5938}, {"tokens": [" and", " grabbed", " the", " cushion", ".", " But", " Ben", " saw", " her", " and", " he", " wanted", " it", " too", ".", " He", " ran", " after", " her", " and", " tried"], "acts": [0.0, 0.0, 0.0, 0.0, 0.0, 0.0, 0.0, 0.0, 0.0, 0.0, 0.0, 0.0, 4.5421, 0.0, 0.0, 0.0, 0.0, 0.0, 1.5112, 0.0, 0.0], "max_pos": 12, "max_act": 4.543}, {"tokens": [" if", " they", " saw", " her", " hat", ",", " but", " no", " one", " had", ".", "\n", "\n", "Jane", " got", " very", " sad", ".", " She", " missed", " her", " hat", " and", " wanted", " it", " back", ".", " But", " she", " tried", " to", " be", " patient"], "acts": [0.0, 0.0, 0.0, 0.0, 1.302, 0.0, 0.0, 0.0, 0.0, 0.0, 0.0, 0.0, 0.0, 0.0, 0.0, 0.0, 0.0, 0.0, 0.0, 0.0, 0.8595, 2.1811, 0.0, 0.0, 4.537, 0.0, 0.0, 0.0, 0.0, 0.0, 0.0, 0.0, 0.0], "max_pos": 24, "max_act": 4.5352}, {"tokens": ["As", " he", " rock", "ed", " the", " bird", ",", " the", " tall", " man", "'s", " big", " bo", "ot", " got", " stuck", " in", " a", " hole", ".", " He", " tried", " to", " get", " it", " out", ",", " but", " he", " couldn", "'t", ".", " The"], "acts": [0.0, 0.0, 0.9419, 0.0, 0.0, 0.6712, 0.0, 0.0, 0.0, 0.0, 0.0, 0.0, 0.0, 0.7516, 0.0, 0.0, 0.0, 0.0, 0.0, 0.0, 0.0, 0.0, 1.0782, 0.6103, 4.4419, 0.0, 0.0, 0.0, 0.0, 0.0, 0.0, 0.0, 0.0], "max_pos": 24, "max_act": 4.4414}, {"tokens": [" He", " did", " not", " mean", " to", " hurt", " Lily", ".", " He", " was", " just", " mad", ".", " He", " looked", " at", " the", " red", " block", ".", " He", " did", " not", " want", " it", " anymore", ".", " He", " wanted", " Lily", " to", " stop", " crying"], "acts": [0.0, 0.0, 0.0, 1.2545, 0.0, 0.0, 1.0178, 0.0, 0.0, 0.0, 0.0, 0.0, 0.0, 0.0, 0.0, 0.0, 0.0, 0.0, 0.0, 0.0, 0.0, 0.0, 0.0, 0.0, 4.4261, 0.0, 0.0, 0.0, 0.0, 3.0195, 0.0, 0.0, 0.0], "max_pos": 24, "max_act": 4.4258}, {"tokens": ["\n", "Ben", " felt", " sorry", " and", " ran", " to", " the", " fence", ".", " He", " saw", " the", " ball", " flo", "ating", " in", " the", " water", ".", " He", " wanted", " to", " get", " it", " back", " for", " Lily", ".", "\n", "\n", "\"", "I"], "acts": [0.0, 0.0, 0.0, 0.0, 0.0, 0.0, 0.0, 0.0, 0.0, 0.0, 0.0, 0.0, 0.0, 0.911, 0.0, 0.0, 0.0, 0.0, 0.0, 0.0, 0.0, 0.0, 0.0, 0.0, 4.4068, 0.0, 0.0, 1.0162, 0.0, 0.0, 0.0, 0.0, 0.0], "max_pos": 24, "max_act": 4.4062}, {"tokens": [" saw", " a", " bit", " of", " blue", " yarn", " stuck", " to", " his", " cla", "w", ".", " He", " remembered", " how", " much", " he", " loved", " his", " blue", " yarn", ".", " He", " wanted", " it", " back", ".", "\n", "\n", "He", " went", " to", " Lisa"], "acts": [0.0, 0.0, 0.0, 0.0, 0.0, 0.0, 0.0, 0.0, 0.0, 0.0, 0.0, 0.0, 0.0, 0.0, 0.0, 0.7837, 0.0, 0.0, 0.0, 0.0, 0.0, 0.0, 0.0, 0.0, 4.405, 0.0, 0.0, 0.0, 0.0, 0.0, 0.0, 0.0, 0.0], "max_pos": 24, "max_act": 4.4062}, {"tokens": [" cried", ".", " \"", "You", " are", " bre", "aking", " my", " bird", "!\"", "\n", "\n", "\"", "Give", " it", " to", " me", "!\"", " Tom", " shouted", ".", " \"", "I", " want", " it", "!\"", "\n", "\n", "The", " bird", " broke", " in", " half"], "acts": [0.0, 0.0, 0.0, 0.0, 0.0, 0.0, 0.0, 0.0, 0.9606, 0.0, 0.0, 0.0, 0.0, 0.0, 3.4651, 0.0, 0.0, 0.0, 0.0, 0.0, 0.0, 0.0, 0.0, 0.0, 4.3977, 0.0, 0.0, 0.0, 0.0, 0.0, 0.0, 0.0, 0.0], "max_pos": 24, "max_act": 4.3984}, {"tokens": [" She", " put", " it", " on", " her", " finger", " and", " felt", " very", " happy", ".", " She", " did", " not", " want", " to", " show", " Ben", ".", " She", " thought", " he", " would", " want", " it", " too", ".", "\n", "\n", "\"", "Let", "'s", " play"], "acts": [0.0, 0.0, 2.9174, 0.0, 0.0, 0.0, 0.0, 0.0, 0.0, 0.0, 0.0, 0.0, 0.0, 0.0, 0.0, 0.0, 0.0, 0.0, 0.0, 0.0, 0.0, 1.2299, 0.0, 0.8154, 4.3946, 0.0, 0.0, 0.0, 0.0, 0.0, 0.0, 0.0, 0.0], "max_pos": 24, "max_act": 4.3945}]}