{"id": 1526, "density": 0.006851, "max_act": 6.7109375, "hist": {"edges": [0.01, 0.0133, 0.0178, 0.0237, 0.0316, 0.0422, 0.0562, 0.075, 0.1, 0.1334, 0.1778, 0.2371, 0.3162, 0.4217, 0.5623, 0.7499, 1.0, 1.3335, 1.7783, 2.3714, 3.1623, 4.217, 5.6234, 7.4989, 10.0, 13.3352, 17.7828, 23.7137, 31.6228, 42.1697, 56.2341, 74.9894, 100.0], "counts": [0, 0, 0, 0, 0, 0, 0, 0, 0, 4, 51, 200, 462, 1416, 3043, 4549, 4543, 4423, 3554, 2550, 1626, 827, 156, 0, 0, 0, 0, 0, 0, 0, 0, 0]}, "logit_lens": {"promoted": [[" farm", 0.282], [" house", 0.258], [" forest", 0.252], [" town", 0.242], [" city", 0.233], [" She", 0.225], [" garden", 0.224], [" family", 0.224], ["bbed", 0.22], [" kitchen", 0.217]], "suppressed": [["n", 0.327], [" fig", 0.314], ["ug", 0.314], ["se", 0.281], ["ages", 0.274], [" word", 0.26], ["j", 0.259], [" power", 0.251], ["at", 0.251], [" exp", 0.25]]}, "examples": [{"tokens": [" them", ".", "\n", "\n", "They", " lived", " happily", " ever", " after", ".", "<|endoftext|>", "Once", " upon", " a", " time", " there", " was", " a", " fair", " family", " who", " lived", " in", " a", " happy", " house", ".", " One", " day", " they", " were", " visited", " by"], "acts": [0.0, 0.0, 0.0, 0.0, 0.0, 0.0, 0.0, 0.0, 0.0, 0.0, 0.0, 0.0, 0.0, 0.0, 0.0, 0.0, 0.0, 0.0, 1.6497, 0.0, 0.0, 0.0, 0.0, 2.2722, 6.7121, 0.0, 0.0, 0.0, 0.0, 0.0, 0.0, 0.0, 0.0], "max_pos": 24, "max_act": 6.7109}, {"tokens": [" time", ",", " there", " was", " a", " beautiful", " queen", " who", " lived", " in", " a", " large", " castle", ".", " Every", " day", ",", " people", " from", " the"], "acts": [0.0, 0.0, 0.0, 0.0, 0.0, 4.4486, 0.0, 0.0, 0.0, 0.0, 2.5523, 6.4266, 0.0, 0.0, 0.0, 0.0, 0.0, 0.0, 0.0, 0.0], "max_pos": 11, "max_act": 6.4258}, {"tokens": [" the", " bird", " in", " her", " hands", ".", "<|endoftext|>", "Once", " upon", " a", " time", ",", " there", " was", " a", " girl", " called", " Amy", " who", " lived", " in", " a", " big", ",", " beautiful", " house", " with", " her", " mom", ".", " Every", " night", ","], "acts": [0.0, 0.0, 0.0, 0.0, 0.0, 0.0, 0.0, 0.0, 0.0, 0.0, 0.0, 0.0, 0.0, 0.0, 0.0, 0.0, 0.0, 0.0, 0.0, 0.0, 0.0, 2.7108, 6.2385, 0.0, 6.4246, 0.0, 0.0, 0.7472, 0.0, 0.0, 0.0, 0.0, 0.0], "max_pos": 24, "max_act": 6.4258}, {"tokens": [" to", " get", " home", " and", " tell", " his", " family", " about", " it", "!", "<|endoftext|>", "Once", " upon", " a", " time", " there", " was", " a", " little", " puppy", " who", " lived", " in", " a", " lovely", " house", " with", " his", " own", "ers", ".", " The", " puppy"], "acts": [0.0, 0.0, 0.0, 0.0, 0.0, 0.0, 0.0, 0.0, 0.0, 0.0, 0.0, 0.0, 0.0, 0.0, 0.0, 0.0, 0.0, 0.0, 0.0, 0.0, 0.0, 0.0, 0.0, 2.607, 6.3933, 0.5057, 0.0, 0.8042, 0.0, 0.0, 0.0, 0.0, 0.0], "max_pos": 24, "max_act": 6.3945}, {"tokens": [" very", " proud", ".", " He", " passed", " the", " test", " and", " showed", " everyone", " how", " good", " he", " could", " drive", ".", "<|endoftext|>", "Once", " upon", " a", " time", ",", " in", " a", " lovely", " pond", ",", " there", " was", " a", " swan", " named", " Lily"], "acts": [0.0, 0.0, 0.0, 0.0, 0.0, 0.0, 0.0, 0.0, 0.0, 0.0, 0.0, 0.0, 0.0, 0.0, 0.0, 0.0, 0.0, 0.0, 0.0, 0.0, 0.0, 0.0, 0.0, 0.0, 6.3517, 0.0, 0.0, 0.0, 0.0, 0.0, 0.0, 0.0, 0.0], "max_pos": 24, "max_act": 6.3516}, {"tokens": [" on", ",", " they", " knew", " they", " had", " a", " special", " stick", " that", " could", " help", " them", " and", " others", ".", "<|endoftext|>", "Once", " upon", " a", " time", ",", " in", " a", " modest", " little", " house", ",", " there", " lived", " a", " nice", " cat"], "acts": [0.0, 0.0, 0.0, 0.0, 0.0, 0.0, 0.0, 0.5888, 0.0, 0.0, 0.0, 0.0, 0.0, 0.0, 0.0, 0.0, 0.0, 0.0, 0.0, 0.0, 0.0, 0.0, 0.0, 0.0, 6.3378, 3.4354, 0.0, 0.0, 0.0, 0.0, 0.0, 3.1142, 0.0], "max_pos": 24, "max_act": 6.3359}, {"tokens": [" and", " always", " looked", " out", " for", " danger", ".", "<|endoftext|>", "Once", " upon", " a", " time", ",", " there", " was", " a", " young", " boy", " named", " John", " who", " lived", " in", " a", " happy", " house", ".", " He", " had", " a", " phone", " that", " was"], "acts": [0.0, 0.0, 0.0, 0.0, 0.0, 0.0, 0.0, 0.0, 0.0, 0.0, 0.0, 0.0, 0.0, 0.0, 0.0, 0.0, 0.0, 0.0, 0.0, 0.0, 0.0, 0.0, 0.0, 2.614, 6.3206, 0.0, 0.0, 0.0, 0.0, 0.0, 0.0, 0.0, 0.0], "max_pos": 24, "max_act": 6.3203}, {"tokens": [" pictures", ".", " They", " sat", " down", " and", " read", " the", " book", " together", ".", " They", " were", " very", " happy", ".", "<|endoftext|>", "Once", " upon", " a", " time", ",", " in", " a", " modest", " little", " house", ",", " there", " lived", " a", " girl", " named"], "acts": [0.0, 0.0, 0.0, 0.0, 0.0, 0.0, 0.0, 0.0, 0.0, 0.0, 0.0, 0.0, 0.0, 0.0, 0.0, 0.0, 0.0, 0.0, 0.0, 0.0, 0.0, 0.0, 0.0, 0.0, 6.3212, 3.6493, 0.0, 0.0, 0.0, 0.0, 0.0, 0.0, 0.0], "max_pos": 24, "max_act": 6.3203}, {"tokens": ["!", "<|endoftext|>", "Once", " upon", " a", " time", ",", " there", " was", " a", " little", " bear", " who", " lived", " in", " a", " big", " yellow", " house", ".", " He", " was", " very", " happy", " living"], "acts": [0.0, 0.0, 0.0, 0.0, 0.0, 0.0, 0.0, 0.0, 0.0, 0.0, 0.0, 0.0, 0.0, 0.0, 0.0, 2.8762, 6.3084, 4.6318, 0.5427, 0.0, 0.0, 0.0, 0.0, 0.8392, 0.0], "max_pos": 16, "max_act": 6.3086}, {"tokens": [".", " The", " powerful", " king", " and", " the", " little", " girl", " should", " not", " have", " played", " with", " the", " switch", ".", "<|endoftext|>", "Once", " upon", " a", " time", ",", " in", " a", " lovely", " garden", ",", " there", " was", " a", " big", " tree", "."], "acts": [0.0, 0.0, 0.0, 0.0, 0.0, 0.0, 0.0, 0.0, 0.0, 0.0, 0.0, 0.0, 0.0, 0.0, 0.0, 0.0, 0.0, 0.0, 0.0, 0.0, 0.0, 0.0, 0.0, 0.0, 6.2943, 0.0, 0.0, 0.0, 0.0, 0.0, 2.5855, 0.0, 0.0], "max_pos": 24, "max_act": 6.293}, {"tokens": ["<|endoftext|>", "Once", " upon", " a", " time", " there", " was", " a", " ch", "ubby", " cat", " named", " Pete", ".", " Pete", " lived", " in", " a", " big", " des", "ert", " with", " many", " cactus", "es", ".", " Every"], "acts": [0.0, 0.0, 0.0, 0.0, 0.0, 0.0, 0.0, 0.0, 0.0, 1.8376, 0.0, 0.0, 0.0, 0.0, 0.0, 0.0, 0.0, 2.8311, 6.2909, 0.0, 0.0, 0.0, 0.0, 0.0, 0.0, 0.0, 0.0], "max_pos": 18, "max_act": 6.2891}, {"tokens": [" there", " was", " a", " little", " girl", " who", " lived", " in", " a", " big", " world", ".", " She", " spoke", " and", " smiled", " at", " everyone"], "acts": [0.0, 0.0, 0.0, 0.0, 0.0, 0.0, 0.0, 0.0, 3.1352, 6.2853, 0.0, 0.0, 0.0, 0.0, 0.0, 0.0, 0.0, 0.0], "max_pos": 9, "max_act": 6.2852}]}