{"id": 1527, "density": 0.02016975, "max_act": 6.9140625, "hist": {"edges": [0.01, 0.0133, 0.0178, 0.0237, 0.0316, 0.0422, 0.0562, 0.075, 0.1, 0.1334, 0.1778, 0.2371, 0.3162, 0.4217, 0.5623, 0.7499, 1.0, 1.3335, 1.7783, 2.3714, 3.1623, 4.217, 5.6234, 7.4989, 10.0, 13.3352, 17.7828, 23.7137, 31.6228, 42.1697, 56.2341, 74.9894, 100.0], "counts": [0, 0, 0, 0, 0, 0, 0, 0, 0, 0, 3, 66, 927, 4432, 10691, 16404, 15062, 11722, 9117, 6538, 3468, 2091, 158, 0, 0, 0, 0, 0, 0, 0, 0, 0]}, "logit_lens": {"promoted": [[" idea", 0.285], [" way", 0.275], [" one", 0.225], [" boy", 0.225], [" thing", 0.215], [" girl", 0.208], [" ones", 0.19], [" kid", 0.18], [" job", 0.166], [" cho", 0.154]], "suppressed": [[" slowly", 0.332], ["d", 0.32], [" suddenly", 0.312], ["orm", 0.305], [" carefully", 0.299], ["led", 0.294], [" only", 0.294], [" sparkled", 0.292], [" smelled", 0.291], ["ves", 0.288]]}, "examples": [{"tokens": [" She", " was", " glad", " they", " were", " still", " her", " friends", ".", " She", " was", " still", " a", " popular", " you", "th", ",", " but", " she", " was", " also", " a"], "acts": [0.0, 0.0, 0.0, 0.0, 0.0, 0.0, 0.0, 0.0, 0.0, 0.0, 0.0, 0.0, 0.8822, 6.914, 0.0, 0.0, 0.0, 0.0, 0.0, 0.0, 0.0, 0.0], "max_pos": 13, "max_act": 6.9141}, {"tokens": [" sad", ",\"", " Ben", " said", ".", "\n", "\n", "Mom", " hugged", " them", " both", " and", " kissed", " them", ".", "\n", "\n", "\"", "You", "'re", " such", " a", " brave", " boy", ",", " Ben", ".", " And", " you", "'re", " such"], "acts": [0.0, 0.0, 0.0, 0.0, 0.0, 0.0, 0.0, 0.0, 0.0, 0.0, 0.0, 0.0, 0.0, 0.0, 0.0, 0.0, 0.0, 0.0, 0.0, 0.0, 0.0, 0.0, 6.9039, 0.0, 0.0, 0.0, 0.0, 0.0, 0.0, 0.0, 0.0], "max_pos": 22, "max_act": 6.9023}, {"tokens": ["!", " John", " had", " been", " picking", " out", " the", " best", " ones", " for", " himself", ".", "\n", "\n", "His", " mother", " smiled", ".", " \u00e2\u20ac\u0153", "You", "\u00e2\u20ac\u2122", "re", " such", " a", " clever", " boy", ",", " John", "!\u00e2\u20ac", " she", " said", ".", " From"], "acts": [0.0, 0.0, 0.0, 0.0, 0.0, 0.0, 0.0, 0.8382, 0.0, 0.0, 0.0, 0.0, 0.0, 0.0, 0.0, 0.0, 0.0, 0.0, 0.0, 0.0, 0.0, 0.0, 1.3506, 0.0, 6.8928, 0.8168, 0.0, 0.0, 0.0, 0.0, 0.0, 0.0, 0.0], "max_pos": 24, "max_act": 6.8945}, {"tokens": [" No", " more", " y", "ucky", " co", "b", "w", "eb", "!\"", " \n", "\n", "Lily", "'s", " mommy", " hugged", " her", " and", " said", ",", " \"", "You", "'re", " such", " a", " good", " help", "er", ".", " I", "'m", " glad", " you", "'re"], "acts": [1.5648, 2.3964, 0.0, 0.0, 0.0, 0.0, 0.0, 0.0, 0.0, 0.0, 0.0, 0.0, 0.0, 0.0, 0.0, 0.0, 0.0, 0.0, 0.0, 0.0, 0.0, 0.0, 1.2219, 0.0, 6.6211, 0.0, 0.0, 0.0, 0.0, 0.0, 0.0, 0.0, 0.0], "max_pos": 24, "max_act": 6.6211}, {"tokens": [" rece", "i", "ved", " the", " card", " and", " was", " so", " happy", ".", " She", " gave", " Timmy", " a", " big", " hug", " and", " said", ",", " \"", "You", "'re", " such", " a", " clever", " boy", "!\"", " Timmy", " felt", " so", " proud", " of", " himself"], "acts": [0.0, 0.0, 0.0, 0.0, 0.0, 0.0, 0.0, 0.0, 0.0, 0.0, 0.0, 0.0, 0.0, 0.0, 0.0, 0.0, 0.0, 0.0, 0.0, 0.0, 0.0, 0.0, 1.1473, 0.0, 6.6019, 0.0, 0.0, 0.0, 0.0, 0.0, 0.0, 0.0, 0.0], "max_pos": 24, "max_act": 6.6016}, {"tokens": [" and", " hugged", " her", ".", " \"", "That", " was", " very", " thoughtful", " of", " you", " L", "au", "ra", ".", " I", "'m", " pleased", " you", " are", " learning", " to", " be", " a", " good", " girl", ".\"", " \n", "\n", "L", "au", "ra", " smiled"], "acts": [0.0, 0.0, 0.0, 0.0, 0.0, 0.0, 0.0, 0.0, 2.9418, 0.0, 0.7557, 0.0, 0.0, 0.0, 0.0, 0.0, 0.0, 0.0, 0.0, 0.0, 0.0, 0.0, 0.0, 0.9432, 6.4752, 0.0, 0.0, 0.0, 0.0, 0.0, 0.0, 0.0, 0.0], "max_pos": 24, "max_act": 6.4766}, {"tokens": [" big", " fish", ".", " Jake", " made", " them", " a", " yummy", " soup", " and", " they", " had", " a", " great", " time", ".", " Molly", " realised", " that", " being", " patient", " is", " sometimes", " a", " good", " thing", "!", "<|endoftext|>", "Once", " there", " was", " a", " little"], "acts": [0.9082, 0.0, 0.0, 0.0, 0.0, 0.0, 0.0, 0.0, 0.0, 0.0, 0.0, 0.0, 0.0, 1.4341, 0.0, 0.0, 0.0, 0.0, 0.0, 0.0, 1.2572, 0.0, 0.0, 0.8441, 6.3635, 0.0, 0.0, 0.0, 0.0, 0.0, 0.0, 0.0, 0.8752], "max_pos": 24, "max_act": 6.3633}, {"tokens": [" mom", " was", " proud", " of", " him", " for", " being", " such", " a", " good", " explore", "r", ".", " From", " that", " day", " on", ","], "acts": [0.0, 0.0, 0.0, 0.0, 0.0, 0.0, 0.0, 0.0, 0.0, 6.3428, 0.0, 0.0, 0.0, 0.0, 0.0, 0.0, 0.0, 0.0], "max_pos": 9, "max_act": 6.3438}, {"tokens": [" so", " happy", " that", " he", " gave", " Lily", " a", " big", " li", "ck", " on", " her", " face", ".", " Lily", " laughed", " and", " said", ",", " \"", "You", " are", " such", " a", " good", " dog", ",", " Max", "!\"", " They", " continued", " to", " play"], "acts": [0.0, 0.0, 0.0, 0.0, 0.0, 0.0, 0.0, 0.0, 0.0, 0.0, 0.0, 0.0, 0.0, 0.0, 0.0, 0.5955, 0.0, 0.0, 0.0, 0.0, 0.0, 0.0, 1.6186, 0.0, 6.3174, 0.7488, 0.0, 0.0, 0.0, 0.0, 0.0, 0.0, 0.0], "max_pos": 24, "max_act": 6.3164}, {"tokens": [" of", " fun", ".", " Everyone", " at", " the", " party", " was", " happy", ",", " and", " Fred", " learned", " that", " sometimes", ",", " all", " you", " need", " to", " do", " is", " be", " a", " good", " friend", " and", " have", " fun", ".", "<|endoftext|>", "Once", " upon"], "acts": [0.0, 0.0, 0.0, 0.0, 0.0, 0.0, 0.0, 0.0, 0.0, 0.0, 0.0, 0.0, 0.0, 0.0, 0.0, 0.0, 0.0, 0.0, 0.0, 0.0, 0.0, 0.0, 0.0, 0.8673, 6.295, 0.0, 0.0, 0.0, 0.0, 0.0, 0.0, 0.0, 0.0], "max_pos": 24, "max_act": 6.2969}, {"tokens": [" played", " his", " mom", "'s", " rec", "or", "ds", " without", " perm", "iss", "ion", ".", " He", " would", " repe", "at", " to", " himself", ",", " \"", "I", " will", " be", " a", " good", " boy", " and", " listen", " to", " my", " mom", ".\"", " And"], "acts": [0.0, 0.0, 0.0, 0.0, 0.0, 0.0, 0.0, 0.0, 0.0, 0.0, 0.0, 0.0, 0.0, 0.0, 0.0, 0.0, 0.0, 0.0, 0.0, 0.0, 0.0, 0.0, 0.0, 0.8043, 6.286, 0.0, 0.0, 0.0, 0.0, 0.0, 0.0, 0.0, 0.0], "max_pos": 24, "max_act": 6.2852}, {"tokens": [" strawber", "ries", ".", " You", "'re", " such", " a", " good", " help", "er", ".\"", " \n", "\n", "Lily", " smiled", " and", " felt", " proud", " of", " herself", " for", " being", " such", " a", " good", " help", "er", " in", " the", " kitchen", ".", "<|endoftext|>", "Once"], "acts": [0.0, 0.0, 0.0, 0.0, 0.0, 0.0, 0.0, 5.8035, 0.0, 0.0, 0.0, 0.0, 0.0, 0.0, 0.0, 0.0, 0.0, 0.0, 0.0, 0.0, 0.0, 0.0, 0.0, 0.0, 6.2709, 0.0, 0.0, 0.0, 0.0, 0.0, 0.0, 0.0, 0.0], "max_pos": 24, "max_act": 6.2695}]}