{"id": 177, "density": 0.00984175, "max_act": 7.859375, "hist": {"edges": [0.01, 0.0133, 0.0178, 0.0237, 0.0316, 0.0422, 0.0562, 0.075, 0.1, 0.1334, 0.1778, 0.2371, 0.3162, 0.4217, 0.5623, 0.7499, 1.0, 1.3335, 1.7783, 2.3714, 3.1623, 4.217, 5.6234, 7.4989, 10.0, 13.3352, 17.7828, 23.7137, 31.6228, 42.1697, 56.2341, 74.9894, 100.0], "counts": [0, 0, 0, 0, 0, 0, 0, 0, 0, 0, 0, 24, 168, 801, 2270, 3401, 3128, 2437, 2427, 8047, 10473, 5616, 574, 1, 0, 0, 0, 0, 0, 0, 0, 0]}, "logit_lens": {"promoted": [[" colors", 0.307], [" everywhere", 0.286], ["time", 0.258], [" eyes", 0.233], ["ma", 0.229], ["ies", 0.227], [" water", 0.213], ["ly", 0.208], [" bake", 0.206], ["ower", 0.204]], "suppressed": [["ve", 0.312], [" hill", 0.301], ["inary", 0.287], ["loo", 0.253], ["ement", 0.247], ["ment", 0.241], ["e", 0.237], ["ut", 0.23], ["nd", 0.215], [" great", 0.207]]}, "examples": [{"tokens": ["Okay", ",", " mom", ".", " We", " will", " clean", " up", ".\"", "\n", "\n"], "acts": [0.0, 0.0, 7.8575, 0.0, 0.0, 0.0, 0.0, 0.0, 0.0, 0.0, 0.0], "max_pos": 2, "max_act": 7.8594}, {"tokens": [" L", "ee", ".", " She", " had", " a", " cat", " and", " a", " garden", ".", " She", " always", " gave", " Lily", " cookies", " and", " juice", ".", "\n", "\n", "\"", "Okay", ",", " mommy", ".", " I", " will", " go", " to", " Mrs", ".", " L"], "acts": [0.0, 0.0, 0.0, 0.0, 0.0, 0.0, 0.0, 0.0, 0.0, 0.0, 0.0, 0.0, 0.0, 0.0, 0.0, 0.0, 0.0, 0.0, 0.0, 0.0, 0.0, 0.0, 0.0, 0.0, 7.0921, 0.0, 0.0, 0.0, 0.0, 0.0, 0.0, 0.0, 0.0], "max_pos": 24, "max_act": 7.0938}, {"tokens": [" called", " her", " name", ".", " She", " hoped", " her", " mom", " was", " safe", ".", " She", " hoped", " her", " mom", " would", " come", " soon", ".", "\n", "\n", "\"", "Mommy", ",", " mommy", ",", " where", " are", " you", "?\"", " she", " so", "bbed"], "acts": [0.0, 0.0, 0.0, 0.0, 0.0, 0.0, 0.0, 3.4433, 0.0, 0.0, 0.0, 0.0, 0.0, 0.0, 3.7885, 0.0, 0.0, 0.0, 0.0, 0.0, 0.0, 0.0, 6.4546, 0.0, 7.0095, 0.0, 0.0, 0.0, 0.0, 0.0, 0.0, 0.0, 0.0], "max_pos": 24, "max_act": 7.0078}, {"tokens": [" scared", ".", " She", " screamed", " and", " jumped", " off", " the", " toilet", ".", " She", " ran", " to", " her", " mom", " and", " hugged", " her", ".", "\n", "\n", "\"", "Mommy", ",", " mommy", ",", " there", "'s", " a", " lion", " in", " the", " toilet"], "acts": [0.0, 0.0, 0.0, 0.0, 0.0, 0.0, 0.0, 0.0, 0.0, 0.0, 0.0, 0.0, 0.0, 0.0, 2.9761, 0.0, 0.0, 0.0, 0.0, 0.0, 0.0, 0.0, 6.5513, 0.0, 7.0004, 0.0, 0.0, 0.0, 0.0, 0.0, 0.0, 0.0, 0.0], "max_pos": 24, "max_act": 7.0}, {"tokens": [" the", " avoc", "ado", ",", " okay", "?\"", " mom", " says", ".", "\n", "\n", "\"", "Okay", ",", " mom", ".", " Can", " I", " still", " eat", " it", "?\"", " Sara"], "acts": [0.0, 0.0, 0.0, 0.0, 0.0, 0.0, 6.0618, 0.0, 0.0, 0.0, 0.0, 0.0, 0.6705, 0.0, 6.9156, 0.0, 0.0, 0.0, 0.0, 0.0, 0.0, 0.0, 0.0], "max_pos": 14, "max_act": 6.9141}, {"tokens": [" happy", ".\"", "\n", "\n", "\"", "Can", " we", " fix", " the", " blanket", ",", " mommy", "?\"", " Ben", " asks", ".", "\n", "\n", "Mommy", " smiles"], "acts": [0.0, 0.0, 0.0, 0.0, 0.0, 0.0, 0.0, 0.0, 0.0, 0.0, 0.0, 6.8492, 0.0, 0.0, 0.0, 0.0, 0.0, 0.0, 6.0221, 0.0], "max_pos": 11, "max_act": 6.8477}, {"tokens": [" went", " outside", ".", " He", " opened", " the", " book", " and", " started", " to", " read", ".", " He", " was", " so", " happy", ".", "\n", "\n", "The", " end", ".", "<|endoftext|>", "\"", "Mommy", ",", " what", " is", " '", "f", "or", "g", "ive"], "acts": [0.0, 1.1141, 0.0, 0.0, 0.0, 0.0, 0.0, 0.0, 0.0, 0.0, 0.0, 0.0, 0.0, 0.0, 0.0, 0.0, 0.0, 0.0, 0.0, 0.0, 0.0, 0.0, 0.0, 0.0, 6.8339, 0.0, 0.0, 0.0, 0.0, 0.0, 0.0, 0.0, 0.0], "max_pos": 24, "max_act": 6.832}, {"tokens": [" on", " the", " floor", " and", " on", " their", " clothes", ".", " It", " made", " a", " big", " mess", ".", "\n", "\n", "\"", "Oh", " no", "!\"", " Sara", " cried", ".", " \"", "Mommy", " will", " be", " mad", "!\"", "\n", "\n", "Ben", " was"], "acts": [0.0, 0.0, 0.0, 0.0, 0.0, 0.0, 0.0, 0.0, 0.0, 0.0, 0.0, 0.0, 0.0, 0.0, 0.0, 0.0, 0.0, 0.0, 0.0, 0.0, 0.0, 0.0, 0.0, 0.0, 6.8237, 0.0, 0.0, 0.0, 0.0, 0.0, 0.0, 0.0, 0.0], "max_pos": 24, "max_act": 6.8242}, {"tokens": [" her", " mom", ".", "\n", "\n", "\"", "Mommy", ",", " the", " crab", " bit", " me", "!\"", " Lily", " said"], "acts": [0.0, 3.6067, 0.0, 0.0, 0.0, 0.0, 6.7497, 0.0, 0.0, 0.0, 0.0, 0.0, 0.0, 0.0, 0.0], "max_pos": 6, "max_act": 6.75}, {"tokens": [" you", " prin", "ted", " it", " for", " me", ",", " mommy", ".\"", "<|endoftext|>", "Once", " upon", " a", " time", ",", " there"], "acts": [0.0, 0.0, 0.0, 0.0, 0.0, 0.0, 0.0, 6.738, 0.0, 0.0, 0.0, 0.0, 0.0, 0.0, 0.0, 0.0], "max_pos": 7, "max_act": 6.7383}, {"tokens": [".", " She", " hears", " a", " r", "ip", ".", " She", " is", " very", " sad", " and", " scared", ".", " She", " starts", " to", " cry", ".", "\n", "\n", "\"", "Mommy", ",", " mommy", "!", " Max", " broke", " my", " dress", "!\"", " Sara", " cries"], "acts": [0.0, 0.0, 0.0, 0.0, 0.0, 0.0, 0.0, 0.0, 0.0, 0.0, 0.0, 0.0, 0.0, 0.0, 0.0, 0.0, 0.0, 0.0, 0.0, 0.0, 0.0, 0.0, 6.4625, 0.0, 6.7297, 0.0, 0.0, 0.0, 0.0, 0.0, 0.0, 0.0, 0.0], "max_pos": 24, "max_act": 6.7305}, {"tokens": ["\n", "\n", "\"", "Okay", ",", " mom", ".", " I", " will", " ask", " you", " first", ".", " Can"], "acts": [0.0, 0.0, 0.0, 0.0, 0.0, 6.7073, 0.0, 0.0, 0.0, 0.0, 0.0, 0.0, 0.0, 0.0], "max_pos": 5, "max_act": 6.707}]}