{"id": 216, "density": 0.0374375, "max_act": 7.95703125, "hist": {"edges": [0.01, 0.0133, 0.0178, 0.0237, 0.0316, 0.0422, 0.0562, 0.075, 0.1, 0.1334, 0.1778, 0.2371, 0.3162, 0.4217, 0.5623, 0.7499, 1.0, 1.3335, 1.7783, 2.3714, 3.1623, 4.217, 5.6234, 7.4989, 10.0, 13.3352, 17.7828, 23.7137, 31.6228, 42.1697, 56.2341, 74.9894, 100.0], "counts": [0, 0, 0, 0, 0, 0, 0, 0, 0, 14, 71, 441, 1940, 5617, 12402, 20798, 25476, 23986, 20771, 16767, 12374, 6862, 2206, 25, 0, 0, 0, 0, 0, 0, 0, 0]}, "logit_lens": {"promoted": [[" away", 0.41], [" close", 0.293], [" tightly", 0.284], [" back", 0.278], [" out", 0.267], [" home", 0.24], [" everywhere", 0.24], [" carefully", 0.235], [" off", 0.233], [" from", 0.232]], "suppressed": [["ur", 0.312], ["body", 0.267], ["Me", 0.251], [" te", 0.247], [" sandbox", 0.246], ["self", 0.246], ["ree", 0.244], [" beh", 0.243], [" our", 0.236], [" happening", 0.233]]}, "examples": [{"tokens": [" not", " a", " toy", "!", " That", " is", " a", " very", " important", " book", "!", " You", " have", " ruined", " it", "!\"", " she", " shouted", ".", "\n", "\n", "She", " took", " the", " book", " from", " them", ".", " She", " scold", "ed", " them", "."], "acts": [0.0, 0.0, 0.9383, 0.0, 0.0, 0.0, 0.0, 0.0, 0.0, 1.0397, 0.0, 0.0, 0.0, 0.0, 0.0, 0.0, 0.0, 0.0, 0.0, 0.0, 0.0, 0.0, 0.0, 1.6696, 7.9552, 0.0, 0.0, 0.0, 0.0, 0.0, 0.0, 0.0, 0.0], "max_pos": 24, "max_act": 7.957}, {"tokens": [" made", " him", " a", " regular", " cup", " of", " cocoa", ".", "\n", "When", " the", " cocoa", " was", " ready", ",", " Jack", " was", " so", " happy", ".", " He", " carefully", " took", " the", " cup", " and", " said", ",", " \u00e2\u20ac\u0153", "Thank", " you", ",", " Mommy"], "acts": [0.0, 0.0, 0.0, 0.0, 0.0, 0.0, 0.0, 0.0, 0.0, 0.0, 0.0, 0.0, 1.4043, 0.0, 0.0, 0.0, 0.0, 0.0, 0.0, 0.0, 0.0, 0.0, 0.5412, 1.1727, 7.8673, 0.0, 0.0, 0.0, 0.0, 0.0, 0.0, 0.0, 0.0], "max_pos": 24, "max_act": 7.8672}, {"tokens": [" envelope", ",", " write", " his", " name", " and", " grandma", "'s", " name", " on", " it", ",", " and", " give", " it", " to", " his", " mom", ".", " His", " mom", " would", " take", " the", " envelope", " to", " the", " post", " office", " and", " send", " it", " to"], "acts": [2.2023, 0.0, 0.0, 0.0, 0.0, 0.0, 0.0, 0.0, 0.0, 0.0, 0.0, 0.0, 0.0, 0.0, 0.7045, 0.0, 0.0, 0.0, 0.0, 0.0, 0.5645, 0.0, 0.0, 1.9309, 7.7945, 0.0, 0.0, 0.0, 0.0, 0.0, 0.0, 2.1823, 0.0], "max_pos": 24, "max_act": 7.793}, {"tokens": [" stars", ".", " Then", " he", " found", " a", " stick", " and", " att", "ached", " the", " flag", " to", " it", ".", " From", " then", " on", ",", " the", " little", " boy", " carried", " his", " flag", " with", " him", " whenever", " he", " went", " for", " a", " walk"], "acts": [0.0, 0.0, 0.0, 0.0, 0.0, 0.0, 1.6925, 0.0, 0.0, 0.0, 0.0, 3.9128, 0.0, 0.0, 0.0, 0.0, 0.0, 0.0, 0.0, 0.0, 0.0, 0.0, 0.0, 1.4803, 7.7867, 0.0, 1.7083, 0.0, 0.0, 0.0, 0.0, 0.0, 0.0], "max_pos": 24, "max_act": 7.7852}, {"tokens": [" war", ".", " She", " said", " it", " could", " expl", "o", "de", " and", " hurt", " him", " and", " her", " and", " the", " house", ".", "\n", "\n", "She", " took", " the", " shiny", " thing", " away", " from", " Tommy", ".", " She", " put", " it", " in"], "acts": [0.0, 0.0, 0.0, 0.0, 0.0, 0.0, 0.0, 0.0, 0.0, 0.0, 0.0, 0.0, 0.0, 0.0, 0.0, 0.0, 0.0, 0.0, 0.0, 0.0, 0.0, 0.0, 0.7785, 2.5198, 7.766, 0.0, 0.0, 0.0, 0.0, 0.0, 0.0, 2.8991, 0.0], "max_pos": 24, "max_act": 7.7656}, {"tokens": [".", " He", " went", " home", " and", " cooked", " the", " fish", " for", " dinner", ".", " It", " was", " delicious", "!", " From", " that", " day", " on", ",", " Tim", " always", " carried", " the", " key", " with", " him", " when", " he", " went", " fis", "hing", "."], "acts": [0.0, 0.0, 0.0, 0.0, 0.0, 0.0, 0.0, 2.1143, 0.0, 0.0, 0.0, 0.0, 0.0, 0.0, 0.0, 0.0, 0.0, 0.0, 0.0, 0.0, 0.0, 0.0, 0.0, 1.2956, 7.7603, 0.0, 1.956, 0.0, 0.0, 0.0, 0.0, 0.0, 0.0], "max_pos": 24, "max_act": 7.7617}, {"tokens": [" help", " you", ",", " Andy", ".\"", "\n", "\n", "Lily", " found", " a", " small", " cup", " and", " poured", " some", " water", " from", " a", " nearby", " stream", ".", " She", " carried", " the", " cup", " back", " to", " Andy", " and", " his", " family", ".", " The"], "acts": [0.0, 0.0, 0.0, 0.0, 0.0, 0.0, 0.0, 0.0, 0.0, 0.0, 0.0, 1.8215, 0.0, 0.0, 0.0, 3.533, 0.0, 0.0, 0.0, 0.0, 0.0, 0.0, 0.0, 1.0659, 7.7573, 2.1775, 0.0, 0.0, 0.0, 0.0, 0.0, 0.0, 0.0], "max_pos": 24, "max_act": 7.7578}, {"tokens": [" the", " creature", " and", " the", " fairy", " said", ",", " \"", "This", " surprise", " is", " for", " you", "!\"", "\n", "\n", "Daisy", " was", " so", " excited", ".", " She", " took", " the", " letter", " and", " thanked", " the", " fairy", ".", " She", " ran", " home"], "acts": [0.0, 0.0, 0.0, 0.0, 0.0, 0.0, 0.0, 0.0, 0.0, 0.0, 0.0, 0.0, 0.0, 0.0, 0.0, 0.0, 0.0, 0.0, 0.0, 0.0, 0.0, 0.0, 0.0, 0.0, 7.7, 0.0, 0.0, 0.0, 0.0, 0.0, 0.0, 0.4509, 0.0], "max_pos": 24, "max_act": 7.6992}, {"tokens": [" He", " said", " Lily", " was", " naughty", ".", " He", " said", " she", " should", " not", " read", " when", " she", " was", " supp", "o", "sed", " to", " sleep", ".", " He", " took", " the", " book", " from", " Lily", " and", " threw", " it", " in", " the", " trash"], "acts": [0.0, 0.0, 0.0, 0.0, 0.0, 0.0, 0.0, 0.0, 0.0, 0.0, 0.0, 0.0, 0.0, 0.0, 0.0, 0.0, 0.0, 0.0, 0.0, 0.0, 0.0, 0.0, 0.0, 1.0761, 7.7011, 0.0, 0.0, 0.0, 1.0917, 3.8105, 0.0, 0.0, 0.0], "max_pos": 24, "max_act": 7.6992}, {"tokens": ["on", "fused", ",", " Sandy", " looked", " up", " at", " her", " mom", ".", " \u00e2\u20ac\u0153", "But", " why", "?\u00e2\u20ac", " she", " said", ".", "\n", "\n", "Her", " mom", " gently", " took", " the", " string", " away", " from", " Sandy", " and", " smiled", ".", " \u00e2\u20ac\u0153", "B"], "acts": [0.0, 0.0, 0.0, 0.0, 0.0, 0.0, 0.0, 0.0, 0.0, 0.0, 0.0, 0.0, 0.0, 0.0, 0.0, 0.0, 0.0, 0.0, 0.0, 0.0, 0.0, 0.0, 0.529, 0.473, 7.6685, 1.0811, 0.0, 0.0, 0.0, 0.9432, 0.0, 0.0, 0.0], "max_pos": 24, "max_act": 7.668}, {"tokens": [" her", " mommy", ".", " She", " ran", " to", " the", " mailbox", " and", " put", " the", " letter", " inside", ".", " She", " watched", " as", " the", " mail", "man", " came", " and", " took", " the", " letter", " away", ".", " \n", "\n", "After", " a", " few", " days"], "acts": [0.0, 0.0, 0.0, 0.0, 0.0, 0.0, 0.0, 0.0, 0.0, 0.0, 0.0, 5.4056, 0.0, 0.0, 0.0, 0.0, 0.0, 0.0, 0.0, 0.0, 0.0, 0.0, 0.0, 1.1878, 7.6637, 0.0, 0.0, 0.0, 0.0, 0.0, 0.0, 0.0, 0.0], "max_pos": 24, "max_act": 7.6641}, {"tokens": [" too", ".", " They", " can", " want", " friends", " too", ".", " They", " can", " be", " happy", " too", ".\"", "\n", "\n", "Ben", " did", " not", " listen", ".", " He", " took", " her", " book", " and", " her", " pen", ".", " He", " said", ",", " \""], "acts": [0.0, 0.0, 0.0, 0.0, 0.0, 0.0, 0.0, 0.0, 0.0, 0.0, 0.0, 0.0, 0.0, 0.0, 0.0, 0.0, 0.0, 0.0, 0.0, 0.0, 0.0, 0.0, 0.0, 3.1661, 7.6344, 0.0, 0.0, 5.158, 0.0, 0.0, 0.0, 0.0, 0.0], "max_pos": 24, "max_act": 7.6328}]}