{"id": 218, "density": 0.0106295, "max_act": 5.90234375, "hist": {"edges": [0.01, 0.0133, 0.0178, 0.0237, 0.0316, 0.0422, 0.0562, 0.075, 0.1, 0.1334, 0.1778, 0.2371, 0.3162, 0.4217, 0.5623, 0.7499, 1.0, 1.3335, 1.7783, 2.3714, 3.1623, 4.217, 5.6234, 7.4989, 10.0, 13.3352, 17.7828, 23.7137, 31.6228, 42.1697, 56.2341, 74.9894, 100.0], "counts": [0, 0, 0, 0, 0, 0, 0, 0, 0, 4, 192, 1059, 2361, 5814, 8790, 8450, 5726, 3310, 2060, 1967, 1248, 1507, 30, 0, 0, 0, 0, 0, 0, 0, 0, 0]}, "logit_lens": {"promoted": [[" made", 0.313], [" extra", 0.261], [" always", 0.244], [" knew", 0.235], [" makes", 0.215], [" wasn", 0.198], [" used", 0.194], [" kept", 0.192], ["ions", 0.19], [" was", 0.187]], "suppressed": [[" breath", 0.354], ["ep", 0.307], [" nowhere", 0.288], [" excitement", 0.283], ["ature", 0.28], ["ap", 0.277], ["ak", 0.271], ["re", 0.27], [" behind", 0.268], [" content", 0.264]]}, "examples": [{"tokens": [" a", " big", " hug", " and", " said", ",", " \"", "Thank", " you", ",", " Mommy", ",", " for", " helping", " me", " find", " my", " doll", ".\"", " From", " that", " day", " on", ",", " Lily", " learned", " to", " be", " patient", " and", " to", " always", " thank"], "acts": [0.0, 0.0, 0.0, 0.0, 0.0, 0.0, 0.0, 0.0, 0.0, 0.0, 0.0, 0.0, 0.0, 0.0, 0.0, 0.0, 0.0, 0.0, 0.0, 0.0, 0.0, 0.0, 0.0, 0.0, 5.9027, 2.9564, 1.5612, 0.9397, 0.0, 0.0, 0.0, 0.0, 0.0], "max_pos": 24, "max_act": 5.9023}, {"tokens": [" make", " it", " as", " good", " as", " new", ".", " Lily", " was", " so", " happy", " and", " thanked", " the", " fairy", " for", " her", " help", ".", " From", " that", " day", " on", ",", " Lily", " was", " more", " careful", " with", " her", " toys", " and", " always"], "acts": [1.2148, 0.0, 0.0, 0.0, 0.0, 0.0, 0.0, 0.7319, 0.0, 0.0, 0.0, 0.0, 0.0, 0.0, 0.0, 0.0, 0.0, 0.0, 0.0, 0.0, 0.0, 0.0, 0.0, 0.0, 5.8696, 2.8807, 0.0, 0.0, 0.0, 0.0, 0.0, 0.9799, 0.6253], "max_pos": 24, "max_act": 5.8711}, {"tokens": [" fixed", " and", " no", " longer", " weak", ".", " She", " hugged", " her", " doll", " tightly", " and", " played", " with", " it", " all", " day", " long", ".", " From", " that", " day", " on", ",", " Lily", " made", " sure", " to", " take", " good", " care", " of", " her"], "acts": [0.0, 0.0, 0.0, 0.0, 0.0, 0.0, 0.0, 0.0, 0.0, 0.0, 0.0, 0.0, 0.0, 0.0, 0.0, 0.0, 0.0, 0.0, 0.0, 0.0, 0.0, 0.0, 0.0, 0.0, 5.8168, 2.5024, 2.0276, 1.6246, 1.9854, 0.0, 0.0, 0.7971, 0.0], "max_pos": 24, "max_act": 5.8164}, {"tokens": [" and", " said", ",", " \"", "Thank", " you", ",", " Lily", ",", " for", " being", " so", " kind", " and", " helping", " me", ".\"", "\n", "\n", "From", " that", " day", " on", ",", " Lily", " and", " the", " bird", " became", " good", " friends", ".", " They"], "acts": [0.0, 0.0, 0.0, 0.0, 0.0, 0.0, 0.0, 0.839, 0.0, 0.0, 0.0, 0.0, 0.0, 0.0, 0.0, 0.0, 0.0, 0.0, 0.0, 0.0, 0.0, 0.0, 0.0, 0.0, 5.7468, 0.0, 0.0, 4.5193, 1.4502, 0.9164, 0.0, 0.0, 0.9769], "max_pos": 24, "max_act": 5.7461}, {"tokens": [" see", " the", " dove", " eating", " the", " seeds", ".", " She", " felt", " like", " she", " had", " done", " something", " good", " for", " the", " dove", ".", " From", " that", " day", " on", ",", " Lily", " always", " organized", " some", " spicy", " seeds", " for", " the", " dove"], "acts": [0.0, 0.0, 0.0, 0.0, 0.0, 0.0, 0.0, 0.0, 0.0, 0.0, 0.0, 0.0, 0.0, 0.0, 0.0, 0.0, 0.0, 0.0, 0.0, 0.0, 0.0, 0.0, 0.0, 0.0, 5.7305, 2.9945, 1.3034, 0.0, 0.0, 0.0, 0.0, 0.0, 0.0], "max_pos": 24, "max_act": 5.7305}, {"tokens": [" happy", " again", ".", " The", " boy", " said", " \"", "th", "ank", " you", "\"", " and", " Lily", " felt", " good", " for", " helping", " him", ".", " From", " that", " day", " on", ",", " Lily", " always", " looked", " for", " ways", " to", " help", " others", " at"], "acts": [0.0, 0.0, 0.0, 0.0, 0.0, 0.0, 0.0, 0.0, 0.0, 0.0, 0.0, 0.0, 0.0, 0.0, 0.0, 0.0, 0.0, 0.0, 0.0, 0.0, 0.0, 0.0, 0.0, 0.0, 5.727, 2.7542, 0.0, 1.1099, 0.0, 0.0, 1.0427, 0.0, 0.0], "max_pos": 24, "max_act": 5.7266}, {"tokens": [" he", " smiled", " and", " thanked", " her", ".", " He", " said", " that", " her", " kind", " g", "est", "ure", " made", " him", " feel", " better", ".", " From", " that", " day", " on", ",", " Lily", " and", " Mr", ".", " Sm", "ith", " became", " good", " friends"], "acts": [0.0, 0.0, 0.0, 0.0, 0.0, 0.0, 0.0, 0.0, 0.0, 0.0, 0.0, 0.0, 0.0, 0.0, 0.0, 0.0, 0.0, 0.0, 0.0, 0.0, 0.0, 0.0, 0.0, 0.0, 5.7248, 0.0, 0.9428, 0.0, 0.0, 3.3517, 0.0, 0.0, 0.0], "max_pos": 24, "max_act": 5.7266}, {"tokens": [" her", " feel", " special", ".", " She", " promised", " to", " be", " more", " careful", " with", " her", " new", " bowl", " and", " never", " drop", " it", ".", " From", " that", " day", " on", ",", " Lily", " felt", " happy", " every", " morning", " when", " she", " ate", " her"], "acts": [0.0, 0.0, 0.0, 0.0, 0.0, 0.0, 0.0, 0.0, 0.0, 0.0, 0.0, 0.0, 0.0, 0.0, 0.0, 0.0, 0.0, 0.0, 0.0, 0.0, 0.0, 0.0, 0.0, 0.0, 5.7215, 0.0, 0.0, 0.0, 0.0, 0.0, 0.7613, 0.0, 0.0], "max_pos": 24, "max_act": 5.7227}, {"tokens": [" She", " was", " so", " happy", " to", " have", " him", " back", " and", " hugged", " him", " tightly", ".", " From", " that", " day", " on", ",", " Lily", " made", " sure", " to", " always", " keep", " Teddy", " close", " so"], "acts": [0.0, 0.0, 0.0, 0.0, 0.0, 0.0, 0.0, 0.0, 0.0, 0.0, 0.0, 0.0, 0.0, 0.0, 0.0, 0.0, 0.0, 0.0, 5.7157, 2.6147, 1.8388, 1.2505, 1.6341, 0.0, 0.0, 0.0, 0.0], "max_pos": 18, "max_act": 5.7148}, {"tokens": [" me", "owed", " and", " rubbed", " against", " her", " leg", ".", " Lily", " felt", " happy", " that", " her", " cat", " was", " okay", ".", " \n", "\n", "From", " that", " day", " on", ",", " Lily", " would", " sometimes", " pick", " up", " the", " trumpet", " and", " stand"], "acts": [0.0, 0.0, 0.0, 0.0, 0.0, 0.0, 0.0, 0.0, 0.9245, 0.0, 0.0, 0.0, 0.0, 0.0, 0.0, 0.0, 0.0, 0.0, 0.0, 0.0, 0.0, 0.0, 0.0, 0.0, 5.7137, 2.1233, 1.6646, 0.0, 0.0, 0.0, 0.0, 0.0, 0.0], "max_pos": 24, "max_act": 5.7148}, {"tokens": ["Thank", " you", ",", " Jack", "!\"", " Lily", " said", " happily", ",", " fin", "is", "hing", " her", " drawing", " of", " the", " smart", " mouse", ".", " From", " that", " day", " on", ",", " Lily", " knew", " that", " she", " could", " always", " count", " on", " her"], "acts": [0.0, 0.0, 0.0, 0.0, 0.0, 0.0, 0.0, 0.0, 0.0, 0.0, 0.0, 0.0, 0.0, 0.0, 0.0, 0.0, 0.0, 0.0, 0.0, 0.0, 0.0, 0.0, 0.0, 0.0, 5.7111, 3.156, 1.3771, 1.2041, 1.6344, 0.0, 0.0, 0.0, 0.0], "max_pos": 24, "max_act": 5.7109}, {"tokens": [" them", " back", " together", ".", " Lily", " was", " happy", " again", " and", " her", " necklace", " looked", " as", " good", " as", " new", ".", "\n", "\n", "From", " that", " day", " on", ",", " Lily", " made", " sure", " to", " take", " extra", " care", " of", " her"], "acts": [0.0, 0.0, 0.0, 0.0, 0.0, 0.0, 0.0, 0.0, 0.0, 0.0, 0.0, 0.0, 0.0, 0.0, 0.0, 0.0, 0.0, 0.0, 0.0, 0.0, 0.0, 0.0, 0.0, 0.0, 5.7093, 2.5659, 1.9329, 1.6061, 2.1508, 0.0, 0.0, 1.0131, 0.0], "max_pos": 24, "max_act": 5.7109}]}