{"id": 220, "density": 0.016936, "max_act": 9.5859375, "hist": {"edges": [0.01, 0.0133, 0.0178, 0.0237, 0.0316, 0.0422, 0.0562, 0.075, 0.1, 0.1334, 0.1778, 0.2371, 0.3162, 0.4217, 0.5623, 0.7499, 1.0, 1.3335, 1.7783, 2.3714, 3.1623, 4.217, 5.6234, 7.4989, 10.0, 13.3352, 17.7828, 23.7137, 31.6228, 42.1697, 56.2341, 74.9894, 100.0], "counts": [0, 0, 0, 0, 0, 0, 0, 0, 0, 0, 0, 15, 271, 2187, 6713, 10774, 11842, 10487, 9399, 7478, 4916, 2889, 728, 45, 0, 0, 0, 0, 0, 0, 0, 0]}, "logit_lens": {"promoted": [[" the", 0.384], [" over", 0.324], ["ed", 0.255], [" to", 0.235], ["en", 0.21], [" on", 0.198], [" The", 0.184], ["ssed", 0.183], [" its", 0.183], [" what", 0.178]], "suppressed": [["sh", 0.341], ["ally", 0.298], ["head", 0.295], ["night", 0.273], ["Al", 0.273], [" happen", 0.267], [" brighter", 0.267], ["Sure", 0.263], ["dy", 0.261], [" bigger", 0.259]]}, "examples": [{"tokens": ["!\"", "\n", "\n", "They", " both", " laugh", " and", " play", " with", " the", " scarf", ".", " They", " forget", " about", " the", " water", " and", " the", " cold", ".", " They", " are", " happy", " and", " warm"], "acts": [0.0, 0.0, 0.0, 0.0, 0.0, 0.0, 0.8764, 0.0, 0.0, 0.0, 0.0, 0.0, 0.0, 0.0, 2.6132, 0.0, 0.0, 9.5852, 0.0, 0.0, 0.44, 1.1256, 0.0, 0.0, 0.0, 0.0], "max_pos": 17, "max_act": 9.5859}, {"tokens": [" his", " house", ".", " They", " play", " with", " toys", " and", " eat", " cookies", ".", " They", " have", " fun", ".", " They", " are", " friends", ".", " They", " forget", " about", " the", " box", " and", " the", " c", "ell", ".", " They", " are", " happy", "."], "acts": [0.0, 0.0, 0.0, 0.969, 0.0, 0.0, 0.0, 1.8458, 0.0, 0.0, 0.0, 0.0, 0.0, 0.0, 0.0, 0.0, 0.0, 0.0, 0.0, 0.0, 0.0, 2.1907, 0.0, 0.0, 9.4446, 0.0, 0.0, 0.0, 0.0, 0.0, 0.0, 0.0, 0.0], "max_pos": 24, "max_act": 9.4453}, {"tokens": ["They", " hug", " Mom", ".", " They", " go", " inside", ".", " They", " have", " a", " snack", ".", " They", " play", " with", " their", " toys", ".", " They", " forget", " about", " the", " ladder", " and", " the", " cat", ".", " They", " are", " happy", ".", "<|endoftext|>"], "acts": [0.0, 0.0, 0.0, 0.0, 0.0, 0.0, 0.0, 0.0, 0.7101, 0.0, 0.0, 0.0, 0.0, 0.0, 0.0, 0.0, 0.0, 0.0, 0.0, 0.0, 0.0, 2.3193, 0.0, 0.0, 9.0641, 0.0, 0.0, 0.0, 0.7149, 0.0, 0.0, 0.0, 0.0], "max_pos": 24, "max_act": 9.0625}, {"tokens": ["\n", "\n", "They", " have", " a", " lot", " of", " fun", " in", " the", " tree", ".", " They", " forget", " about", " the", " sign", " and", " the", " park", ".", " They", " are", " happy", ".", " They"], "acts": [0.0, 0.0, 0.0, 0.0, 0.0, 0.0, 0.0, 0.0, 0.0, 0.0, 0.0, 0.0, 0.0, 0.0, 2.4027, 0.0, 0.0, 9.0332, 0.0, 0.0, 0.0, 0.7349, 0.0, 0.0, 0.0, 0.6967], "max_pos": 17, "max_act": 9.0312}, {"tokens": [" buy", " two", " con", "es", ".", " They", " li", "ck", " the", " ice", " cream", " and", " enjoy", " the", " tasty", " fl", "av", "ors", ".", " They", " forget", " about", " the", " wheel", " and", " have", " fun", " in", " the", " park", ".", "<|endoftext|>", "Lily"], "acts": [0.0, 0.0, 0.0, 0.0, 0.0, 0.0, 0.0, 0.0, 0.0, 0.0, 0.0, 5.9834, 0.0, 0.0, 0.0, 0.0, 0.0, 0.0, 0.0, 0.0, 0.0, 2.3414, 0.0, 0.0, 8.9287, 0.0, 0.0, 0.0, 0.0, 0.0, 0.0, 0.0, 0.0], "max_pos": 24, "max_act": 8.9297}, {"tokens": [" are", " a", " bad", " friend", "!\"", " he", " says", ".", "\n", "\n", "They", " sl", "ap", " each", " other", " more", " and", " more", ".", " They", " forget", " about", " the", " ball", " and", " the", " goal", ".", " They", " only", " want", " to", " hurt"], "acts": [0.0, 0.0, 0.0, 0.0, 0.0, 0.0, 0.0, 0.0, 0.0, 0.0, 0.0, 0.0, 0.0, 0.0, 0.0, 0.0, 0.0, 0.0, 0.0, 0.0, 0.0, 1.8579, 0.0, 0.0, 8.904, 0.0, 0.0, 0.0, 0.4507, 0.0, 0.0, 0.0, 0.0], "max_pos": 24, "max_act": 8.9062}, {"tokens": [" turns", " whisp", "er", "ing", " spicy", " things", " in", " each", " other", "'s", " ear", ".", " They", " make", " funny", " faces", " and", " laugh", ".", " They", " forget", " about", " the", " scarf", " and", " have", " fun", ".", " They", " are", " happy", " again", "."], "acts": [0.0, 0.0, 0.0, 0.0, 0.0, 0.0, 0.0, 0.0, 0.0, 0.0, 0.0, 0.0, 0.0, 0.0, 0.0, 0.0, 0.0, 0.0, 0.0, 0.0, 0.0, 2.0986, 0.0, 0.0, 8.8884, 0.0, 0.0, 0.0, 0.0, 0.0, 0.0, 0.0, 0.0], "max_pos": 24, "max_act": 8.8906}, {"tokens": [" not", " understand", " why", " her", " mom", " was", " not", " happy", ".", "\n", "\n", "\"", "That", " was", " not", " nice", ",", " Sara", ".", " You", " should", " respect", " the", " flowers", " and", " the", " other", " living", " things", ".", " They", " are", " not"], "acts": [0.0, 0.0, 0.0, 0.0, 0.0, 0.0, 0.0, 0.0, 0.0, 0.0, 0.0, 0.0, 0.0, 0.0, 0.0, 0.0, 0.0, 0.0, 0.0, 0.0, 0.0, 0.0, 0.0, 0.0, 8.7132, 0.0, 0.0, 0.0, 0.0, 0.0, 0.0, 0.0, 0.0], "max_pos": 24, "max_act": 8.7109}, {"tokens": [" They", " say", " thank", " you", " to", " the", " lady", ".", " They", " go", " back", " to", " the", " lake", " and", " feed", " the", " ducks", ".", " They", " forget", " about", " the", " wind", " and", " the", " lost", " bag", ".", " They", " have", " fun", " in"], "acts": [0.0, 0.0, 0.0, 0.0, 0.0, 0.0, 0.0, 0.0, 0.0, 0.0, 0.0, 0.0, 0.0, 0.0, 4.5557, 1.2246, 0.0, 0.0, 0.0, 0.8364, 0.0, 2.3269, 0.0, 0.0, 8.4311, 0.0, 0.0, 0.0, 0.0, 0.8132, 0.0, 0.0, 0.0], "max_pos": 24, "max_act": 8.4297}, {"tokens": [" had", " fun", ".", " They", " learned", " to", " be", " careful", " and", " not", " naughty", ".", " They", " liked", " the", " p", "alm", " tree", " and", " the", " garden", ".", " They", " were", " happy", ".", "<|endoftext|>"], "acts": [0.0, 0.0, 0.0, 0.0, 0.0, 0.0, 0.0, 0.0, 2.3902, 1.322, 0.0, 0.0, 0.578, 0.0, 0.0, 0.0, 0.0, 0.0, 8.4039, 0.0, 0.0, 0.0, 0.9322, 0.0, 0.0, 0.0, 0.0], "max_pos": 18, "max_act": 8.4062}, {"tokens": [" colors", " and", " shapes", " of", " the", " clouds", ".", " They", " also", " liked", " to", " watch", " the", " trees", " and", " flowers", " change", " with", " the", " se", "as", "ons", "."], "acts": [0.0, 1.5969, 0.0, 0.0, 0.0, 0.0, 0.0, 0.0, 0.0, 0.0, 0.0, 0.0, 0.0, 0.0, 8.3841, 0.0, 0.0, 0.0, 0.0, 0.0, 0.0, 0.0, 0.0], "max_pos": 14, "max_act": 8.3828}, {"tokens": [" a", " good", " friend", ".", " And", " you", " can", " tie", " very", " well", ".\"", "\n", "\n", "They", " laugh", " and", " play", " together", ".", " They", " forget", " about", " the", " wall", " and", " the", " rope", ".", " They", " are", " happy", ".", "<|endoftext|>"], "acts": [0.0, 0.0, 0.0, 0.0, 0.0, 0.0, 0.0, 0.0, 0.0, 0.0, 0.0, 0.0, 0.0, 0.0, 0.0, 0.0, 0.0, 0.0, 0.0, 0.0, 0.0, 2.2054, 0.0, 0.0, 8.3278, 0.0, 0.0, 0.0, 0.9302, 0.0, 0.0, 0.0, 0.0], "max_pos": 24, "max_act": 8.3281}]}