{"id": 224, "density": 0.003573, "max_act": 6.15625, "hist": {"edges": [0.01, 0.0133, 0.0178, 0.0237, 0.0316, 0.0422, 0.0562, 0.075, 0.1, 0.1334, 0.1778, 0.2371, 0.3162, 0.4217, 0.5623, 0.7499, 1.0, 1.3335, 1.7783, 2.3714, 3.1623, 4.217, 5.6234, 7.4989, 10.0, 13.3352, 17.7828, 23.7137, 31.6228, 42.1697, 56.2341, 74.9894, 100.0], "counts": [0, 0, 0, 0, 0, 0, 0, 0, 0, 0, 0, 105, 325, 839, 1796, 2556, 2581, 1964, 1230, 766, 963, 1104, 63, 0, 0, 0, 0, 0, 0, 0, 0, 0]}, "logit_lens": {"promoted": [["ue", 0.243], [" of", 0.242], [" especially", 0.242], [" up", 0.239], ["ie", 0.227], ["es", 0.227], [" very", 0.224], [" over", 0.217], ["ce", 0.212], [" knee", 0.21]], "suppressed": [[" okay", 0.292], ["ons", 0.272], [" if", 0.268], ["board", 0.267], ["ighed", 0.265], [" mistake", 0.259], ["een", 0.252], [" need", 0.249], ["way", 0.245], [" OK", 0.243]]}, "examples": [{"tokens": [" to", " me", " and", " stay", " safe", ".\"", "<|endoftext|>", "Once", " upon", " a", " time", ",", " there", " was", " a", " little", " girl", " named", " Lily", ".", " She", " woke", " up", " today", " feeling", " weak", " and", " tired", ".", " She", " needed", " help", " getting"], "acts": [0.0, 0.0, 0.0, 0.0, 0.0, 0.0, 0.0, 0.0, 0.0, 0.0, 0.0, 0.0, 0.0, 0.0, 0.0, 0.0, 0.0, 0.0, 0.0, 0.0, 0.0, 3.8155, 0.0, 0.0, 6.1553, 0.0, 0.0, 0.0, 0.0, 0.0, 0.0, 0.0, 0.0], "max_pos": 24, "max_act": 6.1562}, {"tokens": [" squee", "zed", " their", " hands", " and", " continued", " to", " enjoy", " the", " peaceful", " woods", ".", "<|endoftext|>", "A", " boy", " named", " John", " was", " at", " the", " park", " one", " day", ",", " feeling", " strong", " and", " excited", ".", " He", " heard", " a", " sound"], "acts": [0.0, 0.0, 0.0, 0.0, 0.0, 0.0, 0.0, 0.0, 0.0, 0.0, 0.0, 0.0, 0.0, 0.0, 0.0, 0.0, 0.0, 0.0, 0.0, 0.0, 0.0, 0.0, 0.0, 0.0, 6.0485, 0.0, 0.0, 0.0, 0.0, 0.0, 0.0, 0.0, 1.6184], "max_pos": 24, "max_act": 6.0469}, {"tokens": [" think", " that", " she", " was", " making", " a", " differe", "n", "ce", " in", " her", " com", "m", "un", "ity", ".", "<|endoftext|>", "Gra", "ce", " woke", " up", " in", " the", " morning", " feeling", " happy", ".", " She", " put", " on", " her", " favourite", " dress"], "acts": [0.0, 0.0, 0.0, 0.0, 0.0, 0.0, 0.0, 0.0, 0.0, 0.0, 0.0, 0.0, 0.0, 0.0, 0.0, 0.0, 0.0, 0.0, 0.0, 3.4843, 0.0, 0.0, 0.0, 0.0, 5.9722, 0.0, 0.0, 0.0, 0.0, 0.0, 0.0, 0.0, 0.0], "max_pos": 24, "max_act": 5.9727}, {"tokens": [" kept", " his", " special", " suit", " and", " always", " remembered", " how", " much", " fun", " it", " was", " to", " roar", ".", "<|endoftext|>", "One", " day", ",", " Amy", " was", " feeling", " very", " sick", ".", " She", " had", " a", " big", " fe"], "acts": [0.0, 0.0, 0.0, 0.0, 0.0, 0.0, 0.0, 1.2539, 0.0, 0.0, 0.0, 0.0, 0.0, 0.0, 0.0, 0.0, 0.0, 0.0, 0.0, 0.0, 0.0, 5.9691, 1.2414, 0.0, 0.0, 0.0, 0.0, 0.0, 0.0, 0.0], "max_pos": 21, "max_act": 5.9688}, {"tokens": [" feeling", " very", " brave", " and", " wanted", " to", " try", " something", " new"], "acts": [5.9653, 1.3071, 0.0, 0.0, 0.0, 0.0, 0.0, 0.0, 0.0], "max_pos": 0, "max_act": 5.9648}, {"tokens": [" feeling", " very", " cheerful", ".\"", "\n", "\n", "Ben", " smiled", " back"], "acts": [5.9653, 1.3071, 0.0, 0.0, 0.0, 0.0, 0.0, 0.0, 0.0], "max_pos": 0, "max_act": 5.9648}, {"tokens": [" feeling", " ru", "in", " her", " day", " again", ".", " The", " end"], "acts": [5.9653, 0.0, 0.0, 0.0, 0.0, 0.0, 0.0, 0.0, 0.0], "max_pos": 0, "max_act": 5.9648}, {"tokens": [" feeling", "!", " He", " started", " to", " smile", " and", " laugh", "."], "acts": [5.9653, 0.0, 0.0, 0.0, 0.0, 0.0, 0.0, 0.0, 0.0], "max_pos": 0, "max_act": 5.9648}, {"tokens": [" feeling", " adventurous", ".", " He", " shouted", " for", " his", " mum", ","], "acts": [5.9653, 0.0, 0.0, 0.0, 0.0, 0.0, 0.0, 0.0, 0.0], "max_pos": 0, "max_act": 5.9648}, {"tokens": [" feeling", " nervous", " because", " she", " didn", "'t", " know", " anyone", " at"], "acts": [5.9653, 0.0, 0.0, 0.0, 0.0, 0.0, 0.0, 0.0, 0.0], "max_pos": 0, "max_act": 5.9648}, {"tokens": [" up", " in", " his", " nest", " and", " fell", " asleep", ",", " feeling", " safe", " and", " sound", ".", "<|endoftext|>", "Once", " upon", " a"], "acts": [0.0, 0.0, 0.0, 0.0, 0.0, 0.0, 1.1072, 0.0, 5.9493, 0.0, 0.0, 1.9712, 0.0, 0.0, 0.0, 0.0, 0.0], "max_pos": 8, "max_act": 5.9492}, {"tokens": [" to", " her", " room", " feeling", " less", " frustrated", " than", " before", ".", " The", " queen", " had"], "acts": [0.0, 0.0, 0.0, 5.943, 0.0, 0.0, 0.0, 0.0, 0.0, 0.0, 0.0, 0.0], "max_pos": 3, "max_act": 5.9414}]}