{"id": 226, "density": 0.0094195, "max_act": 6.97265625, "hist": {"edges": [0.01, 0.0133, 0.0178, 0.0237, 0.0316, 0.0422, 0.0562, 0.075, 0.1, 0.1334, 0.1778, 0.2371, 0.3162, 0.4217, 0.5623, 0.7499, 1.0, 1.3335, 1.7783, 2.3714, 3.1623, 4.217, 5.6234, 7.4989, 10.0, 13.3352, 17.7828, 23.7137, 31.6228, 42.1697, 56.2341, 74.9894, 100.0], "counts": [0, 0, 0, 0, 0, 0, 0, 0, 0, 0, 1, 41, 286, 1215, 2788, 4761, 5995, 5998, 5749, 3941, 3360, 3343, 200, 0, 0, 0, 0, 0, 0, 0, 0, 0]}, "logit_lens": {"promoted": [[" flowers", 0.308], [" colors", 0.279], [" color", 0.264], [" colours", 0.257], [" pictures", 0.237], [" pink", 0.229], [" like", 0.217], [" colour", 0.213], [" dress", 0.209], [" flower", 0.207]], "suppressed": [["n", 0.374], ["o", 0.368], ["at", 0.333], [" fight", 0.311], ["ract", 0.294], ["ey", 0.29], ["lp", 0.288], ["my", 0.279], ["em", 0.278], ["cked", 0.277]]}, "examples": [{"tokens": [" to", " make", " sure", " her", " colors", " were", " bright", " and", " cheerful", ".", " Soon", ",", " the", " phot", "o"], "acts": [0.0, 0.0, 0.0, 0.0, 3.5711, 0.0, 6.9725, 0.0, 4.2787, 0.0, 0.0, 0.0, 0.0, 0.0, 0.0], "max_pos": 6, "max_act": 6.9727}, {"tokens": [" beautiful", " as", " her", " sister", ".", " The", " next", " morning", ",", " Jane", " got", " dress", "ed", " and", " noticed", " her", " dull", " dress", " had", " bloom", "ed", " with", " lovely", ",", " bright", " colors", ".", " Now", " her", " dress", " was", " just", " like"], "acts": [3.7812, 0.0, 0.0, 0.0, 0.0, 0.0, 0.0, 0.0, 0.0, 0.0, 0.0, 0.0, 0.0, 0.0, 0.0, 0.0, 1.8823, 0.0, 0.0, 3.4885, 2.4412, 0.0, 5.0495, 0.0, 6.959, 4.3014, 0.0, 0.0, 0.0, 0.0, 0.0, 0.0, 0.0], "max_pos": 24, "max_act": 6.9609}, {"tokens": [" thought", " her", " painting", " was", " even", " better", " than", " a", " dessert", " so", " she", " kept", " on", " painting", ".", " She", " used", " the", " colours", " blue", " and", " yellow", " to", " create", " bright", " and", " beautiful", " pictures", ".", " \n", "\n", "W", "ith"], "acts": [0.0, 0.0, 2.3385, 0.0, 0.0, 0.0, 0.0, 0.0, 0.0, 0.0, 0.0, 0.0, 0.0, 1.5707, 0.0, 0.0, 0.0, 0.0, 2.7247, 3.7244, 0.0, 3.0451, 0.0, 0.0, 6.9428, 0.0, 5.2944, 1.4412, 0.0, 0.0, 0.0, 0.0, 0.0], "max_pos": 24, "max_act": 6.9414}, {"tokens": [" and", " went", " home", " happily", ".", "<|endoftext|>", "Mom", " took", " Sally", " to", " pick", " some", " flowers", ".", " The", " big", " yellow", " sun", " was", " shining", " and", " the", " flowers", " were", " bright", " and", " colourful", ".", " Sally", " was", " so", " excited", " to"], "acts": [0.0, 0.0, 0.0, 0.0, 0.0, 0.0, 0.0, 0.0, 0.0, 0.0, 1.0243, 0.0, 1.9744, 0.0, 0.0, 0.0, 1.5083, 0.0, 0.0, 2.6921, 0.0, 0.0, 1.6585, 0.0, 6.6478, 0.0, 4.8664, 0.0, 0.0, 0.0, 0.0, 0.0, 0.0], "max_pos": 24, "max_act": 6.6484}, {"tokens": [",", " she", " decided", " to", " pick", " a", " special", " flower", " to", " keep", " in", " her", " room", ".", " She", " went", " looking", " around", " and", " saw", " a", " beautiful", " sunflower", " with", " bright", " yellow", " pet", "als", ".", " She", " was", " very", " excited"], "acts": [0.0, 0.0, 0.0, 0.0, 1.045, 0.0, 0.974, 0.9942, 0.0, 0.0, 0.0, 0.0, 0.0, 0.0, 0.0, 0.0, 0.0, 0.0, 0.0, 0.0, 0.0, 4.8882, 0.0, 0.0, 6.5985, 3.7152, 0.0, 0.0, 0.0, 0.0, 0.0, 0.0, 0.0], "max_pos": 24, "max_act": 6.5977}, {"tokens": [" noise", " just", " kept", " getting", " louder", " and", " louder", ".", " Then", " suddenly", " a", " huge", " bird", " flew", " into", " the", " park", ".", " It", " was", " huge", " and", " wild", " with", " bright", " feathers", ".", " The", " bird", " was", " looking", " for", " something"], "acts": [0.0, 0.0, 0.0, 0.0, 0.0, 0.0, 0.0, 0.0, 0.0, 0.0, 0.0, 0.0, 0.0, 0.0, 0.0, 0.0, 0.0, 0.0, 0.0, 0.0, 0.0, 0.0, 0.0, 0.0, 6.528, 1.1439, 0.0, 0.0, 0.0, 0.0, 0.0, 0.0, 0.0], "max_pos": 24, "max_act": 6.5273}, {"tokens": [" of", " paint", " and", " started", " painting", ".", " She", " painted", " little", " circles", ",", " big", " circles", " and", " even", " triang", "les", " until", " the", " whole", " wall", " was", " covered", " in", " bright", " green", ".", " \n", "\n", "When", " she", " finished", " painting"], "acts": [0.0, 2.3958, 0.0, 0.0, 2.542, 0.0, 0.0, 2.8511, 0.0, 1.0622, 0.0, 0.0, 0.0, 0.0, 0.0, 0.0, 0.819, 0.0, 0.0, 0.0, 0.0, 0.0, 0.0, 0.0, 6.5098, 1.3162, 0.0, 0.0, 0.0, 0.0, 0.0, 0.0, 2.1009], "max_pos": 24, "max_act": 6.5117}, {"tokens": [" the", " weak", " thing", " bloom", "ed", "!", " A", " beautiful", " flower", " grew", " from", " the", " weak", " thing", ".", " It", " was", " incred", "i", "b", "ly", " colorful", ",", " with", " bright", " pink", " and", " purple", " pet", "als", ".", " \n", "\n"], "acts": [0.0, 0.0, 0.0, 2.781, 2.332, 0.0, 0.0, 5.0252, 0.0, 0.0, 0.0, 0.0, 0.0, 0.0, 0.0, 0.0, 0.0, 0.0, 0.0, 0.0, 0.0, 4.5708, 0.0, 1.394, 6.5094, 4.24, 0.0, 1.9174, 0.0, 0.0, 0.0, 0.0, 0.0], "max_pos": 24, "max_act": 6.5078}, {"tokens": [" moved", ",", " re", "ve", "al", "ing", " a", " secret", ".", " It", " was", " a", " magn", "if", "ic", "ent", " rainbow", "!", " The", " colors", " were", " so", " bright", " and", " colorful", ".", " Red", ",", " orange", ",", " yellow"], "acts": [0.0, 0.0, 0.0, 0.0, 0.0, 0.0, 0.0, 0.0, 0.0, 0.0, 0.0, 0.0, 0.0, 0.0, 0.0, 0.0, 2.5503, 0.0, 0.0, 3.3909, 0.0, 0.0, 6.4764, 0.0, 5.143, 0.0, 0.0, 0.0, 1.4144, 0.0, 3.0896], "max_pos": 22, "max_act": 6.4766}, {"tokens": [" day", " she", " was", " playing", " in", " the", " park", ",", " when", " she", " saw", " a", " fairy", "!", " The", " fairy", " was", " small", " and", " tw", "ink", "ly", " with", " a", " pretty", " dress", " on", ".", " She", " was", " very", " charming", "."], "acts": [0.0, 0.0, 0.0, 0.0, 0.0, 0.0, 0.0, 0.0, 0.0, 0.0, 0.0, 0.0, 0.0, 0.0, 0.0, 0.0, 0.0, 0.0, 0.0, 0.0, 0.0, 0.0, 0.0, 0.0, 6.4697, 0.0, 0.0, 0.0, 0.0, 0.0, 0.0, 2.6977, 0.0], "max_pos": 24, "max_act": 6.4688}, {"tokens": [" she", " was", " making", " a", " new", " pattern", ".", " After", " she", " finished", ",", " the", " messy", " pattern", " was", " now", " neat", " and", " tidy", " and", " the", " new", " pattern", " was", " pretty", ".", "\n", "\n", "The", " mom", " and", " daughter", " were"], "acts": [0.0, 0.0, 0.0, 0.0, 0.0, 3.4402, 0.0, 0.0, 0.0, 0.0, 0.0, 0.0, 0.0, 2.8676, 0.0, 0.0, 1.8732, 0.0, 0.0, 0.0, 0.0, 0.0, 2.9887, 0.0, 6.4238, 0.0, 0.0, 0.0, 0.0, 0.0, 0.0, 0.0, 0.0], "max_pos": 24, "max_act": 6.4219}, {"tokens": [" time", ",", " there", " was", " a", " bright", " sun", " in", " the", " sky", " and", " a", " bright", " path", " in", " the", " park", ".", " Th", "ree", " year"], "acts": [0.0, 0.0, 0.0, 0.0, 0.0, 4.9895, 0.0, 0.0, 0.0, 0.0, 0.0, 0.0, 6.3888, 0.0, 0.0, 0.0, 0.0, 0.0, 0.0, 0.0, 0.0], "max_pos": 12, "max_act": 6.3906}]}