{"id": 229, "density": 0.0399165, "max_act": 6.35546875, "hist": {"edges": [0.01, 0.0133, 0.0178, 0.0237, 0.0316, 0.0422, 0.0562, 0.075, 0.1, 0.1334, 0.1778, 0.2371, 0.3162, 0.4217, 0.5623, 0.7499, 1.0, 1.3335, 1.7783, 2.3714, 3.1623, 4.217, 5.6234, 7.4989, 10.0, 13.3352, 17.7828, 23.7137, 31.6228, 42.1697, 56.2341, 74.9894, 100.0], "counts": [0, 0, 0, 0, 0, 0, 0, 0, 0, 3, 45, 617, 4117, 13636, 22634, 24422, 23505, 21340, 20426, 15156, 9502, 4143, 120, 0, 0, 0, 0, 0, 0, 0, 0, 0]}, "logit_lens": {"promoted": [["'", 0.347], ["king", 0.299], [" It", 0.28], [" hello", 0.28], ["ling", 0.267], [" curi", 0.264], ["ching", 0.256], [" \"", 0.256], [" surprise", 0.249], ["arian", 0.249]], "suppressed": [[" us", 0.26], [" only", 0.249], [" high", 0.221], ["ips", 0.218], ["ap", 0.215], [" air", 0.206], ["After", 0.204], [" ac", 0.2], ["ire", 0.198], [" plan", 0.197]]}, "examples": [{"tokens": [" at", " the", " castle", " gate", ",", " watching", " the", " people", " come", " and", " go", ".", "\n", "\n", "One", " day", ",", " a", " little", " girl", " came", " to", " the", " castle", ".", " She", " wore", " a", " beautiful", " purple", " dress", " and", " had"], "acts": [0.0, 0.0, 0.0, 0.0, 0.0, 0.0, 0.0, 0.0, 0.0, 0.0, 0.0, 1.4334, 0.0, 0.5124, 0.0, 0.0, 0.0, 0.0, 0.0, 0.0, 0.0, 0.0, 0.0, 0.0, 6.3565, 0.0, 0.0, 0.0, 0.0, 0.0, 0.0, 0.0, 0.0], "max_pos": 24, "max_act": 6.3555}, {"tokens": [" to", " go", " to", " the", " river", " to", " have", " a", " drink", " of", " water", ".", "\n", "\n", "One", " day", ",", " the", " lion", " saw", " something", " in", " the", " sky", ".", " It", " looked", " like", " a", " big", " white", " bird", "!"], "acts": [0.0, 0.0, 0.0, 0.0, 0.0, 0.0, 0.0, 0.0, 0.0, 0.0, 0.0, 0.7859, 0.0, 0.0, 0.0, 0.0, 0.0, 0.0, 0.0, 0.0, 0.0, 0.0, 0.0, 0.0, 6.3451, 0.0, 0.0, 0.0, 0.0, 0.0, 0.0, 0.0, 2.5225], "max_pos": 24, "max_act": 6.3438}, {"tokens": [" organize", " and", " take", " care", " of", " the", " things", " that", " belonged", " to", " the", " mill", ".", "\n", "\n", "One", " day", " a", " little", " boy", " came", " to", " the", " mill", ".", " He", " asked", " the", " people", " at", " the", " mill", " where"], "acts": [0.0, 0.0, 0.0, 0.0, 0.0, 0.0, 0.0, 0.0, 0.0, 0.0, 0.0, 0.0, 0.8416, 0.0, 0.0, 0.0, 0.0, 0.0, 0.0, 0.0, 0.0, 0.0, 0.0, 0.0, 6.3355, 0.0, 0.0, 0.0, 0.0, 0.0, 0.0, 0.0, 0.0], "max_pos": 24, "max_act": 6.3359}, {"tokens": [" fly", " and", " see", " the", " world", " from", " above", ".", "\n", "\n", "One", " day", ",", " the", " large", " plane", " saw", " a", " little", " girl", " sitting", " on", " the", " ground", ".", " The", " little", " girl", " was", " we", "ep", "ing", "."], "acts": [0.0, 0.0, 0.0, 0.0, 0.0, 0.0, 0.0, 1.086, 0.0, 0.0, 0.0, 0.0, 0.0, 0.0, 0.0, 0.0, 0.0, 0.0, 0.0, 0.0, 0.0, 0.0, 0.0, 0.0, 6.2494, 0.0, 0.0, 0.0, 0.0, 0.0, 0.0, 0.0, 2.8896], "max_pos": 24, "max_act": 6.25}, {"tokens": [".", " Dave", " was", " scared", ".", " He", " looked", " around", " to", " see", " where", " the", " noise", " came", " from", ".", " \n", "\n", "Suddenly", ",", " he", " saw", " a", " mouse", ".", " The", " mouse", " was", " standing", " on", " the", " sh", "amp"], "acts": [2.3622, 0.0, 0.0, 0.0, 1.287, 0.0, 0.0, 0.0, 0.0, 0.0, 0.0, 0.0, 0.0, 0.0, 0.0, 3.476, 0.0, 1.3425, 0.0, 0.4722, 0.0, 0.0, 0.0, 0.0, 6.2461, 0.0, 0.0, 0.0, 0.0, 0.0, 0.0, 0.0, 0.0], "max_pos": 24, "max_act": 6.2461}, {"tokens": [" butterfly", " liked", " to", " fly", " around", " and", " look", " at", " all", " the", " colors", ".", "\n", "\n", "One", " day", ",", " a", " little", " boy", " came", " to", " the", " garden", ".", " He", " saw", " the", " butterfly", " and", " said", ",", " \""], "acts": [0.0, 0.0, 0.0, 0.0, 0.0, 0.0, 0.0, 0.0, 0.0, 0.0, 0.0, 0.6346, 0.0, 0.0, 0.0, 0.0, 0.0, 0.0, 0.0, 0.0, 0.0, 0.0, 0.0, 0.0, 6.2412, 0.0, 0.0, 0.0, 0.0, 0.0, 0.0, 0.0, 0.0], "max_pos": 24, "max_act": 6.2422}, {"tokens": [" outside", ".", " One", " day", ",", " she", " decided", " to", " adventure", " around", " her", " neighbor", "hood", ".", " \n", "\n", "When", " she", " arrived", ",", " she", " saw", " her", " neighbor", ".", " He", " was", " a", " kind", "ly", " old", " man", " with"], "acts": [0.0, 0.0, 0.0, 0.0, 0.0, 0.0, 0.0, 0.0, 0.0, 0.0, 0.0, 0.0, 0.0, 1.8692, 0.0, 0.4539, 0.0, 0.0, 0.0, 0.942, 0.0, 0.0, 0.0, 0.0, 6.2386, 0.0, 0.0, 0.0, 0.0, 0.0, 0.0, 0.0, 0.0], "max_pos": 24, "max_act": 6.2383}, {"tokens": [".", " As", " he", " was", " walking", ",", " he", " lay", " down", " on", " the", " ground", ".", "\n", "\n", "Suddenly", ",", " a", " little", " boy", " came", " around", " the", " corner", ".", " He", " saw", " the", " figure", " lying", " on", " the", " ground"], "acts": [1.7532, 0.0, 0.0, 0.0, 0.0, 0.0, 0.0, 0.0, 0.0, 0.0, 0.0, 0.0, 2.7375, 0.0, 1.1806, 0.0, 0.4702, 0.0, 0.0, 0.0, 0.0, 0.0, 0.0, 0.0, 6.2249, 0.0, 0.0, 0.0, 0.0, 0.0, 0.0, 0.0, 0.0], "max_pos": 24, "max_act": 6.2266}, {"tokens": [" danger", ".", " He", " enjoyed", " standing", " in", " the", " field", " sun", "ning", " himself", ".", "\n", "\n", "One", " day", " a", " small", " girl", " came", " to", " the", " past", "ure", ".", " She", " was", " only", " three", " years", " old", " and", " holding"], "acts": [0.0, 0.7529, 0.0, 0.0, 0.0, 0.0, 0.0, 0.0, 0.0, 0.0, 0.0, 1.0765, 0.0, 0.0, 0.0, 0.0, 0.0, 0.0, 0.0, 0.0, 0.5606, 0.0, 0.0, 0.0, 6.2242, 0.0, 0.0, 0.0, 0.0, 0.0, 0.0, 0.0, 0.0], "max_pos": 24, "max_act": 6.2227}, {"tokens": [" stared", " at", " it", " in", " amaz", "ement", ",", " wonder", "ing", " where", " it", " might", " lead", ".", "\n", "\n", "Suddenly", ",", " a", " boy", " appeared", " at", " the", " door", ".", " His", " name", " was", " John", ".", " He", " told", " her"], "acts": [0.0, 0.0, 0.0, 0.0, 0.0, 0.0, 0.7394, 0.0, 0.0, 0.0, 0.0, 0.0, 0.0, 0.8547, 0.0, 1.0213, 0.0, 0.0, 0.0, 0.0, 0.0, 0.0, 0.0, 0.0, 6.2147, 0.0, 0.0, 0.0, 0.0, 3.6185, 0.0, 0.0, 0.0], "max_pos": 24, "max_act": 6.2148}, {"tokens": [" the", " different", " places", " it", " had", " to", " off", "er", ".", "\n", "\n", "One", " day", ",", " while", " walking", ",", " the", " small", " boy", " saw", " a", " beautiful", " flower", ".", " He", " wanted", " to", " pick", " it", " and", " keep", " it"], "acts": [0.0, 0.0, 0.0, 0.0, 0.0, 0.0, 0.0, 0.0, 0.8801, 0.0, 0.0, 0.0, 0.0, 0.0, 0.0, 0.0, 0.0, 0.0, 0.0, 0.0, 0.0, 0.0, 0.0, 0.0, 6.1913, 0.0, 0.0, 0.0, 0.0, 0.0, 0.0, 0.0, 0.0], "max_pos": 24, "max_act": 6.1914}, {"tokens": [" was", " held", " down", " in", " the", " tree", " and", " couldn", "'t", " go", ".", "\n", "\n", "One", " day", ",", " a", " little", " girl", " came", " up", " to", " the", " tree", ".", " She", " stood", " at", " the", " base", " and", " looked", " up"], "acts": [0.0, 0.0, 0.0, 0.0, 0.0, 0.0, 0.0, 0.0, 0.0, 0.0, 0.0, 0.0, 0.0, 0.0, 0.0, 0.0, 0.0, 0.0, 0.0, 0.0, 0.0, 0.0, 0.0, 0.0, 6.1874, 0.0, 0.0, 0.0, 0.0, 0.0, 0.0, 0.0, 2.2317], "max_pos": 24, "max_act": 6.1875}]}