{"id": 233, "density": 0.0231365, "max_act": 9.40625, "hist": {"edges": [0.01, 0.0133, 0.0178, 0.0237, 0.0316, 0.0422, 0.0562, 0.075, 0.1, 0.1334, 0.1778, 0.2371, 0.3162, 0.4217, 0.5623, 0.7499, 1.0, 1.3335, 1.7783, 2.3714, 3.1623, 4.217, 5.6234, 7.4989, 10.0, 13.3352, 17.7828, 23.7137, 31.6228, 42.1697, 56.2341, 74.9894, 100.0], "counts": [0, 0, 0, 0, 0, 0, 0, 0, 0, 2, 13, 202, 1572, 5858, 11699, 14266, 13005, 9553, 6222, 3936, 6556, 13124, 6235, 303, 0, 0, 0, 0, 0, 0, 0, 0]}, "logit_lens": {"promoted": [[" can", 0.345], [" please", 0.344], [" let", 0.316], [" sweetie", 0.311], [" honey", 0.27], [" where", 0.23], [" daddy", 0.224], [" sweet", 0.215], [" de", 0.213], [" it", 0.211]], "suppressed": [[" tow", 0.265], ["ze", 0.252], [" \u00e2\u20ac\ufffd", 0.251], ["ek", 0.247], [" upon", 0.238], ["o", 0.232], [" lot", 0.232], ["year", 0.223], [" hard", 0.221], ["ade", 0.216]]}, "examples": [{"tokens": [" pointing", " at", " the", " big", " strange", " books", "he", "lf", " in", " the", " corner", " of", " the", " room", ".", "\n", "\n", "\"", "That", "'s", " a", " books", "he", "lf", ",", " de", "ar", ",\"", " Mummy", " said", ".", " \"", "It"], "acts": [0.0, 0.0, 0.0, 0.0, 0.0, 0.0, 0.0, 0.0, 0.0, 0.0, 0.0, 0.0, 0.0, 0.0, 0.0, 0.0, 0.0, 0.0, 0.0, 0.0, 0.0, 0.0, 0.0, 1.125, 9.4041, 0.0, 0.0, 0.0, 0.0, 0.0, 0.0, 0.0, 0.0], "max_pos": 24, "max_act": 9.4062}, {"tokens": [",", " Jack", "?\"", " asked", " his", " mother", ",", " who", " had", " just", " seen", " him", ".", "\n", "\n", "\"", "I", " am", " trying", " to", " print", " the", " pill", ",", " mum", ",\"", " answered", " Jack", ".", " \n", "\n", "\""], "acts": [1.9703, 0.0, 0.0, 0.0, 0.0, 0.0, 0.0, 0.0, 0.0, 0.0, 0.0, 0.0, 0.0, 0.0, 0.0, 0.0, 0.0, 0.0, 0.0, 0.0, 0.0, 0.0, 0.0, 9.3916, 0.0, 0.6333, 0.0, 0.0, 0.0, 0.0, 0.0, 0.0], "max_pos": 23, "max_act": 9.3906}, {"tokens": ["\n", "\"", "Where", " is", " the", " train", " taking", " me", "?\"", " Sh", "an", "n", "on", " asked", " her", " aunt", ".", "\n", "\n", "\"", "It", "'s", " your", " surprise", ",", " Sh", "an", "n", "on", ".\"", " said", " her", " aunt"], "acts": [0.0, 0.0, 0.0, 0.0, 0.0, 0.0, 0.0, 0.0, 0.0, 0.0, 0.0, 0.0, 0.0, 0.0, 0.0, 0.0, 0.0, 0.0, 0.0, 0.0, 0.0, 0.0, 0.0, 0.0, 9.212, 0.0, 0.0, 0.0, 0.0, 0.0, 0.0, 0.0, 0.0], "max_pos": 24, "max_act": 9.2109}, {"tokens": [" the", " garden", ".", " M", "ay", " was", " very", " excited", " and", " asked", " her", " mom", " what", " it", " was", " for", ".", " \"", "It", "'s", " a", " sor", "ting", " table", ",", " sweetie", ",\"", " her", " mom", " said", ",", " \"", "w"], "acts": [0.0, 0.0, 0.0, 0.0, 0.0, 0.0, 0.0, 0.0, 0.0, 0.0, 0.0, 0.0, 0.0, 0.0, 0.0, 0.0, 0.0, 0.0, 0.0, 0.0, 0.0, 0.0, 0.0, 0.0, 8.9305, 0.0, 0.5431, 0.0, 0.0, 0.0, 0.0, 0.0, 0.0], "max_pos": 24, "max_act": 8.9297}, {"tokens": ["ore", " a", " goal", ".", "\n", "\n", "\"", "P", "ass", " me", " the", " ball", ",", " Lily", "!\"", " Sam", " shouted", ".", " He", " was", " near"], "acts": [0.0, 0.0, 0.0, 0.0, 0.0, 0.0, 0.0, 0.0, 0.0, 0.0, 0.0, 0.0, 8.7853, 0.0, 0.0, 0.0, 0.0, 0.0, 0.0, 0.0, 0.0], "max_pos": 12, "max_act": 8.7891}, {"tokens": ["?\"", " her", " mom", " asked", ".", "\n", "\n", "\"", "I", " want", " to", " make", " a", " dress", " for", " my", " doll", ",", " but", " I", " can", "'t", ".", " The", " needle", " is"], "acts": [0.0, 0.0, 0.0, 0.0, 0.0, 0.0, 0.0, 0.0, 0.0, 0.0, 0.0, 0.0, 0.0, 0.0, 0.0, 0.0, 0.0, 8.7211, 1.2825, 0.0, 0.0, 0.0, 0.0, 0.0, 0.0, 0.0], "max_pos": 17, "max_act": 8.7188}, {"tokens": [".", "\n", "\n", "\"", "What", " are", " you", " two", " doing", " with", " that", " box", "?\"", " she", " asked", ".", "\n", "\n", "\"", "We", " want", " to", " open", " it", ",", " mom", ",\"", " said", " Tom", ".", " \"", "It", " is"], "acts": [0.0, 0.0, 0.0, 0.0, 0.0, 0.0, 0.0, 0.0, 0.0, 0.0, 0.0, 0.7919, 0.0, 0.0, 0.0, 0.0, 0.0, 0.0, 0.0, 0.0, 0.0, 0.0, 0.0, 0.7203, 8.6355, 0.0, 0.0, 0.0, 0.0, 0.0, 0.0, 0.0, 0.0], "max_pos": 24, "max_act": 8.6328}, {"tokens": [" \"", "Can", " I", " have", " the", " fancy", " toy", ",", " please", "?\"", "\n", "\n", "His", " pare", "nt", " said"], "acts": [0.0, 0.0, 0.8531, 0.0, 0.0, 0.0, 0.0, 8.6076, 0.0, 0.0, 0.0, 0.0, 0.6464, 0.0, 0.0, 0.0], "max_pos": 7, "max_act": 8.6094}, {"tokens": [" I", " do", ",", " mother", "?\"", " Lila", " asked", ".", "\n", "\n", "M", "other", " smiled", " and", " said", ",", " \"", "Can", " you", " set", " the", " table", " for", " dinner", ",", " Lila", "?", " I", " made", " your", " favorite", " soup", ","], "acts": [0.0, 0.0, 6.9735, 0.0, 0.0, 0.0, 0.0, 0.0, 0.0, 0.0, 0.0, 0.0, 0.0, 0.0, 0.0, 0.0, 0.0, 0.0, 0.0, 0.0, 0.0, 0.0, 0.0, 0.0, 8.6029, 0.0, 0.0, 0.0, 0.0, 0.0, 0.0, 0.0, 4.4569], "max_pos": 24, "max_act": 8.6016}, {"tokens": [",", " \"", "I", " want", " this", " foot", " toy", ",", " please", "!\"", "\n", "\n", "Tim", " was", " happy", " to"], "acts": [1.9703, 0.0, 0.0, 0.0, 0.0, 0.0, 0.787, 8.5979, 0.0, 0.0, 0.0, 0.0, 0.0, 0.0, 0.0, 0.0], "max_pos": 7, "max_act": 8.6016}, {"tokens": [" as", " they", " round", "ed", " a", " corner", ",", " Paul", " saw", " a", " big", ",", " green", " field", ".", "\n", "\n", "\"", "Are", " we", " going", " to", " the", " field", ",", " Mom", "?\"", " asked", " Paul", ",", " hopping", " with", " excitement"], "acts": [0.0, 0.0, 0.0, 0.0, 0.0, 0.0, 0.9085, 0.0, 0.0, 0.0, 0.0, 0.0, 0.0, 0.0, 0.0, 0.0, 0.0, 0.0, 0.0, 0.0, 0.0, 0.0, 0.0, 0.0, 8.4881, 0.0, 0.0, 0.0, 0.0, 0.0, 0.0, 0.0, 0.0], "max_pos": 24, "max_act": 8.4844}, {"tokens": [" asked", " her", " mum", ",", " \"", "Mum", ",", " why", " is", " it", " so", " special", " today", "?\"", "\n", "\n", "\"", "B", "ec", "ause", " today", " is", " your", " birthday", ",", " d", "ar", "ling", ",\"", " replied", " her", " mum", ","], "acts": [0.0, 0.0, 0.0, 0.0, 0.0, 0.0, 4.5736, 0.0, 0.0, 0.0, 0.0, 0.0, 0.0, 0.0, 0.0, 0.0, 0.0, 0.0, 0.0, 0.0, 0.0, 0.0, 0.0, 0.0, 8.4873, 0.0, 0.0, 0.0, 0.5275, 0.0, 0.0, 0.0, 0.0], "max_pos": 24, "max_act": 8.4844}]}