{"id": 238, "density": 0.02311425, "max_act": 5.0078125, "hist": {"edges": [0.01, 0.0133, 0.0178, 0.0237, 0.0316, 0.0422, 0.0562, 0.075, 0.1, 0.1334, 0.1778, 0.2371, 0.3162, 0.4217, 0.5623, 0.7499, 1.0, 1.3335, 1.7783, 2.3714, 3.1623, 4.217, 5.6234, 7.4989, 10.0, 13.3352, 17.7828, 23.7137, 31.6228, 42.1697, 56.2341, 74.9894, 100.0], "counts": [0, 0, 0, 0, 0, 0, 0, 0, 0, 0, 30, 294, 2074, 7379, 16785, 18957, 16870, 13001, 8950, 5357, 2608, 152, 0, 0, 0, 0, 0, 0, 0, 0, 0, 0]}, "logit_lens": {"promoted": [["'s", 0.307], [" never", 0.266], ["\u00e2\u20ac\u2122", 0.245], ["ared", 0.245], ["ved", 0.237], [" was", 0.229], [" will", 0.224], [" became", 0.213], [" fit", 0.207], [".", 0.203]], "suppressed": [["on", 0.293], [" kids", 0.263], ["bby", 0.262], ["ching", 0.248], ["he", 0.248], ["cer", 0.242], ["ite", 0.238], ["an", 0.236], ["vel", 0.233], ["ric", 0.233]]}, "examples": [{"tokens": [" little", " girl", " all", " sorts", " of", " places", ".", " They", " went", " to", " the", " park", " and", " the", " zoo", ".", " They", " stopped", " for", " ice", " cream", " and", " the", " little", " girl", " smiled", ".", "\n", "\n", "Finally", ",", " the", " van"], "acts": [0.0, 3.0078, 0.0, 0.0, 0.0, 0.0, 0.0, 0.0, 0.0, 0.0, 0.0, 0.0, 0.0, 0.0, 0.0, 0.0, 0.0, 0.0, 0.0, 0.0, 0.0, 0.0, 0.0, 0.0, 5.0061, 0.0, 0.0, 0.0, 0.0, 0.0, 0.0, 0.0, 0.0], "max_pos": 24, "max_act": 5.0078}, {"tokens": ["!\"", "\n", "\n", "The", " eag", "le", " smiled", " and", " said", ",", " \"", "Yes", ",", " of", " course", "!\"", " He", " then", " sw", "ooped", " down", " and", " the", " little", " girl", " climbed", " on", " his", " back", ".", " The", " eag", "le"], "acts": [0.0, 0.0, 0.0, 0.0, 0.0, 1.6911, 0.0, 0.0, 0.0, 0.0, 0.0, 0.0, 0.0, 0.0, 0.0, 0.0, 0.0, 0.0, 0.0, 0.0, 0.0, 0.0, 0.0, 0.0, 4.9792, 0.0, 0.0, 0.0, 0.0, 0.0, 0.0, 0.0, 2.4065], "max_pos": 24, "max_act": 4.9805}, {"tokens": [" \n", "\n", "Finally", ",", " the", " ch", "am", "ber", " opened", " and", " the", " little", " girl", " ran", " out", ".", " She", " was", " happy", " to", " get"], "acts": [0.0, 0.0, 0.0, 0.0, 0.0, 0.0, 0.0, 0.0, 0.0, 0.0, 0.0, 0.0, 4.9655, 0.0, 0.0, 0.0, 0.0, 0.0, 0.0, 0.0, 0.0], "max_pos": 12, "max_act": 4.9648}, {"tokens": [" me", ".\"", " \n", "\n", "The", " boy", " thanked", " the", " witch", " again", " and", " the", " witch", " flew", " away", " on", " her", " bro", "om", "st", "ick", ".", " The", " little", " boy", " was", " very", " happy", " and", " he", " thanked", " the", " witch"], "acts": [0.0, 0.0, 0.0, 0.0, 0.0, 3.1191, 0.0, 0.0, 0.0, 0.0, 0.0, 0.0, 1.8341, 0.0, 0.0, 0.0, 0.0, 0.0, 0.0, 0.0, 0.0, 0.0, 0.0, 0.0, 4.9122, 0.4579, 0.0, 0.0, 0.0, 0.0, 0.0, 0.0, 0.0], "max_pos": 24, "max_act": 4.9141}, {"tokens": [" fox", " said", ",", " \"", "We", " should", " cut", " it", " so", " we", " can", " both", " have", " some", "!\"", " The", " fox", " gave", " her", " a", " knife", " and", " the", " little", " girl", " cut", " the", " strawber", "ry", " in", " half", ".", "\n"], "acts": [1.3133, 0.0, 0.0, 0.0, 0.0, 0.0, 0.0, 0.0, 0.0, 0.0, 0.0, 0.0, 0.0, 0.0, 0.0, 0.0, 0.946, 0.0, 0.0, 0.0, 0.0, 0.0, 0.0, 0.5527, 4.8731, 0.0, 0.0, 0.0, 0.0, 0.0, 0.0, 0.0, 0.0], "max_pos": 24, "max_act": 4.875}, {"tokens": [" about", " it", " for", " a", " minut", "e", ",", " but", " then", " he", " said", " yes", ".", " He", " lifted", " the", " watch", " off", " his", " neck", ",", " and", " the", " little", " girl", " happily", " took", " it", ".", " She", " played", " with", " it"], "acts": [0.0, 0.0, 0.0, 0.0, 0.0, 0.0, 0.0, 0.0, 0.0, 0.0, 0.0, 0.0, 0.0, 0.0, 0.0, 0.0, 0.0, 0.0, 0.0, 0.0, 0.0, 0.0, 0.0, 0.0, 4.8353, 0.7117, 0.0, 0.0, 0.0, 0.0, 0.0, 0.0, 0.0], "max_pos": 24, "max_act": 4.8359}, {"tokens": [" park", " later", "?\"", " The", " little", " girl", " said", " yes", " and", " she", " was", " so", " excited", "!", " \n", "\n", "They", " went", " to", " the", " park", " and", " the", " little", " girl", " played", " her", " flute", ".", " Everyone", " was", " happy", " and"], "acts": [0.0, 0.0, 0.0, 0.0, 0.0, 3.8026, 0.0, 0.0, 0.0, 1.1676, 0.0, 0.0, 0.0, 0.0, 0.0, 0.0, 0.0, 0.0, 0.0, 0.0, 0.0, 0.0, 0.0, 0.0, 4.8069, 0.0, 0.0, 0.0, 0.0, 0.8942, 0.0, 0.0, 0.0], "max_pos": 24, "max_act": 4.8086}, {"tokens": [" would", " open", " again", ".", " S", "ure", " enough", ",", " the", " box", " opened", " and", " the", " little", " boy", " was", " so", " surprised", "!", " Inside", " the", " box", " was"], "acts": [0.0, 0.0, 0.0, 0.0, 0.0, 0.0, 0.0, 0.0, 0.0, 0.0, 0.0, 0.0, 0.0, 0.0, 4.7989, 0.0, 0.0, 0.0, 0.0, 0.0, 0.0, 0.0, 0.0], "max_pos": 14, "max_act": 4.8008}, {"tokens": ["\n", "\n", "They", " ate", " dinner", " together", " and", " the", " little", " girl", " was", " so", " happy", ".", " She", " enjoyed", " her", " delicious"], "acts": [0.0, 0.0, 0.0, 0.0, 0.0, 0.0, 0.0, 0.0, 0.0, 4.7833, 0.0, 0.0, 0.0, 0.0, 0.0, 0.0, 0.0, 0.0], "max_pos": 9, "max_act": 4.7852}, {"tokens": [" your", " picture", "?\"", "\n", "\n", "The", " panda", " said", ",", " \"", "Sure", ",", " you", " can", " record", " me", " with", " your", " camera", ".\"", "\n", "\n", "The", " little", " boy", " took", " out", " his", " camera", " and", " pressed", " the", " button"], "acts": [0.0, 0.0, 0.0, 0.0, 0.0, 0.0, 0.0, 0.0, 0.0, 0.0, 0.0, 0.0, 0.0, 0.0, 0.0, 0.0, 0.0, 0.0, 0.0, 0.0, 0.0, 0.0, 0.0, 0.0, 4.7658, 0.0, 0.0, 0.0, 0.0, 0.0, 0.0, 0.0, 0.0], "max_pos": 24, "max_act": 4.7656}, {"tokens": [" lost", "?\"", " The", " little", " girl", " said", ",", " \"", "Yes", ".\"", "\n", "\n", "Bob", " took", " the", " little", " girl", " to", " the", " police", " station", ".", " The", " little", " girl", "'s", " mom", " was", " very", " happy", " to", " see", " her"], "acts": [0.0, 0.0, 0.0, 0.0, 3.8462, 0.0, 0.0, 0.0, 0.0, 0.0, 0.0, 0.0, 0.0, 0.0, 0.0, 0.0, 3.4072, 0.0, 0.0, 0.0, 0.0, 0.0, 0.0, 0.0, 4.7576, 0.0, 1.3803, 0.0, 0.0, 0.0, 0.0, 0.0, 0.0], "max_pos": 24, "max_act": 4.7578}, {"tokens": [" adventure", ".", " The", " lion", " followed", " the", " little", " girl", " through", " the", " forest", ".", " They", " came", " across", " a", " field", " of", " r", "ipe", " apples", ".", " The", " little", " girl", " said", ",", " \"", "Look", ",", " there", " are", " lots"], "acts": [0.0, 0.0, 0.0, 1.5155, 0.0, 0.0, 0.0, 3.6707, 0.0, 0.0, 0.0, 0.0, 0.0, 0.0, 0.0, 0.0, 0.0, 0.0, 0.0, 0.0, 0.0, 0.0, 0.0, 0.0, 4.7468, 0.0, 0.0, 0.0, 0.0, 0.0, 0.0, 0.0, 0.0], "max_pos": 24, "max_act": 4.7461}]}