{"id": 247, "density": 0.089659, "max_act": 3.4921875, "hist": {"edges": [0.01, 0.0133, 0.0178, 0.0237, 0.0316, 0.0422, 0.0562, 0.075, 0.1, 0.1334, 0.1778, 0.2371, 0.3162, 0.4217, 0.5623, 0.7499, 1.0, 1.3335, 1.7783, 2.3714, 3.1623, 4.217, 5.6234, 7.4989, 10.0, 13.3352, 17.7828, 23.7137, 31.6228, 42.1697, 56.2341, 74.9894, 100.0], "counts": [0, 0, 0, 0, 0, 0, 0, 0, 0, 2, 29, 772, 8489, 37328, 79756, 98113, 80012, 41108, 11672, 1335, 20, 0, 0, 0, 0, 0, 0, 0, 0, 0, 0, 0]}, "logit_lens": {"promoted": [[" us", 0.3], ["es", 0.272], [" our", 0.26], ["s", 0.242], [" them", 0.241], ["ves", 0.21], [" first", 0.204], [" might", 0.201], [" when", 0.197], [" their", 0.183]], "suppressed": [[" tears", 0.372], [" wip", 0.293], [" pain", 0.286], ["vel", 0.285], [" hospital", 0.282], [" mil", 0.279], [" scream", 0.277], ["umb", 0.269], [" shake", 0.265], [" puddle", 0.263]]}, "examples": [{"tokens": [" yard", " with", " a", " fence", ".", " He", " can", " see", " many", " things", " from", " his", " yard", ",", " like", " cars", ",", " birds", ",", " and", " people", ".", " Sometimes", " he", " bark", "s", " at", " them", ",", " but", " he", " is", " not"], "acts": [0.0, 0.0, 0.0, 0.0, 0.0, 0.0, 0.0, 0.0, 0.0, 0.0, 0.0, 0.669, 0.0, 0.0, 0.0, 0.0, 0.0, 0.0, 0.0, 0.0, 0.0, 0.0, 0.0, 0.0, 3.492, 2.4486, 1.3927, 0.0, 0.0, 0.9741, 0.0, 2.7253, 2.8359], "max_pos": 24, "max_act": 3.4922}, {"tokens": [" mom", ",", " \"", "Mom", ",", " how", " can", " I", " become", " big", " like", " that", " fish", "?\"", " His", " mom", " said", ",", " \"", "F", "in", ",", " you", " will", " become", " big", " when", " you", " grow", " up", ".", " Just", " eat"], "acts": [0.0, 0.0, 0.0, 0.0, 0.0, 0.0, 0.0, 0.0, 2.0159, 0.0, 1.1229, 0.0, 0.0, 0.0, 0.0, 0.0, 0.6049, 0.0, 0.0, 0.0, 0.0, 0.0, 0.4178, 1.2808, 3.4339, 0.0, 0.0, 0.0, 1.5396, 1.5412, 0.0, 0.0, 0.5915], "max_pos": 24, "max_act": 3.4336}, {"tokens": [" old", " and", " ugly", ".", " M", "o", "der", "n", " v", "est", "s", " are", " different", ".", " They", " are", " shiny", " and", " have", " z", "ipp", "ers", ".", " You", " look", " silly", " in", " that", " v", "est", ".", " Give", " it"], "acts": [0.0, 0.0, 0.0, 0.0, 0.0, 0.0, 0.0, 0.0, 0.0, 0.0, 0.0, 0.0, 0.0, 0.0, 0.9313, 0.0, 0.0, 1.8513, 0.0, 0.0, 0.0, 0.0, 0.0, 0.6124, 3.3975, 0.0, 0.8803, 0.0, 0.0, 0.0, 0.0, 0.0, 0.0], "max_pos": 24, "max_act": 3.3984}, {"tokens": [" your", " knee", " will", " feel", " better", " soon", ".", " And", " we", " can", " wash", " Lily", "'s", " dress", " and", " hair", " and", " se", "w", " her", " dress", ".", " She", " will", " look", " pretty", " again", ".\"", "\n", "\n", "Anna", " smiled", " and"], "acts": [0.0, 0.0, 0.0, 0.0, 0.0, 0.0, 0.0, 0.5794, 0.0, 0.0, 0.0, 0.0, 0.0, 0.0, 0.0, 0.0, 0.0, 0.0, 0.0, 0.0, 0.0, 0.0, 0.0, 1.2338, 3.3884, 0.0, 1.247, 0.0, 0.0, 0.0, 0.0, 0.0, 0.0], "max_pos": 24, "max_act": 3.3887}, {"tokens": ["-", "cream", ",", " especially", " chocolate", " and", " van", "illa", ".", " Ben", " nodded", ".", " He", " liked", " ice", "-", "cream", " too", ",", " but", " he", " pre", "f", "er", "red", " strawber", "ry", " and", " banana", ".", "\n", "\n", "\""], "acts": [0.0, 0.0, 0.0, 0.0, 0.0, 0.0, 0.0, 0.0, 0.0, 0.6421, 0.7614, 0.0, 0.6007, 1.604, 0.0, 0.0, 0.0, 0.0, 0.0, 0.7891, 0.7045, 0.0, 0.0, 0.0, 3.35, 0.0, 0.0, 1.1518, 0.0, 0.0, 0.0, 0.0, 0.5883], "max_pos": 24, "max_act": 3.3496}, {"tokens": [" says", " they", " have", " to", " test", " their", " eyes", ".", " She", " says", " they", " will", " go", " to", " a", " nice", " place", " with", " a", " friendly", " doctor", ".", " He", " will", " look", " at", " their", " eyes", " and", " give", " them", " stickers", "."], "acts": [1.6501, 0.0, 1.6052, 0.9753, 0.0, 0.0, 0.9702, 0.0, 0.0, 1.6097, 1.1589, 1.1222, 1.7982, 1.1951, 0.0, 0.0, 0.0, 0.7665, 0.0, 0.0, 0.0, 0.0, 0.0, 1.5643, 3.3459, 2.101, 0.9219, 1.0807, 1.31, 2.0205, 0.0, 0.0, 0.6331], "max_pos": 24, "max_act": 3.3457}, {"tokens": [" on", " the", " cover", ".", " Anna", " says", ",", " \"", "Let", "'s", " pretend", " we", " are", " in", " the", " jungle", " and", " we", " meet", " the", " lion", ".", " He", " is", " very", " dangerous", " and", " hungry", ".", " What", " do", " we", " do"], "acts": [0.0, 0.0, 0.0, 0.0, 0.0, 1.4727, 0.0, 0.9605, 0.6521, 0.0, 0.0, 0.0, 1.1657, 1.3747, 0.0, 0.0, 1.9911, 0.0, 3.1346, 0.0, 1.4097, 0.0, 0.0, 2.627, 3.3241, 0.0, 1.2319, 0.0, 0.0, 0.0, 0.0, 0.0, 0.0], "max_pos": 24, "max_act": 3.3242}, {"tokens": ["les", " and", " a", " card", " too", ".", " I", "'m", " sure", " Grandma", " will", " app", "re", "ci", "ate", " your", " e", "ff", "ort", ".", " And", " maybe", " she", " will", " let", " you", " have", " a", " sl", "ice", " of", " cake", " later"], "acts": [0.0, 0.0, 0.0, 0.0, 0.0, 0.0, 0.0, 1.3513, 1.2265, 0.0, 1.2007, 0.0, 0.0, 0.0, 0.0, 0.0, 0.0, 0.0, 1.5669, 0.0, 1.1275, 1.7736, 0.0, 1.8268, 3.3219, 1.0354, 0.8704, 0.0, 0.0, 0.0, 0.0, 0.0, 0.0], "max_pos": 24, "max_act": 3.3223}, {"tokens": [" liked", " to", " twist", " and", " fl", "ick", ".", " Sometimes", ",", " Lila", " would", " try", " to", " catch", " M", "im", "i", "'s", " tail", ",", " but", " M", "im", "i", " was", " too", " fast", " and", " would", " run", " away", ".", "\n"], "acts": [0.9977, 0.0, 1.1466, 0.0, 0.0, 0.0, 0.0, 0.0, 0.7669, 0.9951, 1.0016, 2.2431, 1.5925, 1.5148, 0.7432, 0.0, 1.4613, 0.0, 1.0626, 0.0, 1.0356, 0.9217, 0.0, 1.7117, 3.2966, 2.2759, 0.6259, 1.3142, 0.0, 1.1581, 1.4278, 0.0, 0.0], "max_pos": 24, "max_act": 3.2969}, {"tokens": ["'s", " do", " yog", "a", "!\"", " Lily", " says", " to", " Max", ".", " \"", "Y", "og", "a", " is", " fun", " and", " good", " for", " you", ".", " You", " can", " stret", "ch", " and", " be", "nd", " and", " bre", "at", "he", ".\""], "acts": [0.0, 0.0, 0.0, 0.0, 0.0, 0.0, 0.0, 0.0, 0.0, 0.0, 0.0, 0.0, 0.0, 0.0, 0.9435, 0.0, 0.0, 0.0, 0.0, 0.0, 0.0, 0.9045, 1.4383, 1.223, 3.2868, 0.0, 0.0, 1.2285, 0.0, 0.0, 0.0, 0.0, 0.0], "max_pos": 24, "max_act": 3.2871}, {"tokens": [" a", " big", " picture", " of", " a", " rainbow", " on", " the", " floor", ".", " She", " us", "es", " all", " her", " crayons", " and", " makes", " it", " very", " bright", ".", " She", " is", " very", " proud", " of", " her", " picture", " and", " she", " wants", " to"], "acts": [0.0, 0.0, 0.0, 0.0, 0.0, 0.0, 0.0, 0.0, 0.0, 0.0, 0.6716, 1.5454, 1.7082, 0.0, 0.0, 1.0674, 0.8961, 2.0935, 0.0, 0.9413, 0.0, 0.6494, 0.9814, 2.8631, 3.2252, 0.697, 2.1373, 0.9912, 0.0, 0.0, 0.8385, 2.5489, 1.9256], "max_pos": 24, "max_act": 3.2246}, {"tokens": [" box", " full", " of", " rocket", "s", " of", " different", " colors", " and", " s", "iz", "es", ".", " They", " pretend", " that", " they", " are", " a", "str", "on", "aut", "s", " who", " go", " to", " space", " and", " explore", " new", " plan", "ets", "."], "acts": [0.0, 0.0, 0.0, 0.0, 0.0, 0.0, 0.0, 0.0, 0.0, 0.7899, 0.0, 0.0, 0.0, 1.1138, 1.421, 0.0, 0.0, 1.4764, 0.8319, 0.0, 0.0, 0.0, 0.9028, 0.0, 3.2154, 1.1971, 0.0, 0.9611, 1.3165, 0.0, 0.0, 0.0, 0.6147], "max_pos": 24, "max_act": 3.2148}]}