{"id": 251, "density": 0.0063595, "max_act": 6.55078125, "hist": {"edges": [0.01, 0.0133, 0.0178, 0.0237, 0.0316, 0.0422, 0.0562, 0.075, 0.1, 0.1334, 0.1778, 0.2371, 0.3162, 0.4217, 0.5623, 0.7499, 1.0, 1.3335, 1.7783, 2.3714, 3.1623, 4.217, 5.6234, 7.4989, 10.0, 13.3352, 17.7828, 23.7137, 31.6228, 42.1697, 56.2341, 74.9894, 100.0], "counts": [0, 0, 0, 0, 0, 0, 0, 0, 0, 0, 6, 92, 377, 1014, 2098, 2462, 3941, 3622, 3437, 2115, 874, 2692, 2708, 0, 0, 0, 0, 0, 0, 0, 0, 0]}, "logit_lens": {"promoted": [[" and", 0.265], [" sunny", 0.21], [" morning", 0.203], ["amond", 0.202], [" half", 0.201], ["\\", 0.194], ["=", 0.194], ["~", 0.192], [" fight", 0.192], ["fast", 0.192]], "suppressed": [["round", 0.364], ["ged", 0.299], ["os", 0.293], ["ention", 0.282], [" showing", 0.279], ["ich", 0.277], ["oon", 0.274], ["ass", 0.269], ["aff", 0.265], [" seek", 0.264]]}, "examples": [{"tokens": [" happy", ".", " The", " barn", " was", " no", " longer", " terrible", " -", " it", " was", " a", " wonderful", " place", ".", "<|endoftext|>", "Once", " upon", " a", " time", " there", " was", " a", " little", " girl", " called", " Amy", ".", " One", " day", ",", " her"], "acts": [0.0, 0.0, 0.0, 0.0, 0.0, 0.0, 0.0, 0.0, 0.0, 0.0, 0.0, 0.0, 0.0, 0.0, 0.0, 0.0, 0.0, 0.0, 0.0, 0.0, 0.0, 0.0, 1.5769, 6.551, 2.5106, 0.0, 0.0, 0.608, 0.0, 0.0, 0.0, 0.0], "max_pos": 23, "max_act": 6.5508}, {"tokens": [" so", " happy", " \u00e2\u20ac\ufffd", "\ufffd", " the", " little", " boy", " felt", " like", " a", " hero", "!", "<|endoftext|>", "Once", " there", " was", " a", " little", " girl", " called", " Lucy", ".", " She", " was", " three", " years"], "acts": [0.0, 0.0, 0.0, 0.0, 0.0, 0.0, 0.0, 0.0, 0.0, 0.0, 0.0, 0.0, 0.0, 0.0, 0.0, 0.0, 1.7962, 6.5448, 2.7054, 0.0, 0.0, 0.0, 0.0, 0.0, 0.0, 0.0], "max_pos": 17, "max_act": 6.543}, {"tokens": [" his", " face", ".", " He", " was", " proud", " of", " himself", "!", " He", " had", " resc", "ued", " the", " plane", ".", "<|endoftext|>", "Once", " upon", " a", " time", " there", " was", " a", " little", " girl", " called", " Al", "is", "on", ".", " She", " was"], "acts": [0.0, 0.0, 0.0, 0.0, 0.0, 0.0, 0.0, 0.0, 0.0, 0.0, 0.0, 0.0, 0.0, 0.0, 0.0, 0.0, 0.0, 0.0, 0.0, 0.0, 0.0, 0.0, 0.0, 1.4648, 6.5285, 2.54, 0.0, 0.0, 0.0, 0.0, 0.4681, 0.0, 0.0], "max_pos": 24, "max_act": 6.5273}, {"tokens": ["\n", "\n", "I", "s", "n", "'t", " it", " nice", " to", " forgive", " and", " be", " forg", "i", "ven", "?", "<|endoftext|>", "Once", " upon", " a", " time", " there", " was", " a", " little", " girl", ".", " She", " loved", " to", " take", " walks", " and"], "acts": [0.0, 0.0, 0.0, 0.0, 0.0, 0.0, 0.0, 0.0, 0.0, 0.0, 0.0, 0.0, 0.0, 0.0, 0.0, 0.0, 0.0, 0.0, 0.0, 0.0, 0.0, 0.0, 0.0, 2.0622, 6.4962, 2.8365, 0.0, 0.0, 0.0, 0.0, 0.0, 0.0, 0.0], "max_pos": 24, "max_act": 6.4961}, {"tokens": [" he", " had", " been", " brave", " and", " he", " was", " very", " proud", ".", "<|endoftext|>", "Once", " upon", " a", " time", " there", " was", " a", " little", " girl", ".", " She", " loved", " to", " count", " numbers", "!"], "acts": [0.0, 0.0, 0.0, 0.0, 0.0, 0.0, 0.0, 0.0, 0.0, 0.0, 0.0, 0.0, 0.0, 0.0, 0.0, 0.0, 0.0, 1.6321, 6.4924, 2.6372, 0.0, 0.0, 0.0, 0.0, 0.0, 0.0, 0.0], "max_pos": 18, "max_act": 6.4922}, {"tokens": ["Jack", " smiled", " back", ".", " He", " was", " happy", " he", " had", " made", " N", "or", "a", " feel", " better", ".", "<|endoftext|>", "Once", " upon", " a", " time", " there", " was", " a", " little", " guard", " who", " lived", " in", " a", " big", " house", "."], "acts": [0.0, 0.0, 0.0, 0.0, 0.0, 0.0, 0.0, 0.0, 0.0, 0.0, 0.0, 0.0, 0.0, 0.0, 0.0, 0.0, 0.0, 0.0, 0.0, 0.0, 0.0, 0.0, 0.0, 1.5654, 6.4871, 0.0, 0.0, 0.0, 0.0, 0.0, 0.0, 0.0, 0.0], "max_pos": 24, "max_act": 6.4883}, {"tokens": [" had", " a", " long", " journey", ",", " but", " he", " was", " proud", " of", " himself", " for", " making", " it", " there", ".", "<|endoftext|>", "Once", " upon", " a", " time", " there", " was", " a", " little", " boy", ".", " He", " was", " wearing", " a", " red", " shirt"], "acts": [0.0, 0.0, 0.0, 0.0, 0.0, 0.0, 0.0, 0.0, 0.0, 0.0, 0.0, 0.0, 0.0, 0.0, 0.0, 0.0, 0.0, 0.0, 0.0, 0.0, 0.0, 0.0, 0.0, 1.3379, 6.4447, 3.2652, 0.0, 0.0, 0.0, 0.0, 0.0, 0.0, 0.0], "max_pos": 24, "max_act": 6.4453}, {"tokens": [" a", " sweet", " little", " animal", ".", " Emma", " was", " very", " happy", " with", " her", " new", " friend", ".", "<|endoftext|>", "Once", " upon", " a", " time", " there", " was", " a", " little", " boy", " named", " Peter", ".", " Peter", " lived", " in", " a"], "acts": [0.0, 0.0, 0.0, 0.0, 0.0, 0.0, 0.0, 0.0, 0.0, 0.0, 0.0, 0.0, 0.0, 0.0, 0.0, 0.0, 0.0, 0.0, 0.0, 0.0, 0.0, 1.2143, 6.4353, 3.2618, 0.0, 0.0, 0.5679, 0.0, 0.0, 0.0, 0.0], "max_pos": 22, "max_act": 6.4336}, {"tokens": [" to", " play", " sp", "ort", "s", " with", " Bobby", "!", "<|endoftext|>", "Once", " upon", " a", " time", " there", " was", " a", " little", " boy", " named", " Jack", ".", " Jack", " liked", " playing", " outside"], "acts": [0.0, 0.0, 0.0, 0.0, 0.0, 0.0, 0.0, 0.0, 0.0, 0.0, 0.0, 0.0, 0.0, 0.0, 0.0, 1.5739, 6.4249, 3.6764, 0.0, 0.0, 0.4736, 0.0, 0.0, 0.0, 0.0], "max_pos": 16, "max_act": 6.4258}, {"tokens": [" of", " silly", " train", " noises", ".", " It", " was", " a", " fun", " day", " for", " both", " of", " them", ".", "<|endoftext|>", "Once", " upon", " a", " time", ",", " there", " was", " a", " little", " boy", " named", " Timmy", ".", " Timmy", " loved", " to", " ride"], "acts": [0.0, 0.0, 0.0, 0.0, 0.0, 0.0, 0.0, 0.0, 0.0, 0.0, 0.0, 0.0, 0.0, 0.0, 0.0, 0.0, 0.0, 0.0, 0.0, 0.0, 0.0, 0.0, 0.0, 0.9049, 6.424, 3.2502, 0.0, 0.0, 0.0, 0.0, 0.0, 0.0, 0.0], "max_pos": 24, "max_act": 6.4258}, {"tokens": [",", " he", " is", " so", " happy", " and", " excited", ".", " He", " will", " contin", "ue", " flying", " for", " many", " years", " to", " come", "!", "<|endoftext|>", "Once", " there", " was", " a", " little", " car", " that", " wanted", " to", " go", " on", " an", " adventure"], "acts": [0.0, 0.0, 0.0, 0.0, 0.0, 0.0, 0.0, 0.0, 0.0, 0.0, 0.0, 0.0, 0.0, 0.0, 0.0, 0.0, 0.0, 0.0, 0.0, 0.0, 0.0, 0.0, 0.0, 1.9621, 6.4125, 0.0, 0.0, 0.0, 0.0, 0.0, 0.0, 0.0, 0.0], "max_pos": 24, "max_act": 6.4141}, {"tokens": [" again", ".", " He", " was", " be", "g", "in", "ning", " to", " see", " why", " he", " should", "n", "'t", " be", " so", " stubborn", "!", "<|endoftext|>", "Once", " there", " was", " a", " little", " goat", " who", " lived", " on", " a", " farm", ".", " The"], "acts": [0.0, 0.0, 0.0, 0.0, 0.0, 0.0, 0.0, 0.0, 0.0, 0.0, 0.0, 0.0, 0.0, 0.0, 0.0, 0.0, 0.0, 0.0, 0.0, 0.0, 0.0, 0.0, 0.0, 1.9512, 6.404, 0.0, 0.0, 0.0, 0.0, 0.0, 0.0, 0.0, 0.0], "max_pos": 24, "max_act": 6.4023}]}