{"id": 274, "density": 0.07226375, "max_act": 4.88671875, "hist": {"edges": [0.01, 0.0133, 0.0178, 0.0237, 0.0316, 0.0422, 0.0562, 0.075, 0.1, 0.1334, 0.1778, 0.2371, 0.3162, 0.4217, 0.5623, 0.7499, 1.0, 1.3335, 1.7783, 2.3714, 3.1623, 4.217, 5.6234, 7.4989, 10.0, 13.3352, 17.7828, 23.7137, 31.6228, 42.1697, 56.2341, 74.9894, 100.0], "counts": [0, 0, 0, 0, 0, 0, 0, 0, 0, 0, 25, 527, 5215, 22696, 52832, 72358, 62951, 39704, 21200, 9607, 1902, 38, 0, 0, 0, 0, 0, 0, 0, 0, 0, 0]}, "logit_lens": {"promoted": [[" when", 0.374], [" a", 0.285], ["!", 0.274], [" ear", 0.262], [" an", 0.251], [" very", 0.204], [" that", 0.201], [" too", 0.19], [" so", 0.181], [" before", 0.173]], "suppressed": [[" OK", 0.294], [" answered", 0.291], ["ither", 0.286], [" Finally", 0.268], [" okay", 0.268], ["Finally", 0.267], ["\".", 0.267], ["fter", 0.263], [" Eventually", 0.261], [" comes", 0.25]]}, "examples": [{"tokens": ["as", "m", ".", "\n", "\n", "Finally", ",", " they", " looked", " up", " to", " show", " their", " parents", " what", " they", " had", " found", ".", " The", " floor", " had", " re", "ve", "aled", " a", " wonderful", " surprise", "!", "<|endoftext|>", "Once", " there", " was"], "acts": [0.0, 0.0, 0.0, 0.0, 0.0, 0.0, 0.0, 0.0, 0.0, 0.0, 0.0, 0.0, 0.0, 0.0, 0.0, 0.0, 0.0, 0.0, 0.0, 0.0, 0.0, 0.0, 1.5601, 0.0, 4.8884, 1.5381, 0.0, 1.7922, 0.0, 0.0, 0.0, 0.0, 0.0], "max_pos": 24, "max_act": 4.8867}, {"tokens": [" the", " loud", "est", " trumpet", " and", " the", " long", "est", " trunk", "!", "\n", "\n", "One", " day", ",", " Ella", " found", " herself", " in", " trouble", ".", " She", " had", " been", " walking", " with", " her", " friends", " around", " the", " jungle", " when", " she"], "acts": [0.0, 0.0, 0.0, 1.5037, 1.838, 0.0, 0.0, 0.0, 0.0, 0.0, 0.0, 0.0, 0.0, 0.0, 0.0, 0.0, 0.0, 0.0, 0.0, 0.0, 0.0, 0.0, 0.0, 2.288, 4.7952, 3.0532, 1.7834, 3.3557, 1.3397, 0.0, 3.0625, 1.2953, 0.0], "max_pos": 24, "max_act": 4.7969}, {"tokens": [" her", " best", " friend", " to", " come", " over", " too", ".", " \n", "\n", "The", " surprise", " visit", "or", " arrived", " and", " it", " was", " Lily", "'s", " aunt", ".", " She", " was", " carrying", " a", " big", " box", " and", " told", " Lily", " that", " it"], "acts": [0.0, 0.0, 0.0, 0.0, 0.0, 0.0, 0.0, 0.0, 0.0, 0.0, 0.0, 0.0, 0.0, 0.0, 0.0, 0.0, 0.0, 0.0, 0.844, 0.0, 0.0, 0.0, 0.0, 0.6599, 4.6587, 2.7248, 2.1869, 2.9773, 2.6576, 0.0, 0.0, 0.0, 0.0], "max_pos": 24, "max_act": 4.6602}, {"tokens": [" a", " new", " friend", ".", "<|endoftext|>", "One", " day", ",", " Sam", " and", " his", " Mommy", " came", " out", " of", " the", " g", "ro", "cer", "y", " store", ".", " Sam", " was", " carrying", " a", " big", " bag", ".", " \"", "What", " do", " you"], "acts": [1.1417, 0.0, 0.831, 0.0, 0.0, 0.0, 0.0, 0.0, 0.0, 0.0, 0.7787, 0.9379, 0.0, 0.0, 0.0, 0.7574, 0.0, 0.0, 0.0, 1.0604, 1.9786, 0.0, 0.0, 1.0553, 4.6595, 2.8616, 2.1198, 3.0196, 0.0, 0.0, 0.0, 0.0, 0.0], "max_pos": 24, "max_act": 4.6602}, {"tokens": ["eter", ",", " come", " here", ".", " You", "'", "ve", " lost", " your", " toy", " in", " the", " mill", "\".", " Peter", " was", " very", " worried", ".", " He", " had", " been", " playing", " for", " so", " long", ",", " he", " had", " forgot", "ten", " about"], "acts": [0.0, 0.0, 0.0, 0.0, 0.0, 0.0, 0.0, 0.0, 0.0, 0.0, 0.9283, 0.0, 0.6752, 1.4769, 0.0, 0.0, 0.0, 0.0, 0.0, 0.0, 0.0, 0.5669, 2.1606, 3.3792, 4.6345, 1.5308, 2.2234, 1.8995, 1.4263, 1.0513, 0.0, 1.0317, 1.3984], "max_pos": 24, "max_act": 4.6328}, {"tokens": [" she", " was", " beh", "a", "ving", " this", " way", ",", " he", " act", "ually", " got", " angry", ".", "\n", "\n", "The", " girl", " was", " disappointed", ".", " She", " had", " been", " pour", "ing", " out", " love", " and", " all", " he", " did", " was"], "acts": [0.0, 0.0, 0.0, 0.0, 0.0, 0.0, 0.0, 0.0, 0.0, 0.0, 0.0, 0.0, 0.0, 0.0, 0.0, 0.0, 0.0, 0.0, 0.0, 0.0, 0.0, 0.0, 0.0, 2.045, 4.631, 3.4467, 3.9238, 0.9055, 1.0301, 0.7149, 0.8966, 1.0765, 0.6095], "max_pos": 24, "max_act": 4.6328}, {"tokens": [" won", "\u00e2\u20ac\u2122", "t", " qu", "it", " playing", " so", " fast", ".\u00e2\u20ac", "<|endoftext|>", "One", " day", " there", " was", " a", " grumpy", " old", " man", ".", " He", " was", " walking", " down", " the", " street", " when", " he", " saw", " a", " little", " boy", " no", "dd"], "acts": [0.0, 0.0, 0.0, 0.0, 0.0, 0.0, 0.0, 0.0, 0.0, 0.0, 0.0, 0.0, 0.0, 0.0, 0.0, 0.0, 0.0, 0.0, 0.0, 0.0, 0.5019, 3.77, 3.3043, 0.7791, 4.5615, 0.4372, 0.0, 0.4289, 0.0, 0.0, 0.0, 0.0, 0.0], "max_pos": 24, "max_act": 4.5625}, {"tokens": [" the", " woods", " searching", " for", " a", " place", " to", " take", " a", " nap", ".", " She", " had", " been", " walking", " for", " hours", " and", " was", " feeling", " very", " tired", ".", " All"], "acts": [0.0, 0.0, 0.0, 0.0, 0.0, 0.0, 0.0, 0.0, 0.0, 0.0, 0.0, 0.0, 1.2577, 2.3801, 4.2625, 4.5475, 3.1204, 1.6417, 0.6761, 1.0702, 1.0217, 0.7516, 0.0, 0.0], "max_pos": 15, "max_act": 4.5469}, {"tokens": [":", "\n", "When", " you", " keep", " your", " promise", ",", " it", " makes", " you", " and", " those", " around", " you", " happy", ".", "<|endoftext|>", "J", "en", "na", " was", " riding", " her", " bike", " around", " the", " playground", ".", " She", " saw", " a", " big"], "acts": [0.0, 0.0, 0.0, 0.0, 0.0, 0.0, 0.0, 0.0, 0.0, 0.0, 0.0, 0.0, 0.0, 0.0, 0.0, 0.0, 0.0, 0.0, 0.0, 0.0, 0.0, 0.0, 3.2899, 1.44, 4.5144, 2.0969, 0.0, 3.2828, 0.0, 0.0, 0.7099, 0.0, 0.4613], "max_pos": 24, "max_act": 4.5156}, {"tokens": [" knew", " she", " had", " an", " amazing", " adventure", " and", " she", " was", " never", " scared", " again", ".", "<|endoftext|>", "One", " night", ",", " Bob", " was", " walking", " home", ".", " He", " was", " carrying", " his", " flashlight", " and", " looked", " around", " the", " dark", " street"], "acts": [0.0, 0.0, 0.0, 0.0, 0.0, 1.6557, 0.748, 0.0, 0.0, 0.0, 0.0, 0.0, 0.0, 0.0, 0.0, 0.0, 0.0, 0.0, 0.0, 2.6798, 2.1287, 0.0, 0.0, 1.1791, 4.4997, 2.3718, 3.6261, 0.8069, 1.1999, 1.6728, 0.0, 0.0, 2.3309], "max_pos": 24, "max_act": 4.5}, {"tokens": [" one", ".", " Her", " frown", " only", " got", " bigger", ".", "\n", "\n", "Then", " she", " saw", " a", " tall", " man", " walking", " towards", " her", ".", " He", " was", " carrying", " a", " sees", "a", "w", ".", " Mary", " was", " so"], "acts": [0.0, 0.0, 0.0, 0.0, 0.0, 0.0, 0.0, 0.0, 0.0, 0.0, 0.0, 0.0, 0.0, 0.0, 0.0, 0.0, 1.0033, 1.4086, 0.6825, 0.0, 0.0, 0.4805, 4.4833, 2.5937, 2.8332, 1.2018, 2.7266, 0.0, 0.0, 0.8152, 1.0245], "max_pos": 22, "max_act": 4.4844}, {"tokens": [" The", " lion", "s", " roared", " in", " an", "ger", " and", " ran", " away", ",", " but", " it", " was", " too", " late", ".", " The", " human", "s", " had", " moved", " into", " the", " jungle", " and", " the", " lion", " knew", " he", " could", " never", " go"], "acts": [0.0, 0.0, 0.0, 0.0, 0.48, 0.0, 0.0, 0.0, 0.0, 0.8819, 0.0, 0.0, 0.0, 0.0, 0.0, 0.8682, 0.0, 0.0, 0.0, 0.0, 0.0, 3.3259, 3.5479, 0.0, 4.4766, 3.156, 0.0, 1.2872, 1.292, 0.0, 0.0, 0.0, 0.0], "max_pos": 24, "max_act": 4.4766}]}