{"id": 278, "density": 0.030408, "max_act": 5.859375, "hist": {"edges": [0.01, 0.0133, 0.0178, 0.0237, 0.0316, 0.0422, 0.0562, 0.075, 0.1, 0.1334, 0.1778, 0.2371, 0.3162, 0.4217, 0.5623, 0.7499, 1.0, 1.3335, 1.7783, 2.3714, 3.1623, 4.217, 5.6234, 7.4989, 10.0, 13.3352, 17.7828, 23.7137, 31.6228, 42.1697, 56.2341, 74.9894, 100.0], "counts": [0, 0, 0, 0, 0, 0, 0, 0, 0, 40, 222, 1219, 3995, 12693, 23639, 26003, 20408, 14591, 10279, 3930, 3763, 828, 22, 0, 0, 0, 0, 0, 0, 0, 0, 0]}, "logit_lens": {"promoted": [[" loved", 0.376], [" liked", 0.376], [" always", 0.319], [" us", 0.299], [" often", 0.298], [" wanted", 0.284], [" loves", 0.273], [" lived", 0.266], ["Let", 0.26], [" really", 0.253]], "suppressed": [[" little", 0.278], ["ow", 0.239], ["ough", 0.229], ["ff", 0.223], [" happen", 0.223], [" inside", 0.216], ["arian", 0.212], [" bad", 0.212], [" asks", 0.21], [" next", 0.208]]}, "examples": [{"tokens": [",", " Jane", " had", " lots", " of", " fun", "!", "<|endoftext|>", "Once", " upon", " a", " time", " there", " was", " a", " little", " girl", " named", " Amy", ".", " She", " was", " very", " creative", " and", " loved", " to", " explore", ".", " One", " day", ",", " she"], "acts": [0.0, 0.0, 0.0, 0.0, 0.0, 0.0, 0.0, 0.0, 0.0, 0.0, 0.0, 0.0, 0.0, 0.0, 0.2735, 0.0, 0.0, 0.4394, 0.0, 0.0, 1.2197, 0.0, 0.0, 0.0, 5.8577, 0.0, 0.0, 0.0, 0.0, 0.0, 0.0, 0.7028, 0.6902], "max_pos": 24, "max_act": 5.8594}, {"tokens": [".", "<|endoftext|>", "Once", " upon", " a", " time", " there", " was", " a", " girl", " named", " Fl", "o", "ss", "y", ".", " Fl", "o", "ss", "y", " was", " three", " years", " old", " and", " she", " was", " very", " curious", ".", " One", " day", " she"], "acts": [0.0, 0.0, 0.0, 0.0, 0.0, 0.0, 0.0, 0.0, 0.0, 0.0, 0.0, 0.0, 0.0, 0.0, 1.5865, 0.3982, 0.0, 0.0, 0.0, 1.7236, 0.0, 0.0, 0.0, 0.0, 5.7599, 3.241, 0.0, 0.0, 0.0, 0.0, 0.0, 0.0, 1.0705], "max_pos": 24, "max_act": 5.7617}, {"tokens": [" was", " very", " silly", ".", "<|endoftext|>", "Once", " upon", " a", " time", " there", " was", " a", " little", " girl", " named", " H", "olly", ".", " H", "olly", " was", " three", " years", " old", " and", " she", " liked", " to", " explore", " new", " places", ".", " One"], "acts": [0.0, 0.0, 0.0, 0.0, 0.0, 0.0, 0.0, 0.0, 0.0, 0.0, 0.0, 0.0, 0.0, 0.0, 0.5131, 0.0, 0.0, 0.0, 1.107, 0.0, 0.0, 0.0, 0.0, 0.0, 5.7364, 2.7736, 0.0, 0.0, 0.0, 0.0, 0.0, 0.0, 0.0], "max_pos": 24, "max_act": 5.7383}, {"tokens": [" in", " life", ".", "<|endoftext|>", "Once", " upon", " a", " time", ",", " there", " was", " a", " little", " girl", " named", " M", "illie", ".", " M", "illie", " was", " three", " years", " old", " and", " loved", " to", " play", " with", " her", " toys", ".", " One"], "acts": [0.0, 0.0, 0.0, 0.0, 0.0, 0.0, 0.0, 0.0, 0.0, 0.0, 0.0, 0.0, 0.0, 0.0, 0.0, 0.0, 0.0, 0.0, 0.0, 0.0, 0.0, 0.0, 0.0, 0.0, 5.7395, 0.0, 0.0, 0.0, 0.0, 0.0, 0.0, 0.0, 0.0], "max_pos": 24, "max_act": 5.7383}, {"tokens": [" day", ".", "<|endoftext|>", "Once", " upon", " a", " time", " there", " was", " a", " little", " girl", " named", " F", "ion", "a", ".", " F", "ion", "a", " was", " 3", " years", " old", " and", " she", " liked", " to", " run", ".", " One", " day", ","], "acts": [0.0, 0.0, 0.0, 0.0, 0.0, 0.0, 0.0, 0.0, 0.0, 0.0, 0.0, 0.0, 0.4175, 0.0, 0.0, 0.0, 0.0, 0.0, 0.0, 0.0, 0.0, 0.0, 0.0, 0.0, 5.7285, 2.9603, 0.0, 0.0, 0.0, 0.0, 0.0, 0.0, 0.0], "max_pos": 24, "max_act": 5.7305}, {"tokens": [" new", " side", " to", " play", " on", ".", "<|endoftext|>", "Once", " upon", " a", " time", ",", " there", " was", " a", " little", " squirrel", " named", " Sammy", ".", " Sammy", " was", " very", " adventurous", " and", " loved", " to", " explore", " the", " forest", ".", " One", " day"], "acts": [0.0, 0.0, 0.0, 0.0, 0.0, 0.0, 0.0, 0.0, 0.0, 0.0, 0.0, 0.0, 0.0, 0.0, 0.0, 0.0, 0.0, 0.4256, 0.0, 0.7088, 0.0, 0.0, 0.0, 0.0, 5.7266, 0.0, 0.0, 0.0, 0.0, 0.0, 0.0, 0.0, 0.0], "max_pos": 24, "max_act": 5.7266}, {"tokens": [" adventure", " in", " the", " wet", " jeep", "!", "<|endoftext|>", "Once", " upon", " a", " time", " there", " was", " a", " cat", " named", " M", "illy", ".", " M", "illy", " was", " very", " gifted", " and", " would", " do", " amazing", " things", " like", " j", "ugg", "le"], "acts": [0.0, 0.0, 0.0, 0.0, 0.0, 0.0, 0.0, 0.0, 0.0, 0.0, 0.0, 0.0, 0.0, 0.0, 0.0, 0.6826, 0.0, 0.0, 0.0, 0.0, 0.0, 0.0, 0.0, 0.0, 5.7227, 0.0, 0.0, 0.0, 0.0, 0.0, 0.0, 0.0, 0.0], "max_pos": 24, "max_act": 5.7227}, {"tokens": [" by", " his", " clever", " exper", "im", "ent", "!", "<|endoftext|>", "Once", " upon", " a", " time", " there", " was", " a", " boy", " named", " Tommy", ".", " Tommy", " was", " three", " years", " old", " and", " he", " loved", " to", " whistle", ".", " One", " day", " after"], "acts": [0.0, 0.0, 0.0, 0.0, 0.0, 1.1441, 0.0, 0.0, 0.0, 0.0, 0.0, 0.0, 0.0, 0.0, 0.0, 0.0, 0.0, 0.0, 0.0, 0.0, 0.0, 0.0, 0.0, 0.0, 5.7182, 2.7342, 0.0, 0.0, 0.0, 0.0, 0.0, 0.0, 0.0], "max_pos": 24, "max_act": 5.7188}, {"tokens": [" less", " shy", " than", " before", " and", " she", " was", " very", " happy", ".", "<|endoftext|>", "Once", " there", " was", " a", " little", " girl", " called", " Alice", ".", " She", " was", " very", " intelligent", " and", " loved", " stories", ".", " One", " day", ",", " Alice", " read"], "acts": [0.0, 0.0, 0.0, 0.0, 0.8148, 1.0625, 0.0, 0.0, 0.0, 0.0, 0.0, 0.0, 0.0, 0.0, 0.5917, 0.0, 0.0, 0.8416, 0.0, 0.0, 1.4622, 0.0, 0.0, 0.0, 5.7177, 0.0, 0.0, 0.0, 0.0, 0.0, 0.0, 0.0, 0.0], "max_pos": 24, "max_act": 5.7188}, {"tokens": [" his", " lucky", " van", ".", " The", " end", ".", "<|endoftext|>", "Once", " upon", " a", " time", ",", " there", " was", " a", " boy", " named", " Jack", ".", " Jack", " was", " very", " adventurous", " and", " loved", " to", " play", " outside", ".", " One", " day", ","], "acts": [0.0, 0.0, 0.0, 0.0, 0.0, 0.0, 0.0, 0.0, 0.0, 0.0, 0.0, 0.0, 0.0, 0.0, 0.0, 0.0, 0.0, 0.0, 0.0, 0.0, 0.0, 0.0, 0.0, 0.0, 5.7152, 0.0, 0.0, 0.0, 0.0, 0.0, 0.0, 0.0, 0.0], "max_pos": 24, "max_act": 5.7148}, {"tokens": ["<|endoftext|>", "Once", " upon", " a", " time", ",", " there", " was", " a", " little", " boy", " named", " Timmy", ".", " He", " was", " very", " adventurous", " and", " loved", " to", " explore", " the", " forest", " near", " his", " house"], "acts": [0.0, 0.0, 0.0, 0.0, 0.0, 0.0, 0.0, 0.0, 0.0, 0.0, 0.0, 0.0, 0.0, 0.0, 2.1153, 0.0, 0.0, 0.0, 5.7032, 0.0, 0.0, 0.0, 0.0, 0.0, 0.0, 0.0, 0.0], "max_pos": 18, "max_act": 5.7031}, {"tokens": ["ucky", " St", "ar", " happily", " ever", " after", ".", "<|endoftext|>", "Once", " upon", " a", " time", " there", " was", " a", " little", " boy", " named", " Jack", ".", " Jack", " was", " very", " playful", " and", " loved", " going", " to", " the", " beach", ".", " He", " would"], "acts": [0.0, 0.0, 0.0, 0.0, 0.0, 0.0, 0.0, 0.0, 0.0, 0.0, 0.0, 0.0, 0.0, 0.0, 0.2504, 0.0, 0.0, 0.0, 0.0, 0.0, 0.0, 0.0, 0.0, 0.0, 5.6945, 0.0, 0.0, 0.0, 0.0, 0.0, 0.0, 1.7258, 0.0], "max_pos": 24, "max_act": 5.6953}]}