{"id": 28, "density": 0.04139375, "max_act": 7.8671875, "hist": {"edges": [0.01, 0.0133, 0.0178, 0.0237, 0.0316, 0.0422, 0.0562, 0.075, 0.1, 0.1334, 0.1778, 0.2371, 0.3162, 0.4217, 0.5623, 0.7499, 1.0, 1.3335, 1.7783, 2.3714, 3.1623, 4.217, 5.6234, 7.4989, 10.0, 13.3352, 17.7828, 23.7137, 31.6228, 42.1697, 56.2341, 74.9894, 100.0], "counts": [0, 0, 0, 0, 0, 0, 0, 0, 0, 1, 15, 233, 2187, 10596, 28136, 38262, 33995, 24078, 15000, 7851, 3635, 1341, 238, 7, 0, 0, 0, 0, 0, 0, 0, 0]}, "logit_lens": {"promoted": [[" too", 0.272], [" mess", 0.216], ["pped", 0.213], [" break", 0.211], [" sharp", 0.208], [" spilled", 0.205], [" they", 0.204], [" she", 0.199], [" him", 0.196], [" hot", 0.196]], "suppressed": [["ies", 0.289], [" proud", 0.289], [" apolog", 0.283], ["age", 0.274], [" forgive", 0.269], ["gy", 0.266], [" forgave", 0.263], [" bed", 0.261], [" promise", 0.256], ["'", 0.255]]}, "examples": [{"tokens": [" them", " into", " the", " stream", ".", " They", " tried", " to", " make", " a", " path", " from", " one", " side", " to", " the", " other", ".", " But", " some", " stones", " were", " too", " big", " and", " some", " were", " too", " small", ".", " They", " could", " not"], "acts": [0.0, 0.0, 0.0, 0.0, 0.0, 0.0, 0.0, 0.0, 0.0, 0.0, 0.0, 0.0, 0.0, 0.0, 1.0308, 0.0, 0.0, 0.0, 0.0, 1.3508, 1.6304, 3.1609, 4.9551, 0.8871, 7.8685, 3.3659, 3.0508, 4.1453, 1.4426, 1.5387, 1.6971, 2.6561, 3.243], "max_pos": 24, "max_act": 7.8672}, {"tokens": [" the", " table", ".", " Tom", " cut", " a", " big", " piece", " of", " le", "ather", ".", " He", " tried", " to", " make", " a", " hat", ",", " but", " it", " was", " too", " big", " and", " flo", "ppy", ".", " He", " cut"], "acts": [0.0, 0.0, 0.0, 0.0, 0.0, 0.0, 0.7824, 0.0, 0.0, 0.0, 0.0, 0.0, 0.0, 0.0, 0.5008, 0.0, 0.0, 0.0, 0.0, 0.7236, 1.1952, 2.5224, 5.0858, 1.0106, 7.7735, 0.0, 1.0676, 1.3767, 1.4969, 0.6938], "max_pos": 24, "max_act": 7.7734}, {"tokens": [" get", " some", " cream", " and", " eat", " it", ".", " She", " climbed", " on", " a", " chair", " and", " reached", " for", " the", " jar", ".", " But", " the", " jar", " was", " too", " heavy", " and", " sl", "ipper", "y", ".", " It", " fell", " from", " her"], "acts": [0.0, 0.0, 0.0, 0.0, 0.0, 0.0, 0.0, 0.0, 0.0, 0.0, 0.0, 0.0, 0.0, 0.0, 0.0, 0.0, 0.0, 0.0, 0.0, 0.0, 0.0, 2.3061, 4.9802, 0.8829, 7.7613, 2.8614, 0.0, 0.8365, 1.6639, 2.3656, 3.0255, 1.3201, 1.4278], "max_pos": 24, "max_act": 7.7617}, {"tokens": [" the", " rock", " and", " ran", " to", " the", " hose", ".", " She", " reached", " out", " her", " hand", " to", " feel", " the", " water", ".", " But", " the", " water", " was", " too", " strong", " and", " it", " pushed", " her", " back", ".", " She", " fell", " on"], "acts": [0.0, 0.0, 0.5188, 0.0, 0.0, 0.0, 0.0, 0.0, 0.0, 0.0, 0.0, 0.0, 0.0, 0.0, 0.0, 0.0, 0.0, 0.0, 0.0, 0.0, 0.0, 3.6047, 5.8291, 1.8541, 7.6272, 2.7208, 1.4023, 1.6326, 0.0, 1.2563, 0.0, 0.9795, 0.0], "max_pos": 24, "max_act": 7.6289}, {"tokens": [" sister", " mad", ".", " She", " just", " wanted", " to", " have", " fun", ".", " She", " tried", " to", " take", " off", " the", " sk", "irt", ",", " but", " it", " was", " too", " tight", " and", " stuck", ".", " She", " started", " to", " cry", ".", "\n"], "acts": [0.0, 0.0, 0.0, 0.0, 0.0, 0.0, 0.0, 0.0, 0.0, 0.0, 0.0, 0.0, 0.0, 0.0, 0.0, 0.0, 0.0, 0.0, 0.0, 0.7037, 1.0256, 3.0403, 5.4867, 0.0, 7.6113, 1.3999, 0.0, 0.0, 0.0, 0.3897, 0.0, 0.0, 0.0], "max_pos": 24, "max_act": 7.6094}, {"tokens": [".\"", "\n", "\n", "She", " tried", " to", " catch", " up", " with", " him", ".", " But", " her", " ra", "ft", " was", " too", " big", " and", " heavy", ".", " She", " could", " not", " pad", "dle", " fast"], "acts": [0.0, 0.0, 0.0, 0.0, 0.0, 0.0, 0.0, 0.0, 0.0, 0.0, 0.0, 0.0, 0.0, 0.0, 0.0, 2.5872, 5.0739, 0.6344, 7.5288, 0.0, 1.7338, 1.0043, 2.0615, 2.3843, 0.0, 0.0, 0.0], "max_pos": 18, "max_act": 7.5273}, {"tokens": ["\"", "You", " were", " foolish", ",", " Lily", ".", " You", " tried", " to", " climb", " on", " the", " table", " and", " grab", " the", " vase", ".", " But", " it", " was", " too", " heavy", " and", " it", " fell", ".", " You", " should", " not", " do", " that"], "acts": [0.0, 0.0, 0.0, 0.0, 0.0, 0.0, 0.0, 0.7105, 0.0, 0.0, 0.0, 0.0, 0.0, 0.0, 1.7908, 0.0, 0.0, 0.0, 0.0, 0.0, 0.7882, 3.1527, 5.7538, 0.0, 7.5012, 3.2008, 2.442, 1.4702, 0.8789, 0.0, 1.101, 0.0, 0.0], "max_pos": 24, "max_act": 7.5}, {"tokens": [" said", ",", " \"", "You", "r", " hair", " is", " getting", " too", " long", " and", " it", "'s", " making", " you", " hot", ".", " You", "'ll"], "acts": [0.0, 0.0, 0.0, 0.0, 0.0, 0.0, 2.5937, 4.5458, 3.1957, 0.0, 7.4732, 2.1308, 1.8848, 1.6429, 0.0, 0.0, 0.0, 0.6251, 1.6383], "max_pos": 10, "max_act": 7.4727}, {"tokens": [".", " She", " put", " it", " around", " her", " neck", " and", " ran", " to", " the", " mirror", ".", " But", " she", " did", " not", " see", " that", " the", " necklace", " was", " too", " long", " and", " got", " t", "ang", "led", " in", " her", " feet", "."], "acts": [0.0, 0.0, 0.0, 0.0, 0.0, 0.0, 0.0, 0.0, 0.0, 0.0, 0.0, 0.0, 0.0, 0.0, 0.0, 0.0, 1.4108, 0.0, 0.0, 0.0, 0.0, 2.4073, 4.9927, 0.0, 7.4391, 3.351, 0.0, 0.0, 1.17, 0.0, 0.7999, 0.0, 1.1702], "max_pos": 24, "max_act": 7.4375}, {"tokens": ["\n", "They", " ran", " to", " the", " swing", " and", " tried", " to", " sit", " on", " it", ".", " But", " as", " soon", " as", " they", " did", ",", " the", " leaves", " fell", " off", " and", " the", " string", " sn", "apped", ".", " The", " swing", " was"], "acts": [0.0, 0.0, 0.0, 0.0, 0.0, 0.0, 0.0, 0.0, 0.0, 0.0, 0.0, 0.0, 0.0, 0.0, 0.0, 0.0, 0.0, 0.0, 0.0, 0.6117, 0.0, 1.2027, 3.5329, 2.0386, 7.3955, 0.0, 0.0, 0.0, 1.0915, 2.0816, 0.0, 0.0, 2.6477], "max_pos": 24, "max_act": 7.3945}, {"tokens": [" on", " the", " other", " side", ".", " Lily", " was", " scared", " and", " said", ",", " \"", "No", ",", " Ben", ",", " don", "'t", " go", ".", " It", " is", " too", " high", " and", " you", " might", " fall", ".\"", "\n", "\n", "But", " Ben"], "acts": [0.0, 0.0, 0.0, 0.0, 0.0, 0.0, 0.0, 0.0, 0.0, 0.0, 0.0, 0.0, 0.0, 0.0, 0.0, 0.0, 0.0, 0.0, 0.0, 0.0, 0.0, 2.4354, 4.4126, 0.0, 7.3652, 1.39, 3.5295, 0.0, 0.0, 0.0, 0.0, 0.0, 0.0], "max_pos": 24, "max_act": 7.3633}, {"tokens": [".", " They", " say", ",", " \"", "We", " are", " sorry", ",", " Mom", ".", " We", " wanted", " some", " jam", " on", " bread", ".", " But", " the", " jar", " was", " too", " high", " and", " too", " heavy", ".", " We", " did", " not", " mean", " to"], "acts": [0.0, 0.0, 0.0, 0.0, 0.0, 0.0, 0.0, 0.0, 0.0, 0.0, 0.0, 0.0, 0.0, 0.0, 0.0, 0.0, 0.0, 0.0, 0.0, 0.0, 0.0, 1.7535, 3.9758, 0.0, 7.3526, 3.9731, 0.0, 0.0, 0.0, 0.0, 0.0, 0.0, 0.0], "max_pos": 24, "max_act": 7.3516}]}