{"id": 282, "density": 0.01689425, "max_act": 6.10546875, "hist": {"edges": [0.01, 0.0133, 0.0178, 0.0237, 0.0316, 0.0422, 0.0562, 0.075, 0.1, 0.1334, 0.1778, 0.2371, 0.3162, 0.4217, 0.5623, 0.7499, 1.0, 1.3335, 1.7783, 2.3714, 3.1623, 4.217, 5.6234, 7.4989, 10.0, 13.3352, 17.7828, 23.7137, 31.6228, 42.1697, 56.2341, 74.9894, 100.0], "counts": [0, 0, 0, 0, 0, 0, 0, 0, 0, 18, 122, 394, 1151, 3231, 6953, 11068, 12497, 10725, 8291, 7163, 4881, 1074, 9, 0, 0, 0, 0, 0, 0, 0, 0, 0]}, "logit_lens": {"promoted": [[" sparkled", 0.403], [" became", 0.385], [" fit", 0.321], [" seemed", 0.316], [" happen", 0.293], [" moved", 0.29], [" mo", 0.289], [" melt", 0.28], [" belonged", 0.275], [" grew", 0.272]], "suppressed": [["at", 0.332], [" too", 0.263], ["l", 0.223], [" before", 0.207], [".", 0.199], [" ear", 0.194], [",\"", 0.177], [" both", 0.161], ["ven", 0.158], [" each", 0.153]]}, "examples": [{"tokens": [" some", " br", "us", "hes", ".", " He", " was", " so", " excited", " he", " mixed", " the", " colours", " together", " and", " began", " to", " paint", ".", "\n", "\n", "Soon", ",", " their", " house", " was", " full", " of", " paint", "ings", ".", " The", " girl"], "acts": [0.0, 0.0, 0.0, 0.0, 0.0, 0.0, 0.0, 0.0, 0.0, 0.0, 0.0, 0.0, 0.0, 0.0, 0.0, 0.0, 0.0, 0.0, 0.0, 0.0, 0.0, 0.0, 0.0, 0.0, 6.106, 0.0, 0.0, 0.0, 1.2795, 0.0, 0.0, 0.0, 0.0], "max_pos": 24, "max_act": 6.1055}, {"tokens": [" the", " neighbor", "hood", " and", " started", " to", " call", " him", " for", " more", " things", ".", "\n", "\n", "At", " the", " end", " of", " the", " mon", "th", ",", " their", " bus", "iness", " had", " made", " enough", " money", " that", " they", " didn", "'t"], "acts": [0.0, 0.0, 0.0, 0.0, 0.0, 0.0, 0.0, 0.0, 0.0, 0.0, 0.0, 0.0, 0.0, 0.0, 0.0, 0.0, 0.0, 0.0, 0.0, 0.0, 0.0, 0.0, 0.6165, 3.5738, 5.8331, 0.0, 0.0, 0.0, 0.0, 0.0, 0.0, 0.0, 0.0], "max_pos": 24, "max_act": 5.832}, {"tokens": [" shouted", ",", " \"", "P", "r", "in", "t", "!\"", " Suddenly", ",", " the", " leaves", " started", " to", " move", " and", " turned", " into", " pictures", "."], "acts": [0.0, 0.0, 0.0, 0.0, 0.0, 0.0, 0.0, 0.0, 0.0, 0.0, 0.0, 5.8144, 0.0, 0.0, 0.0, 0.0, 0.0, 0.0, 0.0, 0.0], "max_pos": 11, "max_act": 5.8125}, {"tokens": [" go", " home", ".", " \n", "\n", "But", " then", " it", " started", " to", " snow", "!", " The", " snow", " made", " Susie", " cold", ".", " She", " said", " goodbye", " to"], "acts": [0.0, 0.0, 0.0, 0.0, 0.0, 0.0, 0.0, 0.0, 0.0, 0.0, 0.0, 0.0, 0.0, 5.7996, 0.0, 0.0, 0.0, 0.0, 0.0, 0.0, 0.0, 0.0], "max_pos": 13, "max_act": 5.8008}, {"tokens": [" toys", ".", " They", " made", " v", "room", " and", " beep", " sounds", ",", " and", " pretended", " they", " were", " on", " a", " miss", "ion", ".", "\n", "\n", "Soon", ",", " their", " room", " was", " clean", ",", " and", " their", " mom", " came", " to"], "acts": [0.0, 0.0, 0.0, 0.0, 0.0, 0.0, 0.0, 0.0, 0.0, 0.0, 0.0, 0.0, 0.0, 0.0, 0.0, 0.0, 0.0, 0.0, 0.0, 0.0, 0.0, 0.0, 0.0, 0.0, 5.7083, 0.0, 0.0, 0.0, 0.0, 0.0, 0.0, 0.0, 0.0], "max_pos": 24, "max_act": 5.707}, {"tokens": [" play", " in", " the", " snow", ".", " They", " made", " snow", "m", "en", ",", " snow", "ball", "s", " and", " snow", " ang", "els", ".", " But", " one", " day", ",", " the", " snow", " started", " to", " melt", ".", " It", " became", " wet", " and"], "acts": [0.0, 0.0, 0.0, 0.0, 0.0, 0.0, 0.0, 0.9115, 0.0, 0.0, 0.0, 0.0, 0.0, 0.0, 0.0, 0.0, 0.0, 0.0, 0.0, 0.0, 0.0, 0.0, 0.0, 0.0, 5.6948, 0.0, 0.0, 0.0, 0.0, 0.9303, 0.0, 0.0, 0.9441], "max_pos": 24, "max_act": 5.6953}, {"tokens": [" things", ".\"", " Timmy", " trust", "ed", " his", " mommy", " and", " got", " on", " the", " train", ".", "\n", "\n", "As", " the", " train", " started", " to", " move", ",", " Timmy", "'s", " fear", " turned", " into", " excitement", ".", " He", " saw", " trees", ","], "acts": [0.0, 0.0, 0.0, 0.0, 0.0, 0.0, 0.0, 0.0, 0.0, 0.0, 0.0, 0.0, 0.0, 0.0, 0.0, 0.0, 0.8418, 2.5741, 0.0, 0.0, 0.0, 0.0, 0.0, 0.9185, 5.6866, 0.0, 0.7524, 0.0, 0.0, 0.0, 0.0, 1.714, 0.0], "max_pos": 24, "max_act": 5.6875}, {"tokens": [" hands", " in", " enthus", "i", "as", "m", ".", "\n", "\n", "Finally", ",", " they", " looked", " up", " to", " show", " their", " parents", " what", " they", " had", " found", ".", " The", " floor", " had", " re", "ve", "aled", " a", " wonderful", " surprise", "!"], "acts": [0.0, 0.0, 0.0, 0.0, 0.0, 0.0, 0.0, 0.0, 0.0, 0.0, 0.0, 0.0, 0.0, 0.0, 0.0, 0.0, 0.0, 0.0, 0.0, 0.0, 0.0, 0.0, 0.0, 0.0, 5.6298, 0.6819, 0.0, 0.0, 0.0, 0.0, 0.0, 0.0, 0.0], "max_pos": 24, "max_act": 5.6289}, {"tokens": [" and", " sat", " on", " her", " bed", ".", " They", " both", " looked", " out", " of", " the", " window", " at", " the", " night", " sky", ".", "\n", "\n", "Suddenly", ",", " the", " dark", "ness", " was", " filled", " with", " a", " deep", ",", " sad", " sil"], "acts": [0.0, 0.0, 0.0, 0.0, 0.0, 0.0, 0.0, 0.0, 0.0, 0.0, 0.0, 0.0, 0.0, 0.0, 0.0, 0.0, 0.0, 0.0, 0.0, 0.0, 0.0, 0.0, 0.0, 2.6481, 5.6299, 0.0, 0.0, 0.0, 0.0, 0.0, 0.0, 0.0, 0.0], "max_pos": 24, "max_act": 5.6289}, {"tokens": ["ete", " was", " curious", ",", " so", " he", " pulled", " the", " handle", " and", " pressed", " the", " switch", ".", " Suddenly", ",", " the", " room", " started", " to", " rever", "se", ".", " The", " walls", " and", " f", "urn", "it", "ure", " moved", " back", "wards"], "acts": [0.0, 0.0, 0.0, 0.0, 0.0, 0.0, 0.0, 0.0, 0.0, 0.0, 0.0, 0.0, 0.0, 0.0, 0.0, 0.0, 0.0, 4.9969, 0.0, 0.8742, 0.0, 0.0, 0.0, 0.0, 5.6234, 0.0, 0.0, 0.0, 0.0, 1.5158, 0.0, 0.0, 0.0], "max_pos": 24, "max_act": 5.625}, {"tokens": ["!\"", "\n", "\n", "But", " the", " snow", " pl", "ow", " did", " not", " stop", ".", " It", " hit"], "acts": [0.0, 0.0, 0.0, 0.0, 0.0, 5.6109, 0.0, 1.6652, 0.0, 0.0, 0.0, 0.0, 0.0, 0.0], "max_pos": 5, "max_act": 5.6094}, {"tokens": [" \n", "\n", "P", "ip", "er", " brave", "ly", " decided", " to", " fill", " the", " task", ",", " no", " matter", " the", " size", " or", " diffic", "ul", "ty", ".", " But", " the", " task", " was", " too", " big", " for", " her", " to", " fill", " alone"], "acts": [0.0, 0.0, 0.0, 0.0, 0.0, 0.0, 0.0, 0.0, 0.0, 0.0, 0.0, 0.0, 0.0, 0.0, 0.0, 0.0, 1.2474, 0.0, 0.0, 0.0, 0.0, 0.0, 0.0, 0.4749, 5.5428, 0.0, 0.0, 0.0, 0.0, 0.0, 0.0, 0.0, 0.0], "max_pos": 24, "max_act": 5.543}]}