{"id": 285, "density": 0.04750625, "max_act": 5.15625, "hist": {"edges": [0.01, 0.0133, 0.0178, 0.0237, 0.0316, 0.0422, 0.0562, 0.075, 0.1, 0.1334, 0.1778, 0.2371, 0.3162, 0.4217, 0.5623, 0.7499, 1.0, 1.3335, 1.7783, 2.3714, 3.1623, 4.217, 5.6234, 7.4989, 10.0, 13.3352, 17.7828, 23.7137, 31.6228, 42.1697, 56.2341, 74.9894, 100.0], "counts": [0, 0, 0, 0, 0, 0, 0, 0, 0, 33, 302, 1471, 4087, 14698, 34940, 45480, 38351, 26534, 14788, 6873, 2360, 108, 0, 0, 0, 0, 0, 0, 0, 0, 0, 0]}, "logit_lens": {"promoted": [[" bear", 0.344], [" dragon", 0.336], [" princess", 0.322], [" fairy", 0.242], [" sword", 0.24], [" prince", 0.227], [" cave", 0.217], [" knight", 0.216], ["ze", 0.215], [" scary", 0.214]], "suppressed": [[" Jim", 0.38], [" goose", 0.352], [" wheat", 0.344], [" Jane", 0.343], [" ostrich", 0.343], ["lla", 0.34], [" Ella", 0.332], ["Jane", 0.324], [" Pete", 0.323], [" pigeon", 0.32]]}, "examples": [{"tokens": [" closer", ".", " But", " the", " knight", " was", " not", " scared", ".", " He", " held", " up", " his", " shield", " and", " shouted", ".", " \n", "\n", "The", " dragon", " blew", " fire", " at", " the", " knight", ".", " But", " the", " shield", " block", "ed", " the"], "acts": [0.0, 0.0, 0.0, 4.5313, 0.0, 0.0, 0.0, 0.0, 0.0, 0.0, 0.0, 0.0, 3.9057, 0.0, 0.0, 0.0, 0.0, 0.0, 0.0, 3.976, 0.0, 1.3642, 0.0, 0.7716, 5.1567, 0.0, 0.0, 0.0, 4.6807, 0.0, 0.0, 0.0, 4.2938], "max_pos": 24, "max_act": 5.1562}, {"tokens": [" and", " strong", ".", " He", " came", " to", " save", " the", " princess", " from", " the", " dragon", ".", " He", " had", " a", " sword", " and", " a", " shield", ".", " He", " f", "ought", " the", " dragon", ".", " Sara", " and", " Ben", " cheered", " for", " the"], "acts": [0.0, 0.7574, 0.0, 0.0, 0.0, 0.0, 0.0, 3.8517, 0.0, 0.0, 4.1427, 0.0, 0.0, 0.0, 0.0, 2.9609, 0.0, 0.8448, 3.94, 0.0, 0.0, 0.0, 0.0, 0.0, 5.0657, 1.1039, 0.0, 0.0, 0.0, 0.9584, 0.0, 0.0, 4.9799], "max_pos": 24, "max_act": 5.0664}, {"tokens": [" the", " doll", " was", " a", " princess", " and", " they", " were", " her", " knight", "s", ".", " They", " watched", " the", " doll", " dance", " and", " sing", ".", " Lily", " was", " happy"], "acts": [0.0, 0.0, 0.0, 1.4088, 0.0, 0.0, 0.0, 0.0, 2.2274, 0.0, 0.0, 0.0, 0.0, 0.0, 5.0076, 0.0, 0.0, 0.0, 0.0, 0.0, 0.0, 0.0, 0.0], "max_pos": 14, "max_act": 5.0078}, {"tokens": [" in", " the", " sun", "light", ".", " One", " day", " the", " knight", " was", " walking", " in", " the", " forest", " when", " he", " saw", " a", " creature", " dancing", ".", " The", " knight", " thought", " the", " creature", " looked", " very", " stupid", " but", " he", " was", " also"], "acts": [0.0, 2.5023, 0.0, 0.0, 0.0, 0.0, 0.0, 1.6485, 0.0, 0.5801, 0.0, 0.0, 3.3707, 0.0, 0.0, 1.0936, 0.0, 3.1654, 0.0, 1.0854, 0.0, 3.8919, 0.0, 0.0, 4.9782, 0.0, 0.0, 1.2166, 0.0, 0.0, 0.0, 0.0, 0.0], "max_pos": 24, "max_act": 4.9766}, {"tokens": [" had", " a", " present", " that", " it", " wouldn", "'t", " let", " anyone", " take", ".", " \n", "\n", "One", " day", ",", " a", " little", " boy", " named", " Timmy", " app", "ro", "ached", " the", " dragon", " and", " said", ",", " \"", "Can", " I", " take"], "acts": [1.0243, 3.0751, 0.0, 0.0, 1.1665, 0.0, 0.0, 0.0, 0.0, 0.0, 0.0, 0.0, 0.0, 0.5033, 0.0, 0.0, 1.9204, 1.1665, 0.0, 0.0, 0.0, 0.0, 0.0, 0.0, 4.8172, 0.0, 0.0, 0.0, 0.0, 0.0, 0.0, 0.0, 0.0], "max_pos": 24, "max_act": 4.8164}, {"tokens": [",", " there", " was", " a", " brave", " knight", " who", " wanted", " to", " explore", " a", " far", " away", " v", "all", "ey", ".", " The", " knight", " was", " a", " bit", " scared", " of", " the", " dark", ",", " but", " wanted", " to", " be", " brave", " so"], "acts": [0.0, 0.0, 0.0, 0.4554, 0.0, 0.0, 0.0, 1.5202, 2.3894, 0.0, 3.542, 1.4096, 0.0, 0.0, 0.0, 0.0, 0.0, 4.3603, 0.0, 0.0, 3.1368, 0.0, 0.0, 0.8033, 4.7344, 2.2889, 0.0, 0.0, 0.0, 0.7619, 0.9623, 0.6044, 0.0], "max_pos": 24, "max_act": 4.7344}, {"tokens": [" run", " away", ",", " but", " the", " monster", " was", " too", " quick", ".", " Then", " the", " monster", " stopped", ".", " It", " put", " its", " big", " hand", " up", " and", " smiled", " at", " the", " girl", ".", " It", " was", " friendly", "!", " The", " girl"], "acts": [0.0, 0.0, 0.0, 0.0, 2.9076, 0.0, 0.0, 0.0, 0.0, 0.0, 0.0, 3.7733, 0.0, 0.0, 0.0, 0.0, 0.0, 3.0205, 2.1396, 0.0, 0.0, 0.0, 0.0, 0.0, 4.7361, 0.0, 0.0, 0.0, 0.0, 0.0, 0.0, 3.1556, 0.0], "max_pos": 24, "max_act": 4.7344}, {"tokens": [" nearby", " stick", ".", " He", " made", " it", " into", " a", " flexible", " sp", "ear", " and", " handed", " it", " to", " the", " dragon", ".", "\n", "\n", "The", " dragon", " looked", " at", " the", " sp", "ear", ",", " thanked", " the", " knight", " and", " left"], "acts": [0.0, 0.0, 0.0, 0.0, 0.0, 0.0, 0.0, 2.4315, 0.7326, 1.9144, 0.0, 0.0, 0.0, 0.0, 0.0, 3.5296, 0.0, 0.0, 0.0, 0.0, 3.9817, 0.0, 0.0, 0.0, 4.6872, 2.3205, 0.0, 0.0, 0.0, 3.6331, 0.0, 0.0, 0.0], "max_pos": 24, "max_act": 4.6875}, {"tokens": [" bear", " was", " so", " happy", " that", " he", " had", " found", " a", " friend", ".", " \n", "\n", "Later", ",", " the", " sun", " went", " down", " and", " it", " was", " time", " for", " the", " bear", " to", " go", ".", " He", " said", " goodbye", " to"], "acts": [0.0, 0.0, 0.0, 0.0, 0.0, 0.6104, 0.0, 0.0, 1.2889, 0.0, 0.0, 0.0, 0.0, 0.0, 0.0, 4.5272, 0.0, 0.0, 0.0, 0.0, 0.0, 0.0, 0.0, 0.0, 4.6776, 0.0, 1.2736, 0.0, 0.0, 0.7637, 0.0, 0.0, 0.0], "max_pos": 24, "max_act": 4.6758}, {"tokens": [" out", " to", " the", " dragon", ",", " \"", "Let", " me", " pass", "!", " I", " de", "ma", "nd", " it", "!\"", "\n", "\n", "The", " dragon", ",", " not", " scared", " of", " the", " knight", ",", " grow", "led", " back", ".", " The", " knight"], "acts": [0.0, 0.0, 4.1479, 0.0, 0.0, 0.0, 0.0, 1.0409, 0.0, 0.0, 0.0, 0.0, 0.0, 0.0, 0.0, 0.0, 0.0, 0.0, 3.9847, 0.0, 0.0, 0.0, 0.5573, 0.8125, 4.6704, 0.0, 0.0, 1.1113, 0.0, 0.0, 0.0, 4.1757, 0.0], "max_pos": 24, "max_act": 4.6719}, {"tokens": [" because", " he", " was", " jealous", " of", " the", " jokes", ".", " So", ",", " he", " stepped", " forward", " and", " told", " the", " angry", " bear", " a", " joke", ".", " \n", "\n", "To", " the", " surprise", " of", " both", " Emily", " and", " the", " clumsy", " bear"], "acts": [0.0, 0.0, 0.0, 0.0, 0.0, 3.274, 0.0, 0.0, 0.0, 0.0, 0.0, 0.0, 0.0, 0.0, 0.0, 3.3991, 2.2627, 0.8569, 2.5697, 0.0, 0.0, 0.0, 0.0, 0.0, 4.6563, 0.0, 1.0538, 0.0, 0.0, 0.0, 3.3157, 2.2751, 0.0], "max_pos": 24, "max_act": 4.6562}, {"tokens": [" likes", " the", " knight", ".", " He", " thinks", " he", " is", " brave", " and", " strong", ".", "\n", "\n", "They", " read", " the", " story", ".", " They", " see", " the", " knight", " fight", " the", " dragon", ".", " They", " see", " the", " princess", " smile", " and"], "acts": [2.5461, 4.6349, 0.0, 0.0, 0.0, 0.0, 0.0, 0.0, 0.0, 0.0, 0.0, 0.0, 0.0, 0.0, 0.0, 0.8899, 4.4372, 0.0, 0.0, 0.0, 0.0, 4.1161, 0.0, 0.0, 4.6494, 0.0, 0.0, 0.0, 0.0, 4.5812, 0.0, 0.0, 0.0], "max_pos": 24, "max_act": 4.6484}]}