{"id": 291, "density": 0.0109455, "max_act": 5.73828125, "hist": {"edges": [0.01, 0.0133, 0.0178, 0.0237, 0.0316, 0.0422, 0.0562, 0.075, 0.1, 0.1334, 0.1778, 0.2371, 0.3162, 0.4217, 0.5623, 0.7499, 1.0, 1.3335, 1.7783, 2.3714, 3.1623, 4.217, 5.6234, 7.4989, 10.0, 13.3352, 17.7828, 23.7137, 31.6228, 42.1697, 56.2341, 74.9894, 100.0], "counts": [0, 0, 0, 0, 0, 0, 0, 0, 0, 5, 63, 267, 850, 2615, 6824, 10330, 9909, 6881, 2965, 1874, 984, 213, 2, 0, 0, 0, 0, 0, 0, 0, 0, 0]}, "logit_lens": {"promoted": [[" up", 0.319], ["-", 0.316], [" from", 0.271], [" above", 0.217], [" into", 0.206], [" other", 0.206], [" many", 0.203], [" eyes", 0.201], [" for", 0.196], [" times", 0.191]], "suppressed": [[" snee", 0.347], ["hing", 0.339], ["ball", 0.327], ["qu", 0.325], ["ken", 0.302], [" meas", 0.297], ["kes", 0.282], [" forg", 0.281], ["ian", 0.281], [" flute", 0.279]]}, "examples": [{"tokens": [" \n", "\n", "Sam", " pulled", " on", " the", " balloon", " str", "ings", " and", " suddenly", " he", " was", " up", " in", " the", " sky", ".", " He", " could", " see", " everything", " from", " up", " high", ".", " The", " the", " wide", " open", " grass", "y", " are"], "acts": [0.0, 0.0, 0.0, 0.0, 0.0, 0.0, 0.0, 0.0, 0.0, 0.0, 0.0, 0.0, 0.0, 0.0, 0.0, 0.0, 0.0, 0.0, 0.0, 0.0, 0.0, 0.0, 1.5125, 0.0, 5.7392, 0.0, 0.0, 0.0, 0.0, 0.0, 0.0, 0.0, 0.0], "max_pos": 24, "max_act": 5.7383}, {"tokens": ["\n", "J", "ake", " and", " A", "nny", " decided", " to", " look", " for", " the", " train", ".", " They", " searched", " high", " and", " low", " and", " still", " couldn", "'t", " find", " it"], "acts": [0.0, 0.0, 0.0, 0.0, 0.0, 0.0, 0.0, 0.7323, 0.0, 0.0, 0.0, 0.0, 0.0, 0.0, 0.0, 5.6556, 0.0, 3.9062, 0.0, 0.0, 0.0, 0.0, 0.0, 0.0], "max_pos": 15, "max_act": 5.6562}, {"tokens": [" She", " loved", " to", " run", " and", " play", " outside", ".", " One", " day", ",", " she", " went", " to", " the", " beach", " with", " her", " family", ".", " The", " t", "ide", " was", " high", " and", " the", " waves", " were", " big", ".", " Lily", "'s"], "acts": [0.0, 0.0, 0.0, 0.0, 0.0, 0.0, 0.0, 0.0, 0.0, 0.0, 0.0, 0.0, 0.0, 0.0, 0.0, 0.0, 0.0, 0.0, 0.0, 0.0, 0.0, 0.0, 0.0, 0.0, 5.6138, 0.0, 0.0, 0.0, 0.0, 1.1929, 0.0, 0.0, 0.0], "max_pos": 24, "max_act": 5.6133}, {"tokens": [" and", " Mandy", " counted", " the", " roof", " once", " more", ".", " It", " was", " still", " uncomfortable", " to", " be", " up", " high", " on", " the", " roof", ",", " but", " they", " both", " enjoyed"], "acts": [0.0, 0.0, 0.0, 1.6841, 1.6216, 2.4488, 0.0, 0.7151, 0.0, 0.0, 0.0, 0.0, 0.0, 0.0, 0.0, 5.5087, 1.2176, 0.0, 0.0, 0.0, 0.0, 0.0, 0.0, 0.0], "max_pos": 15, "max_act": 5.5078}, {"tokens": [" the", " windows", ".", " She", " could", " see", " the", " whole", " park", " from", " up", " high", ".", " It", " was", " very", " beautiful", ".", "\n", "\n"], "acts": [0.0, 0.0, 0.0, 0.0, 0.0, 0.0, 0.0, 0.0, 0.0, 0.7933, 0.0, 5.4535, 0.0, 0.0, 0.0, 0.0, 0.0, 0.0, 0.0, 0.0], "max_pos": 11, "max_act": 5.4531}, {"tokens": [",", " Tweety", " and", " J", "erry", " became", " the", " best", " of", " friends", " and", " would", " fly", " around", " together", ",", " enjoying", " the", " beauty", " of", " the", " world", " from", " up", " high", ".", "<|endoftext|>", "Once", " upon", " a", " time", ",", " there"], "acts": [0.0, 0.0, 0.0, 0.0, 0.0, 0.0, 0.0, 0.0, 0.0, 0.0, 0.0, 0.0, 0.0, 0.0, 0.0, 0.0, 0.0, 0.0, 0.0, 0.0, 0.0, 0.0, 1.276, 0.0, 5.413, 0.0, 0.0, 0.0, 0.0, 0.0, 0.0, 0.0, 0.0], "max_pos": 24, "max_act": 5.4141}, {"tokens": [" favorite", " toy", ".", " Lily", " knew", " how", " much", " the", " toy", " meant", " to", " her", " brother", ",", " so", " she", " started", " to", " look", " for", " it", ".", " She", " searched", " high", " and", " low", ",", " until", " she", " found", " it", " bu"], "acts": [0.0, 0.0, 0.0, 0.0, 0.0, 0.0, 0.0, 0.0, 0.0, 0.0, 0.0, 0.0, 0.0, 0.0, 0.0, 0.0, 0.0, 0.0, 0.0, 0.0, 0.0, 0.0, 0.0, 0.0, 5.415, 0.0, 3.3099, 0.0, 0.0, 0.0, 0.0, 0.0, 0.0], "max_pos": 24, "max_act": 5.4141}, {"tokens": [" that", " she", " could", " finally", " learn", " how", " to", " play", " the", " pi", "ano", " she", " had", " been", " dreaming", " about", ".", "<|endoftext|>", "John", " was", " searching", ".", " He", " searched", " high", " and", " low", ",", " and", " everywhere", " he", " looked", ","], "acts": [0.0, 0.0, 0.0, 0.0, 0.0, 0.0, 0.0, 0.0, 0.0, 0.0, 0.0, 0.0, 0.6496, 0.0, 0.0, 0.0, 0.0, 0.0, 0.0, 0.0, 0.8221, 0.0, 0.0, 0.0, 5.3116, 0.0, 3.5777, 0.0, 0.0, 0.0, 0.0, 0.0, 0.0], "max_pos": 24, "max_act": 5.3125}, {"tokens": [" organize", " it", " again", ".", " Let", "\u00e2\u20ac\u2122", "s", " try", " to", " find", " everything", " and", " make", " it", " even", " higher", " fun", "!\u00e2\u20ac", "\n", "\n", "So", " they", " all", " looked", " high", " and", " low", " and", " found", " all", " their", " fun", "!"], "acts": [0.0, 0.0, 0.0, 0.0, 0.0, 0.0, 0.0, 0.0, 0.0, 0.0, 0.0, 0.0, 0.0, 0.0, 0.0, 0.0, 0.0, 0.0, 0.0, 0.0, 0.0, 0.0, 0.0, 0.0, 5.2976, 0.0, 2.8595, 0.0, 0.0, 0.0, 0.0, 0.0, 0.0], "max_pos": 24, "max_act": 5.2969}, {"tokens": [" new", " and", " exciting", " things", ".", "\n", "\n", "The", " pilot", " has", " been", " flying", " for", " many", " years", " now", ".", " He", " loves", " looking", " at", " the", " world", " from", " high", " above", ".", " Every", " time", " he"], "acts": [0.0, 0.0, 0.0, 0.0, 0.0, 0.0, 0.0, 0.0, 0.0, 0.0, 0.0, 0.0, 0.0, 0.0, 0.0, 0.0, 0.0, 0.0, 0.0, 0.8714, 0.0, 0.0, 0.0, 1.1885, 5.2881, 0.0, 0.0, 0.0, 0.0, 0.0], "max_pos": 24, "max_act": 5.2891}, {"tokens": [" adventure", " to", " find", " a", " treasure", ".", " He", " looked", " high", " and", " low", ",", " but", " he", " couldn", "'t", " find"], "acts": [0.0, 0.0, 0.0, 0.0, 0.0, 0.0, 0.0, 0.0, 5.2673, 0.0, 3.4289, 0.0, 0.0, 0.0, 0.0, 0.0, 0.0], "max_pos": 8, "max_act": 5.2656}, {"tokens": [" fun", ".", "\n", "\n", "\"", "Let", "'s", " go", " on", " the", " slide", "!\"", " Sam", " said", ".", "\n", "\n", "Lila", " was", " scared", ".", " The", " slide", " was", " high", " and", " fast", ".", " She", " had", " never", " been", " on"], "acts": [0.0, 0.0, 0.0, 0.0, 0.0, 0.0, 0.0, 0.0, 0.0, 0.0, 0.0, 0.0, 0.0, 0.0, 0.0, 0.0, 0.0, 0.0, 0.0, 0.0, 0.0, 0.0, 0.0, 0.0, 5.2605, 0.0, 0.0, 0.0, 0.0, 0.0, 0.0, 0.0, 0.0], "max_pos": 24, "max_act": 5.2617}]}