{"id": 292, "density": 0.03107025, "max_act": 7.453125, "hist": {"edges": [0.01, 0.0133, 0.0178, 0.0237, 0.0316, 0.0422, 0.0562, 0.075, 0.1, 0.1334, 0.1778, 0.2371, 0.3162, 0.4217, 0.5623, 0.7499, 1.0, 1.3335, 1.7783, 2.3714, 3.1623, 4.217, 5.6234, 7.4989, 10.0, 13.3352, 17.7828, 23.7137, 31.6228, 42.1697, 56.2341, 74.9894, 100.0], "counts": [0, 0, 0, 0, 0, 0, 0, 0, 1, 1, 38, 302, 2052, 9145, 20686, 26111, 22133, 14853, 9679, 7055, 6988, 3968, 1269, 0, 0, 0, 0, 0, 0, 0, 0, 0]}, "logit_lens": {"promoted": [[" yourself", 0.374], [" thie", 0.329], [" job", 0.309], [" your", 0.297], [" my", 0.29], ["ven", 0.287], [" such", 0.272], [" tal", 0.269], [" mistake", 0.267], [" everything", 0.266]], "suppressed": [["ey", 0.223], [" distance", 0.213], ["D", 0.196], [" behind", 0.194], [" forth", 0.182], [" we", 0.18], [" path", 0.179], [" whisp", 0.172], [" van", 0.17], ["g", 0.168]]}, "examples": [{"tokens": ["\n", "They", " say", ",", " \"", "Tom", " and", " Sue", ",", " what", " are", " you", " doing", "?", " You", " should", " be", " sleeping", ".", " It", " is", " late", ".", " You", " have", " to", " go", " to", " school", " tomorrow", ".", " S", "ack"], "acts": [0.0, 0.0, 0.0, 0.0, 0.519, 0.0, 0.7506, 0.0, 0.0, 0.76, 0.0, 0.968, 1.4043, 0.8914, 0.918, 5.257, 2.4044, 1.2153, 1.3653, 1.3169, 0.0, 0.0, 0.0, 0.697, 7.4548, 4.6128, 0.0, 2.8105, 0.0, 0.0, 0.0, 0.8336, 2.2397], "max_pos": 24, "max_act": 7.4531}, {"tokens": [" wrong", ".", "\n", "\n", "\"", "Stop", " it", ",", " Lily", " and", " Ben", "!\"", " Mom", " says", ".", " \"", "You", " are", " spoil", "ing", " your", " time", ".", " You", " have", " many", " toys", ".", " You", " can", " share", " and", " take"], "acts": [0.0, 0.0, 0.0, 0.0, 0.0, 0.0, 0.0, 0.0, 0.0, 0.6191, 0.0, 0.0, 0.0, 0.0, 0.0, 0.0, 0.867, 6.0123, 2.8446, 6.0096, 0.7246, 0.0, 1.1339, 1.1194, 7.4308, 4.033, 2.5212, 0.4745, 0.6343, 3.9869, 0.9921, 0.8258, 1.5076], "max_pos": 24, "max_act": 7.4297}, {"tokens": [".", " She", " says", ",", " \"", "Lily", ",", " what", " did", " you", " do", "?", " You", " cannot", " write", " on", " the", " wall", ".", " That", " is", " bad", ".", " You", " have", " to", " clean", " it", " up", ".\"", "\n", "\n", "Lily"], "acts": [0.0, 0.0, 0.0, 0.0, 0.6993, 1.1249, 0.7551, 1.3471, 0.0, 0.874, 2.4885, 0.7044, 1.6169, 4.5935, 1.8386, 1.2283, 0.0, 0.0, 0.8408, 1.573, 0.0, 0.8072, 0.0, 0.8904, 7.4231, 4.2914, 2.4562, 0.0, 0.8551, 0.0, 0.7474, 0.3168, 0.0], "max_pos": 24, "max_act": 7.4219}, {"tokens": [" me", ".", " You", " could", " have", " broken", " them", " or", " lost", " them", ".", " You", " could", " have", " hurt", " yourself", ".", " You", " have", " been", " very", " naughty", ".", " You", " have", " to", " apolog", "ize", " and", " clean", " up", " this", " mess"], "acts": [0.0, 0.0, 0.0, 3.5668, 3.0855, 0.0, 0.0, 0.9516, 0.0, 0.0, 0.0, 0.0, 4.2112, 3.3499, 2.5718, 0.0, 0.0, 0.0, 6.9633, 2.7798, 3.3783, 2.3123, 0.0, 0.7291, 7.3712, 4.7678, 0.0, 0.0, 0.0, 0.0, 0.6675, 0.0, 0.0], "max_pos": 24, "max_act": 7.3711}, {"tokens": [" mess", ".", " You", " took", " the", " blocks", " from", " the", " attic", ".", " You", " opened", " the", " pass", ".", " You", " are", " not", " allowed", " to", " do", " that", ".", " You", " have", " to", " clean", " up", " now", ".", " And", " no", " more"], "acts": [1.4034, 1.2417, 1.0419, 5.8655, 1.4794, 0.0, 2.537, 0.0, 1.0279, 1.171, 0.9752, 4.1932, 0.0, 0.0, 1.3071, 1.0392, 5.8448, 5.4535, 1.3473, 1.7797, 1.4283, 1.1008, 1.0835, 0.8561, 7.3692, 4.3545, 2.7115, 2.8441, 0.0, 1.0181, 2.3965, 0.8988, 1.0409], "max_pos": 24, "max_act": 7.3711}, {"tokens": [".", " You", " have", " been", " naughty", ".", " You", " have", " to", " say", " sorry", ".", " You", " have", " to", " go"], "acts": [0.0, 1.624, 6.5445, 3.4538, 2.6245, 2.0083, 1.6302, 7.3688, 4.9816, 1.4278, 0.0, 0.7958, 0.0, 6.3594, 4.0877, 0.0], "max_pos": 7, "max_act": 7.3672}, {"tokens": [" it", ".", " She", " took", " away", " her", " paint", " and", " her", " paper", ".", " She", " said", ",", " \"", "You", " are", " not", " allowed", " to", " paint", " anymore", ".", " You", " have", " to", " go", " to", " your", " room", " and", " stay", " there"], "acts": [0.0, 0.0, 0.0, 0.0, 0.0, 0.0, 0.0, 0.0, 0.0, 0.0, 0.0, 0.0, 0.0, 0.0, 0.7126, 0.7293, 5.658, 4.657, 1.3767, 1.9615, 0.0, 0.0, 1.002, 0.4614, 7.3609, 3.972, 0.0, 3.0288, 0.0, 0.0, 2.015, 0.0, 0.0], "max_pos": 24, "max_act": 7.3594}, {"tokens": [" important", " to", " me", ".", " You", " took", " them", " without", " asking", ".", " You", " spend", " them", " all", " on", " foolish", " things", ".", " You", " are", " very", " naughty", ".", " You", " have", " to", " give", " them", " back", ".\"", "\n", "\n", "Tom"], "acts": [0.0, 0.0, 0.0, 0.0, 0.0, 4.509, 1.3632, 0.0, 0.0, 0.0, 0.4276, 6.5301, 3.0412, 1.8917, 2.2621, 0.0, 1.4816, 0.5731, 0.5472, 5.5106, 5.8703, 2.3098, 0.0, 0.9492, 7.3584, 4.5292, 2.6908, 1.0192, 0.0, 0.0, 0.0, 0.0, 0.0], "max_pos": 24, "max_act": 7.3594}, {"tokens": [" said", ".", " \"", "You", " broke", " my", " phone", ".", " You", " was", "ted", " the", " police", "'s", " time", ".", " You", " were", " very", " naughty", " and", " rude", ".", " You", " have", " to", " say", " sorry", " and", " go", " to", " your", " room"], "acts": [0.0, 0.0, 0.9693, 0.5842, 4.0393, 0.9635, 0.0, 0.0, 0.0, 5.0652, 4.2367, 0.6862, 0.0, 0.0, 0.0, 1.1752, 0.6723, 6.0274, 5.6781, 2.4976, 3.8519, 0.0, 0.0, 0.916, 7.3543, 4.6504, 1.309, 0.0, 0.0, 0.0, 1.1162, 0.0, 0.0], "max_pos": 24, "max_act": 7.3555}, {"tokens": [".", " You", " have", " ruined", " my", " book", ",", " my", " picture", ",", " my", " tool", ",", " and", " my", " toy", ".", " You", " have", " been", " very", " naughty", ".", " You", " have", " to", " learn", " to", " respect", " other", " people", "'s", " things"], "acts": [1.3735, 0.6039, 7.1793, 2.7587, 0.4701, 0.0, 1.0819, 0.0, 0.0, 0.0, 0.0, 0.0, 0.0, 0.0, 0.0, 1.6699, 0.0, 0.0, 6.6546, 3.3168, 3.6391, 1.8403, 0.0, 0.6129, 7.353, 4.5631, 2.6543, 2.4704, 1.1556, 0.0, 0.0, 0.0, 0.0], "max_pos": 24, "max_act": 7.3516}, {"tokens": [" the", " broken", " jar", " and", " the", " jam", ".", "\n", "\n", "Mom", " is", " not", " happy", ".", " She", " says", ",", " \"", "What", " have", " you", " done", "?", " You", " made", " a", " big", " mess", ".", " You", " could", " have", " hurt"], "acts": [0.0, 0.0, 0.0, 0.0, 0.0, 0.0, 0.0, 0.0, 0.0, 0.0, 0.0, 0.0, 0.0, 0.0, 0.0, 0.0, 0.0, 0.0, 0.8575, 0.0, 2.0163, 3.8111, 1.1118, 0.8672, 7.3312, 4.8823, 4.3182, 1.4407, 1.7937, 1.1618, 5.2212, 3.4986, 3.3922], "max_pos": 24, "max_act": 7.332}, {"tokens": [" have", " you", " done", "?\"", " she", " yelled", ".", " \"", "You", " have", " ruined", " the", " fridge", " and", " the", " food", " and", " the", " kitchen", " and", " your", " clothes", ".", " You", " have", " was", "ted", " the", " jam", " and", " made", " a", " huge"], "acts": [0.0, 1.8098, 3.4677, 0.0, 0.0, 0.0, 0.0, 1.0673, 1.1169, 6.8454, 2.8816, 0.0, 0.0, 4.357, 0.0, 1.1991, 1.6434, 0.0, 0.0, 1.7322, 0.9612, 0.0, 0.5538, 0.0, 7.3068, 1.8143, 2.9373, 1.3082, 0.0, 3.465, 2.4775, 1.6119, 1.6625], "max_pos": 24, "max_act": 7.3086}]}