{"id": 297, "density": 0.04031125, "max_act": 8.0703125, "hist": {"edges": [0.01, 0.0133, 0.0178, 0.0237, 0.0316, 0.0422, 0.0562, 0.075, 0.1, 0.1334, 0.1778, 0.2371, 0.3162, 0.4217, 0.5623, 0.7499, 1.0, 1.3335, 1.7783, 2.3714, 3.1623, 4.217, 5.6234, 7.4989, 10.0, 13.3352, 17.7828, 23.7137, 31.6228, 42.1697, 56.2341, 74.9894, 100.0], "counts": [0, 0, 0, 0, 0, 0, 0, 0, 0, 0, 20, 324, 3205, 13626, 28897, 33046, 29522, 22251, 15231, 9191, 4106, 1486, 330, 10, 0, 0, 0, 0, 0, 0, 0, 0]}, "logit_lens": {"promoted": [[" heard", 0.421], [" hears", 0.408], [" resc", 0.372], ["Don", 0.361], [" neighbor", 0.344], [" hear", 0.328], [" neighbour", 0.327], [" came", 0.323], [" comes", 0.322], [" distance", 0.315]], "suppressed": [["ten", 0.303], [" it", 0.205], [" pr", 0.192], [" very", 0.186], [" away", 0.186], [" ate", 0.176], ["-", 0.167], ["ars", 0.164], ["arn", 0.153], [" already", 0.152]]}, "examples": [{"tokens": [",", " his", " microphone", " was", " gone", "!", " Timmy", " looked", " around", " but", " he", " couldn", "'t", " find", " it", ".", " He", " started", " to", " cry", ".", "\n", "\n", "A", " kind", " girl", " saw", " Timmy", " crying", " and", " asked", " him", " what"], "acts": [0.0, 0.0, 0.0, 0.0, 0.0, 0.0, 0.0, 0.0, 0.0, 0.0, 0.0, 0.0, 0.0, 0.0, 0.0, 0.0, 0.0, 0.0, 0.0, 0.0, 0.6213, 0.0, 0.6579, 2.4571, 8.0698, 5.4533, 0.0, 0.0, 0.0, 2.703, 0.6149, 0.0, 0.0], "max_pos": 24, "max_act": 8.0703}, {"tokens": [" He", " tried", " to", " fly", " away", ",", " but", " he", " hurt", " his", " wing", ".", " U", "p", "set", ",", " he", " started", " to", " cry", ".", " \n", "\n", "A", " kind", "ly", " v", "eter", "in", "arian", " saw", " him", " and"], "acts": [0.0, 0.0, 0.0, 0.0, 0.0, 0.0, 0.0, 0.0, 0.0, 0.0, 0.0, 0.0, 0.0, 0.0, 0.0, 0.0, 0.0, 0.0, 0.0, 0.0, 0.9846, 0.0, 1.1495, 1.6378, 8.0529, 4.3209, 1.5256, 4.011, 3.2127, 4.6549, 0.0, 0.9073, 2.2861], "max_pos": 24, "max_act": 8.0547}, {"tokens": [" he", " had", " no", " idea", " where", " he", " was", ".", " He", " was", " scared", " and", " started", " crying", " out", " for", " help", ".", "\n", "\n", "Just", " then", ",", " a", " kind", " voice", " spoke", " out", " of", " the", " trees", ".", " It"], "acts": [0.0, 0.0, 0.0, 0.0, 0.0, 0.0, 0.0, 0.0, 0.0, 0.0, 0.0, 0.0, 0.0, 0.0, 0.899, 0.0, 0.7277, 0.0, 0.0, 0.0, 0.0, 0.9666, 0.0, 4.157, 7.9437, 5.2129, 1.9972, 0.9992, 2.2675, 1.067, 0.0, 0.0, 0.0], "max_pos": 24, "max_act": 7.9453}, {"tokens": [" was", " running", " around", ",", " he", " accidentally", " fell", " and", " hurt", " his", " paw", ".", " Max", " started", " to", " cry", " and", " felt", " very", " sad", ".", " Suddenly", ",", " a", " kind", " doctor", " saw", " Max", " and", " took", " him", " to", " his"], "acts": [0.0, 0.0, 0.0, 0.0, 0.0, 0.0, 0.0, 0.0, 0.0, 0.0, 0.0, 0.0, 0.5694, 0.0, 0.0, 0.0, 1.0855, 0.0, 0.0, 0.0, 0.0, 0.8721, 0.0, 3.3493, 7.728, 5.8267, 0.0, 0.0, 1.6171, 0.0, 0.0, 0.0, 2.6662], "max_pos": 24, "max_act": 7.7266}, {"tokens": [".", " It", " made", " a", " loud", " noise", " and", " shook", " its", " big", " part", "s", ".", " Amy", " was", " scared", " and", " started", " to", " cry", ".", "\n", "\n", "A", " kind", " woman", " named", " Sarah", " came", " to", " help", ".", " She"], "acts": [0.0, 0.0, 0.0, 0.0, 0.0, 0.0, 0.0, 0.0, 0.0, 0.0, 0.0, 0.0, 0.0, 0.0, 0.0, 0.0, 0.0, 0.0, 0.0, 0.0, 0.9045, 0.0, 0.8858, 1.7356, 7.679, 5.6016, 0.0, 1.6825, 2.1431, 0.0, 0.0, 0.0, 0.0], "max_pos": 24, "max_act": 7.6797}, {"tokens": [" are", " scared", ".", " They", " run", " away", " from", " the", " dog", ".", "\n", "\n", "\"", "Help", "!", " He", "lp", "!\"", " they", " shout", ".", "\n", "\n", "A", " man", " hears", " them", ".", " He", " is", " the", " dog", "'s"], "acts": [0.0, 0.0, 0.0, 0.0, 0.0, 0.0, 0.0, 0.0, 0.0, 0.0, 0.0, 0.0, 0.0, 0.0, 0.0, 0.0, 0.0, 0.0, 0.0, 1.2444, 0.0, 0.0, 0.0, 2.6725, 7.6783, 0.0, 0.9447, 1.6333, 2.678, 1.9851, 1.3659, 0.0, 1.6844], "max_pos": 24, "max_act": 7.6797}, {"tokens": ["le", ".", " Suddenly", " the", " po", "le", " sn", "apped", " in", " half", ",", " Daisy", " gasped", " and", " expl", "o", "d", "ed", " into", " tears", ".", "\n", "\n", "A", " kind", " stranger", " came", " to", " comfort", " Daisy", " and", " asked", ","], "acts": [0.0, 0.0, 0.0, 0.0, 0.0, 0.0, 0.0, 0.0, 0.7205, 0.0, 0.0, 0.0, 0.0, 0.0, 0.0, 0.0, 0.0, 0.0, 0.0, 0.0, 0.0, 0.0, 0.0, 1.3172, 7.6422, 5.3477, 2.9479, 1.0785, 0.0, 0.0, 1.7298, 0.0, 0.0], "max_pos": 24, "max_act": 7.6406}, {"tokens": ["'t", " get", " it", ".", " F", "e", "el", "ing", " dis", "c", "ou", "ra", "ged", ",", " she", " walked", " away", ".", "\n", "\n", "Just", " then", ",", " an", " kind", " old", " voice", " spoke", " to", " the", " girl", ".", " \""], "acts": [0.0, 0.0, 0.0, 0.0, 0.0, 0.0, 0.0, 0.0, 0.0, 0.0, 0.0, 0.0, 0.0, 0.0, 0.0, 0.0, 0.0, 0.0, 0.0, 0.0, 0.0, 0.6768, 0.0, 3.5793, 7.6212, 4.6407, 3.8887, 1.4035, 0.0, 0.0, 0.0, 0.0, 1.8172], "max_pos": 24, "max_act": 7.6211}, {"tokens": [" it", " too", " hard", " and", " it", " went", " far", " away", ".", " She", " started", " crying", " because", " she", " thought", " she", " lost", " her", " ball", " forever", ".", "\n", "\n", "A", " kind", " lady", " who", " was", " walking", " by", " saw", " Lily", " crying"], "acts": [0.0, 0.0, 0.0, 0.0, 0.0, 0.0, 0.0, 0.0, 0.0, 0.0, 0.0, 0.0, 0.0, 0.0, 0.0, 0.0, 0.0, 0.0, 0.0, 0.0, 0.0, 0.0, 0.0, 1.8255, 7.5774, 5.3998, 2.0984, 1.3563, 0.0, 0.8654, 0.0, 0.0, 0.0], "max_pos": 24, "max_act": 7.5781}, {"tokens": [" felt", " sad", " and", " angry", ".", " They", " put", " down", " their", " br", "us", "hes", " and", " cro", "ssed", " their", " arms", ".", "\n", "\n", "Just", " then", ",", " their", " mom", " came", " in", ".", " She", " saw", " the", " paper", " and"], "acts": [0.0, 0.0, 0.0, 0.0, 0.0, 0.0, 0.0, 0.0, 0.0, 0.0, 0.0, 0.0, 0.0, 0.0, 0.0, 1.6074, 0.0, 0.0, 0.0, 0.0, 0.0, 0.0, 0.0, 2.416, 7.542, 5.052, 3.466, 1.0387, 3.3197, 0.0, 0.0, 0.0, 0.0], "max_pos": 24, "max_act": 7.543}, {"tokens": [" sk", "irt", " r", "ipped", " in", " half", ".", " Lily", " and", " Anna", " both", " cried", ".", " They", " had", " ruined", " the", " cool", " sk", "irt", ".", "\n", "\n", "Their", " mom", " heard", " them", " and", " came", " to", " the", " attic", "."], "acts": [0.0, 0.0, 0.0, 0.0, 0.0, 0.0, 0.0, 0.0, 0.0, 0.0, 0.0, 0.0, 0.0, 0.0, 0.0, 0.0, 0.0, 0.0, 0.0, 0.0, 0.0, 0.0, 0.0, 2.3309, 7.4917, 0.0, 2.0565, 5.1677, 3.5862, 1.9661, 3.2707, 0.0, 0.0], "max_pos": 24, "max_act": 7.4922}, {"tokens": [" a", " hole", " and", " couldn", "'t", " get", " out", ".", " She", " cried", ",", " \"", "Help", "!", " He", "lp", "!", " I", "'m", " stuck", "!\"", "\n", "\n", "A", " kind", " farmer", " heard", " her", " cries", " and", " came", " to", " see"], "acts": [0.0, 0.0, 0.0, 0.0, 0.0, 0.0, 0.0, 0.0, 0.0, 0.0, 0.0, 0.0, 0.0, 0.0, 0.0, 0.0, 0.0, 0.0, 0.0, 0.0, 0.0, 0.0, 0.0, 1.3592, 7.4521, 5.697, 0.0, 0.9203, 0.9034, 3.7263, 2.7888, 1.6291, 0.0], "max_pos": 24, "max_act": 7.4531}]}