{"id": 301, "density": 0.04869725, "max_act": 3.5390625, "hist": {"edges": [0.01, 0.0133, 0.0178, 0.0237, 0.0316, 0.0422, 0.0562, 0.075, 0.1, 0.1334, 0.1778, 0.2371, 0.3162, 0.4217, 0.5623, 0.7499, 1.0, 1.3335, 1.7783, 2.3714, 3.1623, 4.217, 5.6234, 7.4989, 10.0, 13.3352, 17.7828, 23.7137, 31.6228, 42.1697, 56.2341, 74.9894, 100.0], "counts": [0, 0, 0, 0, 0, 0, 0, 0, 0, 3, 99, 864, 4857, 18773, 43879, 57109, 43576, 19586, 4885, 1104, 54, 0, 0, 0, 0, 0, 0, 0, 0, 0, 0, 0]}, "logit_lens": {"promoted": [[" story", 0.281], [" day", 0.265], [" forgave", 0.239], [" lesson", 0.236], ["ict", 0.226], [" friend", 0.224], [" problem", 0.216], ["or", 0.215], [" dec", 0.214], [" ending", 0.208]], "suppressed": [[" poin", 0.298], [" handle", 0.271], ["ix", 0.267], [" sne", 0.26], [" fell", 0.254], [" pointed", 0.249], [" char", 0.246], [" far", 0.244], ["arsh", 0.243], [" ce", 0.239]]}, "examples": [{"tokens": [" to", " see", " that", " Lily", " had", " helped", " solve", " the", " fire", ".", " They", " thanked", " her", " and", " gave", " her"], "acts": [0.0, 0.0, 0.0, 0.0, 0.0, 0.0, 2.2137, 3.539, 2.9388, 0.6298, 0.0, 0.0, 0.5711, 0.0, 0.0, 0.0], "max_pos": 7, "max_act": 3.5391}, {"tokens": [" offered", " it", " to", " the", " bird", ".", " The", " bird", " loved", " the", " candy", " and", " flew", " away", " happily", ".", " Timmy", " felt", " proud", " of", " himself", " for", " sol", "ving", " the", " con", "f", "l", "ict", " and", " making", " the", " bird"], "acts": [0.0, 0.0, 0.0, 0.0, 0.0, 0.0, 0.4322, 0.0, 0.0, 1.0147, 0.8762, 0.0, 0.0, 0.0, 0.0, 0.0, 0.0, 0.0, 0.0, 0.0, 0.0, 0.0, 0.0, 0.0, 3.4782, 0.0, 0.0, 0.0, 0.0, 0.0, 0.7214, 1.5495, 0.0], "max_pos": 24, "max_act": 3.4785}, {"tokens": [" J", "u", "dy", " was", " very", " thankful", " for", " Fred", "'s", " help", " and", " thanked", " him", " for", " being", " so", " clever", ".", "\n", "\n", "The", " moral", " of", " this", " story", " is", " that", " if", " you", " are", " clever", " and", " think"], "acts": [0.0, 0.0, 0.0, 0.0, 0.0, 0.0, 0.633, 1.276, 1.292, 0.8874, 0.0, 0.0, 0.0, 0.0, 0.0, 0.0, 0.0, 0.0, 0.0, 0.0, 0.6653, 0.0, 0.8311, 2.8742, 3.4634, 0.8014, 0.0, 0.0, 0.0, 0.0, 0.0, 0.0, 0.0], "max_pos": 24, "max_act": 3.4629}, {"tokens": [" was", " wrong", " to", " take", " the", " frog", " away", " from", " its", " home", " and", " decided", " to", " never", " do", " it", " again", ".", "\n", "\n", "The", " moral", " of", " this", " story", " is", " that", " it", " is", " wrong", " to", " take", " things"], "acts": [0.0, 0.0, 0.0, 0.0, 0.6422, 0.0, 0.0, 0.0, 0.0, 0.0, 0.0, 0.0, 0.0, 0.0, 0.0, 0.0, 0.0, 0.0, 0.0, 0.0, 1.1907, 0.9215, 0.903, 2.9592, 3.4361, 0.0, 0.0, 0.0, 0.0, 0.0, 0.0, 0.0, 0.0], "max_pos": 24, "max_act": 3.4355}, {"tokens": [" to", " be", " free", " again", ".", " He", " thanked", " the", " kind", " swim", "m", "ers", " and", " went", " back", " to", " swimming", ".", "\n", "\n", "The", " moral", " of", " this", " story", " is", " to", " be", " kind", " and", " help", " others", " in"], "acts": [0.5469, 0.0, 0.0, 0.0, 0.0, 0.0, 0.0, 0.0, 0.0, 0.0, 0.0, 0.0, 0.0, 0.0, 0.0, 0.0, 0.0, 0.0, 0.0, 0.0, 0.0, 0.0, 0.9825, 2.8654, 3.4344, 0.9958, 0.0, 0.0, 0.0, 0.0, 0.0, 0.0, 0.0], "max_pos": 24, "max_act": 3.4336}, {"tokens": [" you", " for", " being", " so", " friendly", "!\"", "\n", "\n", "The", " moral", " of", " this", " story", " is", " to", " always", " be", " kind", " and", " welc", "om"], "acts": [0.0, 0.0, 0.0, 0.0, 0.0, 0.0, 0.0, 0.0, 0.0, 0.0, 1.1095, 2.9481, 3.4079, 0.9094, 0.0, 0.0, 0.0, 0.0, 0.0, 0.0, 0.0], "max_pos": 12, "max_act": 3.4082}, {"tokens": [" bucket", "s", " and", " brought", " it", " back", " to", " their", " home", ".", "\n", "\n", "The", " moral", " of", " this", " story", " is", " that", " when", " you", " give", " love", " you", " also"], "acts": [0.0, 0.0, 0.0, 0.0, 0.0, 0.0, 0.0, 0.0, 0.0, 0.0, 0.0, 0.0, 0.0, 0.9904, 1.0312, 2.9281, 3.3927, 0.9238, 0.0, 0.0, 0.0, 0.0, 0.0, 0.0, 0.0], "max_pos": 16, "max_act": 3.3926}, {"tokens": ["th", ",", " and", " together", " they", " pad", "d", "led", " strong", "ly", " back", " to", " shore", ".", " \n", "\n", "The", " moral", " of", " this", " story", " is", " that", " there", " is", " nothing", " you", " can", "'t"], "acts": [0.0, 0.0, 0.0, 0.0, 0.0, 0.0, 0.0, 0.0, 0.0, 0.0, 0.0, 0.0, 0.0, 0.0, 0.0, 0.0, 0.0, 0.0, 0.9555, 2.7703, 3.3695, 0.0, 0.0, 0.0, 0.0, 0.0, 0.0, 0.0, 0.0], "max_pos": 20, "max_act": 3.3691}, {"tokens": [" the", " kitchen", " and", " poured", " a", " bucket", " of", " water", " onto", " Billy", "'s", " art", ".", " Billy", " was", " so", " sad", ".", " \n", "\n", "The", " moral", " of", " this", " story", " is", " that", " everyone", " has", " different", " intere", "st", "s"], "acts": [0.0, 0.0, 0.0, 0.0, 0.0, 0.0, 0.0, 0.0, 0.0, 0.0, 0.0, 0.0, 0.0, 0.0, 0.0, 0.0, 0.0, 0.0, 0.0, 0.0, 0.6277, 0.9532, 0.6809, 2.9127, 3.3628, 0.8354, 0.0, 0.0, 0.0, 0.0, 0.0, 0.0, 0.0], "max_pos": 24, "max_act": 3.3633}, {"tokens": [" he", " could", " finally", " we", "igh", " himself", ".", " He", " was", " so", " happy", " that", " he", " danced", " around", " the", " room", "!", "\n", "\n", "The", " moral", " of", " this", " story", " is", " that", " sometimes", " it", " can", " be", " difficult", " to"], "acts": [0.0, 0.0, 0.0, 0.0, 0.0, 0.0, 0.0, 0.0, 0.0, 0.0, 0.0, 0.0, 0.0, 0.0, 0.0, 0.0, 0.0, 0.0, 0.0, 0.0, 0.7233, 0.0, 0.7707, 2.714, 3.3457, 0.0, 0.0, 0.0, 0.0, 0.0, 0.0, 0.0, 0.0], "max_pos": 24, "max_act": 3.3457}, {"tokens": [" that", " he", " should", " have", " worked", " hard", " and", " done", " things", " the", " right", " way", " if", " he", " wanted", " to", " succeed", ".", "\n", "\n", "The", " moral", " of", " this", " story", " is", " that", " you", " can", "'t", " short", "cut", " your"], "acts": [0.0, 0.0, 0.0, 0.0, 0.0, 0.0, 0.0, 0.0, 0.0, 0.7028, 0.0, 0.0, 0.0, 0.0, 0.0, 0.0, 0.0, 0.0, 0.0, 0.0, 0.8186, 0.0, 0.7198, 2.963, 3.3433, 0.0, 0.0, 0.0, 0.0, 0.0, 0.0, 0.0, 0.0], "max_pos": 24, "max_act": 3.3438}, {"tokens": [" he", " really", " needed", ".", "\n", "\n", "The", " moral", " of", " this", " story", " is", ":", " never", " cut", " up", " too", " many", " things"], "acts": [0.0, 0.0, 0.0, 0.0, 0.0, 0.0, 0.0, 0.9112, 0.9004, 2.9199, 3.3401, 0.9495, 0.0, 0.0, 0.0, 0.0, 0.0, 0.0, 0.0], "max_pos": 10, "max_act": 3.3398}]}