{"id": 354, "density": 0.017222, "max_act": 7.28125, "hist": {"edges": [0.01, 0.0133, 0.0178, 0.0237, 0.0316, 0.0422, 0.0562, 0.075, 0.1, 0.1334, 0.1778, 0.2371, 0.3162, 0.4217, 0.5623, 0.7499, 1.0, 1.3335, 1.7783, 2.3714, 3.1623, 4.217, 5.6234, 7.4989, 10.0, 13.3352, 17.7828, 23.7137, 31.6228, 42.1697, 56.2341, 74.9894, 100.0], "counts": [0, 0, 0, 0, 0, 0, 0, 0, 0, 0, 3, 74, 520, 2616, 6298, 11064, 12295, 9512, 8275, 8146, 5096, 4262, 727, 0, 0, 0, 0, 0, 0, 0, 0, 0]}, "logit_lens": {"promoted": [[" around", 0.374], ["cing", 0.299], [" against", 0.259], [" jack", 0.234], [" through", 0.233], [" especially", 0.223], ["ath", 0.2], [" in", 0.184], [" ever", 0.184], [" with", 0.184]], "suppressed": [["t", 0.38], ["ain", 0.378], ["m", 0.377], ["a", 0.365], ["ly", 0.347], ["ro", 0.322], ["o", 0.32], ["b", 0.304], ["lies", 0.302], [" money", 0.298]]}, "examples": [{"tokens": [" climbed", " and", " finally", " made", " it", " over", " the", " fence", ".", " He", " bounced", " through", " the", " garden", ",", " happily", ".", " Now", " he"], "acts": [0.0, 0.0, 0.0, 0.0, 0.0, 0.0, 0.0, 0.0, 0.0, 0.0, 7.2795, 0.0, 0.0, 0.0, 0.0, 0.9653, 0.0, 0.0, 0.0], "max_pos": 10, "max_act": 7.2812}, {"tokens": [" ball", " became", " R", "u", "by", "'s", " best", " friend", " and", " she", " played", " with", " it", " every", " day", ".", " Every", " time", " she", " heard", " the", " sound", " of", " it", " boun", "cing", ",", " she", " smiled", " and", " ran", " out", " to"], "acts": [0.0, 0.0, 0.0, 0.0, 0.0, 0.0, 0.0, 0.0, 0.0, 0.0, 0.0, 0.0, 0.0, 0.0, 0.0, 0.0, 0.0, 0.0, 0.0, 0.0, 0.0, 0.0, 0.0, 0.0, 7.2453, 6.177, 0.0, 0.0, 0.0, 0.0, 3.4835, 0.0, 0.0], "max_pos": 24, "max_act": 7.2461}, {"tokens": ["!", " Let", "'s", " play", " together", "!\"", "\n", "\n", "Sally", " and", " the", " red", " ball", " played", " all", " day", " long", ".", " They", " rolled", " on", " the", " grass", ",", " bounced", " in", " the", " sun", ",", " and", " threw", " the", " ball"], "acts": [0.0, 0.0, 0.0, 0.0, 0.0, 0.0, 0.0, 0.0, 0.0, 0.0, 0.0, 0.0, 0.0, 0.0, 0.0, 0.0, 0.0, 0.0, 0.5733, 3.8195, 0.0, 0.0, 0.0, 0.0, 7.2473, 0.0, 0.0, 0.0, 0.0, 0.0, 0.8211, 0.0, 0.0], "max_pos": 24, "max_act": 7.2461}, {"tokens": [" around", " together", " in", " the", " co", "b", "w", "eb", ".", " They", " had", " so", " much", " fun", " boun", "cing", " and", " their", " laug", "ht", "er", " filled", " the"], "acts": [0.0, 0.0, 0.0, 1.1472, 0.0, 0.0, 0.0, 0.0, 0.0, 0.0, 0.0, 0.0, 0.0, 0.0, 7.2177, 6.4533, 0.0, 0.0, 0.0, 0.0, 0.0, 0.0, 0.0], "max_pos": 14, "max_act": 7.2188}, {"tokens": [" the", " garden", ",", " laughing", " and", " jumping", ".", " His", " parents", " chased", " him", " around", " and", " laughed"], "acts": [0.0, 0.0, 0.0, 2.3803, 0.0, 7.2029, 0.0, 0.0, 0.0, 3.032, 0.0, 0.0, 0.0, 1.3308], "max_pos": 5, "max_act": 7.2031}, {"tokens": [" of", " the", " big", " field", ",", " there", " was", " a", " football", ".", " All", " around", " the", " football", " were", " lots", " of", " excited", " children", ".", " They", " were", " running", ",", " jumping", " and", " trying", " to", " kick", " the", " football", ".", "\n"], "acts": [0.0, 0.0, 0.0, 0.0, 0.0, 0.0, 0.0, 0.0, 3.5783, 0.0, 0.0, 0.0, 0.0, 2.9371, 0.0, 0.0, 0.0, 0.0, 0.0, 0.0, 0.0, 0.0, 6.0795, 0.0, 7.0873, 0.0, 0.0, 0.0, 1.1926, 1.0454, 3.2524, 0.0, 0.0], "max_pos": 24, "max_act": 7.0859}, {"tokens": [" Lucy", "'s", " favorite", "!", "\n", "\n", "After", " breakfast", ",", " Lucy", " would", " go", " outside", " and", " play", ".", " She", " was", " very", " impatient", ",", " always", " running", " and", " jumping", " around", ".", " She", " wanted", " to", " do", " more", " and"], "acts": [0.0, 0.0, 0.0, 0.0, 0.0, 0.0, 0.0, 0.7616, 0.0, 0.0, 0.0, 0.0, 0.0, 0.0, 1.0332, 0.0, 0.0, 0.0, 0.0, 0.0, 0.0, 0.0, 5.9936, 0.0, 7.0807, 1.5359, 0.0, 0.0, 0.0, 0.0, 0.0, 0.0, 0.0], "max_pos": 24, "max_act": 7.082}, {"tokens": [" new", ".", " They", " bounced", " the", " ball", " back", " and", " forth", ",", " and", " soon"], "acts": [0.0, 0.0, 0.0, 7.0276, 0.0, 0.7792, 0.0, 0.0, 0.0, 0.0, 0.0, 0.0], "max_pos": 3, "max_act": 7.0273}, {"tokens": [" things", " to", " do", " were", " running", ",", " jumping", " and", " playing", " hide", "-", "and", "-", "se", "ek"], "acts": [0.0, 0.0, 0.0, 0.0, 6.0236, 0.0, 7.0223, 0.0, 1.7458, 0.0, 0.0, 0.0, 0.0, 0.0, 1.0241], "max_pos": 6, "max_act": 7.0234}, {"tokens": ["\n", "But", " just", " as", " Daisy", " was", " about", " to", " take", " a", " bite", ",", " her", " brother", " came", " boun", "cing", " in", ",", " looking", " very", " angry", ".", " \""], "acts": [0.0, 0.0, 0.0, 0.0, 0.0, 0.0, 0.0, 0.0, 0.0, 0.0, 0.9303, 0.0, 0.0, 0.0, 0.0, 6.9945, 5.8956, 0.0, 0.0, 0.0, 0.0, 0.0, 0.0, 0.0], "max_pos": 15, "max_act": 6.9961}, {"tokens": [" it", " with", " him", " as", " he", " ran", " around", " the", " park", ",", " playing", " and", " having", " fun", ".", " The", " balloon", " followed", " him", " where", "ver", " he", " went", ",", " boun", "cing", " up", " and", " down", " with", " him", " as", " he"], "acts": [0.0, 0.0, 0.0, 0.0, 0.0, 1.8657, 0.0, 0.0, 0.0, 0.0, 1.4884, 0.0, 0.0, 0.0, 0.0, 0.0, 0.0, 0.0, 0.0, 0.0, 0.0, 0.0, 0.0, 0.0, 6.9699, 5.9018, 0.0, 0.0, 0.0, 0.0, 0.0, 0.0, 0.0], "max_pos": 24, "max_act": 6.9688}, {"tokens": [" around", " town", ",", " singing", " songs", " and", " shaking", " her", " t", "am", "b", "our", "ine", ".", " Whenever", " she", " heard", " music", ",", " she", " would", " keep", " dancing", " and", " jumping", " around", ".", " Everyone", " loved", " to", " watch", " her", " and"], "acts": [0.0, 0.0, 0.0, 0.0, 0.0, 0.0, 0.0, 0.0, 0.0, 0.0, 0.0, 0.0, 0.0, 0.0, 0.0, 0.0, 0.0, 0.0, 0.0, 0.0, 0.0, 0.0, 4.4872, 0.0, 6.9539, 1.0044, 0.0, 0.0, 0.0, 0.0, 0.0, 0.0, 0.0], "max_pos": 24, "max_act": 6.9531}]}