{"id": 372, "density": 0.0341215, "max_act": 5.07421875, "hist": {"edges": [0.01, 0.0133, 0.0178, 0.0237, 0.0316, 0.0422, 0.0562, 0.075, 0.1, 0.1334, 0.1778, 0.2371, 0.3162, 0.4217, 0.5623, 0.7499, 1.0, 1.3335, 1.7783, 2.3714, 3.1623, 4.217, 5.6234, 7.4989, 10.0, 13.3352, 17.7828, 23.7137, 31.6228, 42.1697, 56.2341, 74.9894, 100.0], "counts": [0, 0, 0, 0, 0, 0, 0, 0, 0, 3, 63, 1152, 5520, 19829, 33659, 33890, 23146, 11333, 4411, 2077, 1259, 144, 0, 0, 0, 0, 0, 0, 0, 0, 0, 0]}, "logit_lens": {"promoted": [[" liked", 0.354], [" showed", 0.335], [" almost", 0.332], [" forg", 0.326], [" admire", 0.321], [" like", 0.311], [" loved", 0.309], ["igg", 0.306], ["uring", 0.298], [" enjoying", 0.297]], "suppressed": [["les", 0.211], ["ers", 0.196], ["als", 0.191], ["st", 0.191], [" days", 0.184], [" little", 0.184], [" beep", 0.184], ["est", 0.182], ["s", 0.179], ["le", 0.178]]}, "examples": [{"tokens": [" toys", " and", " went", " home", ".", "\n", "\n", "They", " were", " very", " happy", " with", " their", " new", " toys", ".", " They", " played", " with", " them", " all", " afternoon", ".", " They", " also", " ate", " some", " fruit", " and", " shared", " with", " Mom", "."], "acts": [0.0, 0.0, 0.0, 0.0, 0.0, 0.0, 0.0, 0.0, 1.437, 1.6815, 0.0, 0.0, 0.0, 0.0, 0.0, 0.0, 1.7519, 0.0, 0.0, 0.0, 0.0, 0.0, 0.0, 1.4672, 5.0731, 0.0, 0.0, 0.0, 0.0, 0.0, 0.0, 0.0, 0.0], "max_pos": 24, "max_act": 5.0742}, {"tokens": [" in", " the", " park", ".", " They", " admire", " the", " birds", " and", " the", " flowers", " and", " the", " trees", ".", " They", " also", " like", " to", " run", " and", " jump", " and", " slide", " on"], "acts": [0.0, 0.0, 0.0, 0.0, 0.0, 0.0, 0.0, 0.0, 0.0, 0.0, 0.0, 0.0, 0.0, 0.0, 0.0, 1.0304, 5.0731, 0.0, 0.0, 0.0, 0.0, 0.0, 0.0, 0.0, 0.0], "max_pos": 16, "max_act": 5.0742}, {"tokens": [" hands", " and", " faces", " and", " went", " to", " the", " park", ".", " They", " had", " a", " lot", " of", " fun", " with", " their", " friends", " and", " enjoyed", " the", " picnic", ".", " They", " also", " shared", " their", " cookies", " with", " their", " friends", " and", " said"], "acts": [0.0, 0.0, 0.0, 0.0, 0.0, 0.0, 0.0, 0.0, 0.0, 0.7846, 0.9296, 0.0, 0.0, 0.0, 0.0, 0.0, 0.0, 0.0, 0.0, 0.0, 0.0, 0.0, 0.0, 1.4401, 5.0306, 0.0, 0.0, 0.0, 0.0, 0.0, 0.0, 0.0, 0.0], "max_pos": 24, "max_act": 5.0312}, {"tokens": ["They", " played", " with", " their", " new", " toy", " cars", " and", " mat", "ched", " them", " with", " their", " old", " ones", ".", " They", " had", " a", " lot", " of", " fun", ".", " They", " also", " learned", " to", " keep", " the", " ch", "im", "ney", " clean"], "acts": [0.7698, 0.0, 0.0, 0.0, 0.0, 0.0, 0.0, 0.0, 0.0, 0.0, 0.0, 0.0, 0.0, 0.0, 0.0, 0.0, 0.9507, 0.9743, 0.0, 0.0, 0.0, 0.0, 0.0, 1.3126, 5.0002, 0.0, 0.0, 0.0, 0.0, 0.0, 0.0, 0.0, 0.0], "max_pos": 24, "max_act": 5.0}, {"tokens": [" lake", " with", " their", " moms", ".", " They", " saw", " many", " things", " at", " the", " lake", ":", " fish", ",", " ducks", ",", " frog", "s", ",", " and", " flowers", ".", " They", " also", " saw", " something", " unusual", ":", " a", " big", " brown", " animal"], "acts": [0.0, 0.0, 0.0, 0.0, 0.0, 0.0, 0.0, 0.0, 0.0, 0.0, 0.0, 0.0, 0.0, 0.0, 0.0, 0.0, 0.0, 0.0, 0.0, 0.0, 0.0, 0.0, 0.0, 0.0, 4.8843, 0.0, 0.0, 0.0, 0.0, 0.0, 0.0, 0.0, 0.0], "max_pos": 24, "max_act": 4.8828}, {"tokens": [" what", " they", " made", ".", "\n", "\n", "Then", ",", " Mom", " came", " into", " the", " room", ".", " She", " saw", " the", " paper", " shapes", " and", " smiled", " too", ".", " She", " also", " saw", " the", " mess", " of", " paper", " sc", "ra", "p"], "acts": [0.0, 0.0, 0.0, 0.0, 0.0, 0.0, 0.0, 0.0, 0.0, 0.0, 0.0, 0.0, 0.0, 0.0, 0.0, 0.0, 0.0, 0.0, 0.0, 0.0, 0.0, 0.0, 0.0, 1.1156, 4.8706, 0.0, 0.0, 0.0, 0.0, 0.0, 0.0, 0.0, 0.0], "max_pos": 24, "max_act": 4.8711}, {"tokens": [" their", " boats", " were", ".", " What", " matter", "ed", " was", " how", " they", " tre", "ated", " each", " other", " and", " how", " they", " enjoyed", " their", " toys", ".", "\n", "\n", "They", " also", " learned", " that", " broccoli", " was", " good", " for", " them", " and"], "acts": [0.0, 0.0, 0.0, 0.0, 0.0, 0.0, 0.0, 0.0, 0.0, 0.0, 0.0, 0.0, 0.0, 0.0, 0.0, 0.0, 0.0, 0.0, 0.0, 0.0, 0.0, 0.0, 0.0, 0.6348, 4.867, 0.0, 0.0, 0.0, 0.0, 0.0, 0.0, 0.0, 0.0], "max_pos": 24, "max_act": 4.8672}, {"tokens": [" and", " continued", " to", " play", " in", " her", " garden", ".", " She", " looked", " so", " happy", " as", " it", " made", " her", " feel", " special", " with", " its", " bright", " colours", ".", " She", " also", " felt", " safe", " and", " warm", " too", ".", " \n", "\n"], "acts": [0.0, 0.0, 0.0, 0.0, 0.0, 0.0, 0.0, 0.0, 0.0, 0.0, 1.1816, 0.0, 0.0, 0.0, 0.0, 0.0, 0.0, 0.0, 0.0, 0.0, 0.0, 0.0, 0.0, 0.6755, 4.8632, 0.7279, 0.0, 0.0, 0.0, 0.0, 0.0, 0.0, 0.0], "max_pos": 24, "max_act": 4.8633}, {"tokens": ["sc", "re", "en", " and", " hats", " and", " ran", " to", " the", " water", ".", " They", " had", " so", " much", " fun", " swimming", ",", " splas", "hing", " and", " playing", ".", " They", " also", " threw", " some", " bread", " to", " the", " ducks", " and", " watched"], "acts": [0.0, 1.6475, 0.0, 0.0, 0.0, 0.0, 0.0, 0.0, 0.0, 0.0, 0.0, 0.0, 0.0, 0.0, 0.0, 0.0, 0.0, 0.0, 0.0, 0.0, 0.0, 0.0, 0.0, 0.8876, 4.8496, 0.0, 0.0, 0.0, 0.0, 0.0, 0.0, 0.0, 0.0], "max_pos": 24, "max_act": 4.8477}, {"tokens": [" She", " put", " her", " pretty", " she", "et", " down", ",", " and", " lay", " on", " it", " while", " they", " continued", " to", " look", " at", " the", " flowers", ".", " She", " also", " made", " a", " promise", " to", " never", " forget", " how", " a"], "acts": [1.2725, 0.0, 0.0, 0.0, 0.0, 0.0, 0.0, 0.0, 0.0, 0.0, 0.0, 0.0, 0.0, 0.0, 0.0, 0.0, 0.0, 0.0, 0.0, 0.0, 0.0, 0.7632, 4.8428, 0.0, 0.0, 0.0, 0.0, 0.0, 0.0, 0.0, 0.0], "max_pos": 22, "max_act": 4.8438}, {"tokens": [".", " She", " felt", " the", " warm", " b", "ree", "ze", " and", " the", " fresh", " air", ".", " She", " laughed", " and", " sang", " and", " played", ".", "\n", "\n", "But", " she", " also", " saw", " some", " sad", " things", ".", " She", " saw", " the"], "acts": [0.0, 0.0, 0.0, 0.0, 0.0, 0.0, 0.0, 0.0, 0.0, 0.0, 0.0, 0.0, 0.0, 0.4364, 0.0, 0.0, 0.0, 0.0, 0.0, 0.0, 0.0, 0.0, 0.0, 1.5002, 4.796, 0.0, 0.0, 0.0, 0.0, 0.0, 0.75, 0.0, 0.0], "max_pos": 24, "max_act": 4.7969}, {"tokens": [" in", " the", " sky", ".", " They", " felt", " happy", " and", " free", ".", "\n", "\n", "They", " became", " friends", " and", " flew", " their", " k", "it", "es", " together", ".", " They", " also", " told", " each", " other", " stories", " about", " the", " clouds", " and"], "acts": [0.0, 0.0, 0.0, 0.0, 0.4387, 0.0, 0.0, 1.1402, 0.0, 0.0, 0.0, 0.0, 1.0178, 1.1556, 0.0, 0.0, 0.0, 0.0, 0.0, 0.0, 0.0, 0.0, 0.0, 0.0, 4.7775, 0.0, 0.0, 0.0, 0.0, 0.0, 0.0, 0.0, 0.0], "max_pos": 24, "max_act": 4.7773}]}