{"id": 374, "density": 0.0234765, "max_act": 8.28125, "hist": {"edges": [0.01, 0.0133, 0.0178, 0.0237, 0.0316, 0.0422, 0.0562, 0.075, 0.1, 0.1334, 0.1778, 0.2371, 0.3162, 0.4217, 0.5623, 0.7499, 1.0, 1.3335, 1.7783, 2.3714, 3.1623, 4.217, 5.6234, 7.4989, 10.0, 13.3352, 17.7828, 23.7137, 31.6228, 42.1697, 56.2341, 74.9894, 100.0], "counts": [0, 0, 0, 0, 0, 0, 0, 0, 0, 4, 88, 309, 728, 1852, 4912, 10131, 13346, 13339, 14323, 12562, 10625, 10031, 1616, 40, 0, 0, 0, 0, 0, 0, 0, 0]}, "logit_lens": {"promoted": [[" near", 0.304], ["work", 0.295], [" where", 0.289], [" ben", 0.277], [" nearby", 0.267], ["ho", 0.241], [" patch", 0.236], ["akes", 0.227], [" how", 0.226], [" branch", 0.225]], "suppressed": [[" times", 0.306], ["ark", 0.281], ["im", 0.259], ["a", 0.258], ["ory", 0.254], [" Cl", 0.248], [" dec", 0.247], [" inv", 0.246], ["ince", 0.245], [" top", 0.245]]}, "examples": [{"tokens": ["s", " and", " chick", "ens", ".", " Then", ",", " she", " saw", " a", " big", " field", " with", " small", " plants", ".", " Her", " mom", " told", " her", " that", " it", " was", " a", " field", " of", " oat", "s", ".", " The", " girl", " saw", " that"], "acts": [0.0, 0.0, 3.8627, 0.0, 0.0, 0.0, 0.5656, 0.0, 0.0, 0.0, 0.0, 7.7733, 0.0, 0.0, 3.6811, 0.0, 0.0, 0.0, 0.0, 0.0, 0.0, 0.0, 0.0, 0.0, 8.2849, 0.7959, 0.0, 0.0, 0.0, 0.0, 0.0, 0.0, 0.0], "max_pos": 24, "max_act": 8.2812}, {"tokens": [" ate", " them", ".", "\n", "\n", "The", " friends", " explored", " further", " down", " the", " tra", "il", " and", " saw", " a", " field", " full", " of", " wild", "f", "l", "ow", "ers", "."], "acts": [0.0, 0.0, 0.0, 0.0, 0.0, 0.0, 0.0, 0.0, 0.0, 0.0, 0.0, 0.0, 2.6055, 0.0, 0.0, 0.0, 8.2154, 0.0, 0.0, 0.0, 0.0, 1.3576, 0.0, 0.0, 0.0], "max_pos": 16, "max_act": 8.2188}, {"tokens": [" a", " big", " farm", " with", " lots", " of", " animals", ".", " He", " had", " cows", ",", " pig", "s", ",", " and", " chick", "ens", ".", " Jack", " also", " had", " a", " big", " field", " where", " he", " grew", " corn", " and", " wheat", ".", "\n"], "acts": [0.0, 0.0, 5.6676, 0.0, 0.0, 0.0, 0.9505, 0.0, 0.0, 0.0, 1.2632, 0.0, 1.3584, 0.0, 0.0, 0.0, 4.0968, 0.0, 0.0, 0.0, 0.0, 0.0, 0.0, 0.0, 8.2089, 0.0, 0.0, 0.0, 3.6743, 0.0, 3.7369, 0.0, 0.0], "max_pos": 24, "max_act": 8.2109}, {"tokens": [" to", " write", " it", ".", "\n", "\n", "Tom", " was", " a", " farmer", " who", " had", " a", " big", " field", " of", " corn", ".", " He", " liked", " to", " cut", " the"], "acts": [0.0, 0.0, 0.0, 0.0, 0.0, 0.0, 0.0, 0.0, 0.0, 1.3805, 0.0, 0.0, 0.0, 0.0, 8.0916, 0.0, 4.3789, 0.0, 0.0, 0.0, 0.0, 0.0, 0.0], "max_pos": 14, "max_act": 8.0938}, {"tokens": [" trick", " and", " could", " ride", " home", " safely", ".", "<|endoftext|>", "Once", " upon", " a", " time", ",", " there", " was", " a", " farmer", " who", " had", " a", " big", " field", " of", " corn", ".", " The", " corn", " was", " very", " tall"], "acts": [0.0, 0.0, 0.0, 0.0, 0.0, 0.0, 0.0, 0.0, 0.0, 0.0, 0.0, 0.0, 0.0, 0.0, 0.0, 0.0, 1.6856, 0.0, 0.0, 0.0, 0.0, 7.9788, 0.0, 4.1435, 0.0, 0.0, 3.8995, 0.0, 0.0, 1.7549], "max_pos": 21, "max_act": 7.9805}, {"tokens": [".", " It", " was", " filled", " with", " beautiful", " flowers", ",", " rolling", " hill", "s", " and", " trees", ".", " The", " family", " was", " very", " obedient", " and", " took", " care", " of", " their", " field", " every", "day", ".", " \n", "\n", "One", " day", ","], "acts": [0.0, 0.0, 0.0, 0.0, 0.0, 0.0, 2.6696, 0.0, 0.0, 3.2613, 0.0, 0.0, 3.915, 0.0, 0.0, 0.0, 0.0, 0.0, 0.0, 0.0, 0.0, 0.0, 0.0, 0.0, 7.8962, 0.0, 0.0, 0.0, 0.0, 0.0, 0.0, 0.0, 0.0], "max_pos": 24, "max_act": 7.8945}, {"tokens": [" One", " day", ",", " they", " saw", " a", " big", " field", " of", " d", "a", "is", "ies", ".", " They", " ran"], "acts": [0.0, 0.0, 0.0, 0.0, 0.0, 0.0, 0.0, 7.8844, 0.0, 1.2337, 0.0, 0.0, 0.0, 0.0, 0.0, 0.0], "max_pos": 7, "max_act": 7.8828}, {"tokens": [" his", " friend", ".", "\n", "\n", "One", " day", ",", " he", " came", " to", " a", " big", " field", " full", " of", " flowers", ".", " He", " loved", " the", " way"], "acts": [0.0, 0.0, 0.0, 0.0, 0.0, 0.0, 0.0, 0.0, 0.0, 0.0, 0.0, 0.0, 0.0, 7.8749, 0.0, 0.0, 3.1897, 0.0, 0.0, 0.0, 0.0, 0.0], "max_pos": 13, "max_act": 7.875}, {"tokens": [".", " She", " saw", " a", " big", " field", ".", " She", " couldn", "'t", " figure", " out", " what", " was"], "acts": [0.0, 0.0, 0.0, 0.0, 0.0, 7.8397, 0.0, 0.0, 0.0, 0.0, 0.0, 0.0, 0.0, 0.0], "max_pos": 5, "max_act": 7.8398}, {"tokens": [" to", " play", " in", " the", " field", " near", " their", " house", ".", " The", " field", " has", " many", " flowers", " and", " butterflies", ".", " Anna", " and"], "acts": [0.0, 0.0, 0.0, 0.0, 6.8578, 0.0, 0.0, 3.2462, 0.0, 0.0, 7.8376, 0.0, 0.0, 2.4394, 0.0, 0.0, 0.0, 0.0, 0.0], "max_pos": 10, "max_act": 7.8359}, {"tokens": [",", " Tommy", " saw", " a", " big", " ber", "ry", " bush", ".", " He", " was", " so", " excited", "!", " He", " wanted"], "acts": [0.0, 0.0, 0.0, 0.0, 0.0, 4.8324, 0.0, 7.8315, 0.0, 0.0, 0.0, 0.0, 0.0, 0.0, 0.0, 0.0], "max_pos": 7, "max_act": 7.832}, {"tokens": [".\"", "\n", "\n", "When", " they", " arrived", " at", " their", " dest", "ination", ",", " Lily", " helped", " her", " daddy", " unpack", " the", " car", ".", " She", " saw", " a", " big", " green", " field", " and", " said", ",", " \"", "Look", ",", " Daddy", "!"], "acts": [0.0, 0.0, 0.0, 0.0, 0.0, 0.0, 0.0, 0.0, 0.0, 0.0, 0.0, 0.0, 0.0, 0.0, 0.0, 0.0, 0.0, 0.0, 0.0, 0.0, 0.0, 0.0, 0.0, 3.0933, 7.8256, 0.0, 0.0, 0.0, 0.0, 0.0, 0.0, 0.0, 0.0], "max_pos": 24, "max_act": 7.8242}]}