{"id": 377, "density": 0.014425, "max_act": 8.8671875, "hist": {"edges": [0.01, 0.0133, 0.0178, 0.0237, 0.0316, 0.0422, 0.0562, 0.075, 0.1, 0.1334, 0.1778, 0.2371, 0.3162, 0.4217, 0.5623, 0.7499, 1.0, 1.3335, 1.7783, 2.3714, 3.1623, 4.217, 5.6234, 7.4989, 10.0, 13.3352, 17.7828, 23.7137, 31.6228, 42.1697, 56.2341, 74.9894, 100.0], "counts": [0, 0, 0, 0, 0, 0, 0, 0, 0, 0, 1, 68, 658, 2609, 5519, 9407, 12324, 10576, 7859, 5132, 2555, 817, 115, 60, 0, 0, 0, 0, 0, 0, 0, 0]}, "logit_lens": {"promoted": [["hes", 0.577], ["her", 0.535], ["ions", 0.398], ["p", 0.392], ["w", 0.388], ["port", 0.348], ["it", 0.347], ["work", 0.343], ["hed", 0.325], ["on", 0.317]], "suppressed": [["e", 0.347], [" away", 0.271], [" face", 0.254], [" how", 0.247], [" noise", 0.234], [" up", 0.234], ["uck", 0.229], [" why", 0.224], ["\n", 0.217], ["ly", 0.215]]}, "examples": [{"tokens": [" was", " a", " big", " dish", "w", "as", "her", " that", " lived", " in", " the", " kitchen", ".", " It"], "acts": [0.0, 0.0, 0.0, 5.8428, 0.0, 8.865, 0.0, 0.0, 0.0, 0.0, 0.0, 0.0, 0.0, 0.0], "max_pos": 5, "max_act": 8.8672}, {"tokens": [" harmless", " and", " easy", " to", " use", ".", " From", " then", " on", ",", " the", " family", " decided", " to", " wash", " their", " dis", "hes", " and", " things", " in", " the", " dish", "w", "as", "her", " every", " day", ".", " And", " they", " all", " lived"], "acts": [0.0, 0.0, 0.0, 0.0, 1.0248, 0.0, 0.0, 0.0, 0.0, 0.0, 0.0, 0.0, 0.0, 0.0, 0.0, 0.0, 5.0347, 0.0, 0.0, 0.5393, 0.0, 0.0, 4.8727, 0.0, 8.0937, 0.0, 0.0, 0.0, 0.0, 0.0, 0.0, 0.0, 0.0], "max_pos": 24, "max_act": 8.0938}, {"tokens": [" Lily", "'s", " mommy", " asked", " her", " to", " perform", " a", " special", " task", ".", " She", " had", " to", " put", " all", " the", " dirty", " dis", "hes", " in", " the", " dish", "w", "as", "her", ".", " Lily", " was", " very", " happy", " to", " help"], "acts": [0.0, 0.0, 0.0, 0.0, 0.0, 0.0, 0.0, 0.0, 0.0, 1.2725, 0.0, 0.0, 0.0, 0.0, 0.0, 0.0, 0.0, 0.0, 4.7427, 0.0, 0.0, 0.0, 4.4026, 0.0, 8.0727, 0.0, 0.0, 0.0, 0.0, 0.0, 0.0, 0.0, 0.0], "max_pos": 24, "max_act": 8.0703}, {"tokens": [" help", " me", " with", " the", " dish", "w", "as", "her", "?\"", "\n", "\n", "Dad", "dy", " came", " right", " away", " and", " helped", " her", " lift", " the", " big", " dish", "w", "as", "her", ".", " It", " was", " strong", " and", " heavy", "."], "acts": [0.0, 0.0, 0.0, 0.0, 4.8948, 0.0, 7.5875, 0.0, 0.0, 0.0, 0.0, 0.0, 0.0, 0.0, 0.0, 0.0, 0.0, 0.0, 0.0, 0.0, 0.0, 0.0, 3.8689, 0.0, 8.0666, 0.0, 0.0, 0.0, 0.0, 0.0, 0.0, 0.0, 0.0], "max_pos": 24, "max_act": 8.0703}, {"tokens": [" up", " the", " broken", " dish", ".", " From", " that", " day", " on", ",", " Timmy", " was", " more", " careful", " when", " put", "ting", " the", " dis", "hes", " in", " the", " dish", "w", "as", "her", ".", "<|endoftext|>", "Once", " upon", " a", " time", ","], "acts": [0.0, 0.0, 0.0, 3.9629, 0.0, 0.0, 0.0, 0.0, 0.6136, 0.0, 0.0, 0.0, 0.0, 0.0, 0.0, 0.0, 0.0, 0.0, 4.9736, 0.0, 0.0, 0.0, 4.5019, 0.0, 7.974, 0.0, 0.0, 0.0, 0.0, 0.0, 0.0, 0.0, 0.0], "max_pos": 24, "max_act": 7.9727}, {"tokens": [" and", " clapped", " their", " hands", " in", " enthus", "i", "as", "m", ".", "\n", "\n", "Finally", ",", " they", " looked"], "acts": [0.0, 0.0, 0.0, 0.0, 0.0, 0.0, 0.0, 7.9682, 0.0, 0.0, 0.0, 0.0, 0.0, 0.0, 0.0, 0.0], "max_pos": 7, "max_act": 7.9688}, {"tokens": [" and", " gave", " her", " a", " big", " hug", ".", " From", " that", " day", " on", ",", " Lily", " liked", " helping", " with", " the", " dis", "hes", " and", " using", " the", " dish", "w", "as", "her", ".", "<|endoftext|>"], "acts": [0.0, 0.0, 0.0, 0.0, 0.0, 0.0, 0.0, 0.0, 0.0, 0.0, 0.411, 0.0, 0.0, 0.0, 0.0, 0.0, 0.0, 5.0646, 0.0, 0.0, 0.0, 0.0, 3.6742, 0.0, 7.9653, 0.0, 0.0, 0.0], "max_pos": 24, "max_act": 7.9648}, {"tokens": [" Mia", ",", " let", " me", " help", " you", " to", " open", " the", " dish", "w", "as", "her", ".\"", "\n", "\n", "To", "gether", " they", " opened", " the", " mysterious", " dish", "w", "as", "her", " and", " Mia", "'s", " mom", " put", " all", " the"], "acts": [0.0, 0.0, 0.0, 0.0, 0.0, 0.0, 0.0, 0.0, 0.0, 4.5291, 0.0, 7.6736, 0.0, 0.0, 0.0, 0.0, 0.0, 0.0, 0.0, 0.0, 0.0, 0.0, 4.1438, 0.0, 7.9562, 0.0, 0.0, 0.0, 0.0, 0.0, 0.0, 0.0, 0.0], "max_pos": 24, "max_act": 7.957}, {"tokens": ["'re", " just", " glad", " we", "'re", " safe", ",\"", " her", " mommy", " replied", ".", " \n", "\n", "From", " that", " day", " on", ",", " they", " never", " used", " the", " dish", "w", "as", "her", " again", ".", " They", " washed", " their", " dis", "hes"], "acts": [0.0, 0.0, 0.0, 0.0, 0.0, 0.0, 0.0, 0.0, 0.0, 0.0, 0.0, 0.0, 0.0, 0.0, 0.0, 0.0, 0.0, 0.0, 0.0, 0.0, 0.0, 0.0, 4.4919, 0.0, 7.9545, 0.0, 0.0, 0.0, 0.0, 0.0, 0.0, 4.7706, 0.0], "max_pos": 24, "max_act": 7.9531}, {"tokens": [" She", " was", " so", " happy", ".", " No", " more", " was", "hing", " dis", "hes", " by", " hand", "!", " From", " now", " on", ",", " Mama", " would", " use", " the", " dish", "w", "as", "her", " to", " keep", " her", " dis", "hes", " clean", " and"], "acts": [0.0, 0.0, 0.0, 0.0, 0.0, 0.0, 0.0, 0.0, 0.0, 3.7492, 0.0, 0.0, 0.0, 0.0, 0.0, 0.0, 0.0, 0.0, 0.0, 0.0, 0.0, 0.0, 3.7333, 0.0, 7.9495, 0.0, 0.0, 0.0, 0.0, 4.1536, 0.0, 0.0, 0.0], "max_pos": 24, "max_act": 7.9492}, {"tokens": [" help", " her", " mommy", " with", " the", " dish", "w", "as", "her", ".", " Every", " day", ",", " she", " would", " put", " the", " small", " dis", "hes", " in", " the", " dish", "w", "as", "her", " and", " pre", "ss", " the", " button", " to", " make"], "acts": [0.0, 0.0, 0.0, 0.0, 0.5801, 4.6228, 0.0, 7.8353, 0.0, 0.0, 0.0, 0.0, 0.0, 0.0, 0.0, 0.0, 0.0, 0.0, 4.7421, 0.0, 0.0, 0.0, 4.2593, 0.0, 7.9346, 0.0, 0.0, 0.0, 0.0, 0.0, 0.0, 0.0, 0.0], "max_pos": 24, "max_act": 7.9336}, {"tokens": [" and", " she", " quickly", " put", " all", " the", " dis", "hes", " inside", ".", "\n", "\n", "After", " a", " while", ",", " Lily", "'s", " mom", " noticed", " that", " the", " dish", "w", "as", "her", " was", " not", " working", ".", " She", " tried", " to"], "acts": [0.0, 0.0, 0.0, 0.0, 0.0, 0.0, 4.549, 0.0, 0.0, 0.0, 0.0, 0.0, 0.0, 0.0, 0.0, 0.0, 0.0, 0.0, 0.0, 0.0, 0.0, 0.0, 4.8367, 0.0, 7.9, 0.0, 0.0, 0.0, 0.0, 0.0, 0.0, 0.0, 0.0], "max_pos": 24, "max_act": 7.8984}]}