{"id": 386, "density": 0.0339935, "max_act": 4.7890625, "hist": {"edges": [0.01, 0.0133, 0.0178, 0.0237, 0.0316, 0.0422, 0.0562, 0.075, 0.1, 0.1334, 0.1778, 0.2371, 0.3162, 0.4217, 0.5623, 0.7499, 1.0, 1.3335, 1.7783, 2.3714, 3.1623, 4.217, 5.6234, 7.4989, 10.0, 13.3352, 17.7828, 23.7137, 31.6228, 42.1697, 56.2341, 74.9894, 100.0], "counts": [0, 0, 0, 0, 0, 0, 0, 0, 0, 3, 101, 388, 2874, 12651, 25516, 30234, 26183, 19173, 11955, 5575, 1293, 28, 0, 0, 0, 0, 0, 0, 0, 0, 0, 0]}, "logit_lens": {"promoted": [[" mom", 0.274], [" Dave", 0.265], [" Their", 0.264], ["s", 0.247], [" Lily", 0.247], [" Mia", 0.224], [" Mom", 0.223], [" Mommy", 0.221], ["'m", 0.213], [" around", 0.213]], "suppressed": [[" true", 0.312], ["amp", 0.285], ["ri", 0.277], [" clos", 0.272], [".", 0.26], [" badly", 0.247], [" sol", 0.24], [" further", 0.236], ["room", 0.23], [" again", 0.228]]}, "examples": [{"tokens": [" to", " brush", " their", " teeth", " with", " water", ".", " They", " sne", "ak", " out", " of", " their", " room", " and", " go", " to", " the", " living", " room", ".", "\n", "\n", "They", " find", " their", " mom", " and", " dad", " watching", " TV", ".", " They"], "acts": [0.0, 0.0, 0.0, 0.0, 0.0, 0.0, 0.0, 0.0, 2.6419, 0.0, 0.0, 0.6352, 0.0, 0.0, 0.0, 0.0, 0.0, 0.0, 0.0, 0.0, 0.0, 0.0, 0.0, 0.0, 4.7885, 0.0, 0.0, 0.0, 0.0, 0.0, 0.0, 0.0, 0.0], "max_pos": 24, "max_act": 4.7891}, {"tokens": [" In", " the", " hole", "!", " Please", " get", " us", " out", "!\"", "\n", "\n", "Mom", " sees", " their", " faces", ".", " They", " are", " dirty", " and", " scared", ".", " She", " re", "aches", " for", " them", ".", " She", " pulls", " them", " out", "."], "acts": [0.0, 0.0, 0.0, 0.0, 0.0, 0.0, 0.0, 0.0, 0.0, 0.0, 0.0, 0.0, 3.0479, 0.0, 0.0, 0.0, 0.0, 0.0, 0.0, 0.0, 0.0, 0.0, 0.0, 0.0, 4.7489, 1.7635, 0.0, 0.0, 0.0, 2.7813, 0.0, 0.0, 0.0], "max_pos": 24, "max_act": 4.75}, {"tokens": [" has", " to", " be", " nice", " and", " share", ".\"", "\n", "\n", "They", " find", " a", " small", " table", " and", " some", " cup", "s", " and"], "acts": [0.0, 0.0, 0.0, 0.0, 0.0, 0.0, 0.0, 0.0, 0.0, 0.0, 4.7211, 0.0, 0.0, 0.0, 1.0891, 2.2319, 0.0, 0.0, 0.0], "max_pos": 10, "max_act": 4.7227}, {"tokens": [" his", " knee", ".", "\n", "\n", "\"", "Ow", "!", " O", "w", "!", " O", "w", "!\"", " He", " cries", ".", "\n", "\n", "Sara", " hears", " him", ".", " She", " looks", " down", " and", " sees", " him", ".", " She", " also", " sees"], "acts": [0.0, 0.0, 0.0, 0.0, 0.0, 0.0, 0.0, 0.0, 0.0, 0.0, 0.0, 0.0, 0.0, 0.0, 0.0, 0.0, 0.0, 0.0, 0.0, 0.0, 2.1749, 0.0, 0.0, 0.0, 4.4973, 1.4504, 0.0, 2.2349, 0.0, 0.0, 0.0, 1.5072, 3.1816], "max_pos": 24, "max_act": 4.4961}, {"tokens": [" He", " is", " angry", ".", " He", " how", "l", "s", " and", " scrat", "ches", " the", " door", ".", "\n", "\n", "Tim", " and", " Sam", " have", " an", " idea", ".", " They", " find", " some", " paper", " and", " crayons", ".", " They", " draw", " a"], "acts": [0.0, 0.0, 0.0, 0.0, 0.0, 1.6684, 0.0, 0.0, 0.0, 0.0, 0.0, 0.0, 0.0, 0.0, 0.0, 0.0, 0.0, 0.0, 0.0, 0.5732, 0.0, 0.0, 0.0, 0.0, 4.4927, 1.828, 0.0, 0.0, 0.0, 0.0, 0.0, 1.8375, 0.0], "max_pos": 24, "max_act": 4.4922}, {"tokens": [" fell", " off", " the", " stove", " and", " spilled", " soup", " on", " the", " floor", ".", "\n", "\n", "Mom", " heard", " the", " noise", " and", " ran", " to", " the", " kitchen", ".", " She", " saw", " the", " mess", " and", " was", " angry", ".", " She", " asked"], "acts": [0.0, 0.0, 0.0, 0.0, 0.0, 0.0, 0.0, 0.0, 0.0, 0.0, 0.0, 0.0, 0.0, 0.0, 3.3649, 0.0, 0.0, 0.0, 1.4532, 2.4734, 0.0, 0.0, 0.0, 0.0, 4.4908, 0.9055, 0.0, 0.0, 0.0, 0.0, 0.6929, 0.7037, 2.2829], "max_pos": 24, "max_act": 4.4922}, {"tokens": [" Dad", " do", " not", " like", " the", " smell", " either", ".", " They", " say", " sorry", " and", " look", " for", " the", " sour", "ce", " of", " the", " smell", ".", "\n", "\n", "They", " find", " it", " in", " the", " kitchen", ".", " It", " is", " a"], "acts": [0.0, 0.9662, 0.0, 0.0, 0.0, 0.0, 0.0, 0.0, 0.0, 0.0, 0.0, 0.0, 1.9543, 0.736, 0.0, 0.0, 0.0, 0.0, 0.0, 0.0, 0.0, 0.0, 0.0, 0.0, 4.484, 0.0, 0.0, 0.0, 0.0, 0.0, 0.0, 0.0, 0.0], "max_pos": 24, "max_act": 4.4844}, {"tokens": [" said", " we", " have", " to", " wait", " until", " they", " tell", " us", ".", " We", " have", " to", " trust", " them", ".\"", "\n", "\n", "They", " sne", "ak", " up", "stairs", " and", " find", " the", " large", " box", " in", " their", " room", ".", " It"], "acts": [0.0, 0.0, 0.0, 0.0, 0.0, 0.0, 0.0, 0.0, 0.0, 0.0, 0.0, 1.2699, 0.0, 0.0, 0.0, 0.0, 0.0, 0.0, 0.0, 3.4201, 0.0, 0.0, 0.0, 0.0, 4.4796, 0.0, 0.0, 0.0, 0.0, 0.0, 0.0, 0.0, 0.4918], "max_pos": 24, "max_act": 4.4805}, {"tokens": [" it", ".", "\n", "\n", "They", " feel", " sad", ".", " They", " want", " to", " see", " the", " water", ".", "\n", "\n", "Then", " they", " have", " an", " idea", ".", " They", " find", " a", " big", " rock", " and", " dra", "g", " it", " to"], "acts": [0.0, 0.0, 0.0, 0.0, 0.0, 2.3542, 0.0, 0.0, 0.6111, 1.3638, 0.0, 0.0, 0.0, 0.0, 0.0, 0.0, 0.0, 0.0, 0.0, 1.5974, 0.0, 0.0, 0.0, 0.0, 4.478, 0.0, 0.0, 0.0, 0.0, 0.0, 0.0, 0.0, 0.0], "max_pos": 24, "max_act": 4.4766}, {"tokens": [" Max", "?", " Sara", " loves", " Max", " and", " does", " not", " want", " him", " to", " be", " sad", " or", " scared", ".", "\n", "\n", "She", " goes", " to", " her", " room", " and", " find", "s", " Max", " on", " her", " bed", ".", " She", " hugs"], "acts": [0.0, 0.0, 0.0, 0.0, 0.0, 0.0, 0.0, 0.0, 0.0, 0.0, 0.0, 0.0, 0.0, 0.0, 0.0, 0.0, 0.0, 0.0, 0.0, 0.0, 1.9226, 0.7133, 0.0, 0.0, 4.4754, 3.9886, 0.0, 0.0, 0.0, 0.0, 0.0, 0.0, 1.0531], "max_pos": 24, "max_act": 4.4766}, {"tokens": [" How", " can", " I", " get", " out", "?\"", " Lily", " says", ".", " She", " is", " sad", ".", "\n", "\n", "Ben", " thinks", ".", " He", " has", " an", " idea", ".", " He", " find", "s", " a", " rope", ".", " The", " rope", " is", " long"], "acts": [0.0, 0.0, 0.0, 0.0, 0.0, 0.0, 0.0, 0.0, 0.0, 0.0, 0.5264, 0.0, 0.0, 0.0, 0.0, 0.0, 0.0, 0.0, 0.0, 2.4327, 0.0, 0.0, 0.0, 0.0, 4.4323, 4.0927, 0.0, 0.0, 0.0, 0.0, 0.0, 0.0, 0.0], "max_pos": 24, "max_act": 4.4336}, {"tokens": [" break", "s", ".", " It", " makes", " a", " loud", " noise", ".", "\n", "\n", "The", " other", " mom", " hears", " the", " noise", ".", " She", " looks", " at", " Anna", ".", " She", " looks", " at", " the", " trophy", ".", " She", " looks", " at", " Anna"], "acts": [0.0, 0.0, 0.0, 0.0, 0.9352, 0.0, 0.0, 0.0, 0.0, 0.0, 0.0, 0.0, 0.0, 0.0, 1.7557, 0.0, 0.0, 0.0, 0.0, 4.3071, 2.4672, 0.0, 0.0, 0.0, 4.4227, 2.6729, 0.0, 0.0, 0.0, 0.0, 4.0665, 2.2814, 0.0], "max_pos": 24, "max_act": 4.4219}]}