{"id": 396, "density": 0.02177025, "max_act": 3.771484375, "hist": {"edges": [0.01, 0.0133, 0.0178, 0.0237, 0.0316, 0.0422, 0.0562, 0.075, 0.1, 0.1334, 0.1778, 0.2371, 0.3162, 0.4217, 0.5623, 0.7499, 1.0, 1.3335, 1.7783, 2.3714, 3.1623, 4.217, 5.6234, 7.4989, 10.0, 13.3352, 17.7828, 23.7137, 31.6228, 42.1697, 56.2341, 74.9894, 100.0], "counts": [0, 0, 0, 0, 0, 0, 0, 0, 0, 0, 6, 249, 3009, 12662, 22782, 21139, 13197, 6820, 4962, 2182, 73, 0, 0, 0, 0, 0, 0, 0, 0, 0, 0, 0]}, "logit_lens": {"promoted": [["'s", 0.264], [" became", 0.252], [" else", 0.249], [" felt", 0.232], [" started", 0.229], [" soon", 0.221], [" told", 0.217], [" began", 0.204], ["re", 0.2], [" laugh", 0.198]], "suppressed": [["ope", 0.251], [" here", 0.248], [" anything", 0.247], [" yourself", 0.247], ["dy", 0.236], ["ke", 0.233], [" mess", 0.23], [" searching", 0.225], ["erly", 0.225], [" table", 0.222]]}, "examples": [{"tokens": [" him", " and", " Timmy", " fell", " down", ".", " His", " friends", " tried", " to", " help", " him", ",", " but", " it", " was", " too", " late", ".", " Timmy", " was", " hurt", " badly", " and", " he", " had", " to", " go", " to", " the", " hospital", ".", "\n"], "acts": [0.0, 0.0, 1.5636, 0.0, 0.0, 0.0, 0.0, 1.5871, 0.0, 0.0, 0.0, 0.0, 0.0, 0.0, 0.0, 0.0, 0.0, 0.0, 0.0, 2.1962, 0.0, 0.0, 0.0, 1.5034, 3.7705, 0.0, 0.0, 0.0, 0.0, 0.0, 0.0, 0.0, 0.0], "max_pos": 24, "max_act": 3.7715}, {"tokens": [" Lily", "'s", " friends", " laughed", " at", " her", " and", " she", " felt", " embarrassed", ".", "\n", "\n", "That", " night", ","], "acts": [0.0, 0.0, 1.0511, 0.0, 0.0, 0.0, 0.0, 3.742, 0.0, 0.0, 0.0, 0.0, 0.0, 0.0, 0.0, 0.0], "max_pos": 7, "max_act": 3.7422}, {"tokens": [" so", " happy", " that", " she", " had", " recogn", "ized", " her", " new", " friend", ",", " the", " lion", ".", " They", " ran", ",", " jumped", ",", " and", " laughed", " all", " day", " and", " she", " felt", " so", " lucky", " to", " have", " such", " a", " great"], "acts": [0.0, 0.0, 0.0, 0.7218, 0.0, 0.0, 0.0, 0.0, 0.0, 0.0, 0.0, 0.0, 0.0, 0.0, 0.0, 0.0, 0.0, 0.0, 0.0, 0.0, 0.0, 0.0, 0.0, 0.0, 3.6131, 0.0, 0.0, 0.0, 0.0, 0.0, 0.0, 0.0, 0.0], "max_pos": 24, "max_act": 3.6133}, {"tokens": [" day", ",", " they", " were", " playing", " a", " game", " of", " follow", " the", " lead", "er", ".", " Lily", " was", " very", " good", " at", " the", " game", " and", " she", " got", " to", " lead", " her", " friends", " around", ".", "\n"], "acts": [0.0, 0.0, 0.0, 0.0, 0.0, 0.0, 0.0, 0.0, 0.0, 0.0, 0.0, 0.0, 0.0, 1.0756, 0.0, 0.0, 0.0, 0.0, 0.0, 0.0, 1.2554, 3.6086, 0.0, 0.0, 0.0, 0.0, 0.0, 0.0, 0.0, 0.0], "max_pos": 21, "max_act": 3.6094}, {"tokens": [" it", " out", " of", " the", " mud", ".", " Timmy", " thanked", " them", " and", " they", " all", " played", " together", ".", " The", " gloomy", " feeling", " Timmy", " had", " before", " was", " gone", " and", " he", " had", " a", " great", " day", " with", " his", " friends", "."], "acts": [0.0, 0.0, 0.0, 0.0, 0.0, 0.0, 1.2414, 0.0, 0.0, 0.0, 2.9013, 0.0, 0.0, 0.0, 0.0, 0.0, 0.0, 0.0, 2.2126, 0.0, 0.0, 0.0, 0.0, 0.0, 3.6076, 0.0, 0.0, 0.0, 0.0, 0.0, 0.0, 0.7429, 0.0], "max_pos": 24, "max_act": 3.6074}, {"tokens": [" home", " and", " began", " to", " cry", ".", " Tim", "'s", " fun", " day", " had", " a", " bad", " ending", " because", " he", " couldn", "'t", " play", " with", " the", " dog", " anymore", " and", " he", " was", " lost", ".", "<|endoftext|>", "One", " day", ",", " a"], "acts": [0.0, 1.2374, 0.0, 0.0, 0.0, 0.0, 1.4243, 0.0, 0.0, 0.0, 0.0, 0.0, 0.0, 0.0, 0.0, 1.0374, 0.0, 0.0, 0.0, 0.0, 0.0, 0.0, 0.0, 1.1578, 3.5527, 0.6828, 0.0, 0.0, 0.0, 0.0, 0.0, 0.0, 0.0], "max_pos": 24, "max_act": 3.5527}, {"tokens": [" says", " yes", " and", " he", " smiles", ".", " He", " picks", " up", " the", " ball", " and", " they", " go", " outside", ".", " They", " have", " fun", " and", " they"], "acts": [0.0, 0.0, 0.0, 2.5311, 0.0, 0.0, 0.0, 0.0, 0.0, 0.0, 0.0, 0.0, 3.5469, 0.0, 0.0, 0.0, 0.8395, 0.0, 0.0, 0.0, 2.3232], "max_pos": 12, "max_act": 3.5469}, {"tokens": [" friends", " and", " they", " were", " amazed", ".", " It", " wasn", "'t", " enough", " to"], "acts": [0.0, 1.194, 3.5402, 1.0189, 0.0, 0.0, 0.0, 0.0, 0.0, 0.0, 0.0], "max_pos": 2, "max_act": 3.541}, {"tokens": [" mean", " to", " do", " it", ".\"", " But", " her", " friend", " was", " still", " angry", " and", " left", " without", " saying", " goodbye", ".", " Lily", " was", " left", " alone", " with", " Mittens", " and", " she", " hugged", " her", " tightly", ".", " \"", "I", " still", " love"], "acts": [0.0, 0.0, 0.0, 0.0, 0.0, 0.0, 0.0, 0.0, 0.0, 0.0, 0.0, 0.0, 0.0, 0.0, 0.0, 0.0, 0.0, 1.1033, 0.0, 0.0, 0.0, 0.0, 0.0, 0.0, 3.5291, 0.0, 0.0, 0.0, 0.0, 0.0, 0.0, 0.0, 0.0], "max_pos": 24, "max_act": 3.5293}, {"tokens": [",", " \"", "St", "ra", "w", "ber", "ry", ",", " please", ".\"", " \n", "\n", "The", " driver", " handed", " her", " a", " delicious", " strawber", "ry", " ice", " cream", " cone", " and", " she", " smiled", " with", " delight", ".", " She", " licked", " away", " and"], "acts": [0.0, 0.0, 0.0, 0.0, 0.0, 0.0, 0.0, 0.0, 0.0, 0.0, 0.0, 0.0, 0.0, 0.0, 0.0, 0.0, 0.0, 0.0, 0.0, 0.0, 0.0, 0.0, 0.0, 0.0, 3.5194, 0.0, 0.0, 0.0, 0.0, 0.6073, 0.0, 0.0, 0.0], "max_pos": 24, "max_act": 3.5195}, {"tokens": [" family", " went", " on", " fun", " adventures", " and", " she", " smiled", " in", " delight", ".", " Sally", " was", " especially", " thr"], "acts": [0.0, 0.0, 0.0, 0.0, 0.0, 0.0, 3.5033, 0.0, 0.0, 0.0, 0.0, 0.0, 0.0, 0.0, 0.0], "max_pos": 6, "max_act": 3.5039}, {"tokens": [" Spot", ".", " Spot", " was", " a", " very", " naughty", " puppy", " and", " he", " kept", " chasing", " the", " birds", " in", " the", " park", "."], "acts": [0.0, 0.0, 0.0, 0.0, 0.0, 0.0, 0.0, 0.0, 2.1904, 3.4921, 0.0, 0.0, 0.0, 0.0, 0.0, 0.0, 0.0, 0.0], "max_pos": 9, "max_act": 3.4922}]}