{"id": 41, "density": 0.011745, "max_act": 6.69921875, "hist": {"edges": [0.01, 0.0133, 0.0178, 0.0237, 0.0316, 0.0422, 0.0562, 0.075, 0.1, 0.1334, 0.1778, 0.2371, 0.3162, 0.4217, 0.5623, 0.7499, 1.0, 1.3335, 1.7783, 2.3714, 3.1623, 4.217, 5.6234, 7.4989, 10.0, 13.3352, 17.7828, 23.7137, 31.6228, 42.1697, 56.2341, 74.9894, 100.0], "counts": [0, 0, 0, 0, 0, 0, 0, 0, 0, 6, 124, 757, 1887, 4417, 10472, 12537, 10466, 2987, 1251, 794, 213, 441, 628, 0, 0, 0, 0, 0, 0, 0, 0, 0]}, "logit_lens": {"promoted": [[":", 0.353], [" child", 0.329], ["illed", 0.301], [" boy", 0.288], [" daughter", 0.287], [" girl", 0.285], [" sister", 0.27], ["amed", 0.256], [" sweetie", 0.254], [" hug", 0.252]], "suppressed": [[" in", 0.278], [" under", 0.275], [" somewhere", 0.246], [" owner", 0.234], [" shoot", 0.231], [" soon", 0.226], [" around", 0.224], [" To", 0.222], [" near", 0.22], [" R", 0.217]]}, "examples": [{"tokens": [" She", " laughed", " and", " smiled", " as", " she", " watched", " the", " o", "il", " move", ".", "<|endoftext|>", "And", "y", " was", " an", " in", "qu", "is", "it", "ive", " 3", " year", " old", " boy", ".", " He", " was", " always", " very", " curious", " about"], "acts": [0.0, 0.0, 0.0, 0.0, 0.0, 0.0, 0.0, 0.0, 0.0, 0.0, 0.0, 0.0, 0.0, 0.0, 1.2555, 0.0, 0.0, 0.0, 0.0, 0.0, 0.0, 0.0, 0.9745, 1.6241, 6.7006, 2.7693, 0.5447, 1.4376, 0.0, 0.0, 0.0, 0.0, 0.0], "max_pos": 24, "max_act": 6.6992}, {"tokens": [" a", " time", " there", " was", " a", " boy", " named", " St", "e", "ve", ".", " He", " was", " only", " 3", " years", " old", ".", " St", "e", "ve", " was", " visit", "ing", " a"], "acts": [0.0, 0.0, 0.0, 0.0, 0.0, 0.0, 0.0, 0.0, 0.0, 0.0, 0.3877, 1.1086, 0.0, 0.0, 0.0, 0.0, 6.4513, 0.4915, 0.0, 0.0, 0.7503, 0.0, 0.0, 0.0, 0.0], "max_pos": 16, "max_act": 6.4531}, {"tokens": [" the", " air", ",", " and", " twirl", " around", " like", " she", " was", " dancing", ".", " \n", "\n", "One", " day", ",", " a", " little", " boy", " who", " was", " only", " three", " years", " old", " noticed", " the", " woman", " and", " started", " laughing", " at", " her"], "acts": [0.0, 0.0, 0.0, 0.0, 0.0, 0.0, 0.0, 0.0, 0.0, 0.0, 0.0, 0.0, 0.0, 0.0, 0.0, 0.0, 0.0, 0.0, 0.0, 0.7342, 0.0, 0.0, 0.0, 0.0, 6.3884, 0.0, 0.0, 0.0, 1.1326, 0.0, 0.0, 0.0, 0.0], "max_pos": 24, "max_act": 6.3867}, {"tokens": [" special", ",", " it", "\u00e2\u20ac\u2122", "s", " important", " to", " share", " it", " with", " the", " people", " around", " you", ".", "<|endoftext|>", "Jimmy", " was", " a", " very", " live", "ly", " 3", " year", " old", ".", " He", " loved", " to", " do", " different", " things", "."], "acts": [0.0, 0.0, 0.0, 0.0, 0.0, 0.0, 0.0, 0.0, 0.0, 0.0, 0.0, 0.0, 0.0, 0.0, 0.0, 0.0, 0.0, 0.0, 0.0, 0.0, 0.0, 0.0, 1.6633, 1.1247, 6.379, 0.0, 0.6579, 0.0, 0.0, 0.0, 0.0, 0.0, 0.0], "max_pos": 24, "max_act": 6.3789}, {"tokens": [" even", " more", " butterflies", ".", "<|endoftext|>", "Once", " upon", " a", " time", ",", " there", " was", " a", " boy", " named", " Joe", ".", " Joe", " was", " only", " 3", " years", " old", " and", " he", " loved", " playing", " with", " his", " clay", " pot"], "acts": [0.0, 0.0, 0.0, 0.0, 0.0, 0.0, 0.0, 0.0, 0.0, 0.0, 1.0777, 0.0, 0.0, 0.0, 0.0, 0.0, 0.0, 0.0, 0.0, 0.8353, 0.0, 0.0, 6.355, 3.3246, 0.9519, 0.0, 0.0, 0.0, 0.0, 0.0, 0.0], "max_pos": 22, "max_act": 6.3555}, {"tokens": ["ummer", " day", ".", "<|endoftext|>", "Once", " upon", " a", " time", " there", " was", " a", " little", " girl", " named", " Jill", ".", " She", " was", " very", " young", ",", " only", " three", " years", " old", ".", " Every", " day", " Jill", " would", " draw", " with", " her"], "acts": [0.0, 0.0, 0.0, 0.0, 0.0, 0.0, 0.0, 0.0, 1.0947, 0.0, 0.0, 0.0, 0.0, 0.0, 0.0, 0.0, 1.0707, 0.0, 0.0, 2.2663, 0.8316, 1.8027, 1.2587, 0.0, 6.3565, 0.0, 0.0, 0.0, 0.0, 0.0, 0.0, 0.0, 0.0], "max_pos": 24, "max_act": 6.3555}, {"tokens": [" 3", " year", " old", " boy", ".", " He", " was", " enjoying", " a", " beautiful", " day"], "acts": [3.812, 2.6884, 6.3353, 3.4648, 0.8646, 0.0, 0.0, 0.0, 0.0, 0.0, 0.0], "max_pos": 2, "max_act": 6.3359}, {"tokens": [" way", " to", " make", " something", " beautiful", ".", "<|endoftext|>", "Once", " upon", " a", " time", " there", " lived", " a", " little", " boy", " named", " Joe", ".", " He", " was", " only", " three", " years", " old", " and", " he", " wanted", " nothing", " more", " than", " to", " learn"], "acts": [0.0, 0.0, 0.0, 0.0, 0.0, 0.0, 0.0, 0.0, 0.0, 0.0, 0.0, 0.9818, 0.0, 0.6252, 0.0, 0.5864, 0.6622, 0.0, 0.0, 1.0702, 0.0, 0.7123, 0.0, 0.0, 6.3291, 2.8055, 1.0667, 0.0, 0.0, 0.0, 0.0, 0.0, 0.0], "max_pos": 24, "max_act": 6.3281}, {"tokens": [" the", " same", " mistake", " again", "!", "<|endoftext|>", "Once", " upon", " a", " time", ",", " there", " was", " a", " little", " girl", " called", " Lucy", ".", " She", " was", " only", " 3", " years", " old", ".", " Every", " day", ",", " Lucy", " enjoyed", " going", " to"], "acts": [0.0, 0.0, 0.0, 0.0, 0.0, 0.0, 0.0, 0.0, 0.0, 0.0, 0.0, 0.6275, 0.0, 0.0, 0.0, 0.0, 0.0, 0.0, 0.0, 1.1511, 0.0, 0.683, 0.0, 0.0, 6.3147, 0.0, 0.0, 0.0, 0.0, 0.0, 0.0, 0.0, 0.0], "max_pos": 24, "max_act": 6.3164}, {"tokens": [" ho", "l", "id", "ay", ".", "<|endoftext|>", "Once", " upon", " a", " time", ",", " there", " was", " a", " little", " girl", " named", " Sarah", ".", " Sarah", " was", " only", " three", " years", " old", ".", " One", " day", ",", " Sarah", " was", " having", " dinner"], "acts": [0.0, 0.0, 0.0, 0.0, 0.0, 0.0, 0.0, 0.0, 0.0, 0.0, 0.0, 0.6914, 0.0, 0.0, 0.0, 0.0, 0.0, 0.0, 0.0, 0.0, 0.0, 0.8872, 0.9406, 0.0, 6.3068, 0.0, 0.0, 0.0, 0.8509, 0.0, 0.0, 0.0, 0.0], "max_pos": 24, "max_act": 6.3086}, {"tokens": [",", " she", " was", " already", " excited", " to", " tell", " them", " what", " she", " had", " learned", ".", "<|endoftext|>", "P", "eter", " was", " a", " mis", "ch", "ie", "vous", " 3", " year", " old", " who", " liked", " to", " explore", ".", " One", " day", ","], "acts": [0.0, 0.0, 0.0, 0.0, 0.0, 0.0, 0.0, 0.0, 0.0, 0.0, 0.0, 0.0, 0.0, 0.0, 0.0, 0.0, 0.0, 0.0, 0.0, 0.0, 0.0, 0.0, 0.0, 1.1698, 6.2848, 1.2439, 0.0, 0.0, 0.0, 0.0, 0.0, 0.0, 0.0], "max_pos": 24, "max_act": 6.2852}, {"tokens": [" knew", " she", "'d", " be", " back", " very", " soon", ".", "<|endoftext|>", "Once", ",", " there", " was", " a", " girl", " named", " K", "ate", ".", " She", " was", " only", " 3", " years", " old", ".", " One", " day", ",", " K", "ate", " was", " walking"], "acts": [0.0, 0.0, 0.0, 0.0, 0.0, 0.0, 0.0, 0.0, 0.0, 0.0, 0.7923, 0.0, 0.0, 0.0, 0.0, 0.0, 0.0, 0.0, 0.0, 0.739, 0.0, 0.0, 0.0, 0.0, 6.2726, 0.0, 0.0, 0.0, 1.1121, 0.0, 0.0, 0.0, 0.0], "max_pos": 24, "max_act": 6.2734}]}