{"id": 411, "density": 0.01611475, "max_act": 6.37109375, "hist": {"edges": [0.01, 0.0133, 0.0178, 0.0237, 0.0316, 0.0422, 0.0562, 0.075, 0.1, 0.1334, 0.1778, 0.2371, 0.3162, 0.4217, 0.5623, 0.7499, 1.0, 1.3335, 1.7783, 2.3714, 3.1623, 4.217, 5.6234, 7.4989, 10.0, 13.3352, 17.7828, 23.7137, 31.6228, 42.1697, 56.2341, 74.9894, 100.0], "counts": [0, 0, 0, 0, 0, 0, 0, 0, 0, 0, 12, 139, 1234, 4509, 8320, 10501, 10577, 9042, 7967, 6999, 4215, 929, 15, 0, 0, 0, 0, 0, 0, 0, 0, 0]}, "logit_lens": {"promoted": [[" coming", 0.276], [" like", 0.27], [" who", 0.261], [" also", 0.258], [" everywhere", 0.258], [" too", 0.24], [" already", 0.227], [" once", 0.204], [" that", 0.203], [" just", 0.198]], "suppressed": [["xt", 0.3], [" size", 0.282], ["ore", 0.278], ["year", 0.269], ["av", 0.268], ["ugged", 0.255], ["ate", 0.255], ["cks", 0.249], ["ause", 0.248], ["als", 0.244]]}, "examples": [{"tokens": [" excited", ".", " They", " opened", " the", " box", " and", " saw", " many", " toys", " that", " they", " had", " never", " seen", " before", ".", " There", " were", " cars", " and", " dolls", " and", " puzz", "les", " and", " books", " and", " blocks", " and", " animals", ".", " Lily"], "acts": [0.0, 0.0, 0.0, 0.0, 0.0, 0.0, 0.0, 0.0, 0.0, 3.0036, 0.0, 0.0, 0.0, 0.0, 0.0, 0.0, 0.0, 0.7005, 0.0, 3.099, 0.0, 4.1765, 0.0, 1.5766, 6.3716, 0.0, 3.8878, 0.0, 4.0062, 0.0, 3.9226, 0.0, 0.0], "max_pos": 24, "max_act": 6.3711}, {"tokens": [" interesting", " things", " inside", ".", " There", " were", " toy", " cars", " and", " dolls", " and", " books", " and", " puzz", "les", ".", " There", " were", " also", " phot", "os", " of", " Mr"], "acts": [0.0, 1.7694, 0.0, 0.0, 1.142, 0.0, 0.0, 3.1176, 0.0, 3.8559, 0.0, 3.9532, 0.0, 1.5089, 6.164, 0.0, 1.009, 0.0, 0.0, 0.0, 3.7806, 0.0, 0.0], "max_pos": 14, "max_act": 6.1641}, {"tokens": [" was", " red", " and", " shiny", ".", " It", " had", " many", " windows", " and", " door", "s", ".", " It", " made", " a", " loud", " whistle", ".", " Sara"], "acts": [0.0, 0.0, 0.0, 0.0, 0.0, 0.9265, 0.0, 0.0, 5.4186, 0.0, 1.6449, 6.1375, 0.0, 1.5634, 0.0, 0.0, 0.0, 0.0, 0.0, 0.0], "max_pos": 11, "max_act": 6.1367}, {"tokens": [" took", " out", " a", " big", ",", " clear", " ball", ".", " Inside", " the", " ball", ",", " there", " was", " a", " tiny", " town", " with", " houses", ",", " trees", ",", " and", " road", "s", ".", " It", " was", " a", " snow", " gl", "o", "be"], "acts": [0.0, 0.0, 0.0, 0.0, 0.0, 0.0, 0.0, 0.0, 0.0, 0.0, 0.0, 0.0, 0.0, 0.0, 0.0, 0.0, 0.0, 0.0, 2.6007, 0.0, 3.112, 1.1294, 0.0, 1.3004, 5.9899, 0.5171, 0.8527, 0.0, 0.0, 0.0, 0.0, 0.0, 0.0], "max_pos": 24, "max_act": 5.9883}, {"tokens": [".", " They", " turned", " the", " mo", "ld", " over", " and", " lifted", " it", " up", ".", " A", " sand", " castle", " came", " out", ".", " It", " had", " towers", " and", " walls", " and", " windows", ".", " Lily", " and", " Sam", " were", " happy", ".", " They"], "acts": [0.0, 0.0, 0.0, 0.0, 0.0, 0.0, 0.0, 0.0, 0.0, 0.0, 0.0, 0.0, 0.0, 0.0, 0.0, 0.0, 0.0, 0.0, 0.0, 0.0, 2.4395, 0.0, 5.1491, 0.0, 5.8229, 0.0, 0.0, 0.0, 0.0, 0.0, 0.0, 0.0, 0.0], "max_pos": 24, "max_act": 5.8242}, {"tokens": [" his", " mom", " and", " dad", ",", " the", " young", " boy", " soon", " finished", " building", " the", " castle", ".", " It", " was", " beautiful", ",", " with", " towers", " and", " door", "s", " and", " windows", ".", " The", " castle", " was", " even", " big", " enough", " to"], "acts": [0.0, 0.0, 0.0, 0.0, 0.0, 0.0, 0.0, 0.0, 0.0, 0.0, 0.0, 0.0, 0.0, 0.0, 0.0, 0.0, 0.0, 0.0, 0.0, 3.1252, 0.0, 0.914, 5.6592, 0.0, 5.7998, 0.0, 0.0, 0.0, 0.0, 0.0, 0.0, 0.0, 0.0], "max_pos": 24, "max_act": 5.8008}, {"tokens": [" when", " he", " saw", " what", " was", " inside", ".", " It", " was", " a", " pile", " of", " books", " and", " puzz", "les", ".", " He", " did", " not", " like", " books", " and", " puzz", "les", ".", " He", " liked", " toys", " and", " games", ".", " He"], "acts": [0.0, 0.0, 0.0, 0.0, 0.0, 0.0, 0.0, 0.0, 0.0, 0.0, 0.0, 0.0, 0.9059, 0.0, 0.0, 4.2592, 0.0, 0.0, 0.0, 0.0, 0.0, 2.473, 0.0, 0.0, 5.7099, 0.0, 0.0, 0.0, 3.8145, 0.0, 4.5324, 0.0, 0.0], "max_pos": 24, "max_act": 5.7109}, {"tokens": ["\n", "\n", "They", " arrived", " at", " the", " air", "port", ".", " It", " was", " very", " big", " and", " noisy", ".", " There", " were", " many", " people", " and", " cars", " and", " plan", "es", ".", " Mom", " and", " dad", " checked", " in", " their", " bags"], "acts": [0.0, 0.0, 0.0, 0.0, 0.0, 0.0, 0.0, 0.0, 0.0, 0.0, 0.0, 0.0, 0.0, 0.0, 0.0, 0.0, 0.7485, 0.0, 0.0, 2.6588, 0.0, 5.0406, 0.0, 0.0, 5.6988, 0.0, 0.0, 0.0, 0.0, 0.0, 0.0, 0.0, 0.0], "max_pos": 24, "max_act": 5.6992}, {"tokens": [",", " and", " she", " put", " them", " in", " different", " draw", "ers", " and", " boxes", ".", " She", " also", " had", " a", " lot", " of", " books", ",", " toys", ",", " and", " puzz", "les", ",", " and", " she", " put", " them", " on", " different", " shel"], "acts": [1.6667, 0.0, 0.0, 0.0, 0.0, 0.0, 0.0, 0.0, 2.829, 0.0, 2.4732, 0.0, 0.0, 0.0, 0.0, 0.0, 0.0, 0.0, 2.3286, 0.0, 3.0622, 0.0, 0.0, 1.3701, 5.6634, 1.8909, 0.0, 0.0, 0.0, 0.0, 0.0, 0.0, 0.0], "max_pos": 24, "max_act": 5.6641}, {"tokens": ["\n", "\n", "They", " looked", " around", " the", " kitchen", " and", " saw", " a", " big", " cake", " on", " the", " table", ".", " It", " was", " white", " and", " pink", " and", " had", " cand", "les", " on", " it", ".", " It", " looked", " yummy", " and", " sweet"], "acts": [0.0, 0.0, 0.0, 0.0, 0.0, 0.0, 0.0, 0.0, 0.0, 0.0, 0.0, 0.0, 0.0, 0.0, 0.0, 0.0, 0.0, 0.0, 0.0, 0.0, 1.3145, 0.0, 0.0, 0.0, 5.6647, 0.0, 0.0, 0.0, 0.0, 0.0, 0.0, 0.0, 0.0], "max_pos": 24, "max_act": 5.6641}, {"tokens": [" children", " happy", ".", "\n", "\n", "They", " flew", " for", " a", " while", ".", " They", " saw", " many", " things", ".", " They", " saw", " trees", " and", " river", "s", " and", " road", "s", " and", " cars", " and", " people", ".", " They", " saw", " birds"], "acts": [0.0, 0.0, 0.0, 0.0, 0.0, 0.0, 0.0, 0.0, 0.0, 0.0, 0.0, 0.0, 0.0, 0.0, 1.9424, 0.0, 0.0, 0.0, 2.5205, 0.0, 0.0, 5.2354, 0.0, 0.0, 5.6551, 0.0, 5.0073, 0.0, 2.878, 0.0, 0.0, 0.0, 2.7623], "max_pos": 24, "max_act": 5.6562}, {"tokens": [" the", " v", "all", "ey", ".", " It", " was", " a", " big", " place", " with", " lots", " of", " trees", " and", " flowers", ".", " They", " saw", " some", " cows", " and", " h", "ors", "es", " too", ".", " Lily", " loved", " to", " run", " around", " and"], "acts": [0.0, 0.0, 0.0, 0.0, 0.0, 0.0, 0.0, 0.0, 0.0, 0.0, 0.0, 0.0, 0.0, 3.3642, 0.0, 4.149, 0.0, 1.9649, 0.0, 0.0, 2.7022, 0.0, 0.0, 2.9558, 5.6432, 0.0, 0.0, 0.0, 0.5843, 0.0, 0.0, 0.0, 0.0], "max_pos": 24, "max_act": 5.6445}]}