{"id": 415, "density": 0.02775725, "max_act": 13.046875, "hist": {"edges": [0.01, 0.0133, 0.0178, 0.0237, 0.0316, 0.0422, 0.0562, 0.075, 0.1, 0.1334, 0.1778, 0.2371, 0.3162, 0.4217, 0.5623, 0.7499, 1.0, 1.3335, 1.7783, 2.3714, 3.1623, 4.217, 5.6234, 7.4989, 10.0, 13.3352, 17.7828, 23.7137, 31.6228, 42.1697, 56.2341, 74.9894, 100.0], "counts": [0, 0, 0, 0, 0, 0, 0, 0, 0, 0, 14, 183, 1703, 7983, 12620, 13765, 12107, 10156, 8495, 8478, 9850, 12360, 9584, 3131, 600, 0, 0, 0, 0, 0, 0, 0]}, "logit_lens": {"promoted": [[" Everything", 0.263], [" Let", 0.251], [" when", 0.25], [" We", 0.249], [" Your", 0.235], ["Let", 0.234], [" You", 0.234], [" Sometimes", 0.224], [" That", 0.222], [" If", 0.217]], "suppressed": [[" back", 0.328], [" voice", 0.327], [" ow", 0.295], [" forever", 0.294], [" ret", 0.294], ["ard", 0.294], [" nowhere", 0.287], ["ars", 0.286], [" closer", 0.279], [" year", 0.272]]}, "examples": [{"tokens": ["all", "owed", " her", " gum", " and", " started", " to", " we", "ep", ".", " Her", " mom", " hugged", " her", " and", " said", ",", " \"", "Don", "'t", " worry", ",", " sweetie", ".", " The", " gum", " will", " come", " out", " soon", ".\"", " \n"], "acts": [0.0, 0.0, 0.0, 0.0, 0.0, 0.0, 0.0, 0.0, 0.0, 0.0, 0.0, 0.0, 0.0, 0.0, 0.0, 0.0, 0.0, 0.0, 0.0, 0.0, 0.0, 3.8824, 0.8687, 13.044, 3.4929, 0.0, 0.0, 0.0, 0.0, 0.0, 0.0, 0.0], "max_pos": 23, "max_act": 13.0469}, {"tokens": ["\n", "Mommy", " hugged", " her", " and", " said", ",", " \"", "Don", "'t", " worry", ",", " sweetie", ".", " I", " will", " wrap", " you", " up", " in", " a", " cozy"], "acts": [0.0, 0.0, 0.0, 0.0, 0.0, 0.0, 0.0, 0.0, 0.0, 0.0, 0.0, 3.7599, 1.0931, 12.925, 0.0, 0.0, 0.0, 0.0, 0.0, 0.0, 0.0, 0.0], "max_pos": 13, "max_act": 12.9219}, {"tokens": [" so", " real", ",\"", " Daisy", " said", " with", " big", " eyes", ".", " ", "\n", "Her", " mom", " smiled", " and", " hugged", " her", ".", " \"", "Don", "'t", " worry", ",", " Daisy", ".", " N", "ight", "m", "are", " means", " that", " something", " is"], "acts": [0.0, 0.0, 0.0, 0.0, 0.0, 0.0, 0.0, 0.0, 0.0, 0.0, 0.0, 0.0, 0.0, 0.0, 0.0, 0.0, 0.0, 0.0, 0.0, 0.0, 0.0, 0.0, 4.0802, 1.9006, 12.588, 3.0609, 0.0, 0.0, 0.0, 2.1947, 2.9032, 0.0, 0.0], "max_pos": 24, "max_act": 12.5859}, {"tokens": [" said", ",", " \"", "My", " hands", " hurt", " from", " pol", "is", "hing", ".\"", " \n", "\n", "Mummy", " smiled", " and", " said", ",", " \"", "Don", "'t", " worry", ",", " Lucy", ".", " Let", "'s", " put", " some", " cream", " on", " your", " hands"], "acts": [0.0, 0.0, 0.6586, 0.0, 0.0, 0.0, 0.0, 0.0, 0.0, 0.0, 0.0, 0.0, 0.0, 0.0, 0.0, 0.0, 0.0, 0.0, 0.0, 0.0, 0.0, 0.0, 3.4392, 0.9365, 12.4271, 1.3457, 0.0, 0.0, 0.0, 0.0, 0.0, 0.0, 0.0], "max_pos": 24, "max_act": 12.4297}, {"tokens": ["\n", "Lily", "'s", " pare", "nt", " hugged", " her", " and", " said", ",", " \"", "Don", "'t", " worry", ",", " Lily", ".", " Even", " though", " you", " don", "'t", " like", " sour", " candy"], "acts": [0.0, 0.0, 0.0, 0.0, 0.0, 0.0, 0.0, 0.0, 0.0, 0.0, 0.0, 0.0, 0.0, 0.0, 3.9283, 1.5002, 12.4183, 1.1869, 2.561, 0.0, 0.0, 0.0, 0.0, 0.0, 0.0], "max_pos": 16, "max_act": 12.4219}, {"tokens": [" too", " expensive", " and", " she", " couldn", "'t", " a", "ff", "ord", " it", ".", "\n", "\n", "The", " shopkeeper", " smiled", " and", " said", ",", " \u00e2\u20ac\u0153", "Don", "\u00e2\u20ac\u2122", "t", " worry", ".", " Here", "\u00e2\u20ac\u2122", "s", " a", " nice", " cheap", " one", "\u00e2\u20ac"], "acts": [0.0, 0.0, 0.0, 0.0, 0.0, 0.0, 0.0, 0.0, 0.0, 0.0, 0.0, 0.0, 0.0, 0.0, 0.0, 0.0, 0.0, 0.0, 0.0, 1.3849, 0.0, 0.0, 0.0, 0.0, 12.3013, 3.432, 1.5497, 0.0, 0.0, 0.0, 0.0, 0.0, 0.0], "max_pos": 24, "max_act": 12.3047}, {"tokens": [" and", " said", ",", " \"", "It", "'s", " okay", ",", " sweetie", ".", " It", " was", " an", " accident", ".", " Don", "'t", " worry"], "acts": [0.0, 0.0, 0.0, 1.8518, 3.1803, 0.0, 0.0, 2.4109, 1.1844, 12.2847, 4.3079, 0.9156, 0.0, 0.0, 9.3521, 0.0, 0.0, 0.0], "max_pos": 9, "max_act": 12.2812}, {"tokens": [" new", " sweater", " anymore", "!\u00e2\u20ac", " \n", "\n", "Tim", "\u00e2\u20ac\u2122", "s", " mom", " walked", " up", " to", " him", " and", " said", ",", " \u00e2\u20ac\u0153", "Don", "\u00e2\u20ac\u2122", "t", " worry", ",", " Tim", ".", " I", " can", " fix", " it", ".\u00e2\u20ac", " Tim", "\u00e2\u20ac\u2122", "s"], "acts": [0.0, 0.0, 0.0, 0.0, 0.0, 0.0, 0.0, 0.0, 0.0, 0.0, 0.0, 0.0, 0.0, 0.0, 0.0, 0.0, 0.0, 1.1233, 0.0, 0.0, 0.0, 0.0, 4.2206, 0.8033, 12.2776, 0.0, 0.0, 0.0, 0.0, 0.0, 0.0, 0.0, 0.0], "max_pos": 24, "max_act": 12.2812}, {"tokens": ["ing", " outside", " and", " I", " got", " all", " wet", "!\"", " Her", " mommy", " gave", " her", " a", " warm", " hug", " and", " said", ",", " \"", "Don", "'t", " worry", ",", " Lily", ".", " We", "'ll", " go", " inside", " and", " get", " dry", ".\""], "acts": [0.0, 0.0, 0.0, 0.0, 0.0, 0.0, 0.0, 0.0, 0.0, 0.0, 0.0, 0.0, 0.0, 0.0, 0.0, 0.0, 0.0, 0.0, 0.0, 0.0, 0.0, 0.0, 4.2717, 1.9129, 12.2511, 1.3182, 0.0, 0.0, 0.0, 0.0, 0.0, 0.0, 0.0], "max_pos": 24, "max_act": 12.25}, {"tokens": ["!", " It", " made", " my", " hands", " dirty", "!\"", " she", " exclaimed", ".", " \n", "\n", "Her", " mom", " laughed", " and", " said", ",", " \"", "Don", "'t", " worry", ",", " sweetie", ".", " The", " p", "ine", " tree", " didn", "'t", " mean", " to"], "acts": [5.0328, 0.0, 0.0, 0.0, 0.0, 0.0, 0.0, 0.0, 0.0, 0.0, 0.0, 0.0, 0.0, 0.0, 0.0, 0.0, 0.0, 0.0, 0.0, 0.0, 0.0, 0.0, 3.907, 1.0795, 12.2426, 2.1119, 0.0, 0.0, 0.0, 0.0, 0.0, 0.0, 0.0], "max_pos": 24, "max_act": 12.2422}, {"tokens": [",", " but", " it", "'s", " too", " fast", ",\"", " Lily", " replied", ".", "\n", "\n", "Her", " mom", " smiled", " and", " said", ",", " \"", "Don", "'t", " worry", ",", " Lily", ".", " The", " butterfly", " is", " happy", " flying", " around", " in", " the"], "acts": [0.0, 0.794, 0.0, 0.0, 0.0, 0.0, 0.0, 0.0, 0.0, 0.0, 0.0, 0.0, 0.0, 0.0, 0.0, 0.0, 0.0, 0.0, 0.6927, 0.0, 0.0, 0.0, 4.3559, 1.7165, 12.223, 3.2477, 0.0, 0.0, 0.0, 0.0, 0.0, 0.0, 0.0], "max_pos": 24, "max_act": 12.2266}, {"tokens": [",", " but", " then", " she", " saw", " her", " dad", ".", " He", " smiled", " and", " said", ",", " \u00e2\u20ac\u0153", "Don", "\u00e2\u20ac\u2122", "t", " worry", ",", " Amy", ".", " I", "\u00e2\u20ac\u2122", "ll", " stay", " with", " you", " and", " we"], "acts": [0.0, 0.0, 0.0, 0.0, 0.0, 0.0, 0.0, 0.0, 0.0, 0.0, 0.0, 0.0, 0.0, 1.0888, 0.0, 0.0, 0.0, 0.0, 4.8984, 0.827, 12.2256, 0.0, 0.8907, 0.0, 0.0, 0.0, 0.0, 0.0, 0.0], "max_pos": 20, "max_act": 12.2266}]}