{"id": 416, "density": 0.0365985, "max_act": 4.87109375, "hist": {"edges": [0.01, 0.0133, 0.0178, 0.0237, 0.0316, 0.0422, 0.0562, 0.075, 0.1, 0.1334, 0.1778, 0.2371, 0.3162, 0.4217, 0.5623, 0.7499, 1.0, 1.3335, 1.7783, 2.3714, 3.1623, 4.217, 5.6234, 7.4989, 10.0, 13.3352, 17.7828, 23.7137, 31.6228, 42.1697, 56.2341, 74.9894, 100.0], "counts": [0, 0, 0, 0, 0, 0, 0, 0, 0, 23, 205, 1283, 6779, 22535, 37422, 35246, 22382, 11120, 5455, 2965, 928, 51, 0, 0, 0, 0, 0, 0, 0, 0, 0, 0]}, "logit_lens": {"promoted": [[" just", 0.281], ["ever", 0.253], [" stop", 0.222], [" grab", 0.216], [" kept", 0.212], [" started", 0.212], [" spoil", 0.204], ["re", 0.198], [" grabbed", 0.192], [" at", 0.184]], "suppressed": [[" low", 0.289], [" scre", 0.288], [" old", 0.281], [" daddy", 0.27], [" couldn", 0.27], [" papers", 0.269], ["n", 0.257], [" searched", 0.254], ["fully", 0.25], [" seeds", 0.25]]}, "examples": [{"tokens": [" take", " what", " I", " want", " and", " you", " cannot", " do", " anything", ".\"", "\n", "\n", "Tom", " was", " angry", ".", " He", " did", " not", " like", " the", " bad", " man", ".", " He", " did", " not", " like", " his", " words", ".", " He", " did"], "acts": [0.0, 0.0, 0.0, 0.0, 0.0, 0.0, 0.9952, 0.0, 0.0, 0.0, 0.0, 0.0, 0.0, 0.0, 0.0, 0.6211, 3.0305, 0.8192, 1.957, 0.0, 0.0, 0.0, 2.2315, 1.5909, 4.8701, 1.6659, 3.4698, 0.0, 0.0, 0.0, 1.6644, 4.5936, 1.7164], "max_pos": 24, "max_act": 4.8711}, {"tokens": [" not", " like", " the", " crab", ".", " She", " did", " not", " like", " the", " doctor", ".", " She", " did", " not", " like", " the", " bitter", ".", " She", " wished"], "acts": [2.2104, 0.0, 0.0, 1.1593, 0.0, 2.816, 1.9245, 2.7316, 0.0, 0.0, 1.8384, 1.7366, 4.8171, 2.6565, 3.6211, 0.0, 0.0, 0.0, 1.5153, 4.7274, 0.0], "max_pos": 12, "max_act": 4.8164}, {"tokens": [" the", " book", ".", " He", " was", " hungry", " and", " angry", ".", " He", " saw", " Tim", " and", " Kim", " and", " their", " pictures", ".", " He", " did", " not", " like", " them", ".", " He", " thought", " they", " were", " silly", " and", " rude", ".", " He"], "acts": [0.0, 0.0, 0.0, 2.1697, 1.1351, 0.0, 0.0, 0.0, 0.0, 2.9541, 0.0, 0.7914, 0.8319, 0.0, 1.7944, 0.0, 0.0, 0.0, 2.3215, 0.8626, 1.5652, 0.0, 1.8671, 1.8197, 4.7881, 2.4711, 0.912, 1.8074, 0.0, 1.6776, 0.0, 0.8366, 3.6], "max_pos": 24, "max_act": 4.7891}, {"tokens": [" did", " not", " like", " the", " dog", " either", ".", " They", " said", " to", " her", ",", " \"", "Don", "'t", " worry"], "acts": [0.0, 1.4758, 0.0, 0.0, 2.812, 1.9839, 0.0, 4.7375, 1.6449, 0.0, 0.0, 0.0, 0.6287, 0.0, 0.0, 0.0], "max_pos": 7, "max_act": 4.7383}, {"tokens": [",", " but", " she", " did", " not", " want", " to", " be", " rude", ".", " She", " gave", " the", " v", "i", "ol", "in", " and", " the"], "acts": [0.0, 0.0, 0.0, 0.0, 0.0, 0.0, 0.9105, 1.2516, 0.0, 0.5292, 4.7019, 1.995, 0.0, 0.0, 0.0, 0.0, 0.0, 0.0, 0.0], "max_pos": 10, "max_act": 4.7031}, {"tokens": [" scary", ".", " He", " wanted", " to", " stay", " on", " the", " fl", "at", " path", ".", " But", " he", " did", " not", " want", " to", " make", " Anna", " angry", ".", " He", " followed", " her", " slowly", ".", "\n", "\n", "When", " they"], "acts": [0.0, 0.0, 0.0, 0.0, 0.0, 0.0, 0.0, 0.0, 0.0, 0.0, 0.0, 0.0, 0.0, 0.0, 0.0, 0.0, 0.0, 0.0, 0.0, 1.1459, 0.0, 0.0, 4.6931, 0.0, 0.0, 0.0, 0.0, 0.0, 0.0, 0.0, 0.0], "max_pos": 22, "max_act": 4.6914}, {"tokens": [" Tom", " didn", "'t", " like", " it", ".", " He", " decided", " to", " jump", " out", " of", " the", " puddle", " and"], "acts": [0.0, 0.0, 1.1483, 0.0, 2.0074, 0.0, 4.6642, 1.09, 1.7346, 0.0, 0.0, 0.0, 0.0, 0.0, 0.0], "max_pos": 6, "max_act": 4.6641}, {"tokens": [" not", " want", " to", " make", " Lily", " angry", ".", " He", " did", " not", " want", " to", " lose", " his", " friend", ".", " He", " said", ",", " \"", "I", "'m", " sorry", ",", " Lily"], "acts": [2.2104, 0.0, 1.3775, 0.8835, 2.479, 1.4263, 0.0, 4.5118, 2.2243, 2.8119, 0.0, 1.2306, 0.0, 0.0, 0.7538, 0.0, 4.6516, 1.3847, 0.0, 0.0, 0.8531, 0.7347, 0.5125, 0.0, 0.0], "max_pos": 16, "max_act": 4.6523}, {"tokens": ["Ben", " and", " Lily", " were", " very", " angry", ".", " They", " saw", " the", " cr", "ow", " take", " their", " ball", ".", " They", " did", " not", " like", " that", " at", " all", ".", " They", " said", " together", ",", " \"", "Hey", ",", " that", " is"], "acts": [0.0, 0.0, 0.0, 0.7656, 0.0, 0.0, 0.0, 3.4301, 0.0, 0.0, 0.0, 0.0, 1.1091, 0.0, 0.0, 0.0, 2.1075, 0.0, 1.2612, 0.0, 0.0, 0.0, 0.7842, 1.6766, 4.6451, 1.76, 0.0, 0.0, 1.0478, 0.9554, 0.6478, 0.0, 0.0], "max_pos": 24, "max_act": 4.6445}, {"tokens": [" did", " not", " like", " that", ".", " He", " grow", "led", " at", " Tom", ".", " He", " showed", " his"], "acts": [0.0, 1.4758, 0.0, 1.1291, 0.0, 4.6433, 1.6618, 1.973, 0.0, 0.0, 1.019, 3.9261, 0.0, 0.0], "max_pos": 5, "max_act": 4.6445}, {"tokens": [".", "\n", "\n", "One", " of", " the", " class", "m", "ates", ",", " Sam", ",", " got", " very", " mad", ".", " He", " did", " not", " like", " Mark", " at", " all", ".", " He", " thought", " Mark", " was", " silly", " and", " an", "n", "oy"], "acts": [0.0, 0.0, 0.0, 0.5636, 0.0, 0.0, 0.0, 0.0, 0.0, 0.0, 0.0, 0.8479, 1.1666, 0.0, 0.0, 0.0, 2.9153, 1.3721, 2.0206, 0.0, 0.0, 0.0, 1.3114, 2.105, 4.5737, 2.4979, 0.0, 2.4862, 0.0, 1.7918, 0.0, 0.0, 0.0], "max_pos": 24, "max_act": 4.5742}, {"tokens": [" make", " a", " cake", ",", " but", " they", " did", " not", " know", " how", ".", "\n", "\n", "Lily", " was", " angry", ".", " She", " did", " not", " like", " mess", "es", ".", " She", " wanted", " to", " tell", " them", " to", " stop", ".", " But"], "acts": [0.0, 0.0, 0.0, 0.0, 0.0, 0.0, 0.0, 0.0, 0.0, 0.0, 0.0, 0.0, 0.0, 0.5861, 0.0, 0.0, 0.4875, 3.471, 1.2686, 1.988, 0.0, 0.0, 0.0, 1.3426, 4.5756, 1.061, 1.9328, 0.0, 0.0, 0.0, 0.0, 0.0, 0.0], "max_pos": 24, "max_act": 4.5742}]}