{"id": 422, "density": 0.00725525, "max_act": 7.51953125, "hist": {"edges": [0.01, 0.0133, 0.0178, 0.0237, 0.0316, 0.0422, 0.0562, 0.075, 0.1, 0.1334, 0.1778, 0.2371, 0.3162, 0.4217, 0.5623, 0.7499, 1.0, 1.3335, 1.7783, 2.3714, 3.1623, 4.217, 5.6234, 7.4989, 10.0, 13.3352, 17.7828, 23.7137, 31.6228, 42.1697, 56.2341, 74.9894, 100.0], "counts": [0, 0, 0, 0, 0, 0, 0, 0, 1, 22, 121, 244, 633, 1979, 4929, 6660, 5299, 3301, 2373, 1342, 1196, 343, 577, 1, 0, 0, 0, 0, 0, 0, 0, 0]}, "logit_lens": {"promoted": [[" when", 0.345], [" for", 0.344], [" of", 0.268], [" before", 0.251], ["ide", 0.241], ["used", 0.236], [" imagined", 0.236], [":", 0.235], [" as", 0.228], [" how", 0.225]], "suppressed": [["k", 0.399], ["Jo", 0.331], ["ure", 0.325], ["ut", 0.307], ["ter", 0.293], ["Em", 0.288], ["lf", 0.286], ["ow", 0.282], [" away", 0.273], ["lp", 0.27]]}, "examples": [{"tokens": [".", " Then", " she", " skipped", " off", " happily", " to", " deliver", " the", " broccoli", " to", " her", " family", ".", " From", " that", " day", " on", ",", " Emily", " was", " so", " proud", " of", " herself", " for", " being", " so", " independent", " and", " she", " never", " forgot"], "acts": [0.0, 0.0, 0.0, 0.0, 0.0, 0.0, 0.0, 0.0, 0.0, 0.0, 0.0, 0.0, 0.0, 0.0, 0.0, 0.0, 0.0, 0.0, 0.0, 0.0, 0.0, 0.0, 0.5901, 0.0, 7.5192, 0.0, 0.0, 0.0, 0.0, 0.0, 0.0, 0.0, 0.0], "max_pos": 24, "max_act": 7.5195}, {"tokens": [" even", " further", ".", " Suddenly", ",", " her", " fingers", " br", "ushed", " against", " the", " cookies", "!", " She", " grabbed", " them", " and", " smiled", ".", " Daisy", " was", " so", " proud", " of", " herself", " for", " being", " so", " independent", ".", "<|endoftext|>", "Once", " upon"], "acts": [0.0, 0.0, 0.0, 0.0, 0.0, 0.0, 0.0, 0.0, 0.0, 0.0, 0.0, 0.0, 0.0, 0.0, 0.0, 0.0, 0.0, 0.0, 0.0, 0.0, 0.0, 0.0, 0.0, 0.0, 7.2975, 0.0, 0.0, 0.0, 0.0, 0.0, 0.0, 0.0, 0.0], "max_pos": 24, "max_act": 7.2969}, {"tokens": [" she", " counted", " the", " fin", "al", " number", " -", " tw", "el", "ve", ".", " She", " had", " counted", " every", " sing", "le", " one", "!", " She", " was", " so", " proud", " of", " herself", ",", " she", " couldn", "'t", " help", " but", " smile", "."], "acts": [0.0, 0.0, 0.0, 0.0, 0.0, 0.0, 0.0, 0.0, 0.0, 0.0, 0.0, 0.0, 0.0, 0.0, 0.0, 0.0, 0.0, 0.0, 0.0, 0.0, 0.0, 0.0, 0.6421, 0.0, 7.1738, 0.0, 0.0, 0.0, 0.0, 0.0, 0.0, 0.0, 0.0], "max_pos": 24, "max_act": 7.1758}, {"tokens": [" when", " she", " really", " wanted", " it", ".", " After", " a", " while", ",", " the", " money", " was", " still", " there", ",", " and", " the", " little", " girl", " was", " super", " proud", " of", " herself", "!", "<|endoftext|>", "One", " day", ",", " two", " little", " friends"], "acts": [0.0, 0.0, 0.0, 0.0, 0.0, 0.0, 0.0, 0.0, 0.0, 0.0, 0.0, 0.0, 0.0, 0.0, 0.0, 0.0, 0.0, 0.0, 0.0, 0.0, 0.0, 0.0, 0.0, 0.0, 7.1441, 0.0, 0.0, 0.0, 0.0, 0.0, 0.0, 0.0, 0.0], "max_pos": 24, "max_act": 7.1445}, {"tokens": [".", "\n", "\n", "The", " clouds", " slowly", " moved", " away", " and", " the", " sun", " started", " to", " shine", " again", ".", " T", "ess", " was", " so", " happy", " and", " proud", " of", " herself", ";", " she", " had", " made", " the", " thunder", " go", " away"], "acts": [0.0, 0.0, 0.0, 0.0, 0.0, 0.0, 0.0, 0.0, 0.0, 0.0, 0.0, 0.0, 0.0, 0.0, 0.0, 0.0, 0.0, 0.0, 0.0, 0.0, 0.0, 0.0, 0.0, 0.0, 7.141, 1.1237, 0.0, 0.0, 0.0, 0.0, 0.0, 0.0, 0.0], "max_pos": 24, "max_act": 7.1406}, {"tokens": [".", " She", " was", " so", " proud", " of", " herself", ".", " She", " had", " so", " much", " fun", " and", " asked"], "acts": [0.0, 0.0, 0.0, 0.0, 0.0, 0.0, 7.1294, 0.0, 0.0, 0.0, 0.0, 0.0, 0.0, 0.0, 0.0], "max_pos": 6, "max_act": 7.1289}, {"tokens": [" perf", "or", "med", " all", " the", " way", " back", " down", " the", " hill", " and", " back", " to", " the", " beach", ".", " She", " was", " so", " proud", " of", " herself", " for", " doing", " something", " so", " brave", ".", "<|endoftext|>", "One"], "acts": [0.0, 0.0, 0.0, 0.0, 0.0, 0.0, 0.0, 0.0, 0.0, 0.0, 0.0, 0.0, 0.0, 0.0, 0.0, 0.0, 0.0, 0.0, 0.0, 0.0, 0.0, 7.1074, 0.0, 0.0, 0.0, 0.0, 1.1233, 0.0, 0.0, 0.0], "max_pos": 21, "max_act": 7.1055}, {"tokens": [" to", " sing", " a", " new", " song", ".", " Everyone", " clapped", " and", " cheered", ".", "\n", "\n", "In", " the", " end", ",", " M", "ist", "y", " was", " very", " proud", " of", " herself", ".", " She", " sang", " a", " happy", " song", " all", " the"], "acts": [0.0, 0.0, 0.0, 0.0, 0.0, 0.0, 0.0, 0.0, 0.0, 0.0, 0.0, 0.0, 0.0, 0.0, 0.0, 0.0, 0.0, 0.0, 0.0, 0.0, 0.0, 0.0, 0.0, 0.0, 7.0972, 0.5301, 0.0, 0.0, 0.0, 0.0, 0.0, 0.0, 0.0], "max_pos": 24, "max_act": 7.0977}, {"tokens": [" was", " so", " proud", " of", " himself", ",", " and", " he", " kept", " pract", "ic", "ing", " so"], "acts": [0.0, 0.0, 0.9711, 0.0, 7.0882, 0.0, 0.0, 0.0, 0.0, 0.0, 0.0, 0.0, 0.0], "max_pos": 4, "max_act": 7.0898}, {"tokens": [" was", " so", " proud", " of", " himself", " for", " understand", "ing", " how", " to", " make", " the", " truck"], "acts": [0.0, 0.0, 0.9711, 0.0, 7.0882, 0.0, 0.0, 0.0, 0.0, 0.0, 0.0, 0.0, 1.0401], "max_pos": 4, "max_act": 7.0898}, {"tokens": ["\n", "\n", "They", " mon", "it", "ored", " their", " fu", "el", " and", " looked", " for", " new", " places", " to", " explore", ".", " N", "an", "a", " was", " so", " proud", " of", " herself", " for", " a", "ch", "ie", "ving", " her", " goal", " of"], "acts": [0.0, 0.0, 0.0, 0.0, 0.0, 0.0, 0.0, 0.0, 0.0, 0.0, 0.7193, 0.0, 0.0, 0.0, 0.0, 0.0, 0.0, 0.0, 0.0, 0.0, 0.0, 0.0, 0.0, 0.0, 7.0771, 0.0, 0.0, 0.0, 0.0, 0.0, 0.9194, 0.0, 0.8218], "max_pos": 24, "max_act": 7.0781}, {"tokens": [" in", " the", " sky", ".", " \n", "\n", "B", "y", " now", ",", " Peter", " had", " mar", "ked", " the", " ent", "ire", " garden", ".", " He", " was", " so", " proud", " of", " himself", ",", " he", " hopped", " with", " joy", " around", " the", " garden"], "acts": [0.0, 0.0, 0.0, 0.0, 0.0, 0.0, 0.0, 0.0, 0.0, 0.0, 0.0, 0.0, 0.0, 0.0, 0.0, 0.0, 0.0, 0.0, 0.0, 0.0, 0.0, 0.0, 0.0, 0.0, 7.0571, 0.0, 0.0, 0.0, 0.0, 2.7335, 0.0, 0.0, 0.0], "max_pos": 24, "max_act": 7.0586}]}