{"id": 424, "density": 0.0176585, "max_act": 9.2265625, "hist": {"edges": [0.01, 0.0133, 0.0178, 0.0237, 0.0316, 0.0422, 0.0562, 0.075, 0.1, 0.1334, 0.1778, 0.2371, 0.3162, 0.4217, 0.5623, 0.7499, 1.0, 1.3335, 1.7783, 2.3714, 3.1623, 4.217, 5.6234, 7.4989, 10.0, 13.3352, 17.7828, 23.7137, 31.6228, 42.1697, 56.2341, 74.9894, 100.0], "counts": [0, 0, 0, 0, 0, 0, 0, 0, 0, 0, 43, 447, 2478, 7537, 12968, 13117, 10409, 7758, 6547, 3913, 2976, 1510, 913, 18, 0, 0, 0, 0, 0, 0, 0, 0]}, "logit_lens": {"promoted": [[" down", 0.421], [" closer", 0.346], [" out", 0.338], [" saw", 0.297], [" around", 0.28], [" admire", 0.264], ["ock", 0.261], ["Hello", 0.26], [" touched", 0.259], [" amazed", 0.253]], "suppressed": [["ips", 0.236], [" days", 0.232], [" Eventually", 0.225], [" dreams", 0.207], [" Whenever", 0.206], ["lies", 0.202], [" just", 0.2], [" especially", 0.193], [" lot", 0.191], ["ation", 0.183]]}, "examples": [{"tokens": [" on", " the", " bridge", ",", " the", " little", " girl", " found", " her", " red", " ball", " again", ".", " She", " rolled", " it", " on", " the", " bridge", " and", " watched", " it", " go", " up", " and", " down", ".", " It", " was", " a", " lot", " of", " fun"], "acts": [0.0, 0.0, 0.0, 0.0, 0.0, 0.0, 0.0, 0.0, 0.0, 0.0, 0.0, 0.0, 0.0, 0.0, 0.0, 0.0, 0.0, 0.0, 0.0, 0.54, 0.0, 0.0, 0.0, 0.0, 9.2229, 0.0, 0.0, 0.0, 0.0, 0.0, 0.0, 0.0, 0.0], "max_pos": 24, "max_act": 9.2266}, {"tokens": [".", " He", " would", " go", " up", " and", " down", ",", " up", " and", " down", ",", " and", " it"], "acts": [0.0, 0.0, 0.0, 2.2513, 0.0, 8.851, 0.0, 1.7278, 0.0, 6.6392, 0.0, 0.0, 2.0535, 0.0], "max_pos": 5, "max_act": 8.8516}, {"tokens": [" Lily", " said", ".", "\n", "\n", "\"", "OK", "!\"", " Ben", " said", ".", "\n", "\n", "They", " ran", " to", " the", " fountain", " and", " watched", " the", " water", " go", " up", " and", " down", ".", " They", " saw", " some", " coins", " in", " the"], "acts": [0.0, 0.0, 0.0, 0.4775, 0.0, 0.0, 0.0, 0.0, 0.0, 0.0, 0.0, 0.0, 0.0, 0.0, 0.0, 0.0, 0.0, 0.0, 0.0, 0.0, 0.0, 0.0, 0.0, 0.0, 8.7858, 0.0, 0.0, 0.0, 0.0, 0.0, 0.0, 0.0, 0.0], "max_pos": 24, "max_act": 8.7891}, {"tokens": [" big", " park", ",", " there", " was", " a", " playful", " little", " girl", " named", " Lily", ".", " She", " loved", " to", " play", " on", " the", " swing", ".", " She", " would", " go", " up", " and", " down", ",", " laughing", " and", " having", " fun", ".", "\n"], "acts": [0.0, 0.0, 0.0, 0.0, 0.0, 0.0, 0.0, 0.0, 0.0, 0.0, 0.0, 0.0, 0.0, 0.0, 0.0, 0.0, 0.0, 0.0, 0.0, 0.0, 0.0, 0.0, 0.8247, 0.0, 8.6427, 0.0, 1.4415, 0.0, 0.0, 0.0, 0.0, 0.0, 0.0], "max_pos": 24, "max_act": 8.6406}, {"tokens": ["When", "ever", " she", " got", " to", " the", " pool", ",", " she", " would", " practice", " her", " swim", " te", "ch", "n", "i", "qu", "es", ".", " She", " would", " go", " up", " and", " down", ",", " and", " round", " and", " round", ".", " She"], "acts": [0.0, 0.0, 0.0, 0.0, 0.6684, 0.0, 0.0, 0.0, 0.0, 0.0, 0.0, 0.0, 0.0, 0.0, 0.0, 0.0, 0.0, 0.0, 0.0, 0.0, 0.0, 0.0, 0.8126, 0.0, 8.583, 0.0, 1.4327, 1.974, 0.0, 0.0, 0.0, 0.0, 0.0], "max_pos": 24, "max_act": 8.5859}, {"tokens": [" wanted", " to", " go", " up", " and", " catch", " the", " duck", ".", "\n", "\n", "Just", " then"], "acts": [0.0, 0.8998, 1.7245, 0.0, 8.5839, 0.6354, 0.0, 0.0, 0.0, 0.0, 0.0, 0.0, 0.0], "max_pos": 4, "max_act": 8.5859}, {"tokens": [" is", " a", " successful", " roof", " that", " is", " built", " to", " turn", " purple", " every", " morning", ".\"", "\n", "\n", "Max", " was", " excited", " and", " wanted", " to", " go", " up", " and", " explore", " further", ".", " His", " father", " said", ",", " \""], "acts": [0.0, 0.0, 0.0, 0.0, 0.0, 0.0, 0.0, 0.0, 0.0, 0.0, 0.0, 0.0, 0.0, 0.0, 0.0, 0.0, 0.0, 0.0, 0.0, 0.0, 0.3347, 0.0, 0.0, 8.4124, 0.0, 0.0, 0.0, 0.0, 0.0, 0.0, 0.0, 0.0], "max_pos": 23, "max_act": 8.4141}, {"tokens": [" They", " want", " to", " see", " how", " high", " their", " rocket", " can", " go", ".", " They", " take", " turns", " to", " pull", " the", " string", " and", " watch", " the", " rocket", " zoom", " up", " and", " down", ".", "\n", "\n", "\"", "Wow", ",", " look"], "acts": [0.0, 0.0, 0.7304, 0.0, 0.0, 0.0, 0.0, 0.0, 0.0, 0.0, 0.0, 0.0, 0.0, 0.0, 0.0, 0.0, 0.0, 0.0, 0.0, 0.0, 0.0, 0.0, 0.0, 0.0, 8.1689, 0.0, 0.0, 0.0, 0.0, 0.0, 0.0, 0.0, 0.0], "max_pos": 24, "max_act": 8.1719}, {"tokens": [" He", " looked", " up", " and", " realised", " there", " was", " a", " deep", " pond", " right", " b"], "acts": [0.0, 0.8332, 1.2781, 8.0153, 0.0, 0.0, 0.0, 0.0, 0.0, 0.0, 0.0, 0.0], "max_pos": 3, "max_act": 8.0156}, {"tokens": [" liked", " to", " run", " and", " jump", " and", " slide", ".", " They", " saw", " a", " big", " hill", " with", " a", " lot", " of", " trees", ".", " They", " wanted", " to", " go", " up", " and", " see", " what", " was", " there", ".", "\n", "\n", "\""], "acts": [0.0, 0.0, 0.0, 2.4418, 0.0, 0.0, 0.0, 0.0, 0.0, 0.0, 0.0, 0.0, 0.0, 0.0, 0.0, 0.0, 0.0, 0.0, 0.0, 0.0, 0.0, 0.9113, 0.5872, 0.0, 7.9836, 0.0, 0.0, 0.0, 0.0, 0.0, 0.0, 0.0, 0.0], "max_pos": 24, "max_act": 7.9844}, {"tokens": [" to", " zoom", " on", " it", ".", " He", " raced", " to", " the", " top", " and", " he", " flew", " down", " the", " hill", ".", " It", " felt", " amazing", "!", " He", " went", " up", " and", " down", " the", " hill", " and", " he", " was", " having", " so"], "acts": [0.724, 0.0, 0.0, 0.9197, 0.0, 0.0, 0.0, 0.0, 0.0, 0.0, 1.7179, 0.0, 0.0, 0.0, 0.0, 0.0, 0.0, 0.0, 0.0, 0.0, 0.0, 0.0, 0.0, 0.0, 7.8371, 0.0, 0.0, 0.0, 2.5003, 0.0, 0.0, 0.0, 0.0], "max_pos": 24, "max_act": 7.8359}, {"tokens": [" a", " unique", " parrot", " named", " Polly", " lived", " in", " a", " big", " tree", ".", " Polly", " loved", " to", " soar", " high", " in", " the", " sky", ".", " She", " would", " fly", " up", " and", " up", ",", " then", " come", " back", " down", " to", " her"], "acts": [0.0, 0.0, 0.0, 0.0, 0.0, 0.0, 0.0, 0.0, 0.0, 0.0, 0.0, 0.0, 0.0, 0.0, 0.0, 0.0, 0.0, 0.0, 0.0, 0.0, 0.0, 0.0, 0.0, 0.0, 7.8284, 0.0, 2.9997, 0.0, 0.0, 0.0, 0.0, 1.3523, 0.0], "max_pos": 24, "max_act": 7.8281}]}