{"id": 428, "density": 0.01130975, "max_act": 9.390625, "hist": {"edges": [0.01, 0.0133, 0.0178, 0.0237, 0.0316, 0.0422, 0.0562, 0.075, 0.1, 0.1334, 0.1778, 0.2371, 0.3162, 0.4217, 0.5623, 0.7499, 1.0, 1.3335, 1.7783, 2.3714, 3.1623, 4.217, 5.6234, 7.4989, 10.0, 13.3352, 17.7828, 23.7137, 31.6228, 42.1697, 56.2341, 74.9894, 100.0], "counts": [0, 0, 0, 0, 0, 0, 0, 0, 0, 0, 1, 38, 632, 3244, 6345, 7334, 6162, 4612, 3250, 2084, 1668, 2539, 5177, 2153, 0, 0, 0, 0, 0, 0, 0, 0]}, "logit_lens": {"promoted": [[" proudly", 0.269], [" excitedly", 0.258], [",", 0.253], ["id", 0.225], [" eag", 0.224], [".", 0.213], [" to", 0.203], [" dra", 0.198], [" count", 0.188], ["u", 0.186]], "suppressed": [[" nowhere", 0.274], [" else", 0.271], ["cer", 0.269], ["n", 0.266], ["ay", 0.265], ["ually", 0.264], [" also", 0.253], [" still", 0.248], [" lesson", 0.245], [" distance", 0.239]]}, "examples": [{"tokens": ["\n", "\n", "\"", "S", "h", "h", ",", " it", " is", " a", " secret", ",\"", " Tom", " says", ".", " \"", "We", " have", " to", " hide", " it", ".\""], "acts": [0.0, 0.0, 0.0, 0.0, 0.0, 0.0, 0.0, 0.0, 0.0, 0.0, 0.0, 0.0, 0.0, 9.3904, 0.3978, 0.0, 0.0, 0.0, 0.0, 0.0, 0.0, 0.0], "max_pos": 13, "max_act": 9.3906}, {"tokens": [" their", " bra", "ins", ".", " They", " make", " many", " shapes", " and", " colors", ".", "\n", "\n", "\"", "Look", ",", " Mom", ",", " we", " made", " a", " castle", "!\"", " Kim", " says", ".", "\n", "\n", "\"", "And", " we", " made", " a"], "acts": [0.0, 0.0, 0.0, 0.0, 0.0, 0.0, 0.0, 0.0, 0.0, 0.0, 0.0, 0.0, 0.0, 0.0, 0.0, 0.0, 0.0, 0.0, 0.0, 0.0, 0.0, 0.0, 0.0, 0.0, 9.243, 1.2917, 0.0, 0.0, 0.0, 0.0, 0.0, 0.0, 0.0], "max_pos": 24, "max_act": 9.2422}, {"tokens": [" and", " hairy", "!\"", "\n", "\n", "\"", "S", "h", "h", ",", " be", " quiet", "!\"", " Sam", " says", ".", " He", " puts", " his", " finger", " on", " his", " mouth"], "acts": [0.0, 0.0, 0.0, 0.0, 0.0, 0.0, 0.0, 0.0, 0.0, 0.0, 0.0, 0.0, 0.0, 0.0, 9.1146, 0.7473, 0.0, 0.0, 0.0, 0.0, 0.0, 0.0, 0.0], "max_pos": 14, "max_act": 9.1172}, {"tokens": [".", " She", " own", "s", " the", " stickers", ".", " They", " are", " not", " our", "s", ".\"", "\n", "\n", "\"", "But", " I", " want", " a", " star", " sticker", ",\"", " Lily", " says", ".", " \"", "It", " is", " my", " favorite", " symbol", "."], "acts": [0.0, 0.0, 0.0, 0.0, 0.0, 0.0, 0.0, 0.0, 0.0, 0.0, 0.0, 0.0, 0.0, 0.0, 0.0, 0.0, 0.0, 0.0, 0.0, 0.0, 0.0, 0.0, 0.0, 0.0, 9.0984, 0.7745, 0.0, 0.0, 0.0, 0.0, 0.0, 0.0, 0.0], "max_pos": 24, "max_act": 9.1016}, {"tokens": [" hard", ".", "\n", "\n", "\"", "No", ",", " mine", "!\"", " Sara", " says", ".", " She", " holds", " the", " block", " tight", ".", " She"], "acts": [0.0, 0.0, 0.0, 0.0, 0.0, 0.0, 0.0, 0.0, 0.0, 0.0, 9.0862, 0.9096, 0.0, 0.0, 0.0, 0.0, 0.0, 0.0, 0.0], "max_pos": 10, "max_act": 9.0859}, {"tokens": ["\n", "\"", "Please", ",", " dog", ",", " be", " nice", ",\"", " Anna", " says", ".", " \"", "You", " can", " play", " with", " me", ","], "acts": [0.0, 0.0, 0.0, 0.0, 0.0, 0.0, 0.0, 0.0, 0.0, 0.0, 9.0877, 0.7853, 0.0, 0.0, 0.0, 0.0, 0.0, 0.0, 0.0], "max_pos": 10, "max_act": 9.0859}, {"tokens": [" down", " the", " tree", " and", " hug", " each", " other", ".", "\n", "\n", "\"", "I", "'m", " sorry", ",", " Tom", ",\"", " Lily", " says", ".", " \"", "I", " was", " wrong", ".", " Pe", "anut"], "acts": [0.0, 0.0, 0.0, 0.0, 0.0, 0.0, 0.0, 0.0, 0.0, 0.0, 0.0, 0.0, 0.0, 0.0, 0.0, 0.0, 0.0, 0.0, 9.0352, 0.0, 0.0, 0.0, 0.0, 0.0, 0.0, 0.0, 0.0], "max_pos": 18, "max_act": 9.0391}, {"tokens": [".", "\n", "\n", "\"", "S", "h", "h", ",", " the", " a", "er", "op", "l", "ane", " is", " sleeping", ",\"", " Anna", " says", ".", "\n", "\n", "\"", "OK", ",", " let", "'s"], "acts": [0.0, 0.0, 0.0, 0.0, 0.0, 0.0, 0.0, 0.0, 0.0, 0.0, 0.0, 0.0, 0.0, 0.0, 0.0, 0.0, 0.0, 0.0, 9.0256, 0.0, 0.0, 0.0, 0.0, 0.0, 0.0, 0.0, 0.0], "max_pos": 18, "max_act": 9.0234}, {"tokens": [".", "\n", "\n", "\"", "No", ",", " it", "'s", " my", " turn", "!\"", " Sam", " says", ".", " He", " holds", " the", " watch", " tight", " and", " runs"], "acts": [0.0, 0.0, 0.0, 0.0, 0.0, 0.0, 0.0, 0.0, 0.0, 0.0, 0.0, 0.0, 9.0141, 0.7345, 0.0, 0.0, 0.0, 0.0, 0.0, 0.0, 0.0], "max_pos": 12, "max_act": 9.0156}, {"tokens": ["Where", " are", " the", " other", " blocks", "?\"", " Tom", " asks", ".", "\n", "\n", "\"", "I", " don", "'t", " know", ".", " Maybe", " Mom", " put", " them", " away", ",\"", " Anna", " says", ".", "\n", "\n", "They", " look", " around", " the", " room"], "acts": [0.0, 0.0, 0.0, 0.0, 0.0, 0.0, 0.0, 5.0897, 0.0, 0.0, 0.0, 0.0, 0.0, 0.0, 0.0, 0.0, 0.0, 0.0, 0.0, 0.0, 0.0, 0.0, 0.0, 0.0, 8.9937, 0.0, 0.0, 0.0, 0.0, 0.0, 0.0, 0.0, 0.0], "max_pos": 24, "max_act": 8.9922}, {"tokens": [".", " They", " jump", " off", " the", " pile", " and", " run", " away", ".", "\n", "\n", "\"", "Sorry", ",", " m", "ister", ",", " we", " did", " not", " know", "!\"", " Lily", " says", ".", "\n", "\n", "\"", "Me", " too", ",", " sorry"], "acts": [0.0, 0.0, 0.0, 0.0, 0.0, 0.0, 0.0, 0.0, 0.0, 0.0, 0.0, 0.0, 0.0, 2.1575, 0.0, 0.0, 0.0, 0.0, 0.0, 0.0, 0.0, 0.0, 0.0, 0.0, 8.9847, 0.0, 0.0, 0.0, 0.0, 0.0, 0.0, 0.0, 0.0], "max_pos": 24, "max_act": 8.9844}, {"tokens": [" blue", " card", " and", " looks", " for", " another", " blue", " card", ".", "\n", "\n", "\"", "No", ",", " I", " want", " to", " match", " the", " cards", " by", " shape", ",\"", " Sue", " says", ".", " She", " picks", " up", " a", " circle", " card", " and"], "acts": [0.0, 0.0, 0.0, 0.0, 0.0, 0.0, 0.0, 0.0, 0.0, 0.0, 0.0, 0.0, 0.0, 0.0, 0.0, 0.0, 0.0, 0.0, 0.0, 0.0, 0.0, 0.0, 0.0, 0.0, 8.981, 0.4456, 1.0508, 0.0, 0.0, 0.0, 0.0, 0.0, 0.0], "max_pos": 24, "max_act": 8.9844}]}