{"id": 444, "density": 0.011411, "max_act": 10.03125, "hist": {"edges": [0.01, 0.0133, 0.0178, 0.0237, 0.0316, 0.0422, 0.0562, 0.075, 0.1, 0.1334, 0.1778, 0.2371, 0.3162, 0.4217, 0.5623, 0.7499, 1.0, 1.3335, 1.7783, 2.3714, 3.1623, 4.217, 5.6234, 7.4989, 10.0, 13.3352, 17.7828, 23.7137, 31.6228, 42.1697, 56.2341, 74.9894, 100.0], "counts": [0, 0, 0, 0, 0, 0, 0, 0, 0, 0, 9, 77, 368, 1257, 2979, 5946, 8322, 8609, 7292, 4968, 3251, 920, 336, 1308, 2, 0, 0, 0, 0, 0, 0, 0]}, "logit_lens": {"promoted": [[" songs", 0.388], ["it", 0.306], ["ip", 0.259], [" louder", 0.259], [" along", 0.258], [" \"", 0.241], [" loud", 0.234], ["ue", 0.227], [" cries", 0.222], [" welcome", 0.212]], "suppressed": [["el", 0.324], ["ort", 0.277], ["ak", 0.262], [" differe", 0.261], [" pump", 0.257], ["ars", 0.255], ["ssed", 0.254], ["aking", 0.251], ["els", 0.249], [" scissors", 0.246]]}, "examples": [{"tokens": [" He", " hoped", " she", " would", " still", " be", " his", " friend", ".", " He", " hoped", " the", " wave", " would", " not", " take", " him", " away", ".", "<|endoftext|>", "Lily", " was", " a", " famous", " sing", "er", ".", " She", " sang", " very", " well", " and", " many"], "acts": [0.0, 0.0, 0.0, 0.0, 0.0, 0.0, 0.0, 0.0, 0.0, 0.0, 0.0, 0.0, 0.0, 0.0, 0.0, 0.0, 0.0, 0.0, 0.0, 0.0, 0.0, 0.0, 0.0, 1.6429, 10.0274, 0.0, 0.0, 0.0, 9.6442, 0.0, 0.0, 0.0, 0.0], "max_pos": 24, "max_act": 10.0312}, {"tokens": [" ride", " away", ".", " It", " was", " not", " cold", " anymore", ".", " It", " was", " warm", ".", "<|endoftext|>", "M", "ir", "a", " loves", " to", " sing", ".", " She", " s", "ings", " in", " the", " morning", ","], "acts": [0.0, 0.0, 0.0, 0.0, 0.0, 0.0, 0.0, 0.0, 0.0, 0.0, 0.0, 0.0, 0.0, 0.0, 0.0, 0.0, 0.0, 0.0, 0.0, 10.0016, 0.0, 0.0, 0.684, 4.6688, 0.0, 0.0, 0.0, 0.0], "max_pos": 19, "max_act": 10.0}, {"tokens": [" with", " him", ".", " She", " read", " him", " books", ",", " dress", "ed", " him", " up", ",", " and", " made", " him", " puzz", "les", ".", " She", " also", " sang", " him", " songs", ",", " told", " him", " jokes", ",", " and"], "acts": [0.0, 0.0, 0.0, 0.0, 3.5522, 0.0, 0.0, 0.0, 0.0, 0.0, 0.0, 0.0, 0.0, 0.0, 0.0, 0.0, 0.0, 0.0, 0.0, 0.0, 0.0, 9.9899, 0.0, 5.1647, 0.0, 0.0, 0.0, 0.0, 0.0, 0.0], "max_pos": 21, "max_act": 9.9922}, {"tokens": [" song", " made", " her", " feel", " very", " happy", " and", " she", " decided", " to", " sing", " along", " with", " it", ".", " She", " sang", " a", " quiet", " song", " and", " the", " bird", " sang", " with", " her", ".", "\n", "\n", "When", " she", " finished"], "acts": [4.3939, 0.0, 0.0, 0.0, 0.0, 0.0, 0.0, 0.0, 0.0, 0.0, 9.1473, 0.0, 0.0, 0.0, 0.0, 0.0, 9.765, 0.0, 2.8078, 4.9997, 0.0, 0.0, 0.0, 9.8703, 0.0, 0.0, 0.0, 0.0, 0.0, 0.0, 0.0, 0.0], "max_pos": 23, "max_act": 9.8672}, {"tokens": [",", " something", " special", " happened", ".", " A", " tiny", " frog", " hopped", " out", " from", " the", " grass", " and", " into", " the", " puddle", ".", " He", " sang", " a", " beautiful", " song", " and", " the", " park", " became", " filled"], "acts": [0.0, 0.0, 0.0, 0.0, 0.0, 0.0, 0.0, 0.0, 0.0, 0.0, 0.0, 0.0, 0.0, 0.0, 0.0, 0.0, 0.0, 0.0, 0.0, 9.8542, 0.0, 0.0, 4.7067, 0.0, 0.0, 0.0, 0.0, 0.0], "max_pos": 19, "max_act": 9.8516}, {"tokens": [".", " They", " ch", "ir", "ped", " and", " sang", ".", " They", " flew", " in", " the", " sky", ".", " They"], "acts": [0.0, 0.0, 0.0, 0.0, 3.0307, 0.0, 9.8394, 0.0, 0.0, 1.3638, 0.0, 0.0, 0.0, 0.0, 0.0], "max_pos": 6, "max_act": 9.8359}, {"tokens": [" laugh", " and", " pet", " the", " dog", ".", " They", " forget", " about", " the", " diamond", ".", " They", " are", " happy", ".", "<|endoftext|>", "Lily", " liked", " to", " dance", " and", " sing", ".", " She", " wanted", " to", " perform", " for", " her", " family"], "acts": [0.0, 0.0, 0.0, 0.0, 0.0, 0.0, 0.0, 0.0, 0.0, 0.0, 0.0, 0.0, 0.0, 0.0, 0.0, 0.0, 0.0, 0.0, 0.0, 0.0, 3.0241, 0.0, 9.8176, 0.0, 0.0, 0.0, 0.0, 5.5039, 0.0, 0.0, 0.0], "max_pos": 22, "max_act": 9.8203}, {"tokens": [" old", " lady", " soon", " found", " out", " what", " the", " board", " could", " do", ".", " When", " she", " held", " it", " up", " high", " and", " sang", ",", " wonderful", " music", " seemed", " to", " play", " from", " it"], "acts": [0.0, 0.0, 0.0, 0.0, 0.0, 0.0, 0.0, 0.0, 0.0, 0.0, 0.0, 0.0, 0.0, 0.0, 0.0, 0.0, 0.0, 0.0, 9.7895, 0.0, 0.0, 1.9703, 0.0, 0.0, 0.0, 0.0, 0.0], "max_pos": 18, "max_act": 9.7891}, {"tokens": [" spot", " he", " had", " been", " before", ".", " He", " relax", "ed", " and", " closed", " his", " eyes", ".", " He", " listened", " carefully", " as", " the", " other", " birds", " whist", "led", " and", " sang", ".", " He", " opened", " his", " eyes", " and", " tried", " it"], "acts": [0.0, 0.0, 0.0, 0.0, 0.0, 0.0, 0.0, 0.0, 0.0, 0.0, 0.0, 0.0, 0.0, 0.0, 0.0, 1.5904, 0.0, 0.0, 0.0, 0.0, 0.0, 4.5684, 3.3665, 0.0, 9.7707, 0.0, 0.0, 0.0, 0.0, 0.0, 0.0, 0.0, 0.0], "max_pos": 24, "max_act": 9.7734}, {"tokens": [" remembered", " how", " much", " they", " loved", " to", " share", " music", " together", ".", "\n", "\n", "The", " tall", " girl", " and", " her", " brother", " smiled", " at", " each", " other", " as", " they", " sang", " and", " a", " peaceful", " r", "hy", "th", "m", " filled"], "acts": [0.0, 0.0, 0.0, 0.0, 0.0, 0.0, 0.9698, 2.1092, 0.0, 0.0, 0.0, 0.0, 0.0, 0.0, 0.0, 0.0, 0.0, 0.0, 0.0, 0.0, 0.0, 0.0, 0.0, 0.0, 9.7572, 0.0, 0.0, 0.0, 1.4376, 0.0, 0.0, 0.0, 0.0], "max_pos": 24, "max_act": 9.7578}, {"tokens": [" sing", " and", " dance", ",", " but", " she", " was", " always", " shy", " to", " sing", " in", " front", " of", " other", " people", ".", " One", " day"], "acts": [8.4622, 0.0, 4.8948, 0.0, 0.0, 0.0, 0.0, 0.0, 1.3057, 0.0, 9.7123, 0.0, 0.0, 0.0, 0.0, 0.0, 0.0, 0.0, 0.0], "max_pos": 10, "max_act": 9.7109}, {"tokens": [" m", "ama", " would", " lay", " it", " in", " her", " la", "p", ".", " The", " in", "f", "ant", " would", " laugh", " and", " smile", " and", " giggle", " as", " the", " m", "ama", " sang", " to", " it", ".", " It", " was", " so", " happy", ","], "acts": [0.0, 0.0, 0.0, 0.0, 0.0, 0.0, 0.0, 0.0, 0.0, 0.0, 0.0, 0.0, 0.0, 0.0, 0.0, 0.0, 0.0, 0.0, 0.0, 0.0, 0.0, 0.0, 0.0, 0.0, 9.6806, 0.0, 0.0, 0.0, 0.0, 0.0, 0.0, 0.0, 0.0], "max_pos": 24, "max_act": 9.6797}]}