{"id": 45, "density": 0.01628475, "max_act": 12.2734375, "hist": {"edges": [0.01, 0.0133, 0.0178, 0.0237, 0.0316, 0.0422, 0.0562, 0.075, 0.1, 0.1334, 0.1778, 0.2371, 0.3162, 0.4217, 0.5623, 0.7499, 1.0, 1.3335, 1.7783, 2.3714, 3.1623, 4.217, 5.6234, 7.4989, 10.0, 13.3352, 17.7828, 23.7137, 31.6228, 42.1697, 56.2341, 74.9894, 100.0], "counts": [0, 0, 0, 0, 0, 0, 0, 0, 0, 0, 11, 222, 882, 2594, 6599, 9754, 9757, 9656, 8435, 6240, 4545, 2742, 2028, 1415, 259, 0, 0, 0, 0, 0, 0, 0]}, "logit_lens": {"promoted": [[" gentle", 0.392], [" respectful", 0.387], [" helpful", 0.368], [" kind", 0.333], [" polite", 0.319], [" careful", 0.307], [" friendly", 0.307], [" patient", 0.299], [" sound", 0.294], [" resp", 0.29]], "suppressed": [[" nowhere", 0.26], [" missing", 0.24], [" another", 0.23], [" frown", 0.222], [" disappeared", 0.22], [" everywhere", 0.216], ["r", 0.214], [" smaller", 0.201], [" lost", 0.19], [" fe", 0.183]]}, "examples": [{"tokens": [" happy", ".", " And", " that", " made", " Daisy", " happy", " too", ".", " The", " moral", " value", " of", " the", " story", " is", " that", " we", " should", " always", " be", " kind", " and", " help", " others", " when", " they", " need", " it", ".", "<|endoftext|>"], "acts": [0.0, 0.0, 0.0, 0.0, 0.0, 0.0, 0.0, 0.0, 0.0, 0.0, 0.0, 0.0, 0.0, 0.0, 0.0, 0.0, 0.0, 0.0, 0.0, 0.0, 0.0, 0.0, 12.2758, 0.0, 0.0, 0.0, 0.0, 0.0, 0.0, 0.0, 0.0], "max_pos": 22, "max_act": 12.2734}, {"tokens": [" be", " nice", " and", " be", " kind", " to", " others", ".\"", " \n", "\n", "The", " moral", " of", " the", " story", " is", " that", " we", " should", " always", " remember", " to", " be", " kind", " and", " gentle", " to", " all", ",", " even", " when", " we", " are"], "acts": [0.0, 0.0, 11.4202, 0.0, 0.0, 1.6641, 0.0, 0.0, 0.0, 0.0, 0.0, 0.0, 0.0, 0.0, 0.0, 0.0, 0.0, 0.0, 0.0, 0.8511, 0.0, 1.0372, 0.0, 0.0, 11.9344, 1.5201, 1.5442, 0.0, 0.0, 0.0, 0.0, 0.0, 0.0], "max_pos": 24, "max_act": 11.9375}, {"tokens": [" not", " happy", ".", " He", " said", ",", " \"", "You", " should", " not", " fight", " over", " things", ".", " You", " should", " respect", " each", " other", ".", " You", " should", " be", " kind", " and", " generous", ".", " You", " should", " apolog", "ize", " to", " each"], "acts": [0.0, 0.0, 0.0, 0.0, 0.0, 0.0, 0.0, 0.0, 0.7881, 0.0, 0.0, 0.0, 0.0, 0.0, 0.0, 0.7237, 0.0, 0.0, 0.0, 0.0, 0.0, 0.0, 0.0, 0.0, 11.8435, 0.0, 0.0, 0.0, 1.0753, 0.0, 0.0, 0.0, 0.0], "max_pos": 24, "max_act": 11.8438}, {"tokens": [" important", " to", " welcome", " people", " into", " our", " home", ".", " We", " should", " always", " be", " kind", " and", " friendly", ".\"", " Timmy", " remembered", " what", " his", " mom", " said"], "acts": [0.0, 0.0, 0.0, 0.0, 0.0, 0.0, 0.0, 0.0, 0.0, 0.0, 0.0, 0.0, 0.8902, 11.8474, 0.0, 0.0, 0.0, 0.0, 0.0, 0.0, 0.0, 0.0], "max_pos": 13, "max_act": 11.8438}, {"tokens": ["Mom", " hugs", " them", ".", " She", " says", ",", " \"", "I", "'m", " proud", " of", " you", ",", " Sara", " and", " Tom", ".", " You", " are", " learning", " to", " be", " kind", " and", " polite", ".", " That", "'s", " very", " important", ".", " Now"], "acts": [0.0, 0.0, 0.0, 0.0, 0.0, 0.0, 0.0, 0.0, 0.0, 0.0, 0.0, 0.0, 0.0, 0.0, 0.0, 0.0, 0.0, 0.0, 0.0, 0.0, 0.0, 0.0, 0.0, 0.0, 11.8394, 0.0, 0.0, 0.0, 0.0, 0.0, 0.0, 0.0, 0.0], "max_pos": 24, "max_act": 11.8359}, {"tokens": [" that", " sometimes", ",", " we", " need", " to", " let", " go", " of", " things", " we", " love", ".", " From", " that", " day", " on", ",", " Lily", " always", " remembered", " to", " be", " kind", " and", " gentle", " to", " everyone", " and", " everything", " around", " her", "."], "acts": [0.0, 0.0, 0.0, 0.0, 0.0, 0.0, 0.0, 0.0, 0.0, 0.0, 0.0, 0.0, 0.0, 0.0, 0.0, 0.0, 0.0, 0.0, 0.0, 0.0, 0.0, 0.9493, 0.0, 0.0, 11.8189, 1.3048, 1.816, 0.0, 4.839, 0.0, 0.0, 0.0, 0.0], "max_pos": 24, "max_act": 11.8203}, {"tokens": [" sad", ".", " You", " are", " making", " your", " friends", " sad", ".", " You", " are", " making", " yourself", " sad", ".", " You", " have", " to", " choose", " to", " be", " kind", " and", " humble", ".", " You", " have", " to", " choose", " to", " respect"], "acts": [0.0, 0.0, 0.0, 0.0, 0.0, 0.0, 0.0, 0.0, 0.0, 0.0, 0.0, 0.0, 0.0, 0.0, 0.0, 0.0, 0.0, 0.0, 0.0, 0.0, 0.0, 0.0, 11.7897, 0.0, 0.0, 0.0, 0.0, 0.0, 0.0, 0.0, 0.0], "max_pos": 22, "max_act": 11.7891}, {"tokens": [" and", " promised", " to", " be", " more", " careful", " the", " next", " time", ".", " \n", "\n", "The", " moral", " of", " the", " story", " is", " that", " we", " should", " always", " be", " kind", " and", " respectful", " to", " others", ",", " and", " never", " take", " things"], "acts": [1.7615, 0.0, 0.0, 0.0, 0.0, 0.0, 0.0, 0.0, 0.0, 0.0, 0.0, 0.0, 0.0, 0.0, 0.0, 0.0, 0.0, 0.0, 0.0, 0.0, 0.0, 0.8712, 0.0, 0.0, 11.6744, 0.0, 1.0687, 0.0, 0.0, 2.7367, 0.0, 0.0, 0.0], "max_pos": 24, "max_act": 11.6719}, {"tokens": [" not", " be", " rude", " and", " mean", " to", " anyone", ".", " You", " should", " not", " ju", "dge", " others", " by", " their", " app", "ear", "ance", ".", " You", " should", " be", " kind", " and", " forg", "i", "ving", ".", " You", " should", " make", " friends"], "acts": [0.0, 0.0, 0.0, 5.5558, 0.0, 0.0, 0.0, 0.0, 0.0, 0.0, 0.0, 0.0, 0.0, 0.0, 0.0, 0.0, 0.0, 0.0, 0.0, 0.0, 0.0, 0.0, 0.0, 0.0, 11.6713, 0.0, 0.0, 0.0, 0.0, 0.0, 0.0, 0.0, 0.0], "max_pos": 24, "max_act": 11.6719}, {"tokens": [" kind", " to", " everyone", ",", " even", " if", " they", " are", " different", " from", " us", ".", " The", " moral", " of", " the", " story", " is", " that", " we", " should", " always", " be", " kind", " and", " help", " those", " in", " need", ",", " no", " matter", " who"], "acts": [0.0, 1.2081, 0.0, 0.0, 0.0, 0.0, 0.0, 0.0, 0.0, 0.0, 0.0, 0.0, 0.0, 0.0, 0.0, 0.0, 0.0, 0.0, 0.0, 0.0, 0.0, 0.0, 0.0, 0.0, 11.6614, 0.0, 0.0, 0.0, 0.0, 0.0, 0.0, 0.0, 0.0], "max_pos": 24, "max_act": 11.6641}, {"tokens": [" the", " best", " of", " friends", ".", " They", " learned", " that", " helping", " others", " can", " bring", " happiness", " and", " new", " friends", ".", " And", " they", " always", " remembered", " to", " be", " kind", " and", " helpful", " to", " everyone", " they", " met", ".", "<|endoftext|>", "Once"], "acts": [0.0, 0.0, 0.0, 0.0, 0.0, 0.0, 0.0, 0.0, 0.0, 0.0, 0.0, 0.0, 0.0, 3.3552, 0.0, 0.0, 0.0, 0.0, 0.0, 0.0, 0.0, 0.0, 0.0, 0.0, 11.6656, 0.0, 1.3732, 0.0, 0.0, 0.0, 0.0, 0.0, 0.0], "max_pos": 24, "max_act": 11.6641}, {"tokens": [" When", " she", " woke", " up", ",", " she", " felt", " happy", " and", " ref", "re", "shed", ".", " From", " that", " day", " on", ",", " Kitty", " always", " remembered", " to", " be", " kind", " and", " share", " with", " her", " friends", ",", " just", " like", " C"], "acts": [0.0, 0.0, 0.0, 0.0, 0.0, 0.0, 0.0, 0.0, 3.7053, 0.0, 0.0, 0.0, 0.0, 0.0, 0.0, 0.0, 0.0, 0.0, 0.0, 0.0, 0.0, 0.8019, 0.0, 0.7159, 11.6113, 0.0, 0.0, 0.0, 0.0, 0.0, 0.0, 0.0, 0.0], "max_pos": 24, "max_act": 11.6094}]}