{"id": 460, "density": 0.0036055, "max_act": 10.171875, "hist": {"edges": [0.01, 0.0133, 0.0178, 0.0237, 0.0316, 0.0422, 0.0562, 0.075, 0.1, 0.1334, 0.1778, 0.2371, 0.3162, 0.4217, 0.5623, 0.7499, 1.0, 1.3335, 1.7783, 2.3714, 3.1623, 4.217, 5.6234, 7.4989, 10.0, 13.3352, 17.7828, 23.7137, 31.6228, 42.1697, 56.2341, 74.9894, 100.0], "counts": [0, 0, 0, 0, 0, 0, 0, 0, 0, 0, 1, 20, 206, 621, 1050, 2046, 2366, 2078, 2066, 987, 219, 53, 188, 2520, 1, 0, 0, 0, 0, 0, 0, 0]}, "logit_lens": {"promoted": [[" of", 0.638], [" that", 0.333], [" too", 0.222], [" full", 0.217], [" hands", 0.201], ["ement", 0.198], ["c", 0.198], ["ment", 0.196], [" up", 0.194], [" about", 0.194]], "suppressed": [["it", 0.295], ["ird", 0.268], ["erly", 0.264], [" walked", 0.264], ["ates", 0.262], ["ank", 0.262], ["la", 0.258], [" fro", 0.253], [" year", 0.246], [" don", 0.238]]}, "examples": [{"tokens": [" From", " that", " day", " on", "wards", ",", " the", " train", " always", " beh", "a", "ved", " and", " the", " driver", " was", " very", " proud", " of", " his", " train", ".", "<|endoftext|>", "Tommy", " was", " very"], "acts": [0.0, 0.0, 0.0, 0.0, 0.0, 0.0, 0.0, 0.0, 0.0, 0.0, 0.0, 0.0, 0.0, 0.0, 0.0, 0.0, 0.0, 10.1747, 0.0, 0.0, 0.0, 0.0, 0.0, 0.0, 0.0, 0.0], "max_pos": 17, "max_act": 10.1719}, {"tokens": ["ture", ".", " They", " worked", " hard", " and", " it", " soon", " became", " a", " beautiful", " sc", "u", "lp", "ture", ".", "\n", "\n", "R", "o", "ger", " and", " Sally", " were", " proud", " of", " their", " cre", "ation", ".", " But", " then", ","], "acts": [0.0, 0.0, 0.0, 0.0, 0.0, 0.0, 0.0, 0.0, 0.0, 0.0, 0.0, 0.0, 0.0, 0.0, 0.0, 0.0, 0.0, 0.0, 0.0, 0.0, 0.0, 0.0, 0.0, 0.0, 9.6499, 0.0, 0.0, 0.0, 0.0, 0.0, 0.0, 0.0, 0.0], "max_pos": 24, "max_act": 9.6484}, {"tokens": [" water", " at", " the", " shark", ".", " The", " shark", " swam", " away", " and", " Tim", " was", " safe", ".", " Tim", "'s", " dad", " was", " very", " proud", " of", " himself", " and", " Tim", " was", " happy", " to", " be"], "acts": [0.0, 0.0, 0.0, 0.0, 0.0, 0.0, 0.0, 0.0, 0.0, 0.0, 0.0, 0.0, 0.0, 0.0, 0.0, 0.0, 0.0, 0.0, 0.0, 9.6343, 0.0, 0.0, 0.0, 0.0, 0.0, 0.7013, 0.0, 0.0], "max_pos": 19, "max_act": 9.6328}, {"tokens": [" help", " her", " hang", " up", " her", " picture", ".", " Her", " dad", " said", " yes", " and", " was", " very", " proud", " of", " the", " picture", " Jane", " had", " dra", "wn", "."], "acts": [0.0, 0.0, 0.0, 0.0, 0.0, 0.0, 0.0, 0.0, 0.0, 0.0, 0.0, 0.0, 0.0, 0.0, 9.5884, 0.0, 0.0, 0.0, 0.0, 0.0, 0.0, 0.0, 0.0], "max_pos": 14, "max_act": 9.5859}, {"tokens": ["\n", "\n", "Finally", ",", " the", " little", " boy", " finished", ".", " He", " was", " very", " proud", " of", " himself", "!", " He", " opened", " the", " door", " to"], "acts": [0.0, 0.0, 0.0, 0.0, 0.0, 0.0, 0.0, 0.0, 0.0, 0.0, 0.0, 0.0, 9.5734, 0.0, 0.0, 0.0, 0.0, 0.0, 0.0, 0.0, 0.0], "max_pos": 12, "max_act": 9.5703}, {"tokens": [" how", " much", " N", "ick", " had", " done", " with", " his", " sp", "ade", ".", " Everyone", " cheered", " and", " clapped", " for", " him", ".", "\n", "\n", "N", "ick", " felt", " very", " proud", " of", " himself", ".", " He", " knew", " he", " had", " done"], "acts": [0.0, 0.0, 0.0, 0.0, 0.0, 0.0, 0.0, 0.0, 0.0, 0.0, 0.0, 0.0, 0.0, 0.0, 0.0, 0.0, 0.0, 0.0, 0.0, 0.0, 0.0, 0.0, 0.0, 0.0, 9.5268, 0.0, 0.0, 0.0, 0.0, 0.0, 0.0, 0.0, 0.0], "max_pos": 24, "max_act": 9.5234}, {"tokens": ["a", "ving", " helped", " Grandpa", " so", " much", ",", " Amy", " was", " really", " proud", " of", " herself", ".", " Grandpa", " picked", " her", " up", " and"], "acts": [0.0, 0.0, 0.0, 0.0, 0.0, 0.9198, 0.0, 0.0, 0.0, 0.0, 9.5231, 0.0, 0.0, 0.0, 0.0, 0.0, 0.0, 0.0, 0.0], "max_pos": 10, "max_act": 9.5234}, {"tokens": [" tea", ".", " But", " then", ",", " she", " remembered", " her", " mom", "'s", " in", "str", "uct", "ions", " and", " made", " tea", " all", " by", " herself", "!", " She", " felt", " very", " proud", " and", " enjoyed", " her", " tea", " and", " cookies", ".", " The"], "acts": [0.0, 0.0, 0.0, 0.0, 0.0, 0.0, 0.0, 0.0, 0.0, 0.0, 0.0, 0.0, 0.0, 0.0, 0.0, 0.0, 0.0, 0.0, 0.0, 0.0, 0.0, 0.0, 0.0, 0.0, 9.512, 0.0, 0.0, 0.0, 0.0, 0.0, 0.0, 0.0, 0.0], "max_pos": 24, "max_act": 9.5156}, {"tokens": [" work", ".", " Lily", " thanked", " the", " fairy", " and", " was", " very", " proud", " of", " herself", " that", " she", " had", " sol", "ved", " the"], "acts": [0.0, 0.0, 0.0, 0.0, 0.0, 0.0, 0.0, 0.0, 0.0, 9.5164, 0.0, 0.0, 0.0, 0.0, 0.0, 0.0, 0.0, 0.0], "max_pos": 9, "max_act": 9.5156}, {"tokens": [",", " the", " messy", " pattern", " was", " now", " neat", " and", " tidy", " and", " the", " new", " pattern", " was", " pretty", ".", "\n", "\n", "The", " mom", " and", " daughter", " were", " both", " proud", " at", " what", " the", " little", " girl", " had", " acc", "om"], "acts": [0.0, 0.0, 0.0, 0.0, 0.0, 0.0, 0.0, 0.0, 1.2278, 0.0, 0.0, 0.0, 0.0, 0.0, 0.0, 0.0, 0.0, 0.0, 0.0, 0.0, 0.0, 0.0, 0.0, 0.0, 9.5073, 0.0, 0.0, 0.0, 0.0, 0.0, 0.0, 0.0, 0.0], "max_pos": 24, "max_act": 9.5078}, {"tokens": [" his", " clay", " and", " wip", "e", " board", " every", " day", ".", " He", " even", " made", " a", " clay", " hold", "er", " for", " his", " mark", "ers", ".", " Timmy", " was", " very", " proud", " of", " himself", " and", " happy", " he", " found", " the", " hidden"], "acts": [0.0, 0.0, 0.0, 0.0, 0.0, 0.0, 0.0, 0.0, 0.0, 0.0, 0.0, 0.6472, 0.0, 0.0, 0.0, 2.5606, 0.0, 0.0, 0.0, 0.0, 0.0, 0.0, 0.0, 0.0, 9.4893, 0.0, 0.0, 0.0, 0.6305, 0.0, 0.0, 0.0, 0.0], "max_pos": 24, "max_act": 9.4922}, {"tokens": [" their", " hair", " until", " it", " was", " perfect", ".", " They", " were", " both", " proud", " of", " themselves", ".", " They", " both", " had", " learned", " something"], "acts": [0.0, 0.0, 0.0, 0.0, 0.0, 0.0, 0.0, 0.0, 0.0, 0.0, 9.485, 0.0, 0.0, 0.0, 0.0, 0.0, 0.0, 0.0, 0.0], "max_pos": 10, "max_act": 9.4844}]}