{"id": 480, "density": 0.02933425, "max_act": 4.20703125, "hist": {"edges": [0.01, 0.0133, 0.0178, 0.0237, 0.0316, 0.0422, 0.0562, 0.075, 0.1, 0.1334, 0.1778, 0.2371, 0.3162, 0.4217, 0.5623, 0.7499, 1.0, 1.3335, 1.7783, 2.3714, 3.1623, 4.217, 5.6234, 7.4989, 10.0, 13.3352, 17.7828, 23.7137, 31.6228, 42.1697, 56.2341, 74.9894, 100.0], "counts": [0, 0, 0, 0, 0, 0, 0, 0, 0, 2, 26, 560, 4734, 17352, 27095, 25791, 20207, 13221, 6651, 1636, 62, 0, 0, 0, 0, 0, 0, 0, 0, 0, 0, 0]}, "logit_lens": {"promoted": [[" \"", 0.272], ["iest", 0.25], ["ten", 0.245], [" ostrich", 0.228], ["\ufffd", 0.225], ["ever", 0.219], [" animal", 0.213], ["als", 0.208], [" true", 0.203], [" teeth", 0.202]], "suppressed": [["ing", 0.316], ["ud", 0.266], ["ard", 0.246], [" pol", 0.244], ["ig", 0.228], [" allowed", 0.226], [" welc", 0.225], [" ne", 0.207], [" comfortable", 0.206], [" brightly", 0.2]]}, "examples": [{"tokens": [" Why", " did", " the", " chicken", " cross", " the", " road", "?\"", " Tim", " giggled", " and", " said", ",", " \"", "To", " get", " to", " the", " other", " side", "!\"", " They", " both", " laughed", ".", "\n", "\n", "When", " the", " train", " arrived", ",", " they"], "acts": [0.0, 0.0, 0.0, 0.0, 0.0, 0.0, 0.0, 1.1764, 0.0, 0.0, 0.0, 0.0, 0.0, 0.5634, 0.0, 0.0, 0.0, 0.0, 0.0, 0.0, 1.5395, 0.0, 0.0, 0.0, 4.206, 0.0, 1.5783, 0.0, 0.0, 0.0, 0.0, 0.0, 0.0], "max_pos": 24, "max_act": 4.207}, {"tokens": [",", " \"", "U", "gly", "!\"", " \"", "P", "ret", "ty", "!\"", " \"", "U", "gly", "!\"", " \"", "P", "ret", "ty", "!\"", " They", " are", " loud", " and", " angry", ".", "\n", "\n", "Mom", " hears", " them", " from", " down", "stairs"], "acts": [0.0, 0.0, 0.0, 0.0, 1.5296, 0.0, 0.0, 0.0, 0.0, 1.3233, 0.0, 0.0, 0.0, 1.2318, 0.0, 0.0, 0.0, 0.0, 1.175, 0.0, 0.0, 0.0, 0.0, 0.0, 3.9479, 0.0, 1.7967, 0.0, 0.0, 0.0, 0.0, 0.0, 0.0], "max_pos": 24, "max_act": 3.9473}, {"tokens": ["\n", "\"", "M", "m", "m", ",", " yummy", "!\"", " Ben", " said", ".", " \"", "Can", " I", " have", " some", "?\"", "\n", "\n", "\"", "No", "!\"", " Sara", " shouted", ".", " \"", "It", "'s", " mine", "!", " Go", " away", "!\""], "acts": [0.0, 0.0, 0.0, 0.0, 0.0, 0.0, 0.0, 0.0, 0.0, 0.0, 1.262, 0.0, 0.0, 0.0, 0.0, 0.0, 0.0, 0.0, 0.0, 0.0, 0.0, 0.5631, 0.0, 0.0, 3.6332, 1.0383, 0.0, 0.0, 0.0, 0.0, 0.0, 0.0, 0.0], "max_pos": 24, "max_act": 3.6328}, {"tokens": [" quar", "rel", ".", " \"", "You", " are", " a", " bad", " cat", "!\"", " said", " the", " little", " bird", ".", " \"", "No", ",", " I", " am", " not", "!\"", " said", " Fluffy", ".", " They", " were", " very", " loud", ".", "\n", "\n", "The"], "acts": [0.0, 0.0, 0.0, 0.0, 0.0, 0.0, 0.0, 0.0, 0.0, 0.0, 0.0, 0.0, 0.0, 0.0, 2.8973, 0.618, 0.0, 0.0, 0.0, 0.0, 0.0, 1.0721, 0.0, 0.0, 3.6187, 0.0, 0.0, 0.0, 0.0, 3.2593, 0.0, 1.4841, 0.0], "max_pos": 24, "max_act": 3.6191}, {"tokens": [" too", " and", " eat", " leaves", ".", " She", " said", " the", " word", " \"", "g", "ir", "af", "fe", "\"", " over", " and", " over", ".", " She", " liked", " how", " it", " sounded", ".", "\n", "\n", "\"", "Can", " you", " say", " another", " word"], "acts": [0.0, 0.0, 0.0, 0.0, 1.6031, 0.0, 0.0, 0.0, 0.0, 0.0, 0.0, 0.0, 0.0, 0.0, 2.3281, 0.0, 0.0, 0.0, 2.306, 0.0, 0.0, 0.0, 0.0, 0.0, 3.5946, 0.0, 1.6873, 0.0, 0.0, 0.0, 0.0, 0.0, 0.0], "max_pos": 24, "max_act": 3.5938}, {"tokens": ["hing", " happened", ".", " He", " pointed", " it", " at", " the", " lamp", ".", " He", " said", ",", " \"", "L", "amp", ",", " shr", "ink", "!\"", " N", "ot", "hing", " happened", ".", " He", " pointed", " it", " at", " Lily", ".", " He", " said"], "acts": [0.0, 0.0, 3.2033, 0.0, 0.0, 0.0, 0.0, 0.0, 0.0, 2.3405, 0.0, 0.0, 0.0, 0.0, 0.0, 0.0, 0.0, 0.0, 0.0, 1.3127, 0.0, 0.0, 0.0, 0.0, 3.594, 0.0, 0.0, 0.0, 0.0, 0.0, 2.3225, 0.0, 0.0], "max_pos": 24, "max_act": 3.5938}, {"tokens": [".", " But", " it", " was", " too", " heavy", " for", " her", ",", " and", " she", " spilled", " some", " water", " on", " the", " ground", ".", " \"", "Oh", " no", "!\"", " she", " said", ".", " \"", "I", "'m", " not", " wise", " like", " you", ","], "acts": [1.7349, 0.0, 0.0, 0.0, 0.0, 0.0, 0.0, 0.0, 0.0, 0.0, 0.0, 0.0, 0.0, 0.0, 0.0, 0.0, 0.0, 1.2604, 0.0, 0.0, 0.0, 0.0, 0.0, 0.0, 3.564, 0.9241, 0.0, 0.0, 0.0, 0.0, 0.0, 0.0, 0.0], "max_pos": 24, "max_act": 3.5645}, {"tokens": ["!\"", " Tom", " says", ".", " \"", "It", " is", " a", " truck", "!\"", " \"", "We", " can", " put", " our", " ball", " in", " the", " tra", "il", "er", "!\"", " Anna", " says", ".", " \"", "We", " can", " drive", " it", " around", " the", " house"], "acts": [0.9152, 0.0, 0.0, 3.1023, 0.8222, 0.0, 0.0, 0.0, 0.0, 1.464, 0.802, 0.0, 0.0, 0.0, 0.0, 0.0, 0.0, 0.0, 0.0, 0.0, 0.0, 1.8553, 0.0, 0.0, 3.5501, 1.3052, 0.0, 0.0, 0.0, 0.0, 0.0, 0.0, 0.0], "max_pos": 24, "max_act": 3.5508}, {"tokens": [" eat", ".", " \"", "You", " can", " visit", " my", " bean", ",", " but", " don", "'t", " eat", " it", ",", " okay", "?\"", " The", " bird", " nodded", " again", " and", " flew", " away", ".", "\n", "\n", "D", "ay", "s", " went", " by", ","], "acts": [0.0, 0.0, 0.0, 0.0, 0.0, 0.0, 0.0, 0.0, 0.0, 0.0, 0.0, 0.0, 0.0, 0.0, 0.0, 0.0, 0.0, 0.0, 0.0, 0.0, 0.0, 0.0, 0.0, 0.0, 3.5225, 0.0, 1.7195, 0.0, 0.0, 0.0, 0.0, 0.0, 0.0], "max_pos": 24, "max_act": 3.5234}, {"tokens": [" on", " your", " tail", "!\"", " Lily", " suggested", ".", "\n", "\n", "Max", "'s", " tail", " wagged", " even", " faster", ".", " \"", "That", " sounds", " like", " fun", "!\"", " he", " barked", ".", " So", ",", " Lily", " found", " a", " pretty", " r", "ibb"], "acts": [0.0, 0.0, 0.0, 0.0, 0.0, 0.0, 2.205, 0.0, 0.9342, 0.0, 0.0, 0.0, 0.0, 0.0, 0.0, 2.5994, 0.0, 0.0, 0.0, 0.0, 0.0, 0.0, 0.0, 0.0, 3.5236, 0.0, 0.0, 0.0, 0.0, 0.0, 0.0, 0.0, 0.0], "max_pos": 24, "max_act": 3.5234}, {"tokens": [",", " \"", "I", " would", " love", " to", " buy", " your", " cactus", "!\"", " Jack", " sold", " the", " cactus", " to", " his", " friend", " and", " they", " both", " smiled", ".", " The", " end", ".", "<|endoftext|>", "Once", " upon", " a", " time", ",", " there", " was"], "acts": [0.0, 0.0, 0.0, 0.0, 0.0, 0.0, 0.0, 0.0, 0.0, 0.685, 0.0, 0.0, 0.0, 0.0, 0.0, 0.0, 0.0, 0.0, 0.0, 0.0, 0.0, 2.2327, 0.0, 0.0, 3.5101, 0.0, 0.0, 0.0, 0.0, 0.0, 0.0, 0.0, 0.0], "max_pos": 24, "max_act": 3.5098}, {"tokens": ["ing", ".", " After", " a", " little", " while", ",", " Mama", " said", ",", " \"", "That", "'s", " enough", ".", " Let", "'s", " eat", "!\"", " They", " ate", " the", " soup", " together", ".", " It", " was", " delicious", "!", " M", "ich", "a", "el"], "acts": [0.0, 2.8949, 0.0, 0.0, 0.0, 0.0, 0.0, 0.0, 0.0, 0.0, 0.0, 0.0, 0.0, 0.0, 1.2067, 0.0, 0.0, 0.0, 1.2384, 0.0, 0.0, 0.0, 0.0, 0.0, 3.4387, 0.0, 0.0, 0.0, 2.5456, 0.0, 0.0, 1.3107, 0.0], "max_pos": 24, "max_act": 3.4395}]}