{"id": 483, "density": 0.02903275, "max_act": 7.02734375, "hist": {"edges": [0.01, 0.0133, 0.0178, 0.0237, 0.0316, 0.0422, 0.0562, 0.075, 0.1, 0.1334, 0.1778, 0.2371, 0.3162, 0.4217, 0.5623, 0.7499, 1.0, 1.3335, 1.7783, 2.3714, 3.1623, 4.217, 5.6234, 7.4989, 10.0, 13.3352, 17.7828, 23.7137, 31.6228, 42.1697, 56.2341, 74.9894, 100.0], "counts": [0, 0, 0, 0, 0, 0, 0, 0, 0, 1, 28, 173, 950, 4229, 11089, 17337, 17595, 13209, 11220, 15726, 16496, 7654, 424, 0, 0, 0, 0, 0, 0, 0, 0, 0]}, "logit_lens": {"promoted": [[" eyes", 0.201], [" crayons", 0.167], [" until", 0.162], [".", 0.158], [" as", 0.157], [" other", 0.156], [" hands", 0.151], [" imag", 0.138], [" wind", 0.137], [" all", 0.135]], "suppressed": [["ound", 0.378], [" dest", 0.34], ["ucked", 0.337], ["imed", 0.335], ["sed", 0.332], [" import", 0.322], [" hadn", 0.322], [" size", 0.319], ["Here", 0.315], [" goal", 0.312]]}, "examples": [{"tokens": [" was", " no", " longer", " scared", ".", "<|endoftext|>", "Benny", " was", " at", " the", " air", "port", " with", " his", " mom", ".", " He", " watched", " as", " people", " moved", " around", " him", " with", " huge", " su", "itc", "as", "es", ".", " They", " made", " careful"], "acts": [0.0, 0.0, 0.0, 0.0, 0.0, 0.0, 0.0, 0.0, 0.0, 0.0, 0.0, 0.0, 1.4639, 5.1703, 4.3009, 0.0, 0.0, 0.0, 0.0, 0.0, 0.0, 0.0, 0.0, 0.0, 7.0256, 2.9223, 0.0, 1.4027, 3.0672, 0.0, 0.0, 0.0, 0.0], "max_pos": 24, "max_act": 7.0273}, {"tokens": ["?\"", " Lily", " smiled", " and", " said", ",", " \"", "My", " name", " is", " Lily", ".", " Do", " you", " want", " to", " sit", " on", " my", " green", " arm", "ch", "air", " with", " me", "?\"", " The", " cat", " nodded", " and", " jumped", " onto", " the"], "acts": [0.0, 0.0, 0.0, 0.0, 0.0, 0.0, 0.0, 0.0, 0.0, 0.0, 0.0, 0.0, 0.0, 0.0, 0.0, 0.0, 0.0, 0.0, 0.0, 0.0, 0.0, 0.0, 0.0, 0.0, 6.9659, 0.0, 0.0, 0.0, 0.0, 0.0, 0.0, 0.0, 0.0], "max_pos": 24, "max_act": 6.9648}, {"tokens": [" so", " she", " carried", " it", " with", " her", " everywhere", " she", " went", ".", " One", " sunny", " day", ","], "acts": [0.0, 0.0, 0.0, 1.0229, 0.0, 6.8835, 0.9825, 0.0, 0.0, 0.0, 0.0, 0.0, 0.0, 0.0], "max_pos": 5, "max_act": 6.8828}, {"tokens": [" and", " they", " were", " so", " happy", ".", "\n", "\n", "When", " it", " was", " time", " to", " go", " home", ",", " the", " kids", " said", " goodbye", " to", " each", " other", " with", " huge", " smiles", " on", " their", " faces", ".", " They", " had", " so"], "acts": [0.0, 0.0, 0.0, 0.0, 0.0, 0.0, 0.0, 0.0, 0.0, 0.0, 0.0, 0.0, 0.0, 0.0, 0.0, 0.0, 0.0, 0.0, 0.0, 0.0, 0.0, 0.0, 0.9853, 0.542, 6.7879, 4.6183, 0.0, 0.0, 0.0, 0.0, 0.0, 0.0, 0.0], "max_pos": 24, "max_act": 6.7891}, {"tokens": [" ready", " to", " carry", " on", " with", " her", " day", ".", "<|endoftext|>", "Once", " upon", " a", " time", ","], "acts": [0.0, 0.0, 0.0, 0.0, 2.7679, 6.7295, 2.1687, 0.0, 0.0, 0.0, 0.0, 0.0, 0.0, 0.0], "max_pos": 5, "max_act": 6.7305}, {"tokens": [" the", " store", " with", " her", " mom", ".", " There", ",", " she", " saw", " a", " sign"], "acts": [0.0, 0.0, 3.5366, 6.71, 5.2742, 0.0, 0.0, 0.6578, 0.0, 0.0, 0.0, 0.0], "max_pos": 3, "max_act": 6.7109}, {"tokens": [" her", " wagon", " every", " day", ".", " She", " filled", " it", " with", " all", " her", " toys", " and", " even", " took", " it", " down", " the", " street", " with", " her", ".", " Everywhere", " she", " went", ",", " she", " could", " be"], "acts": [0.0, 0.0, 0.0, 0.0, 0.0, 0.0, 0.0, 0.0, 0.0, 1.3319, 1.1049, 1.2072, 0.0, 0.0, 0.0, 0.0, 0.0, 0.0, 0.0, 0.9154, 6.7075, 0.0, 0.0, 0.0, 0.0, 0.0, 0.0, 0.0, 0.0], "max_pos": 20, "max_act": 6.707}, {"tokens": [" he", " had", " such", " a", " lovely", " day", ".", "<|endoftext|>", "Mia", " was", " very", " excited", ".", " She", " was", " going", " to", " take", " a", " ride", " in", " the", " car", " with", " her", " mom", ".", "\n", "\n", "\"", "We", " have", " to"], "acts": [0.0, 0.0, 0.0, 0.0, 0.0, 0.0, 0.0, 0.0, 0.0, 0.0, 0.0, 0.0, 0.0, 0.0, 0.0, 0.0, 0.0, 0.0, 0.0, 0.0, 0.0, 0.0, 0.6684, 0.0, 6.6402, 5.0657, 0.0, 0.0, 0.0, 0.0, 0.0, 0.0, 0.0], "max_pos": 24, "max_act": 6.6406}, {"tokens": [" you", " may", " come", " in", " and", " explore", " the", " secret", " door", "!\"", "\n", "\n", "And", " so", ",", " Peter", " did", ".", " He", " explored", " the", " secret", " door", " with", " great", " curi", "os", "ity", " and", " had", " many", " adventures", "!"], "acts": [0.0, 0.0, 0.0, 0.0, 0.0, 0.0, 0.0, 0.0, 0.0, 0.0, 0.0, 0.0, 0.0, 0.0, 0.0, 0.0, 0.0, 0.0, 0.0, 0.0, 0.0, 0.0, 0.0, 0.0, 6.6201, 0.0, 0.0, 4.8012, 0.0, 0.0, 0.9813, 0.0, 0.0], "max_pos": 24, "max_act": 6.6211}, {"tokens": [" then", " he", " saw", " the", " robot", " was", " friendly", " and", " started", " to", " laugh", ".", " He", " asked", " the", " robot", " to", " rever", "se", " all", " around", " the", " park", " with", " him", " and", " the", " robot", " happily", " agreed", "!", "\n", "\n"], "acts": [0.0, 0.0, 0.0, 0.0, 0.0, 0.0, 0.0, 0.0, 0.0, 0.0, 0.0, 0.0, 0.0, 0.0, 0.0, 0.0, 0.0, 0.0, 0.0, 0.0, 0.0, 0.0, 0.0, 0.6859, 6.564, 0.0, 0.0, 2.6408, 0.0, 0.0, 0.0, 0.0, 0.0], "max_pos": 24, "max_act": 6.5625}, {"tokens": [" train", ".", " She", " held", " it", " up", " to", " her", " face", " and", " smiled", ".", "\n", "\n", "Mia", " loved", " her", " new", " toy", " train", " and", " carried", " it", " with", " her", " everywhere", " she", " went", ".", " She", " pulled", " it", " around"], "acts": [0.0, 0.0, 0.0, 0.0, 0.999, 0.0, 0.0, 0.0, 0.0, 0.0, 0.0, 0.0, 0.0, 0.0, 0.0, 0.0, 0.0, 0.0, 0.0, 0.0, 0.0, 0.0, 1.0376, 0.0, 6.5196, 1.0276, 0.0, 0.0, 0.0, 0.0, 0.0, 0.0, 0.0], "max_pos": 24, "max_act": 6.5195}, {"tokens": [" to", " the", " wall", " with", " her", " picture", " and", " tried", " to", " stick", " it", " with", " tape"], "acts": [0.0, 0.0, 0.0, 2.1675, 6.4974, 4.6785, 0.0, 0.0, 0.0, 0.0, 0.0, 0.0, 5.1412], "max_pos": 4, "max_act": 6.4961}]}