{"id": 487, "density": 0.13079525, "max_act": 9.234375, "hist": {"edges": [0.01, 0.0133, 0.0178, 0.0237, 0.0316, 0.0422, 0.0562, 0.075, 0.1, 0.1334, 0.1778, 0.2371, 0.3162, 0.4217, 0.5623, 0.7499, 1.0, 1.3335, 1.7783, 2.3714, 3.1623, 4.217, 5.6234, 7.4989, 10.0, 13.3352, 17.7828, 23.7137, 31.6228, 42.1697, 56.2341, 74.9894, 100.0], "counts": [0, 0, 0, 0, 0, 0, 0, 0, 0, 4, 212, 1248, 3572, 11031, 23525, 30627, 30450, 30903, 38262, 60307, 109729, 138073, 44953, 285, 0, 0, 0, 0, 0, 0, 0, 0]}, "logit_lens": {"promoted": [[" said", 0.296], [" had", 0.274], [" looked", 0.265], [" smiled", 0.261], [" saw", 0.253], [" took", 0.243], [" did", 0.241], [" was", 0.241], [" laughed", 0.229], [" kept", 0.221]], "suppressed": [[" cannot", 0.372], [" asks", 0.371], [" are", 0.37], [" feels", 0.358], [" tells", 0.348], [" hurts", 0.343], [" wants", 0.342], [" comes", 0.341], [" falls", 0.338], [" goes", 0.335]]}, "examples": [{"tokens": [" their", " houses", " and", " closed", " the", " door", "s", ".", " The", " storm", " was", " very", " strong", ".", " It", " blew", " away", " the", " houses", " and", " the", " people", " were"], "acts": [0.0, 0.0, 2.6703, 0.0, 0.0, 0.0, 0.0, 0.0, 0.0, 1.4718, 0.0, 0.7582, 0.0, 0.0, 9.231, 0.0, 0.0, 0.0, 0.0, 5.33, 0.0, 2.8315, 0.0], "max_pos": 14, "max_act": 9.2344}, {"tokens": [" It", " wanted", " to", " be", " free", " and", " go", " back", " to", " the", " garden", ".", " It", " tried", " to", " escape", ",", " but", " the", " jar", " was", " too", " tight", ".", " It", " felt", " sad", " and", " scared", ".", "\n", "\n", "The"], "acts": [5.8093, 0.0, 0.0, 0.0, 0.0, 0.0, 0.0, 0.0, 0.0, 0.0, 0.0, 0.0, 6.3264, 0.0, 0.0, 0.0, 0.0, 1.2964, 0.0, 4.5494, 0.0, 0.0, 0.0, 0.0, 8.6574, 0.0, 0.0, 2.6239, 0.0, 0.0, 0.0, 0.0, 0.0], "max_pos": 24, "max_act": 8.6562}, {"tokens": [" She", " climbed", " back", " into", " the", " barrel", " and", " pretended", " it", " was", " her", " bed", ".", " She", " fell", " asleep", " dreaming", " of", " all", " the", " fun", " she"], "acts": [2.8053, 0.0, 0.0, 0.0, 0.0, 0.0, 5.9044, 0.0, 3.3672, 0.0, 0.0, 0.0, 0.0, 8.645, 0.0, 0.0, 0.0, 0.0, 0.0, 0.0, 0.0, 4.0434], "max_pos": 13, "max_act": 8.6484}, {"tokens": [" run", " away", ",", " but", " she", " was", " fro", "z", "en", ".", "\n", "\n", "The", " train", " was", " very", " near", ".", " It", " was", " loud", " and", " fast", ".", " It", " had", " a", " horn", " and", " a", " light", ".", " It"], "acts": [0.0, 0.0, 0.0, 0.0, 4.7065, 0.0, 0.0, 0.0, 0.0, 0.0, 0.0, 0.0, 0.0, 3.2607, 0.0, 0.0, 0.0, 0.0, 7.0904, 0.0, 0.0, 3.2602, 0.0, 0.0, 8.5012, 0.0, 0.0, 0.0, 2.1794, 0.0, 0.0, 0.0, 8.3906], "max_pos": 24, "max_act": 8.5}, {"tokens": [" waited", ",", " but", " nothing", " came", " out", ".", " She", " was", " so", " sad", " that", " she", " started", " to", " cry"], "acts": [0.0, 0.0, 1.8907, 2.3632, 0.0, 0.0, 0.0, 8.47, 0.0, 0.0, 0.0, 0.0, 4.4334, 0.0, 0.0, 0.0], "max_pos": 7, "max_act": 8.4688}, {"tokens": [" tried", " to", " get", " away", ",", " but", " the", " dog", " was", " faster", ".", " It", " caught", " up", " with", " Sam", " and", " bit", " his", " car"], "acts": [0.0, 0.0, 0.0, 0.0, 0.0, 1.0348, 0.8494, 4.1719, 0.0, 0.0, 0.0, 8.4607, 0.0, 0.0, 0.0, 0.0, 4.506, 0.0, 0.0, 0.0], "max_pos": 11, "max_act": 8.4609}, {"tokens": [" But", " she", " had", " to", " del", "ay", ".", " It", " was", " too", " high", " and", " too", " far", ".", "\n", "\n", "In", "stead", " she", " waited", " and", " waited", ".", " She", " watched", " her", " mommy", " go", " up", " it", ".", " Mommy"], "acts": [0.0, 4.489, 0.0, 0.0, 0.0, 0.0, 0.0, 4.752, 0.0, 0.0, 0.0, 2.1644, 0.0, 0.0, 0.0, 0.0, 0.0, 0.0, 0.0, 5.9929, 0.0, 5.0566, 0.0, 0.0, 8.4433, 0.0, 0.0, 2.3288, 0.0, 0.0, 1.9735, 0.0, 5.2573], "max_pos": 24, "max_act": 8.4453}, {"tokens": [" in", " the", " sky", ".", " They", " looked", " up", " and", " saw", " a", " big", " hel", "ic", "op", "ter", ".", " It", " was", " flying", " very", " low", " and", " fast", ".", " It", " made", " a", " lot", " of", " wind", " and", " noise", "."], "acts": [0.0, 0.0, 0.0, 0.0, 1.1684, 0.0, 0.0, 5.7111, 0.0, 0.0, 0.0, 0.0, 0.0, 0.0, 0.0, 0.0, 6.7458, 0.0, 0.0, 0.0, 0.0, 2.5034, 0.0, 0.0, 8.4161, 0.0, 0.0, 0.0, 0.0, 0.0, 3.1998, 0.0, 0.0], "max_pos": 24, "max_act": 8.4141}, {"tokens": [" w", "id", "er", " than", " their", " house", ".", " On", " one", " side", " was", " a", " car", " and", " on", " the", " other", " side", " was", " an", " air", "pl", "ane", ".", " It", " was", " ready", " for", " them", " to", " race", ".", " \n"], "acts": [0.0, 0.0, 0.0, 0.0, 0.0, 0.0, 0.0, 0.0, 0.0, 0.0, 0.0, 0.0, 0.0, 2.2009, 0.0, 0.0, 0.0, 0.0, 0.0, 0.0, 0.0, 0.0, 0.0, 0.0, 8.3918, 0.0, 0.0, 0.0, 1.4713, 0.0, 0.0, 0.0, 0.0], "max_pos": 24, "max_act": 8.3906}, {"tokens": [".", " They", " had", " s", "i", "ren", "s", " and", " lights", ".", " They", " were", " going", " to", " the", " park", " to", " help", ".", " They", " were", " helpful", " people", ".", " They", " would", " stop", " the", " gas", " and", " make", " the", " park"], "acts": [0.0, 6.1671, 0.0, 0.0, 0.0, 0.0, 0.0, 1.7336, 0.0, 0.0, 6.8586, 0.0, 0.0, 0.0, 0.0, 0.0, 0.0, 0.0, 0.0, 6.9891, 0.0, 0.0, 1.4821, 0.0, 8.3693, 0.0, 0.0, 0.0, 0.0, 0.0, 0.0, 0.0, 0.0], "max_pos": 24, "max_act": 8.3672}, {"tokens": [" that", " was", " very", " high", " up", ".", " It", " was", " a", " little", " scary", " but", " she", " kept", " trying"], "acts": [0.0, 0.0, 0.0, 0.0, 0.0, 0.0, 8.3458, 0.0, 0.0, 0.0, 0.0, 0.0, 5.4519, 0.0, 0.0], "max_pos": 6, "max_act": 8.3438}, {"tokens": [" was", " fun", ".", " He", " did", " not", " mean", " to", " scare", " anyone", ".", "\n"], "acts": [0.0, 0.0, 0.0, 8.3381, 0.0, 0.0, 0.0, 0.0, 0.0, 0.0, 0.0, 0.0], "max_pos": 3, "max_act": 8.3359}]}