{"id": 488, "density": 0.0227685, "max_act": 4.43359375, "hist": {"edges": [0.01, 0.0133, 0.0178, 0.0237, 0.0316, 0.0422, 0.0562, 0.075, 0.1, 0.1334, 0.1778, 0.2371, 0.3162, 0.4217, 0.5623, 0.7499, 1.0, 1.3335, 1.7783, 2.3714, 3.1623, 4.217, 5.6234, 7.4989, 10.0, 13.3352, 17.7828, 23.7137, 31.6228, 42.1697, 56.2341, 74.9894, 100.0], "counts": [0, 0, 0, 0, 0, 0, 0, 0, 0, 12, 120, 462, 2630, 10539, 20869, 21483, 15200, 9634, 6219, 2666, 1238, 2, 0, 0, 0, 0, 0, 0, 0, 0, 0, 0]}, "logit_lens": {"promoted": [[" chance", 0.249], ["erp", 0.244], [" pretend", 0.243], [" umbre", 0.238], [" songs", 0.236], ["ous", 0.235], [" saf", 0.235], [" nature", 0.235], ["ited", 0.227], ["ite", 0.223]], "suppressed": [["r", 0.264], ["one", 0.25], [" Sm", 0.238], ["in", 0.236], [" no", 0.236], [" mil", 0.221], [" happ", 0.218], ["am", 0.217], ["t", 0.203], [" delicious", 0.203]]}, "examples": [{"tokens": [" to", " play", " in", " the", " park", ".", "<|endoftext|>", "Tom", " and", " Anna", " liked", " to", " play", " in", " the", " attic", ".", " They", " found", " many", " old", " things", " there", ",", " like", " toys", ",", " books", ",", " and", " clothes", ".", " Sometimes"], "acts": [0.0, 0.0, 0.0, 0.0, 0.0, 0.0, 0.0, 0.0, 0.0, 0.473, 0.0, 2.3184, 0.0, 0.0, 0.0, 0.0, 0.6361, 1.7481, 1.471, 1.8351, 1.0569, 0.0, 0.7807, 2.3075, 4.4327, 0.8887, 0.0, 0.0, 0.0, 0.0, 0.0, 0.0, 0.0], "max_pos": 24, "max_act": 4.4336}, {"tokens": [" But", " the", " balloons", " were", " better", ".", "<|endoftext|>", "Lily", " and", " Max", " liked", " to", " play", " in", " the", " attic", ".", " They", " found", " many", " old", " things", " there", ",", " like", " hats", " and", " books", " and", " toys", ".", " One", " day"], "acts": [0.0, 0.0, 0.0, 0.0, 0.0, 0.0, 0.0, 0.0, 0.0, 0.0, 0.0, 1.9885, 0.0, 0.0, 0.0, 0.0, 0.0, 1.6826, 1.4218, 1.826, 1.1376, 0.0, 0.0, 2.2159, 4.4317, 0.0, 1.1407, 0.0, 0.0, 0.0, 0.0, 0.0, 0.0], "max_pos": 24, "max_act": 4.4336}, {"tokens": [" They", " love", " Mom", " very", " much", ".", " They", " laugh", " with", " her", " and", " tell", " her", " they", " love", " her", " too", ".", "<|endoftext|>", "Lila", " and", " Ben", " were", " friends", " who", " liked", " to", " play", " in", " the", " park", ".", " They"], "acts": [0.5478, 0.0, 0.0, 0.0, 0.0, 0.0, 0.0, 0.0, 0.0, 0.0, 0.0, 0.0, 0.0, 0.0, 0.0, 0.0, 0.0, 0.0, 0.0, 0.0, 0.0, 0.5311, 0.0, 0.0, 4.164, 2.2018, 4.0467, 1.211, 0.5973, 0.0, 0.0, 1.6002, 2.7903], "max_pos": 24, "max_act": 4.1641}, {"tokens": [" She", " was", " a", " princess", " who", " had", " seen", " both", ".", " She", " was", " a", " princess", " who", " had", " grown", ".", "<|endoftext|>", "Lily", " and", " Ben", " were", " jolly", " friends", " who", " liked", " to", " play", " outside", ".", " One", " day", ","], "acts": [0.0, 0.0, 0.0, 0.0, 1.9407, 0.8743, 0.0, 0.0, 0.0, 0.0, 0.0, 0.0, 0.0, 1.9219, 1.0324, 0.0, 0.0, 0.0, 0.0, 0.0, 0.0, 0.0, 0.0, 0.0, 4.1634, 2.1776, 3.6471, 1.0314, 0.0, 1.307, 0.0, 0.0, 0.0], "max_pos": 24, "max_act": 4.1641}, {"tokens": [",", " \"", "I", " love", " you", " too", ",", " mom", ".\"", "<|endoftext|>", "Anna", " and", " Ben", " were", " twins", " who", " liked", " to", " play", " in", " the", " woods", ".", " They", " had", " a", " cabin", " there", " that", " their", " dad", " had", " built"], "acts": [0.0, 0.0, 0.0, 0.0, 0.0, 0.0, 0.0, 0.0, 0.0, 0.0, 0.0, 0.0, 0.0, 0.0, 0.0, 3.3796, 1.7741, 3.3344, 1.0945, 0.699, 0.0, 0.0, 1.2985, 2.424, 4.1037, 3.0953, 0.0, 0.908, 0.9715, 0.0, 0.9001, 1.9826, 0.9159], "max_pos": 24, "max_act": 4.1055}, {"tokens": [" Anna", " was", " not", " shy", " anymore", ".", " She", " liked", " to", " skip", " in", " the", " park", " with", " Ben", ".", "<|endoftext|>", "Tim", " and", " Sam", " were", " best", " friends", ".", " They", " liked", " to", " play", " with", " toys", " and", " make", " things"], "acts": [0.0, 0.0, 0.0, 0.0, 0.0, 0.0, 0.0, 0.0, 0.7524, 0.0, 0.0, 0.0, 0.0, 0.0, 0.0, 0.0, 0.0, 0.0, 0.0, 0.0, 0.0, 0.0, 0.0, 0.8028, 4.1073, 2.1279, 3.9891, 1.0485, 1.476, 1.5349, 0.0, 1.4358, 1.3843], "max_pos": 24, "max_act": 4.1055}, {"tokens": [" do", " not", " understand", ".", " They", " always", " listen", " to", " their", " friends", ".", " They", " always", " be", " careful", " and", " respectful", ".", "<|endoftext|>", "Lila", " and", " Sam", " are", " friends", " who", " like", " to", " sing", " and", " dance", ".", " They", " want"], "acts": [0.0, 0.0, 0.0, 0.0, 0.4338, 0.0, 0.0, 0.0, 0.0, 0.0, 0.0, 0.0, 0.0, 0.0, 0.0, 0.0, 0.0, 0.0, 0.0, 0.0, 0.0, 0.0, 0.0, 0.0, 4.0696, 2.841, 3.0661, 0.8844, 0.0, 0.0, 0.0, 1.9907, 0.0], "max_pos": 24, "max_act": 4.0703}, {"tokens": [".", "<|endoftext|>", "Once", " upon", " a", " time", ",", " there", " was", " a", " boy", " named", " Timmy", ".", " Timmy", " loved", " to", " act", " and", " pretend", " he", " was", " different", " things", " like", " a", " super", "her", "o", " or", " a", " dinosaur", "."], "acts": [0.0, 0.0, 0.0, 0.0, 0.0, 0.0, 0.0, 0.0, 0.0, 0.0, 0.0, 0.0, 0.0, 0.0, 0.0, 0.0, 0.0, 0.0, 0.0, 0.0, 0.0, 0.0, 0.0, 0.0, 4.0466, 2.5207, 0.0, 0.0, 0.0, 0.0, 0.0, 0.0, 0.0], "max_pos": 24, "max_act": 4.0469}, {"tokens": [" feels", " warm", " and", " peaceful", ".", " She", " thinks", ",", " \"", "This", " is", " the", " best", " dream", " ever", ".\"", "<|endoftext|>", "Lila", " and", " Ben", " were", " best", " friends", ".", " They", " liked", " to", " play", " in", " the", " park", " with", " their"], "acts": [0.0, 0.0, 0.0, 0.0, 0.0, 0.0, 0.0, 0.0, 0.0, 0.0, 0.0, 0.0, 0.0, 0.0, 0.0, 0.0, 0.0, 0.0, 0.0, 0.3966, 0.0, 0.0, 0.0, 0.7359, 4.0002, 1.9971, 3.696, 0.8499, 0.0, 0.0, 0.0, 2.2945, 2.335], "max_pos": 24, "max_act": 4.0}, {"tokens": [".", "<|endoftext|>", "Tim", " and", " Lily", " were", " best", " friends", ".", " They", " liked", " to", " play", " with", " their", " toys", " and", " make"], "acts": [0.0, 0.0, 0.0, 0.0, 0.0, 0.0, 0.0, 0.0, 0.6637, 3.9954, 2.1304, 3.7895, 1.0879, 1.5917, 2.6121, 1.4778, 0.0, 1.5038], "max_pos": 9, "max_act": 3.9961}, {"tokens": [".", "<|endoftext|>", "Tim", " and", " L", "iz", " were", " best", " friends", ".", " They", " liked", " to", " play", " with", " their", " toys", " and", " tell"], "acts": [0.0, 0.0, 0.0, 0.0, 0.0, 0.0, 0.0, 0.0, 0.0, 0.7092, 3.9949, 2.1412, 3.7477, 0.9896, 1.5551, 2.5691, 1.4008, 0.0, 0.0], "max_pos": 10, "max_act": 3.9941}, {"tokens": [" Lily", " was", " nice", ".", " She", " was", " not", " a", " crocodile", ".", " She", " was", " a", " friend", ".", "<|endoftext|>", "Lila", " and", " Tom", " were", " friends", ".", " They", " liked", " to", " play", " in", " the", " park", ".", " One", " day", ","], "acts": [0.0, 0.0, 0.0, 0.0, 0.0, 0.0, 0.0, 0.0, 0.0, 0.0, 0.0, 0.0, 0.0, 0.0, 0.0, 0.0, 0.0, 0.0, 0.0, 0.0, 0.0, 0.6906, 3.6833, 1.7543, 3.9861, 0.7783, 0.0, 0.0, 0.0, 0.0, 0.0, 0.0, 0.0], "max_pos": 24, "max_act": 3.9863}]}