{"id": 494, "density": 0.045948, "max_act": 5.9140625, "hist": {"edges": [0.01, 0.0133, 0.0178, 0.0237, 0.0316, 0.0422, 0.0562, 0.075, 0.1, 0.1334, 0.1778, 0.2371, 0.3162, 0.4217, 0.5623, 0.7499, 1.0, 1.3335, 1.7783, 2.3714, 3.1623, 4.217, 5.6234, 7.4989, 10.0, 13.3352, 17.7828, 23.7137, 31.6228, 42.1697, 56.2341, 74.9894, 100.0], "counts": [0, 0, 0, 0, 0, 0, 0, 0, 0, 11, 314, 1488, 5024, 16631, 32235, 36637, 30567, 22353, 15784, 12268, 8712, 1764, 4, 0, 0, 0, 0, 0, 0, 0, 0, 0]}, "logit_lens": {"promoted": [[" him", 0.317], [" nowhere", 0.304], [" suggest", 0.238], [" them", 0.236], ["ucked", 0.236], [" voice", 0.236], [" mad", 0.234], [" scold", 0.233], ["hed", 0.222], ["ours", 0.22]], "suppressed": [["cle", 0.22], [" explore", 0.219], ["day", 0.217], [" practice", 0.208], ["cess", 0.197], [" met", 0.196], [" ride", 0.194], [" lived", 0.184], [" share", 0.182], [" higher", 0.182]]}, "examples": [{"tokens": [" Timmy", ".", " He", " loved", " to", " watch", " cartoon", "s", " on", " TV", ".", " One", " day", ",", " his", " mommy", " surprised", " him", " with", " a", " new", " cartoon", " D", "V", "D"], "acts": [0.0, 0.0, 0.0, 0.0, 0.0, 0.0, 0.0, 0.0, 0.0, 0.0, 0.0, 0.0, 0.0, 0.0, 0.0, 0.0, 5.9148, 2.4491, 0.9535, 0.0, 0.0, 0.0, 0.0, 0.0, 0.0], "max_pos": 16, "max_act": 5.9141}, {"tokens": [",", " but", " her", " mom", " was", " already", " angry", ".", " She", " said", ",", " \"", "You", "'re"], "acts": [0.0, 0.0, 0.0, 0.9755, 5.3263, 5.8341, 2.4276, 0.0, 0.0, 0.6308, 0.0, 0.0, 0.0, 0.0], "max_pos": 5, "max_act": 5.8359}, {"tokens": [" Ben", " started", " to", " worry", ";", " he", " was", " wonder", "ing", " if", " the", " map", " was", " too", " big", " for", " them", " to", " carry", ".", " His", " mum", " re", "ass", "ured", " him", " by", " saying", ",", " \"", "Don", "'t", " worry"], "acts": [0.0, 0.0, 0.0, 0.0, 0.0, 0.0, 0.0, 0.0, 0.0, 0.0, 0.0, 0.0, 0.0, 1.4251, 0.0, 0.0, 0.0, 0.0, 0.0, 0.0, 0.0, 0.0, 3.7778, 1.8267, 5.8142, 1.2119, 0.0, 0.0, 0.7345, 0.0, 0.0, 0.0, 0.0], "max_pos": 24, "max_act": 5.8125}, {"tokens": [" pillow", " to", " make", " her", " feel", " safe", " and", " loved", ".", "<|endoftext|>", "One", " day", " F", "ar", "le", "y", " was", " playing", " with", " his", " toys", " when", " his", " mom", " came", " in", " with", " a", " box", ".", " She", " showed", " him"], "acts": [0.0, 0.0, 0.0, 0.0, 0.0, 0.0, 0.0, 0.0, 0.0, 0.0, 0.0, 0.0, 0.0, 0.0, 0.0, 0.0, 1.6194, 0.5505, 0.0, 0.0, 0.0, 0.0, 0.0, 0.0, 5.6601, 4.3465, 3.8398, 1.611, 0.0, 0.0, 0.9605, 1.0017, 0.0], "max_pos": 24, "max_act": 5.6602}, {"tokens": [" a", " plane", " up", " high", " in", " the", " sky", ".", "<|endoftext|>", "Alice", " was", " very", " clumsy", " and", " always", " scatter", " things", " around", ".", " One", " day", ",", " her", " mom", " came", " home", " with", " a", " beautiful", " new", " gate", " for", " their"], "acts": [0.0, 0.0, 0.0, 0.0, 0.0, 0.0, 0.0, 0.0, 0.0, 0.0, 0.9172, 0.0, 0.0, 0.0, 0.0, 0.0, 0.0, 0.0, 0.0, 0.0, 0.0, 0.0, 0.0, 0.0, 5.6076, 2.2856, 3.3692, 1.6368, 0.0, 0.0, 0.0, 0.0, 0.0], "max_pos": 24, "max_act": 5.6094}, {"tokens": [".", " They", " started", " to", " slide", " on", " the", " wood", "en", " floor", ".", " It", " was", " so", " much", " fun", "!", "\n", "\n", "Suddenly", ",", " Bob", "'s", " mom", " called", " him", " from", " the", " kitchen", ".", " \"", "Bob", "!"], "acts": [0.0, 0.0, 0.0, 0.0, 0.0, 0.0, 0.0, 0.0, 0.0, 0.0, 0.0, 0.0, 0.0, 0.0, 0.0, 0.0, 0.0, 0.0, 0.0, 0.0, 0.0, 0.0, 0.0, 0.0, 5.6107, 2.4909, 1.069, 1.3609, 1.1399, 0.0, 0.0, 0.0, 0.0], "max_pos": 24, "max_act": 5.6094}, {"tokens": ["!", "<|endoftext|>", "Jack", " was", " a", " sleepy", " little", " boy", ".", " He", " yawn", "ed", " and", " stretched", ",", " ready", " for", " a", " nap", ".", "\n", "Jack", "'s", " mom", " called", " him", " to", " the", " living", " room", ".", " He", " saw"], "acts": [0.0, 0.0, 0.0, 1.2571, 0.0, 0.0, 0.0, 0.0, 0.0, 0.0, 0.0, 0.0, 0.0, 0.0, 0.0, 0.0, 0.0, 0.0, 0.0, 0.0, 0.0, 0.0, 0.0, 0.0, 5.6053, 2.4527, 2.5582, 0.7334, 0.0, 0.0, 0.0, 0.0, 0.5783], "max_pos": 24, "max_act": 5.6055}, {"tokens": [" was", " a", " kid", " named", " Timmy", ".", " Timmy", " liked", " to", " play", " with", " his", " toys", " and", " run", " around", " outside", ".", " One", " day", ",", " Timmy", "'s", " mom", " surprised", " him", " with", " a", " new", " toy", ".", " \"", "Wow"], "acts": [0.2133, 0.0, 0.0, 0.0, 0.0, 0.0, 0.0, 0.0, 0.0, 0.0, 0.0, 0.0, 0.0, 0.0, 0.0, 0.0, 0.0, 0.0, 0.0, 0.0, 0.0, 0.0, 0.0, 0.5418, 5.5968, 2.3839, 0.6802, 0.0, 0.0, 0.0, 0.0, 0.0, 0.0], "max_pos": 24, "max_act": 5.5977}, {"tokens": [" to", " dance", ".", " She", " was", " always", " moving", " around", " her", " house", ",", " singing", " and", " dancing", ".", " One", " night", " when", " Sally", " was", " dancing", ",", " her", " mom", " came", " in", " and", " put", " her", " to", " bed", ".", "\n"], "acts": [0.0, 0.0, 0.0, 0.0, 0.0, 0.6776, 0.0, 0.0, 0.0, 0.0, 0.0, 0.0, 0.0, 0.0, 0.0, 0.0, 0.0, 0.0, 0.0, 0.6269, 0.0, 0.0, 0.0, 0.0, 5.5393, 3.8081, 3.2488, 0.0, 0.0, 0.0, 0.0, 0.0, 0.0], "max_pos": 24, "max_act": 5.5391}, {"tokens": [" pool", " but", " his", " mom", " was", " there", " to", " help", " him", " stay", " safe", ".", " \n"], "acts": [0.0, 0.0, 0.0, 0.0, 5.5114, 1.3095, 2.3922, 1.2095, 0.0, 0.0, 0.0, 0.0, 0.0], "max_pos": 4, "max_act": 5.5117}, {"tokens": [" smart", " little", " girl", " named", " Lily", ".", " She", " loved", " to", " do", " math", " and", " always", " got", " good", " gr", "ad", "es", ".", " One", " day", ",", " her", " parents", " surprised", " her", " with", " a", " big", " chocolate", " cake", " for", " doing"], "acts": [0.0, 0.0, 0.0, 0.0, 0.0, 0.0, 0.0, 0.0, 0.0, 0.0, 0.0, 0.0, 0.0, 0.0, 0.0, 0.0, 2.0093, 0.0, 0.0, 0.0, 0.0, 0.0, 0.0, 0.0, 5.4648, 3.0768, 0.7428, 0.0, 0.0, 0.0, 0.0, 0.0, 0.0], "max_pos": 24, "max_act": 5.4648}, {"tokens": [" had", " saved", " him", " from", " being", " b", "itten", ".", "<|endoftext|>", "One", " day", ",", " it", " was", " a", " bright", " sunny", " day", ".", " J", "ul", "ia", "'s", " mom", " brought", " her", " outside", " to", " play", " in", " the", " street", "."], "acts": [0.0, 0.0, 0.0, 0.0, 0.0, 0.0, 0.0, 0.0, 0.0, 0.0, 0.0, 0.0, 0.0, 0.0, 0.0, 0.0, 0.0, 0.0, 0.0, 0.0, 0.0, 0.0, 0.0, 0.0, 5.4516, 3.1253, 0.5729, 0.6405, 0.0, 0.0, 0.0, 0.0, 0.0], "max_pos": 24, "max_act": 5.4531}]}