{"id": 496, "density": 0.018106, "max_act": 7.77734375, "hist": {"edges": [0.01, 0.0133, 0.0178, 0.0237, 0.0316, 0.0422, 0.0562, 0.075, 0.1, 0.1334, 0.1778, 0.2371, 0.3162, 0.4217, 0.5623, 0.7499, 1.0, 1.3335, 1.7783, 2.3714, 3.1623, 4.217, 5.6234, 7.4989, 10.0, 13.3352, 17.7828, 23.7137, 31.6228, 42.1697, 56.2341, 74.9894, 100.0], "counts": [0, 0, 0, 0, 0, 0, 0, 0, 0, 0, 1, 35, 455, 2563, 8117, 14180, 16246, 13526, 8643, 5026, 2476, 905, 249, 2, 0, 0, 0, 0, 0, 0, 0, 0]}, "logit_lens": {"promoted": [[" for", 0.305], [" to", 0.284], [" like", 0.278], [" called", 0.262], [".", 0.255], [":", 0.226], [" about", 0.212], [" -", 0.212], [" place", 0.201], [" than", 0.185]], "suppressed": [["ass", 0.396], ["ug", 0.352], [" arms", 0.343], [" blew", 0.338], ["itting", 0.336], ["ix", 0.332], ["head", 0.33], ["air", 0.327], ["umb", 0.326], ["ts", 0.318]]}, "examples": [{"tokens": ["\n", "As", " she", " was", " walking", ",", " she", " saw", " so", " many", " new", " things", ".", " Then", ",", " Lucy", " noticed", " a", " green", " flower"], "acts": [0.0, 0.0, 0.0, 0.0, 0.0, 0.0, 0.0, 0.0, 0.0, 1.9518, 3.0259, 7.7763, 0.0, 0.0, 0.0, 0.0, 0.0, 0.0, 0.0, 0.9328], "max_pos": 11, "max_act": 7.7773}, {"tokens": [" fun", "!\"", "\n", "\n", "And", " they", " did", ".", " Jo", " had", " an", " amazing", " time", " visit", "ing", " Sp", "ain", ".", " She", " saw", " so", " many", " wonderful", " new", " things", " and", " met", " lots", " of", " new", " people", ".", " Jo"], "acts": [0.0, 0.0, 0.0, 0.0, 0.0, 0.0, 0.0, 0.0, 0.0, 0.0, 0.0, 0.7396, 1.7648, 0.0, 0.0, 0.0, 0.0, 0.0, 0.0, 0.0, 0.0, 0.9915, 2.5117, 2.4451, 7.5786, 0.0, 0.9393, 0.0, 1.5817, 1.766, 4.1182, 0.0, 0.0], "max_pos": 24, "max_act": 7.5781}, {"tokens": [" hopped", " away", ".", "<|endoftext|>", "One", " day", ",", " little", " Sally", " took", " a", " walk", " by", " the", " lake", ".", " She", " wanted", " to", " explore", " and", " find", " exciting", " new", " things", ".", " When", " she", " heard", " a", " loud", " noise", ","], "acts": [0.0, 0.0, 0.0, 0.0, 0.0, 0.0, 0.0, 0.0, 0.0, 0.0, 0.0, 0.0, 0.0, 0.0, 0.0, 0.0, 0.0, 0.0, 0.0, 0.0, 0.0, 0.0, 2.6392, 2.5525, 7.3475, 0.0, 0.0, 0.0, 0.0, 0.0, 0.0, 1.379, 0.0], "max_pos": 24, "max_act": 7.3477}, {"tokens": [" C", "ind", "y", " finally", " agreed", " and", " climbed", " onto", " Benny", "'s", " back", ".", "\n", "\n", "As", " they", " flew", ",", " C", "ind", "y", " saw", " many", " new", " things", " and", " tasted", " many", " new", " leaves", ".", " She", " was"], "acts": [0.0, 0.0, 0.0, 0.0, 0.0, 0.0, 0.0, 0.0, 0.0, 0.0, 0.0, 0.0, 0.0, 0.0, 0.0, 0.0, 0.0, 0.0, 0.0, 0.0, 0.0, 0.0, 0.0, 2.4346, 7.3267, 0.0, 0.0, 0.0, 1.0444, 2.5765, 0.0, 0.0, 0.0], "max_pos": 24, "max_act": 7.3281}, {"tokens": [" they", " decided", " to", " take", " a", " long", " walk", " in", " the", " garden", ".", " They", " ent", "ered", " the", " garden", " and", " saw", " so", " many", " beautiful", " things", ".", " After", " a", " long", " walk", ",", " they", " went"], "acts": [0.0, 0.0, 0.0, 0.0, 0.0, 0.0, 0.0, 0.0, 0.0, 0.0, 0.0, 0.0, 0.0, 0.0, 0.0, 0.0, 0.0, 0.0, 0.0, 1.1681, 1.2967, 7.2188, 0.0, 0.0, 0.0, 0.0, 0.0, 0.0, 0.0, 0.0], "max_pos": 21, "max_act": 7.2188}, {"tokens": ["I", "'d", " be", " glad", " to", " show", " you", " around", "!\"", "\n", "\n", "So", " Lucy", " and", " Max", " went", " on", " a", " journey", " together", " and", " saw", " many", " wonderful", " things", ".", " Everywhere", " they", " went", ",", " people", " and", " animals"], "acts": [0.0, 0.0, 0.0, 0.0, 0.0, 0.0, 0.0, 0.0, 0.0, 0.0, 0.0, 0.0, 0.0, 0.0, 0.0, 0.0, 0.0, 0.0, 0.0, 0.0, 0.0, 0.0, 1.1749, 3.0831, 7.1537, 0.0, 0.0, 0.0, 0.0, 0.0, 0.0, 0.0, 2.0144], "max_pos": 24, "max_act": 7.1523}, {"tokens": [" on", " the", " ra", "ft", " and", " it", " was", " very", " comfortable", ".", " She", " flo", "ated", " down", " the", " river", " and", " saw", " so", " many", " pretty", " things", ".", " When", " she", " was", " done", ",", " she", " returned"], "acts": [0.0, 0.0, 0.0, 0.0, 0.0, 0.0, 0.0, 0.0, 0.0, 0.0, 0.0, 0.0, 0.0, 0.0, 0.0, 0.0, 0.0, 0.0, 0.0, 1.211, 1.773, 7.1275, 0.0, 0.0, 0.0, 0.0, 0.0, 0.0, 0.0, 0.0], "max_pos": 21, "max_act": 7.1289}, {"tokens": ["illed", ".", " He", " had", " never", " been", " allowed", " to", " go", " outside", " by", " himself", " before", ".", " He", " walked", " and", " walked", ",", " and", " saw", " so", " many", " interesting", " things", ".", " But", " he", " always", " remembered", " the", " promise", " he"], "acts": [0.0, 0.0, 0.0, 0.0, 0.0, 0.0, 0.0, 0.0, 0.0, 0.0, 0.0, 0.0, 0.0, 0.0, 0.0, 0.0, 0.0, 0.0, 0.0, 0.0, 0.0, 0.0, 1.5149, 2.6706, 7.0765, 0.0, 0.0, 0.0, 0.0, 1.0554, 0.0, 0.0, 0.0], "max_pos": 24, "max_act": 7.0781}, {"tokens": [" little", " bear", " decided", " to", " go", " exploring", ".", " He", " t", "umbled", " and", " hopped", " his", " way", " down", " the", " mountain", ".", " He", " looked", " around", " and", " found", " new", " things", " to", " balance", " on", ".", " Everywhere", " he", " went", ","], "acts": [0.0, 0.0, 0.0, 0.0, 0.0, 0.0, 0.0, 0.0, 0.0, 0.0, 0.0, 0.0, 0.0, 0.0, 0.0, 0.0, 0.0, 0.0, 0.0, 0.0, 0.0, 0.0, 0.0, 2.2699, 7.0575, 0.0, 0.0, 0.0, 0.0, 0.0, 0.0, 0.0, 0.0], "max_pos": 24, "max_act": 7.0586}, {"tokens": ["Lily", " and", " Tom", " were", " adventurous", " kids", ".", " They", " liked", " to", " explore", " the", " world", " and", " find", " new", " things", ".", " One", " day", ",", " they", " saw", " a", " big"], "acts": [0.0, 0.0, 0.0, 0.0, 0.0, 0.0, 0.0, 0.0, 0.0, 0.0, 0.0, 0.0, 0.0, 0.0, 0.0, 2.1014, 7.0592, 0.0, 0.0, 0.0, 0.0, 0.0, 0.0, 0.0, 0.0], "max_pos": 16, "max_act": 7.0586}, {"tokens": [" journey", " through", " the", " fo", "g", ".", " They", " saw", " all", " sorts", " of", " wonderful", " things", ".", " The", " old", " man", " said", " goodbye", " to", " Joey"], "acts": [0.0, 0.0, 0.0, 0.0, 0.0, 0.0, 0.0, 0.0, 0.0, 0.0, 2.189, 2.9946, 6.9846, 0.0, 0.0, 0.0, 0.0, 0.0, 0.0, 0.0, 0.0], "max_pos": 12, "max_act": 6.9844}, {"tokens": [".", " \n", "\n", "The", " End", ".", "<|endoftext|>", "One", " day", " a", " little", " girl", " called", " Lucy", " went", " for", " a", " walk", ".", " She", " saw", " lots", " of", " interesting", " things", ".", " Suddenly", " a", " wise", " owl", " flew", " down", " from"], "acts": [0.0, 0.0, 0.0, 0.0, 0.0, 0.0, 0.0, 0.0, 0.0, 0.0, 0.0, 0.8786, 0.0, 0.0, 0.0, 0.0, 0.0, 0.0, 0.0, 0.0, 0.0, 0.0, 1.4653, 2.5363, 6.9796, 0.0, 0.0, 0.0, 0.0, 0.0, 0.0, 0.0, 0.0], "max_pos": 24, "max_act": 6.9805}]}