{"id": 501, "density": 0.0664995, "max_act": 7.04296875, "hist": {"edges": [0.01, 0.0133, 0.0178, 0.0237, 0.0316, 0.0422, 0.0562, 0.075, 0.1, 0.1334, 0.1778, 0.2371, 0.3162, 0.4217, 0.5623, 0.7499, 1.0, 1.3335, 1.7783, 2.3714, 3.1623, 4.217, 5.6234, 7.4989, 10.0, 13.3352, 17.7828, 23.7137, 31.6228, 42.1697, 56.2341, 74.9894, 100.0], "counts": [0, 0, 0, 0, 0, 0, 0, 0, 0, 5, 142, 1517, 6790, 23025, 49300, 60181, 49299, 30199, 17169, 11867, 10013, 5949, 542, 0, 0, 0, 0, 0, 0, 0, 0, 0]}, "logit_lens": {"promoted": [[" boat", 0.48], [" fish", 0.449], ["fish", 0.4], [" swim", 0.38], [" shore", 0.377], [" whale", 0.376], [" swimming", 0.358], [" waves", 0.354], [" ocean", 0.353], [" crab", 0.352]], "suppressed": [[" pu", 0.28], [" Tommy", 0.277], [" branches", 0.272], ["Tommy", 0.271], [" nuts", 0.271], [" Whiskers", 0.266], [" chair", 0.26], [" sock", 0.257], [" cats", 0.256], [" drew", 0.255]]}, "examples": [{"tokens": [" fall", " asleep", ".", "<|endoftext|>", "Lila", " and", " Ben", " liked", " to", " play", " on", " the", " beach", ".", " They", " liked", " to", " dig", " in", " the", " sand", ",", " splash", " in", " the", " water", ",", " and", " look", " for", " shells", ".", " One"], "acts": [0.0, 0.0, 0.0, 0.0, 0.0, 0.0, 0.0, 0.0, 0.0, 0.0, 0.0, 0.0, 0.0, 1.6874, 0.6107, 3.7685, 4.0271, 1.4744, 1.8826, 6.2135, 0.0, 3.3958, 1.8843, 3.2059, 7.0444, 1.4453, 2.7109, 0.0, 0.0, 3.5276, 0.0, 0.0, 1.4789], "max_pos": 24, "max_act": 7.043}, {"tokens": [" named", " Nemo", ".", " Nemo", " loved", " to", " swim", " in", " the", " deep", " blue", " sea", " with", " his", " friends", ".", " One"], "acts": [0.0, 0.0, 0.0, 0.0, 0.7729, 0.9854, 2.5638, 2.8461, 6.96, 4.7669, 5.5177, 1.3414, 2.637, 4.8745, 0.9896, 0.0, 2.3088], "max_pos": 8, "max_act": 6.9609}, {"tokens": [" her", " mommy", ".", " The", " end", ".", "<|endoftext|>", "Once", " upon", " a", " time", ",", " there", " was", " a", " fish", " named", " Nemo", ".", " Nemo", " wanted", " to", " swim", " in", " the", " big", " ocean", " but", " he", " didn", "'t", " know", " the"], "acts": [0.0, 0.0, 0.0, 0.9981, 0.0, 0.0, 0.0, 0.0, 0.0, 0.0, 0.0, 0.0, 0.0, 0.0, 0.0, 0.0, 0.8637, 0.0, 0.7717, 0.0, 2.0055, 3.0873, 2.079, 2.9155, 6.8614, 5.3776, 1.3554, 0.808, 0.0, 0.0, 1.3299, 0.0, 4.9346], "max_pos": 24, "max_act": 6.8633}, {"tokens": ["ary", " r", "isk", "s", ".", "<|endoftext|>", "Once", " upon", " a", " time", ",", " there", " was", " a", " big", " fish", " named", " Fin", ".", " Fin", " loved", " to", " swim", " in", " the", " ocean", " and", " explore", ".", " One", " day", ",", " he"], "acts": [0.0, 0.0, 0.0, 0.0, 0.0, 0.0, 0.5072, 0.0, 0.0, 0.0, 0.0, 0.2896, 0.0, 0.0, 0.7197, 0.7662, 1.1125, 0.0, 0.0, 0.0, 3.445, 4.7642, 2.0091, 2.8364, 6.8578, 1.5657, 3.6087, 0.0, 0.0, 2.4747, 0.0, 1.5206, 0.0], "max_pos": 24, "max_act": 6.8594}, {"tokens": [".", "<|endoftext|>", "Once", " upon", " a", " time", ",", " there", " was", " a", " little", " fish", " named", " Nemo", ".", " Nemo", " loved", " to", " swim", " in", " the", " ocean", " and", " play", " with", " his", " friends", ".", " One"], "acts": [0.0, 0.0, 0.0, 0.0, 0.0, 0.0, 0.0, 0.4164, 0.0, 0.4814, 1.7427, 1.2581, 1.1896, 0.0, 0.6036, 0.0, 3.9029, 4.6986, 2.4774, 3.2407, 6.8552, 1.9359, 3.8961, 4.0807, 3.2634, 5.651, 1.2603, 0.0, 2.9706], "max_pos": 20, "max_act": 6.8555}, {"tokens": [" sea", " with", " his", " friends", ".", "<|endoftext|>", "Once", " upon", " a", " time", ",", " there", " was", " a", " little", " fish", " named", " Nemo", ".", " Nemo", " loved", " to", " swim", " in", " the", " big", " blue", " sea", " with", " his", " friends", ".", " One"], "acts": [1.1097, 0.6576, 4.1635, 0.0, 0.0, 0.0, 0.3575, 0.0, 0.0, 0.0, 0.0, 0.0, 0.0, 0.4896, 1.6901, 0.0, 0.9409, 0.0, 0.6122, 0.0, 3.3351, 4.6005, 2.1271, 2.8199, 6.8025, 5.5245, 6.2146, 0.0, 3.2852, 5.4143, 0.6197, 0.0, 2.2841], "max_pos": 24, "max_act": 6.8008}, {"tokens": [" Lily", " were", " twins", " who", " loved", " to", " play", " at", " the", " beach", ".", " They", " liked", " to", " build", " sand", " cast", "les", ",", " find", " shells", " and", " splash", " in", " the", " water", ".", " One", " day", ",", " they", " saw", " a"], "acts": [0.0, 0.0, 0.0, 0.0, 0.0, 0.0, 0.0, 0.0, 0.0, 0.0, 0.0, 0.0, 3.0216, 3.8581, 2.529, 0.0, 0.0, 0.0, 3.5382, 2.655, 0.0, 2.8621, 2.028, 2.0444, 6.6993, 1.2457, 0.0, 0.9232, 0.0, 0.0, 0.0, 0.0, 4.8458], "max_pos": 24, "max_act": 6.6992}, {"tokens": [" park", ",", " happy", " and", " safe", ".", "<|endoftext|>", "Once", " upon", " a", " time", ",", " there", " was", " a", " fish", " named", " Nemo", ".", " Nemo", " loved", " to", " swim", " in", " the", " sea", " with", " his", " friends", ".", " One", " day", ","], "acts": [0.0, 0.0, 0.0, 0.0, 0.0, 0.0, 0.0, 0.0, 0.0, 0.0, 0.0, 0.0, 0.0, 0.0, 0.3599, 0.0, 0.9372, 0.0, 0.7098, 0.0, 3.2466, 4.551, 2.0562, 2.7925, 6.696, 0.9767, 2.1241, 5.4521, 0.554, 0.0, 2.1168, 0.0, 0.9724], "max_pos": 24, "max_act": 6.6953}, {"tokens": [" the", " rain", " together", ".", "<|endoftext|>", "Once", " upon", " a", " time", ",", " there", " was", " a", " little", " fish", "y", " named", " Nemo", ".", " Nemo", " loved", " to", " swim", " in", " the", " ocean", " with", " his", " friends", ".", " One", " day", ","], "acts": [1.1414, 0.0, 0.0, 0.0, 0.0, 0.0, 0.0, 0.0, 0.0, 0.0, 0.0, 0.0, 0.5096, 1.2691, 0.0, 0.0, 0.8036, 0.5477, 0.6921, 0.0, 3.0212, 4.3697, 2.1093, 2.5578, 6.6753, 1.5366, 1.9175, 5.2749, 0.6573, 0.0, 2.318, 0.0, 0.9384], "max_pos": 24, "max_act": 6.6758}, {"tokens": ["'s", " okay", ",", " sharing", " is", " fair", ".\"", "<|endoftext|>", "Once", " upon", " a", " time", ",", " there", " was", " a", " fish", " named", " Nemo", ".", " Nemo", " was", " swimming", " in", " the", " ocean", " when", " he", " saw", " a", " hook", ".", " He"], "acts": [0.0, 0.0, 0.0, 0.0, 0.0, 0.0, 0.0, 0.0, 0.0, 0.0, 0.0, 0.0, 0.0, 0.0, 0.0, 0.5586, 0.0, 0.5101, 0.0, 0.4854, 0.0, 1.1795, 2.304, 2.7308, 6.6134, 0.8481, 0.533, 0.0, 1.8937, 6.3665, 0.0, 0.4739, 0.0], "max_pos": 24, "max_act": 6.6133}, {"tokens": [" for", " fun", ".", " The", " end", ".", "<|endoftext|>", "Once", " upon", " a", " time", ",", " there", " was", " a", " fish", " named", " Nemo", ".", " Nemo", " loved", " to", " swim", " in", " the", " ocean", " and", " explore", " new", " places", ".", " One", " day"], "acts": [0.0, 0.0, 0.0, 1.3958, 0.0, 0.0, 0.0, 0.0, 0.0, 0.0, 0.0, 0.0, 0.0, 0.0, 0.0, 0.0, 0.7853, 0.0, 0.5047, 0.0, 3.1999, 4.4627, 2.021, 2.6604, 6.5889, 1.4547, 3.3167, 0.0, 4.5854, 0.0, 0.0, 2.1964, 0.0], "max_pos": 24, "max_act": 6.5898}, {"tokens": [" pre", "c", "ious", " doll", ".", "<|endoftext|>", "Once", " upon", " a", " time", ",", " there", " was", " a", " little", " fish", " named", " Nemo", ".", " Nemo", " loved", " to", " swim", " in", " the", " big", " blue", " sea", " all", " day", " long", ".", " One"], "acts": [0.0, 0.0, 0.0, 0.0, 0.0, 0.0, 0.0, 0.0, 0.0, 0.0, 0.0, 0.0, 0.0, 0.0, 1.0675, 0.0, 0.7752, 0.0, 0.8364, 0.0, 3.1011, 4.5076, 2.1539, 2.8217, 6.5841, 5.1292, 5.6192, 0.0, 1.6929, 0.8203, 3.8971, 0.0, 2.1299], "max_pos": 24, "max_act": 6.5859}]}