{"id": 507, "density": 0.0095585, "max_act": 11.3359375, "hist": {"edges": [0.01, 0.0133, 0.0178, 0.0237, 0.0316, 0.0422, 0.0562, 0.075, 0.1, 0.1334, 0.1778, 0.2371, 0.3162, 0.4217, 0.5623, 0.7499, 1.0, 1.3335, 1.7783, 2.3714, 3.1623, 4.217, 5.6234, 7.4989, 10.0, 13.3352, 17.7828, 23.7137, 31.6228, 42.1697, 56.2341, 74.9894, 100.0], "counts": [0, 0, 0, 0, 0, 0, 0, 0, 0, 0, 2, 26, 136, 383, 701, 1246, 1897, 3730, 5332, 1882, 308, 131, 1094, 18785, 2581, 0, 0, 0, 0, 0, 0, 0]}, "logit_lens": {"promoted": [[" there", 0.428], [" course", 0.362], [" Inside", 0.318], [" upon", 0.317], [" time", 0.304], [" ag", 0.28], [" away", 0.271], [" far", 0.26], [" behind", 0.258], [" name", 0.244]], "suppressed": [["ture", 0.344], ["ely", 0.285], [" me", 0.274], ["orn", 0.268], ["ular", 0.256], [" especially", 0.255], ["ions", 0.247], ["ement", 0.244], [" beh", 0.24], ["t", 0.231]]}, "examples": [{"tokens": [" very", " sad", " and", " missed", " Max", " very", " much", ".", "<|endoftext|>", "Once", " upon", " a", " time", ",", " there", " was", " a", " little", " girl", " named", " Lily"], "acts": [0.0, 0.0, 0.0, 0.0, 0.0, 0.0, 0.0, 0.0, 0.0, 8.9122, 0.0, 0.0, 11.3383, 3.4561, 0.0, 0.0, 0.0, 0.0, 0.0, 0.0, 0.0], "max_pos": 12, "max_act": 11.3359}, {"tokens": [" not", " hungry", " anymore", ".", " They", " were", " very", " happy", " and", " played", " together", " every", " day", ".", "<|endoftext|>", "Once", " upon", " a", " time", ",", " there", " was", " a", " large", " bird", " named", " Bob"], "acts": [0.0, 0.0, 0.0, 0.0, 0.0, 0.0, 0.0, 0.0, 0.0, 0.0, 0.0, 0.0, 0.0, 0.0, 0.0, 10.0789, 0.0, 0.0, 11.1628, 2.9057, 0.0, 0.0, 0.0, 0.0, 0.0, 0.0, 0.0], "max_pos": 18, "max_act": 11.1641}, {"tokens": [".", " They", " could", " not", " wait", " to", " play", " together", " again", ".", "<|endoftext|>", "Once", " upon", " a", " time", ",", " there", " was", " a", " big", ",", " red", " house"], "acts": [0.0, 0.0, 0.0, 0.0, 0.0, 0.0, 0.0, 0.0, 0.0, 0.0, 0.0, 9.5754, 0.0, 0.0, 11.1614, 2.8797, 0.0, 0.0, 0.0, 0.0, 0.0, 0.0, 0.0], "max_pos": 14, "max_act": 11.1641}, {"tokens": [" on", " a", " flower", ".", " Lily", " realized", " that", " not", " everything", " has", " a", " happy", " ending", ",", " but", " sometimes", " things", " end", " in", " a", " good", " way", ".", "<|endoftext|>", "Once", " upon", " a", " time", ",", " there", " was", " a", " little"], "acts": [0.0, 0.0, 0.0, 0.0, 0.0, 0.0, 0.0, 0.0, 0.0, 0.0, 0.0, 0.0, 0.0, 0.0, 0.0, 0.0, 0.0, 0.0, 0.0, 0.0, 0.0, 0.0, 0.0, 0.0, 11.1146, 0.0, 0.0, 10.4125, 2.837, 0.0, 0.0, 0.0, 0.0], "max_pos": 24, "max_act": 11.1172}, {"tokens": [" with", " its", " new", " shiny", " stars", ".", " The", " bird", " and", " the", " comet", " became", " friends", " and", " played", " together", " in", " the", " sky", ".", "<|endoftext|>", "Once", " upon", " a", " time", ",", " there", " was", " a", " blue", " bird", " named", " Bobby"], "acts": [0.0, 0.0, 0.0, 0.0, 0.0, 0.0, 0.0, 0.0, 0.0, 0.0, 0.0, 0.0, 0.0, 0.0, 0.0, 0.0, 0.0, 0.0, 0.0, 0.0, 0.0, 9.8187, 0.0, 0.0, 11.0913, 2.9647, 0.0, 0.0, 0.0, 0.0, 0.0, 0.0, 0.0], "max_pos": 24, "max_act": 11.0938}, {"tokens": [" Lily", " laughed", " and", " drank", " their", " cocoa", " together", ".", " They", " became", " good", " friends", " and", " always", " played", " together", " in", " the", " park", ".", "<|endoftext|>", "Once", " upon", " a", " time", ",", " there", " was", " a", " little", " girl", " named", " Lily"], "acts": [0.0, 0.0, 0.0, 0.0, 0.0, 0.0, 0.0, 0.0, 0.0, 0.0, 0.0, 0.0, 0.0, 0.0, 0.0, 0.0, 0.0, 0.0, 0.0, 0.0, 0.0, 10.9299, 0.0, 0.0, 11.0976, 2.8696, 0.0, 0.0, 0.0, 0.0, 0.0, 0.0, 0.0], "max_pos": 24, "max_act": 11.0938}, {"tokens": [" hug", " and", " laugh", ".", " They", " are", " happy", ".", " They", " like", " playing", " hide", " and", " seek", ".", " They", " are", " good", " friends", ".", "<|endoftext|>", "Once", " upon", " a", " time", ",", " there", " was", " a", " little", " bird", " named", " Tweety"], "acts": [0.0, 0.0, 0.0, 0.0, 0.0, 0.0, 0.0, 0.0, 0.0, 0.0, 0.0, 0.0, 0.0, 0.0, 0.0, 0.0, 0.0, 0.0, 0.0, 0.0, 0.0, 10.1874, 0.0, 0.0, 11.086, 2.4623, 0.0, 0.0, 0.0, 0.0, 0.0, 0.0, 0.0], "max_pos": 24, "max_act": 11.0859}, {"tokens": [" to", " the", " rad", "io", ",", " not", " happy", " anymore", ".", " The", " fun", " songs", " were", " gone", ",", " and", " they", " missed", " them", ".", "<|endoftext|>", "Once", " upon", " a", " time", ",", " there", " was", " a", " gifted", " little", " girl", "."], "acts": [0.0, 0.0, 0.0, 0.0, 0.0, 0.0, 0.0, 0.0, 0.0, 0.0, 0.0, 0.0, 0.0, 0.0, 0.0, 0.0, 0.0, 0.0, 0.0, 0.0, 0.0, 10.1336, 0.0, 0.0, 11.056, 2.9571, 0.0, 0.0, 0.0, 0.0, 0.0, 0.0, 0.0], "max_pos": 24, "max_act": 11.0547}, {"tokens": [" and", " Spot", " learned", " not", " to", " be", " foolish", ".", " They", " both", " played", " happily", " in", " the", " park", " and", " became", " good", " friends", ".", "<|endoftext|>", "Once", " upon", " a", " time", ",", " in", " a", " small", " town", ",", " there", " was"], "acts": [0.0, 0.0, 0.0, 0.0, 0.0, 0.0, 0.0, 0.0, 0.0, 0.0, 0.0, 0.0, 0.0, 0.0, 0.0, 0.0, 0.0, 0.0, 0.0, 0.0, 0.0, 9.7247, 0.0, 0.0, 11.0178, 2.5667, 1.3903, 0.0, 0.0, 0.0, 0.0, 0.0, 0.0], "max_pos": 24, "max_act": 11.0156}, {"tokens": [" happy", " too", ".", " They", " drew", " many", " pictures", " together", " with", " the", " in", "k", ".", " And", " they", " lived", " happily", " ever", " after", ".", "<|endoftext|>", "Once", " upon", " a", " time", ",", " there", " was", " a", " little", " girl", " named", " Lily"], "acts": [0.0, 0.0, 0.0, 0.0, 0.0, 0.0, 0.0, 0.0, 0.0, 0.0, 0.0, 0.0, 0.0, 0.0, 0.0, 0.0, 0.0, 0.0, 0.0, 0.0, 0.0, 8.9466, 0.0, 0.0, 11.0138, 2.0738, 0.0, 0.0, 0.0, 0.0, 0.0, 0.0, 0.0], "max_pos": 24, "max_act": 11.0156}, {"tokens": [".", " Max", " and", " Sam", " played", " with", " the", " ball", " together", " and", " became", " friends", ".", " The", " town", " stayed", " tidy", " and", " happy", ".", "<|endoftext|>", "Once", " upon", " a", " time", ",", " there", " was", " a", " little", " worm", ".", " The"], "acts": [0.0, 0.0, 0.0, 0.0, 0.0, 0.0, 0.0, 0.0, 0.0, 0.0, 0.0, 0.0, 0.0, 0.0, 0.0, 0.0, 0.0, 0.0, 0.0, 0.0, 0.0, 9.0235, 0.0, 0.0, 11.0098, 2.4768, 0.0, 0.0, 0.0, 0.0, 0.0, 0.0, 0.0], "max_pos": 24, "max_act": 11.0078}, {"tokens": [" play", " with", " his", " mom", ".", " They", " played", " until", " the", " rain", " stopped", ".", "<|endoftext|>", "Once", " upon", " a", " time", ",", " there", " was", " a", " little", " girl", " named", " Amy"], "acts": [0.0, 0.0, 0.0, 0.0, 0.0, 0.0, 0.0, 0.0, 0.0, 0.0, 0.0, 0.0, 0.0, 9.9233, 0.0, 0.0, 11.0068, 2.5944, 0.0, 0.0, 0.0, 0.0, 0.0, 0.0, 0.0], "max_pos": 16, "max_act": 11.0078}]}