{"id": 509, "density": 0.01964675, "max_act": 5.22265625, "hist": {"edges": [0.01, 0.0133, 0.0178, 0.0237, 0.0316, 0.0422, 0.0562, 0.075, 0.1, 0.1334, 0.1778, 0.2371, 0.3162, 0.4217, 0.5623, 0.7499, 1.0, 1.3335, 1.7783, 2.3714, 3.1623, 4.217, 5.6234, 7.4989, 10.0, 13.3352, 17.7828, 23.7137, 31.6228, 42.1697, 56.2341, 74.9894, 100.0], "counts": [0, 0, 0, 0, 0, 0, 0, 0, 0, 1, 37, 328, 1710, 5789, 11144, 12981, 11392, 8921, 9066, 10867, 5988, 363, 0, 0, 0, 0, 0, 0, 0, 0, 0, 0]}, "logit_lens": {"promoted": [[" smiled", 0.3], [" replied", 0.265], [" shook", 0.256], [" nodded", 0.245], [" smiles", 0.236], [" laughs", 0.215], [" nods", 0.209], ["Yes", 0.208], [" smile", 0.207], [" laughed", 0.207]], "suppressed": [[" yourself", 0.279], [" alone", 0.25], [" forth", 0.24], ["lp", 0.239], [" teacher", 0.233], [" should", 0.229], [" wand", 0.225], ["ump", 0.223], [" danger", 0.222], [" stu", 0.221]]}, "examples": [{"tokens": [" friends", " all", " laughed", ".", " They", " said", ",", " \"", "That", " was", " a", " big", " snee", "ze", "!", " Do", " you", " need", " a", " new", " towel", "?\"", " The", " blue", " duck", " said", ",", " \"", "Yes", ",", " please", ".\"", " \n"], "acts": [3.8489, 0.0, 0.0, 0.0, 0.0, 0.0, 0.0, 0.0, 0.0, 0.0, 0.0, 0.0, 0.0, 0.0, 0.0, 0.0, 0.0, 0.0, 0.0, 0.0, 0.0, 0.0, 1.3034, 3.2388, 5.2226, 0.6373, 1.0058, 0.5905, 0.0, 0.0, 0.0, 0.0, 0.0], "max_pos": 24, "max_act": 5.2227}, {"tokens": ["\n", "\n", "The", " little", " girl", " smiled", " and", " said", ",", " \"", "I", " understand", ".", " How", " about", " I", " take", " you", " outside", " for", " a", " little", " while", "?\"", " Tweetie", " was", " so", " happy", " and", " ch", "ir", "ped", " with"], "acts": [0.0, 0.0, 0.0, 0.0, 1.924, 0.0, 0.0, 0.0, 0.0, 0.0, 0.0, 0.0, 0.0, 0.0, 0.0, 0.0, 0.0, 0.0, 0.0, 0.0, 0.0, 0.0, 0.0, 0.0, 5.1399, 0.0, 0.0, 0.0, 0.0, 0.0, 0.0, 0.0, 0.0], "max_pos": 24, "max_act": 5.1406}, {"tokens": [" gently", " and", " talked", " to", " her", " the", " whole", " time", ".", " \"", "You", "'re", " such", " a", " pretty", " cat", ",", " Fluffy", ".", " You", " make", " me", " happy", ".\"", " Fluffy", " p", "ur", "red", " and", " closed", " her", " eyes", "."], "acts": [0.0, 0.0, 0.0, 0.0, 0.0, 0.0, 0.0, 0.0, 0.0, 0.0, 0.0, 0.0, 0.0, 0.0, 0.0, 0.0, 0.0, 0.0, 0.0, 0.0, 0.0, 0.0, 0.0, 0.0, 5.0695, 1.8277, 0.0, 0.9438, 0.0, 0.0, 0.0, 0.0, 0.0], "max_pos": 24, "max_act": 5.0703}, {"tokens": [" a", " big", " bird", ".", "\n", "\n", "The", " lady", " said", ",", " \"", "F", "l", "uffy", ",", " do", " you", " want", " to", " play", " with", " the", " bird", "?\"", " Fluffy", " looked", " at", " the", " bird", " and", " decided", " to", " play"], "acts": [0.0, 0.0, 0.0, 0.0, 0.0, 0.0, 0.0, 0.0, 0.0, 0.0, 0.0, 0.0, 0.0, 0.0, 0.0, 0.0, 0.0, 0.0, 0.0, 0.0, 0.0, 0.0, 0.0, 0.0, 5.008, 0.7849, 0.0, 0.0, 0.0, 0.0, 0.0, 0.0, 0.0], "max_pos": 24, "max_act": 5.0078}, {"tokens": [" a", " big", " smile", ".", "\n", "\n", "The", " girl", " said", ":", " \"", "I", " like", " your", " match", ".", " Do", " you", " wa", "nna", " play", " with", " me", "?\"", " Daisy", " barked", " happily", " and", " said", " \"", "Yes", "!\".", " Daisy"], "acts": [0.0, 0.0, 0.0, 0.0, 0.0, 0.0, 0.0, 0.7781, 0.0, 0.0, 0.0, 0.0, 0.0, 0.0, 0.0, 0.0, 0.0, 0.0, 0.0, 0.0, 0.0, 0.0, 0.0, 0.0, 4.9904, 1.8048, 0.6651, 0.0, 1.1924, 0.7507, 0.0, 0.0, 2.8695], "max_pos": 24, "max_act": 4.9922}, {"tokens": ["\n", "Sally", " said", ",", " \"", "Hi", " Bobby", ",", " can", " I", " borrow", " your", " cage", "?", " I", " want", " to", " show", " my", " friends", " your", " pretty", " home", ".\"", " Bobby", " said", ",", " \"", "Yes", ",", " you", " can", " borrow"], "acts": [0.0, 0.0, 0.0, 0.0, 0.0, 0.0, 0.0, 0.0, 0.0, 0.0, 0.0, 0.0, 0.0, 0.0, 0.0, 0.0, 0.0, 0.0, 0.0, 0.0, 0.0, 0.0, 0.0, 0.0, 4.9185, 0.6582, 0.819, 0.8685, 0.0, 0.0, 0.0, 0.0, 0.0], "max_pos": 24, "max_act": 4.918}, {"tokens": [".", " \"", "Look", ",", " this", " is", " my", " favorite", " toy", ",\"", " she", " said", ".", " \"", "It", "'s", " tough", " and", " makes", " a", " nice", " sound", ".\"", " Her", " brother", " smiled", " and", " said", ",", " \"", "Can", " I", " play"], "acts": [0.0, 0.0, 0.0, 0.0, 0.0, 0.0, 0.0, 0.0, 0.0, 0.0, 0.0, 0.0, 0.0, 0.0, 0.0, 0.0, 0.0, 0.0, 0.0, 0.0, 0.0, 0.0, 0.0, 1.7805, 4.9178, 0.6753, 0.0, 0.0, 0.4186, 0.4038, 0.0, 0.0, 0.0], "max_pos": 24, "max_act": 4.918}, {"tokens": [" started", " to", " guess", ".", " She", " said", ",", " \"", "I", "s", " a", " po", "is", "on", " something", " that", " you", " can", " find", " in", " a", " garden", "?\"", " Her", " neighbour", " thought", " about", " this", " for", " a", " moment", " and", " then"], "acts": [0.0, 0.0, 0.0, 0.0, 0.0, 0.0, 0.0, 0.0, 0.0, 0.0, 0.0, 0.0, 0.0, 0.0, 0.0, 0.0, 0.0, 0.0, 0.0, 0.0, 0.0, 0.0, 0.0, 2.0885, 4.9087, 0.0, 0.0, 0.0, 0.0, 0.0, 0.0, 0.0, 0.0], "max_pos": 24, "max_act": 4.9102}, {"tokens": [" house", " to", " bring", " her", " some", " cookies", ".\"", " The", " wolf", " said", " \"", "That", "'s", " nice", ".", " Can", " you", " count", " how", " many", " cookies", " you", " have", "?\"", " Red", " counted", " and", " said", " \"", "I", " have", " ", "1"], "acts": [0.0, 0.0, 0.0, 0.0, 0.0, 0.0, 0.0, 0.0, 3.8851, 0.5233, 1.288, 0.0, 0.0, 0.0, 0.0, 0.0, 0.0, 0.0, 0.0, 0.0, 0.0, 0.0, 0.0, 0.0, 4.909, 1.5611, 0.7134, 0.0, 1.2588, 0.0, 0.0, 0.0, 0.0], "max_pos": 24, "max_act": 4.9102}, {"tokens": [" you", " feel", " better", ",\"", " Do", "gg", "y", " said", ".", " \"", "I", " inv", "ite", " you", " to", " my", " birthday", " party", " when", " you", " are", " all", " better", ".\"", " Kitty", " smiled", " and", " said", ",", " \"", "Thank", " you", ","], "acts": [0.0, 0.0, 0.0, 0.0, 0.8256, 0.0, 0.0, 0.0, 0.0, 0.0, 0.0, 0.0, 0.0, 0.0, 0.0, 0.0, 0.0, 0.0, 0.0, 0.0, 0.0, 0.0, 0.0, 0.0, 4.9052, 1.043, 0.0, 0.0, 0.3536, 0.7002, 0.0, 0.0, 0.0], "max_pos": 24, "max_act": 4.9062}, {"tokens": [" had", " read", ".", " She", " said", ",", " \"", "Dad", ",", " did", " you", " know", " that", " beet", "les", " can", " look", " different", " and", " some", " are", " even", " colorful", "?\"", " Dad", " replied", ",", " \"", "That", "'s", " right", ",", " honey"], "acts": [0.0, 0.0, 0.0, 0.0, 0.0, 0.0, 0.0, 0.0, 0.0, 0.0, 0.0, 0.0, 0.0, 0.0, 0.0, 0.0, 0.0, 0.0, 0.0, 0.0, 0.0, 0.0, 0.0, 0.0, 4.8853, 1.1407, 0.81, 0.0, 0.0, 0.0, 0.0, 0.0, 0.0], "max_pos": 24, "max_act": 4.8867}, {"tokens": ["arian", " felt", " bad", " and", " said", ",\"", "I", "'m", " sorry", ",", " let", " me", " give", " you", " a", " little", " gift", " to", " make", " you", " happy", ".\"", " The", " libr", "arian", " gave", " her", " a", " book", "m", "ark", " as", " a"], "acts": [1.611, 0.0, 0.0, 0.0, 0.0, 0.0, 0.0, 0.0, 0.0, 0.0, 0.0, 0.0, 0.0, 0.0, 0.0, 0.0, 0.0, 0.0, 0.0, 0.0, 0.0, 0.0, 0.0, 1.0931, 4.8843, 0.0, 0.0, 0.0, 0.0, 0.0, 0.0, 0.0, 0.0], "max_pos": 24, "max_act": 4.8828}]}