{"id": 537, "density": 0.02160975, "max_act": 5.68359375, "hist": {"edges": [0.01, 0.0133, 0.0178, 0.0237, 0.0316, 0.0422, 0.0562, 0.075, 0.1, 0.1334, 0.1778, 0.2371, 0.3162, 0.4217, 0.5623, 0.7499, 1.0, 1.3335, 1.7783, 2.3714, 3.1623, 4.217, 5.6234, 7.4989, 10.0, 13.3352, 17.7828, 23.7137, 31.6228, 42.1697, 56.2341, 74.9894, 100.0], "counts": [0, 0, 0, 0, 0, 0, 0, 0, 0, 7, 191, 1012, 4106, 12368, 18816, 16949, 12376, 9015, 6545, 3302, 1524, 227, 1, 0, 0, 0, 0, 0, 0, 0, 0, 0]}, "logit_lens": {"promoted": [["One", 0.304], [" One", 0.258], [" one", 0.255], [" day", 0.251], [" happen", 0.245], [" together", 0.242], [" Today", 0.238], [" sometimes", 0.226], ["But", 0.218], [" mess", 0.215]], "suppressed": [["way", 0.299], ["ged", 0.281], [" cover", 0.281], ["it", 0.28], ["itting", 0.275], ["uc", 0.267], [" cur", 0.266], ["her", 0.265], ["az", 0.262], ["ht", 0.248]]}, "examples": [{"tokens": [" and", " shapes", ".", " They", " could", " make", " towers", ",", " houses", ",", " cars", ",", " and", " animals", " with", " their", " blocks", ".", " They", " had", " fun", " together", ".", "\n", "\n", "One", " day", ",", " Tom", " wanted", " to", " make", " a"], "acts": [0.0, 0.0, 1.5686, 0.0, 0.0, 0.0, 0.0, 0.0, 0.0, 0.0, 0.0, 0.0, 0.0, 0.0, 0.0, 0.0, 0.0, 2.2926, 0.0, 0.0, 0.0, 0.0, 2.2253, 4.6492, 5.6853, 1.6986, 0.0, 0.65, 0.0, 0.0, 0.0, 0.0, 0.0], "max_pos": 24, "max_act": 5.6836}, {"tokens": [" make", " houses", ",", " towers", ",", " cars", ",", " and", " animals", " with", " their", " blocks", ".", " They", " have", " fun", " playing", " with", " their", " blocks", " every", " day", ".", "\n", "\n", "One", " day", ",", " they", " decide", " to", " build", " a"], "acts": [0.0, 0.0, 0.0, 0.0, 0.0, 0.0, 0.0, 0.0, 0.0, 0.0, 0.0, 0.0, 2.3307, 0.0, 0.0, 0.0, 0.0, 0.0, 0.0, 0.0, 0.0, 0.0, 1.7353, 4.2797, 5.3316, 1.5623, 0.0, 0.0, 0.0, 0.0, 0.0, 0.0, 0.0], "max_pos": 24, "max_act": 5.332}, {"tokens": [" a", " car", " and", " a", " bear", ".", " She", " liked", " to", " make", " them", " talk", " and", " do", " things", ".", " She", " had", " fun", " with", " her", " toys", ".", "\n", "\n", "One", " day", ",", " Lila", " saw", " a", " big", " box"], "acts": [0.0, 0.0, 0.0, 0.9695, 0.0, 2.3406, 0.0, 0.0, 0.0, 0.0, 0.0, 0.0, 0.0, 0.0, 0.0, 2.9057, 0.8272, 0.0, 0.0, 0.0, 0.0, 0.0, 1.8444, 4.3972, 5.2487, 1.1282, 0.0, 0.0, 0.0, 0.0, 0.0, 0.0, 0.0], "max_pos": 24, "max_act": 5.25}, {"tokens": [" big", " box", " of", " toys", ".", " They", " have", " cars", ",", " dolls", ",", " balls", ",", " and", " blocks", ".", " They", " have", " fun", " with", " their", " toys", ".", "\n", "\n", "One", " day", ",", " they", " find", " a", " new", " toy"], "acts": [0.0, 0.0, 0.0, 0.0, 0.5952, 0.0, 0.0, 0.0, 0.0, 0.0, 0.0, 0.0, 0.0, 0.0, 0.0, 1.2552, 0.0, 0.0, 0.0, 0.0, 0.0, 0.0, 1.6769, 3.9518, 5.1889, 1.2464, 0.0, 0.0, 0.0, 0.0, 0.0, 0.0, 0.0], "max_pos": 24, "max_act": 5.1875}, {"tokens": [" a", " lot", " of", " cute", " toys", ",", " like", " dolls", ",", " cars", ",", " balls", " and", " animals", ".", " They", " share", " their", " toys", " and", " have", " fun", ".", "\n", "\n", "One", " day", ",", " a", " big", " dog", " comes", " into"], "acts": [0.0, 0.0, 0.0, 0.0, 0.0, 0.0, 0.0, 0.0, 0.0, 0.0, 0.0, 0.0, 0.0, 0.0, 2.048, 0.0, 0.0, 0.0, 0.0, 0.0, 0.0, 0.0, 2.287, 4.1578, 5.1638, 1.2341, 0.0, 0.0, 0.0, 0.0, 0.0, 0.0, 0.0], "max_pos": 24, "max_act": 5.1641}, {"tokens": [" to", " make", " cards", ",", " dolls", ",", " animals", ",", " and", " flowers", ".", " She", " likes", " to", " make", " gif", "ts", " for", " her", " family", " and", " friends", ".", "\n", "\n", "One", " day", ",", " Sara", " wants", " to", " make", " a"], "acts": [0.0, 0.0, 0.0, 0.0, 0.0, 0.0, 0.0, 0.0, 0.0, 0.0, 2.7964, 0.6568, 0.0, 0.0, 0.0, 0.0, 0.0, 0.0, 0.0, 0.0, 0.0, 0.0, 1.7076, 4.204, 5.1394, 1.3751, 0.0, 0.0, 0.0, 0.0, 0.0, 0.0, 0.0], "max_pos": 24, "max_act": 5.1406}, {"tokens": [",", " a", " kite", " and", " a", " bike", ".", " They", " run", ",", " kick", ",", " fly", " and", " ride", ".", " They", " are", " happy", " and", " have", " fun", ".", "\n", "\n", "But", " one", " day", ",", " it", " rain", "s", " a"], "acts": [0.0, 0.0, 0.0, 0.0, 1.0824, 0.0, 2.3199, 0.0, 0.0, 0.0, 0.0, 0.0, 0.0, 0.0, 0.0, 2.639, 0.0, 0.0, 0.0, 0.0, 0.0, 0.0, 2.7958, 4.4958, 5.0513, 3.9524, 0.0, 0.0, 0.0, 0.0, 0.0, 0.0, 0.0], "max_pos": 24, "max_act": 5.0508}, {"tokens": [" They", " like", " to", " play", " sp", "ort", " in", " the", " park", ".", " They", " kick", " a", " ball", " and", " run", " and", " jump", ".", " They", " have", " fun", ".", "\n", "\n", "One", " day", ",", " Sam", " feels", " sick", ".", " He"], "acts": [0.0, 0.0, 0.0, 1.6433, 0.0, 0.0, 0.0, 0.0, 0.0, 2.1238, 0.0, 0.0, 0.0, 0.0, 0.0, 0.0, 0.0, 0.0, 2.7307, 0.0, 0.0, 0.0, 2.9103, 4.3931, 4.9861, 0.8735, 0.0, 0.0, 0.0, 0.0, 0.0, 0.0, 0.0], "max_pos": 24, "max_act": 4.9844}, {"tokens": [" and", " swing", ".", " They", " liked", " to", " see", " the", " birds", ",", " the", " flowers", " and", " the", " clouds", ".", " They", " had", " a", " lot", " of", " fun", ".", "\n", "\n", "One", " day", ",", " it", " was", " very", " hot", " and"], "acts": [0.0, 0.0, 3.5213, 0.0, 0.0, 0.0, 0.0, 0.0, 0.0, 0.0, 0.0, 0.0, 0.0, 0.0, 0.0, 1.9399, 0.0, 0.0, 0.0, 0.0, 0.0, 0.0, 1.6727, 4.1088, 4.9768, 1.2551, 0.0, 0.0, 0.0, 0.0, 0.0, 0.0, 0.0], "max_pos": 24, "max_act": 4.9766}, {"tokens": [" and", " tie", " them", ".", " She", " liked", " to", " make", " them", " fly", " and", " bounce", ".", " She", " liked", " to", " play", " with", " them", " with", " her", " friends", ".", "\n", "\n", "But", " Max", " did", " not", " like", " balloons", ".", " He"], "acts": [0.0, 0.0, 0.0, 2.6517, 0.5931, 0.0, 0.0, 0.0, 0.0, 0.0, 0.0, 0.0, 3.2496, 0.5466, 0.0, 0.0, 0.589, 0.0, 0.0, 0.0, 0.0, 0.0, 2.6398, 4.458, 4.9753, 3.4938, 0.0, 0.0, 0.0, 0.0, 0.0, 0.0, 0.0], "max_pos": 24, "max_act": 4.9766}, {"tokens": [" a", " big", " box", " of", " toys", ".", " They", " had", " cars", ",", " dolls", ",", " balls", ",", " and", " books", ".", " They", " had", " fun", " every", " day", ".", "\n", "\n", "One", " day", ",", " it", " was", " not", " sunny", "."], "acts": [0.0, 0.0, 0.0, 0.0, 0.0, 0.8936, 0.0, 0.0, 0.0, 0.0, 0.0, 0.0, 0.0, 0.0, 0.0, 0.0, 1.6224, 0.0, 0.0, 0.0, 0.0, 0.0, 1.6597, 4.1111, 4.9624, 0.8585, 0.0, 0.0, 0.0, 0.0, 0.0, 0.0, 0.0], "max_pos": 24, "max_act": 4.9609}, {"tokens": [" swim", " in", " the", " pool", ".", " They", " wore", " swim", " suit", "s", " and", " go", "gg", "les", ".", " They", " splashed", " and", " kicked", " and", " had", " fun", ".", "\n", "\n", "One", " day", ",", " they", " saw", " a", " new", " boy"], "acts": [0.0, 0.0, 0.0, 0.0, 1.5364, 0.0, 0.0, 0.0, 0.0, 0.0, 0.0, 0.0, 2.4174, 0.0, 2.2279, 0.0, 0.0, 0.0, 0.0, 0.0, 0.0, 0.0, 2.4917, 4.3102, 4.9329, 1.3506, 0.0, 0.0, 0.0, 0.0, 0.0, 0.0, 0.0], "max_pos": 24, "max_act": 4.9336}]}