{"id": 555, "density": 0.0190545, "max_act": 6.66015625, "hist": {"edges": [0.01, 0.0133, 0.0178, 0.0237, 0.0316, 0.0422, 0.0562, 0.075, 0.1, 0.1334, 0.1778, 0.2371, 0.3162, 0.4217, 0.5623, 0.7499, 1.0, 1.3335, 1.7783, 2.3714, 3.1623, 4.217, 5.6234, 7.4989, 10.0, 13.3352, 17.7828, 23.7137, 31.6228, 42.1697, 56.2341, 74.9894, 100.0], "counts": [0, 0, 0, 0, 0, 0, 0, 0, 0, 12, 158, 687, 1848, 5978, 12006, 14787, 13570, 9956, 6349, 8521, 1390, 919, 37, 0, 0, 0, 0, 0, 0, 0, 0, 0]}, "logit_lens": {"promoted": [[" day", 0.294], [" a", 0.257], ["owed", 0.223], [" sunny", 0.201], ["oe", 0.201], [" go", 0.189], [" night", 0.187], [" an", 0.179], [" morning", 0.175], [" fore", 0.171]], "suppressed": [[" shopkeeper", 0.255], ["ith", 0.25], [" suddenly", 0.249], ["and", 0.248], ["ut", 0.243], ["ang", 0.242], [" castle", 0.241], ["c", 0.24], ["nder", 0.233], ["ck", 0.232]]}, "examples": [{"tokens": [" They", " smiled", " and", " said", " it", " was", " their", " wish", ".", " They", " said", " it", " was", " their", " dream", ".", " They", " said", " it", " was", " colorful", ".", "<|endoftext|>", "Lily", " wanted", " to", " help", " her", " dad", " fix", " the", " bike", "."], "acts": [0.0, 0.0, 0.0, 0.0, 0.0, 0.0, 0.0, 0.0, 0.0, 0.0, 0.0, 0.0, 0.0, 0.0, 0.0, 0.0, 0.0, 0.0, 0.0, 0.0, 0.0, 0.0, 0.0, 0.0, 6.6591, 3.6276, 1.9777, 1.4543, 0.8126, 0.0, 0.0, 0.0, 0.0], "max_pos": 24, "max_act": 6.6602}, {"tokens": [" learned", " that", " the", " se", "as", "ons", " could", " change", " very", " fast", ",", " and", " that", " they", " had", " to", " enjoy", " them", " while", " they", " could", ".", "<|endoftext|>", "Anna", " wanted", " to", " help", " her", " mom", " bake", " a", " cake", "."], "acts": [0.0, 0.0, 0.0, 0.0, 0.0, 0.0, 0.0, 0.0, 0.0, 0.0, 0.0, 0.0, 0.0, 0.0, 0.0, 0.0, 0.0, 0.0, 0.0, 0.0, 0.0, 0.0, 0.0, 0.0, 6.5653, 3.6025, 2.0589, 1.4486, 1.0383, 0.0, 0.0, 0.0, 0.0], "max_pos": 24, "max_act": 6.5664}, {"tokens": [" her", " imag", "es", " and", " showed", " them", " to", " her", " mom", ".", " She", " was", " proud", " of", " her", " art", ".", " She", " was", " happy", " again", ".", "<|endoftext|>", "Lily", " wanted", " to", " see", " the", " stars", " on", " her", " ce", "il"], "acts": [0.0, 0.0, 0.0, 0.0, 0.0, 0.0, 0.0, 0.0, 0.0, 0.0, 0.0, 0.0, 0.0, 0.0, 0.0, 0.0, 0.0, 0.0, 0.0, 0.0, 0.0, 0.0, 0.0, 0.0, 6.5576, 3.6625, 1.6946, 0.0, 0.0, 0.0, 0.0, 0.0, 0.0], "max_pos": 24, "max_act": 6.5586}, {"tokens": [" love", " him", ".", " He", " hoped", " he", " would", " find", " a", " new", " box", ".", " He", " hoped", " he", " would", " be", " happy", " and", " warm", " again", ".", "<|endoftext|>", "Lily", " wanted", " to", " bake", " a", " cake", " for", " her", " mom", "'s"], "acts": [0.0, 0.0, 0.0, 0.0, 0.0, 0.0, 0.0, 0.0, 0.0, 0.0, 0.0, 0.0, 0.0, 0.0, 0.0, 0.0, 0.0, 0.0, 0.0, 0.0, 0.0, 0.0, 0.0, 0.0, 6.5228, 3.6519, 1.1827, 0.0, 0.0, 0.0, 0.814, 1.1423, 1.1158], "max_pos": 24, "max_act": 6.5234}, {"tokens": [".", " They", " see", " a", " lot", " of", " things", ".", " They", " learn", " a", " lot", " of", " words", ".", " They", " have", " a", " lot", " of", " fun", ".", "<|endoftext|>", "Lily", " wanted", " to", " mail", " a", " picture", " to", " her", " grandma", "."], "acts": [0.0, 0.0, 0.0, 0.0, 0.0, 0.0, 0.0, 0.0, 0.0, 0.0, 0.0, 0.0, 0.0, 0.0, 0.0, 0.0, 0.0, 0.0, 0.0, 0.0, 0.0, 0.0, 0.0, 0.0, 6.4926, 3.464, 0.0, 0.0, 0.0, 0.0, 0.0, 0.0, 0.0], "max_pos": 24, "max_act": 6.4922}, {"tokens": [" taking", " them", " to", " the", " zoo", ".", " They", " learned", " a", " new", " word", " and", " a", " new", " animal", ".", " They", " had", " a", " fun", " day", ".", "<|endoftext|>", "Lily", " wanted", " to", " help", " her", " mom", " in", " the", " kitchen", "."], "acts": [0.0, 0.0, 0.0, 0.0, 0.0, 0.0, 0.0, 0.0, 0.0, 0.0, 0.0, 0.0, 0.0, 0.0, 0.0, 0.0, 0.0, 0.0, 0.0, 0.0, 0.0, 0.0, 0.0, 0.0, 6.4637, 3.3567, 1.8964, 1.3085, 0.8931, 0.0, 0.0, 0.0, 0.0], "max_pos": 24, "max_act": 6.4648}, {"tokens": [".", " Tommy", " had", " so", " much", " fun", ".", " He", " felt", " very", " brave", ".", " He", " was", " in", " the", " parade", ".", " He", " was", " happy", ".", "<|endoftext|>", "Lily", " wanted", " to", " play", " with", " her", " new", " doll", ",", " but"], "acts": [0.0, 0.0, 0.0, 0.0, 0.0, 0.0, 0.0, 0.0, 0.0, 0.0, 0.0, 0.0, 0.0, 0.0, 0.0, 0.0, 0.0, 0.0, 0.0, 0.0, 0.0, 0.0, 0.0, 0.0, 6.44, 3.6107, 2.8544, 1.0296, 1.1955, 0.0, 0.0, 1.1365, 0.0], "max_pos": 24, "max_act": 6.4414}, {"tokens": [" says", ".", "\n", "\n", "They", " walk", " home", " together", ".", " They", " eat", " pasta", ".", " They", " are", " happy", ".", " They", " are", " a", " family", ".", "<|endoftext|>", "Lily", " wanted", " to", " buy", " a", " new", " toy", ".", " She", " saw"], "acts": [0.0, 0.0, 0.0, 0.0, 0.0, 0.0, 0.0, 0.0, 0.0, 0.0, 0.0, 0.0, 0.0, 0.0, 0.0, 0.0, 0.0, 0.0, 0.0, 0.0, 0.0, 0.0, 0.0, 0.0, 6.4234, 3.4996, 2.4842, 0.9898, 0.0, 0.0, 0.0, 0.0, 0.0], "max_pos": 24, "max_act": 6.4219}, {"tokens": [" not", " come", " back", ".", " They", " hoped", " Mom", " and", " Dad", " would", " love", " them", ".", " They", " had", " a", " bad", " day", ".", " The", " end", ".", "<|endoftext|>", "Lily", " wanted", " to", " play", " with", " her", " doll", ",", " but", " her"], "acts": [0.0, 0.0, 0.0, 0.0, 0.0, 0.0, 0.0, 0.0, 0.0, 0.0, 0.0, 0.0, 0.0, 0.0, 0.0, 0.0, 0.0, 0.0, 0.0, 0.0, 0.0, 0.0, 0.0, 0.0, 6.4216, 3.5555, 2.5381, 0.838, 1.1363, 0.0, 0.9968, 0.0, 0.0], "max_pos": 24, "max_act": 6.4219}, {"tokens": ["are", " enjoyed", " her", " pie", " while", " playing", " outside", " in", " the", " sun", ".", " And", " she", " didn", "'t", " have", " to", " share", " it", " with", " anyone", ".", "<|endoftext|>", "Tommy", " wanted", " a", " dream", ".", " So", ",", " he", " went", " to"], "acts": [0.0, 0.0, 0.0, 0.0, 0.0, 0.0, 0.0, 0.0, 0.0, 0.0, 0.0, 0.0, 0.0, 0.0, 0.0, 0.0, 0.0, 0.0, 0.0, 0.0, 0.0, 0.0, 0.0, 0.0, 6.366, 2.0323, 1.5081, 0.0, 0.0, 0.0, 0.0, 1.2997, 0.0], "max_pos": 24, "max_act": 6.3672}, {"tokens": [" They", " felt", " better", ".", " They", " learned", " their", " lesson", ".", " They", " were", " still", " painter", "s", ",", " but", " they", " were", " careful", " painter", "s", ".", "<|endoftext|>", "Lily", " wanted", " to", " teach", " her", " doll", " how", " to", " drink", " w"], "acts": [0.0, 0.0, 0.0, 0.0, 0.0, 0.0, 0.0, 0.0, 0.0, 0.0, 0.0, 0.0, 0.0, 0.0, 0.0, 0.0, 0.0, 0.0, 0.0, 0.0, 0.0, 0.0, 0.0, 0.0, 6.3658, 3.2265, 1.3099, 2.3157, 0.0, 0.8076, 0.0, 0.0, 0.0], "max_pos": 24, "max_act": 6.3672}, {"tokens": ["<|endoftext|>", "John", " wanted", " to", " do", " something", " special", ".", " He", " kne", "el"], "acts": [0.0, 1.427, 6.3455, 2.9329, 1.9578, 2.8827, 2.1853, 0.0, 0.0, 0.0, 0.0], "max_pos": 2, "max_act": 6.3438}]}