{"id": 560, "density": 0.0138885, "max_act": 7.6328125, "hist": {"edges": [0.01, 0.0133, 0.0178, 0.0237, 0.0316, 0.0422, 0.0562, 0.075, 0.1, 0.1334, 0.1778, 0.2371, 0.3162, 0.4217, 0.5623, 0.7499, 1.0, 1.3335, 1.7783, 2.3714, 3.1623, 4.217, 5.6234, 7.4989, 10.0, 13.3352, 17.7828, 23.7137, 31.6228, 42.1697, 56.2341, 74.9894, 100.0], "counts": [0, 0, 0, 0, 0, 0, 0, 0, 0, 1, 8, 102, 603, 3037, 8075, 11215, 10184, 8124, 6182, 4189, 2438, 1082, 311, 3, 0, 0, 0, 0, 0, 0, 0, 0]}, "logit_lens": {"promoted": [[" tail", 0.205], [" man", 0.183], [" So", 0.175], [" loud", 0.173], [" roof", 0.164], [" string", 0.145], [" lock", 0.144], [" When", 0.14], [" name", 0.14], [" g", 0.138]], "suppressed": [["ball", 0.364], ["night", 0.339], ["Give", 0.331], [" years", 0.31], [" success", 0.307], [" woke", 0.304], ["a", 0.299], [" already", 0.297], ["n", 0.295], ["ning", 0.294]]}, "examples": [{"tokens": [" with", " her", " toys", ".", "\n", "\n", "One", " day", ",", " Lila", " saw", " a", " big", " box", " in", " the", " living", " room", ".", " It", " was", " shiny", " and", " had", " a", " bow", " on", " it", ".", " She", " wanted", " to", " see"], "acts": [0.0, 0.0, 0.0, 0.0, 0.0, 0.0, 0.0, 0.0, 0.0, 0.0, 0.0, 0.0, 0.0, 0.0, 0.0, 0.0, 0.0, 0.0, 0.0, 0.5464, 0.0, 0.0, 0.0, 1.3936, 7.6345, 1.4742, 0.0, 0.0, 0.0, 0.8127, 0.0, 0.0, 0.0], "max_pos": 24, "max_act": 7.6328}, {"tokens": [" with", " her", " mom", ".", " She", " saw", " a", " girl", " with", " a", " big", " doll", ".", " The", " big", " doll", " had", " a", " shiny", " dress", " and", " a", " hat", " with", " a", " feather", ".", " The", " girl", " said", ",", " \"", "My"], "acts": [0.0, 0.0, 0.0, 0.0, 0.0, 0.0, 0.0, 0.0, 0.0, 2.5734, 3.3465, 0.0, 0.0, 0.0, 0.0, 0.0, 0.0, 5.2039, 5.0014, 1.4459, 2.0018, 6.8542, 2.0217, 2.8906, 7.5486, 2.4066, 0.0, 0.7929, 0.0, 0.0, 0.0, 0.0, 1.54], "max_pos": 24, "max_act": 7.5469}, {"tokens": [".", "\n", "\n", "One", " day", ",", " he", " find", "s", " a", " new", " car", " in", " his", " toy", " box", ".", " It", " is", " red", " and", " shiny", " and", " has", " a", " big", " mus", "cle", " on", " the", " front", ".", " Ben"], "acts": [0.0, 0.0, 0.0, 0.0, 0.0, 0.0, 0.0, 0.0, 0.0, 0.8911, 0.0, 0.0, 0.0, 0.7068, 0.0, 0.0, 0.0, 0.0, 0.0, 0.0, 0.0, 0.0, 0.0, 0.771, 7.5039, 6.0737, 0.0, 1.0571, 0.0, 1.9266, 0.0, 0.0, 0.0], "max_pos": 24, "max_act": 7.5039}, {"tokens": [" is", " red", " and", " yellow", ".", "\n", "\n", "One", " day", ",", " they", " find", " a", " new", " shield", " in", " the", " box", ".", " It", " is", " shiny", " and", " has", " a", " star", " on", " it", ".", " Tom", " wants", " to", " pick"], "acts": [0.0, 0.0, 0.9553, 0.0, 0.0, 0.0, 0.0, 0.0, 0.0, 0.0, 0.0, 0.0, 0.9225, 0.9003, 0.0, 0.0, 0.0, 0.0, 0.9701, 0.0, 0.0, 0.0, 0.0, 0.0, 7.4937, 0.0, 1.0605, 0.0, 0.6593, 0.0, 0.0, 0.0, 0.0], "max_pos": 24, "max_act": 7.4922}, {"tokens": [" a", " red", " ball", ",", " and", " a", " teddy", " bear", ".", " He", " loved", " his", " teddy", " bear", " the", " most", ".", " It", " was", " soft", " and", " brown", " and", " had", " a", " funny", " must", "ache", ".", " Tom", " liked", " to", " pretend"], "acts": [2.9209, 3.0062, 0.0, 0.0, 0.0, 2.0552, 0.0, 0.0, 0.0, 0.0, 0.0, 0.0, 0.0, 0.0, 0.0, 0.0, 0.0, 0.0, 0.0, 0.0, 0.0, 0.0, 0.0, 1.4561, 7.4039, 4.5548, 1.4785, 0.0, 0.0, 0.0, 0.0, 0.6512, 0.0], "max_pos": 24, "max_act": 7.4023}, {"tokens": [" building", " where", " they", " lived", ".", " One", " day", ",", " they", " found", " a", " shiny", " button", " in", " the", " hall", ".", " It", " was", " red", " and", " round", " and", " had", " a", " picture", " of", " a", " fire", " on", " it", ".", " Tom"], "acts": [0.0, 0.0, 0.0, 0.0, 0.0, 0.0, 0.0, 0.0, 0.0, 0.0, 0.0, 0.0, 0.0, 0.0, 0.0, 0.0, 0.0, 0.0, 0.0, 0.0, 0.0, 0.0, 0.8466, 1.5819, 7.3871, 0.0, 0.0, 1.4914, 0.0, 0.0, 0.0, 0.0, 0.0], "max_pos": 24, "max_act": 7.3867}, {"tokens": [",", " but", " they", " always", " wanted", " more", ".", " One", " day", ",", " they", " saw", " a", " big", " bag", " on", " the", " street", ".", " It", " was", " shiny", " and", " had", " a", " lock", " on", " it", ".", "\n", "\n", "\"", "Wow"], "acts": [0.0, 0.0, 0.0, 0.0, 0.0, 0.0, 0.0, 0.0, 0.0, 0.0, 0.0, 0.0, 0.0, 0.0, 0.0, 0.0, 0.0, 0.0, 0.0, 0.5019, 0.0, 0.0, 0.0, 1.1629, 7.3535, 0.0, 0.0, 0.0, 0.0, 0.0, 0.0, 0.0, 0.0], "max_pos": 24, "max_act": 7.3516}, {"tokens": [" trucks", " in", " their", " room", ".", " One", " day", ",", " they", " find", " a", " new", " car", " in", " the", " box", ".", " It", " is", " red", " and", " shiny", " and", " has", " a", " button", " on", " the", " side", ".", "\n", "\n", "\""], "acts": [0.0, 1.1291, 0.0, 0.0, 0.0, 0.0, 0.0, 0.0, 0.0, 0.0, 1.1131, 1.0543, 0.0, 0.0, 0.0, 0.0, 0.4322, 0.0, 0.0, 0.0, 0.0, 0.0, 0.0, 1.0142, 7.3303, 1.4506, 1.0681, 2.5711, 0.0, 0.0, 0.0, 0.0, 0.0], "max_pos": 24, "max_act": 7.332}, {"tokens": ["\n", "\n", "One", " day", ",", " they", " found", " a", " big", " box", " in", " the", " garage", ".", " It", " was", " brown", " and", " had", " a", " lot", " of", " tape", " on", " it", ".", " They", " wondered"], "acts": [0.0, 0.0, 0.0, 0.0, 0.0, 0.0, 0.0, 0.0, 0.0, 0.0, 0.0, 0.0, 0.0, 0.7917, 0.0, 0.0, 0.0, 0.0, 1.2824, 7.3114, 0.0, 1.6924, 0.0, 0.0, 0.0, 0.5973, 0.0, 0.0], "max_pos": 19, "max_act": 7.3125}, {"tokens": [" whistle", ".", "\n", "\n", "One", " day", ",", " Tom", " wanted", " to", " play", " with", " Amy", "'s", " new", " train", ".", " It", " was", " shiny", " and", " red", " and", " had", " a", " big", " engine", ".", " Amy", " said", " no", ",", " it"], "acts": [0.0, 0.0, 0.0, 0.0, 0.0, 0.0, 0.0, 0.0, 0.0, 0.0, 0.0, 0.0, 0.0, 0.0, 0.0, 0.0, 0.0, 0.0, 0.0, 0.0, 0.0, 0.0, 0.0, 1.0912, 7.3079, 5.8862, 0.9874, 0.0, 0.0, 0.0, 0.0, 0.0, 0.0], "max_pos": 24, "max_act": 7.3086}, {"tokens": [",", " she", " saw", " a", " new", " bottle", " of", " per", "fu", "me", " on", " her", " mom", "'s", " dress", "er", ".", " It", " was", " shiny", " and", " pink", " and", " had", " a", " flower", " on", " the", " cap", ".", " Lily", " wanted", " to"], "acts": [0.0, 0.0, 0.0, 0.0, 0.0, 0.0, 0.0, 0.0, 0.0, 0.0, 0.0, 0.0, 0.0, 0.0, 0.0, 0.0, 0.6795, 0.0, 0.0, 0.0, 0.0, 0.0, 0.0, 1.7513, 7.2915, 1.5105, 0.0, 1.7567, 0.0, 0.0, 0.0, 0.0, 0.0], "max_pos": 24, "max_act": 7.293}, {"tokens": [" pil", "ots", ".", "\n", "\n", "One", " day", ",", " they", " saw", " a", " new", " thing", " in", " the", " park", ".", " It", " was", " long", " and", " shiny", " and", " had", " a", " poin", "ty", " end", ".", " It", " looked", " like", " a"], "acts": [0.0, 0.0, 0.0, 0.0, 0.0, 0.0, 0.0, 0.0, 0.0, 0.0, 0.0, 0.0, 0.0, 0.0, 0.0, 0.0, 0.4831, 0.0, 0.0, 0.0, 1.3656, 0.0, 0.0, 1.3648, 7.2796, 0.0, 3.9112, 0.0, 0.0, 0.0, 0.4265, 0.0, 0.9841], "max_pos": 24, "max_act": 7.2812}]}