{"id": 561, "density": 0.0125675, "max_act": 9.2109375, "hist": {"edges": [0.01, 0.0133, 0.0178, 0.0237, 0.0316, 0.0422, 0.0562, 0.075, 0.1, 0.1334, 0.1778, 0.2371, 0.3162, 0.4217, 0.5623, 0.7499, 1.0, 1.3335, 1.7783, 2.3714, 3.1623, 4.217, 5.6234, 7.4989, 10.0, 13.3352, 17.7828, 23.7137, 31.6228, 42.1697, 56.2341, 74.9894, 100.0], "counts": [0, 0, 0, 0, 0, 0, 0, 0, 0, 1, 32, 120, 537, 2230, 5981, 9511, 10040, 8649, 5917, 3344, 1849, 872, 941, 246, 0, 0, 0, 0, 0, 0, 0, 0]}, "logit_lens": {"promoted": [[" stairs", 0.352], [" hill", 0.339], [" ladder", 0.282], [" mountain", 0.278], [" hall", 0.253], [" street", 0.21], [" big", 0.21], [" he", 0.207], ["ways", 0.202], [" He", 0.2]], "suppressed": [[" people", 0.303], [" happened", 0.298], [" creatures", 0.291], [" anyone", 0.269], [" especially", 0.267], [" than", 0.263], [" ones", 0.262], [" how", 0.261], [" animals", 0.26], [" happen", 0.258]]}, "examples": [{"tokens": [" glad", " her", " mom", " was", " with", " her", ".", " She", " did", " not", " like", " the", " attic", ",", " but", " she", " liked", " her", " mom", ".", " They", " went", " back", " down", " the", " stairs", " and", " left", " the", " attic", ".", "<|endoftext|>", "Lily"], "acts": [0.0, 0.0, 0.0, 0.0, 0.0, 0.0, 0.0, 0.0, 0.0, 0.0, 0.0, 0.0, 0.0, 0.0, 0.0, 0.0, 0.0, 0.0, 0.0, 0.0, 0.0, 0.0, 0.5836, 0.0, 9.2102, 3.3554, 0.0, 0.0, 1.5751, 0.0, 0.0, 0.0, 0.0], "max_pos": 24, "max_act": 9.2109}, {"tokens": [" mom", " suggested", " they", " sit", " on", " the", " stairs", " and", " slide", " down", " slowly", ".", " Lily", " thought", " it", " was", " fun", ",", " and", " they", " went", " up", " and", " down", " the", " stairs", " like", " that", " many", " times", ".", " She", " realized"], "acts": [0.0, 0.0, 0.0, 0.0, 0.0, 2.345, 0.0, 0.0, 0.0, 0.7152, 2.2306, 0.0, 0.0, 0.0, 0.0, 0.0, 0.0, 0.0, 0.0, 0.0, 0.0, 0.0, 0.0, 0.0, 9.1313, 2.9687, 0.0, 0.0, 0.0, 0.0, 0.0, 0.0, 0.0], "max_pos": 24, "max_act": 9.1328}, {"tokens": ["ia", "st", "ic", " about", " sl", "ed", "d", "ing", ".", " She", " loved", " the", " feeling", " of", " the", " cold", " air", " on", " her", " face", " as", " they", " went", " down", " the", " hill", ".", " They", " went", " faster", " and", " faster", ","], "acts": [0.0, 0.0, 0.0, 0.0, 0.0, 0.0, 0.0, 0.0, 0.0, 0.0, 0.0, 0.0, 0.0, 0.0, 0.0, 0.0, 0.0, 0.0, 0.0, 0.0, 0.0, 0.0, 0.0, 0.0, 9.0686, 3.1211, 0.0, 0.0, 0.0, 0.0, 0.0, 0.0, 0.0], "max_pos": 24, "max_act": 9.0703}, {"tokens": [" top", " of", " the", " hill", " and", " watched", " the", " parade", " go", " by", ".", "\n", "\n", "After", " the", " parade", ",", " Timmy", " and", " his", " mom", " went", " back", " down", " the", " hill", ".", " As", " they", " walked", ",", " Timmy", " saw"], "acts": [0.0, 0.0, 5.1301, 0.7057, 0.0, 0.0, 0.0, 0.0, 0.0, 0.0, 0.0, 0.0, 0.0, 0.0, 1.1376, 0.0, 0.0, 0.0, 0.0, 0.0, 0.0, 0.0, 0.0, 0.0, 8.8883, 3.1194, 0.0, 0.0, 0.6774, 0.0, 0.0, 0.0, 0.0], "max_pos": 24, "max_act": 8.8906}, {"tokens": [" find", " something", " fun", " there", ".\"", "\n", "\n", "\"", "Okay", ",\"", " Lily", " agreed", ".", " They", " put", " on", " their", " coat", "s", " and", " shoes", " and", " went", " up", " the", " stairs", ".", " The", " attic", " was", " dark", " and", " dust"], "acts": [0.0, 0.0, 0.0, 0.0, 0.0, 0.0, 0.0, 0.0, 0.0, 0.0, 0.0, 0.0, 0.0, 0.0, 0.0, 0.0, 0.0, 0.0, 0.0, 0.0, 0.0, 0.0, 0.0, 0.0, 8.8763, 1.8361, 0.0, 0.0, 0.0, 0.0, 0.0, 0.0, 0.0], "max_pos": 24, "max_act": 8.875}, {"tokens": [" calling", ".", " She", " felt", " her", " stom", "ach", " drop", ".", " She", " covered", " her", " ears", " and", " made", " her", " dec", "ision", ".", " She", " decided", " to", " go", " down", " the", " slide", " because", " she", " thought", " she", " was", " fit", " enough"], "acts": [0.0, 0.0, 0.0, 0.0, 0.0, 0.0, 0.0, 0.0, 0.0, 0.0, 0.0, 0.0, 0.0, 0.0, 0.0, 0.0, 0.0, 0.0, 0.0, 0.0, 0.0, 0.0, 0.0, 0.0, 8.8608, 1.25, 0.0, 0.0, 0.0, 0.0, 0.0, 0.0, 0.0], "max_pos": 24, "max_act": 8.8594}, {"tokens": [" is", " hard", "!\"", "\n", "\n", "Sara", " hears", " Tom", ".", " She", " feels", " sorry", " for", " him", ".", " She", " wants", " to", " help", " him", ".", " She", " goes", " down", " the", " hill", ".", " She", " mo", "ves", " her", " feet", " slowly"], "acts": [0.0, 0.0, 0.0, 0.0, 0.0, 0.0, 0.0, 0.0, 0.0, 0.0, 0.0, 0.0, 0.0, 0.0, 0.0, 0.0, 0.0, 0.0, 0.0, 0.0, 0.0, 0.0, 0.0, 0.0, 8.8382, 2.6368, 0.0, 0.0, 0.0, 0.0, 0.5535, 0.0, 0.0], "max_pos": 24, "max_act": 8.8359}, {"tokens": [" said", " sorry", ".", " He", " said", ",", " \"", "Thank", " you", ",", " Anna", ".", " That", "'s", " very", " kind", " of", " you", ".", " Maybe", " we", " can", " ride", " down", " the", " hill", " another", " day", ".", " When", " my", " p", "ed"], "acts": [0.0, 0.0, 0.0, 0.0, 0.0, 0.0, 0.0, 0.0, 0.0, 0.0, 0.0, 0.0, 0.0, 0.0, 0.0, 0.0, 0.0, 0.0, 0.0, 0.0, 0.0, 0.0, 0.0, 0.7243, 8.7723, 2.6977, 0.8676, 0.0, 0.0, 0.0, 0.0, 0.0, 0.0], "max_pos": 24, "max_act": 8.7734}, {"tokens": [" Her", " mom", " and", " dad", " said", " it", " was", " okay", ",", " but", " to", " be", " careful", ".", "\n", "\n", "Lily", " climbed", " up", " the", " ladder", " and", " went", " down", " the", " slide", ".", " She", " felt", " dizzy", " and", " giggled", "."], "acts": [0.0, 0.0, 0.0, 0.0, 0.0, 0.0, 0.0, 0.0, 0.0, 0.0, 0.0, 0.0, 0.0, 0.0, 0.0, 0.0, 0.0, 0.0, 0.0, 5.7263, 2.4158, 0.0, 0.0, 0.0, 8.7674, 1.2005, 0.0, 0.0, 0.0, 0.0, 0.0, 0.0, 0.0], "max_pos": 24, "max_act": 8.7656}, {"tokens": [" me", "!\"", " \n", "\n", "So", ",", " Lily", " climbed", " up", " the", " ladder", " and", " saw", " the", " orange", " slide", " at", " the", " top", ".", " They", " both", " went", " down", " the", " slide", " and", " had", " so", " much", " fun", "!", " They"], "acts": [0.0, 0.0, 0.0, 0.0, 0.0, 0.0, 0.0, 0.0, 0.0, 5.5887, 2.5889, 0.0, 0.0, 0.0, 0.0, 0.0, 0.0, 0.0, 0.0, 0.0, 0.0, 0.0, 0.0, 0.0, 8.7478, 1.3132, 0.0, 0.0, 0.0, 0.0, 0.0, 0.0, 0.0], "max_pos": 24, "max_act": 8.75}, {"tokens": [" of", " the", " big", " slide", ".\"", " Her", " mommy", " said", ",", " \"", "Don", "'t", " worry", ",", " I", " will", " hold", " your", " hand", " and", " we", " will", " go", " down", " the", " slide", " together", ".\"", " \n", "\n", "Lily", " felt", " much"], "acts": [0.0, 0.0, 0.0, 0.0, 0.0, 0.0, 0.0, 0.0, 0.0, 0.0, 0.0, 0.0, 0.0, 0.0, 0.0, 0.0, 0.0, 0.0, 0.0, 0.0, 0.0, 0.0, 0.0, 0.0, 8.7406, 1.8063, 0.0, 0.0, 0.0, 0.0, 0.0, 0.0, 0.0], "max_pos": 24, "max_act": 8.7422}, {"tokens": ["erly", ",\"", " she", " said", ".", " \"", "No", " more", " running", "!", " S", "ee", ",", " take", " the", " stairs", " like", " this", ".\"", " She", " then", " started", " walking", " down", " the", " stairs", " step", " by", " step", ".", " \n", "\n", "Jack"], "acts": [0.0, 0.0, 0.0, 0.0, 0.0, 0.0, 0.0, 0.0, 0.0, 0.0, 0.0, 0.0, 0.0, 0.0, 0.0, 0.0, 0.0, 0.0, 0.0, 0.0, 0.0, 0.0, 0.0, 0.0, 8.7119, 2.5077, 1.1007, 0.0, 0.0, 0.0, 0.0, 0.0, 0.0], "max_pos": 24, "max_act": 8.7109}]}