{"id": 569, "density": 0.03162775, "max_act": 4.22265625, "hist": {"edges": [0.01, 0.0133, 0.0178, 0.0237, 0.0316, 0.0422, 0.0562, 0.075, 0.1, 0.1334, 0.1778, 0.2371, 0.3162, 0.4217, 0.5623, 0.7499, 1.0, 1.3335, 1.7783, 2.3714, 3.1623, 4.217, 5.6234, 7.4989, 10.0, 13.3352, 17.7828, 23.7137, 31.6228, 42.1697, 56.2341, 74.9894, 100.0], "counts": [0, 0, 0, 0, 0, 0, 0, 0, 1, 16, 190, 1003, 3830, 11872, 25040, 35438, 29037, 15476, 4044, 539, 24, 1, 0, 0, 0, 0, 0, 0, 0, 0, 0, 0]}, "logit_lens": {"promoted": [["ong", 0.266], ["ing", 0.221], [" balance", 0.212], [" out", 0.203], ["hing", 0.202], ["um", 0.198], ["em", 0.192], [" comp", 0.186], ["ar", 0.185], [" matter", 0.182]], "suppressed": [[" cozy", 0.279], [" cudd", 0.265], [" nearby", 0.252], [" friendly", 0.251], ["ets", 0.25], [" shopkeeper", 0.246], [" truth", 0.242], ["ried", 0.238], [" dry", 0.233], [" old", 0.229]]}, "examples": [{"tokens": ["\n", "\n", "\"", "Well", ",\"", " said", " his", " mom", ",", " \"", "let", "'s", " try", " something", " else", ".", " What", " if", " I", " give", " you", " a", " b", "oo", "st", "?\"", "\n", "\n", "Timmy", " nodded", " and", " his", " mom"], "acts": [0.0, 0.0, 0.0, 0.0, 0.0, 0.0, 0.0, 0.0, 0.0, 0.0, 0.0, 0.0, 0.0, 0.0, 0.0, 0.0, 0.0, 0.0, 0.0, 0.0, 0.0, 0.0, 0.0, 0.0, 4.2228, 0.0, 0.0, 0.0, 0.0, 0.0, 0.0, 0.0, 0.0], "max_pos": 24, "max_act": 4.2227}, {"tokens": ["\n", "They", " started", " to", " play", ",", " and", " Sam", " drove", " his", " red", " train", " around", " the", " station", ".", " He", " made", " noises", " like", " \"", "ch", "oo", "-", "ch", "oo", "\"", " and", " \"", "be", "ep", "-", "be"], "acts": [0.0, 0.0, 0.0, 0.0, 0.0, 0.0, 0.0, 0.0, 0.0, 0.6161, 1.4316, 0.0, 0.0, 0.0, 0.0, 0.0, 0.0, 0.0, 0.0, 0.0, 0.0, 2.2419, 1.7319, 2.7135, 3.9547, 1.9581, 0.0, 0.0, 0.0, 0.0, 0.0, 1.3457, 0.0], "max_pos": 24, "max_act": 3.9551}, {"tokens": ["<|endoftext|>", "Once", " upon", " a", " time", ",", " there", " was", " a", " mighty", " c", "ell", ".", " This", " c", "ell", " had", " great", " pow", "ers", " and", " could", " do", " a", "st", "ound", "ing", " things", ".", " Everyone", " around", " it", " admired"], "acts": [0.0, 0.0, 0.0, 0.0, 0.0, 0.0, 0.0, 0.0, 0.0, 0.0, 0.0, 0.0, 0.0, 1.3358, 0.0, 0.0, 0.0, 0.0, 0.0, 0.0, 0.0, 0.0, 0.0, 1.1366, 3.7339, 1.9685, 1.094, 0.0, 0.0, 0.0, 0.0, 0.0, 0.0], "max_pos": 24, "max_act": 3.7344}, {"tokens": [" smiled", " and", " said", ",", " \"", "W", "ake", " up", ",", " Ben", "!", " I", " have", " toast", " for", " you", "!\"", " She", " put", " the", " plate", " on", " his", " night", "st", "and", " and", " climbed", " into", " his", " cri", "b", "."], "acts": [0.0, 0.0, 0.0, 0.0, 0.0, 0.0, 0.0, 0.0, 0.0, 0.0, 0.0, 0.0, 0.0, 0.0, 0.0, 0.0, 0.0, 0.0, 0.0, 0.0, 0.0, 0.0, 0.0, 0.0, 3.5664, 0.0, 0.0, 0.0, 0.0, 0.0, 0.0, 0.0, 0.0], "max_pos": 24, "max_act": 3.5664}, {"tokens": [" they", " couldn", "'t", " watch", " their", " favorite", " shows", ".", " She", " tried", " to", " fix", " it", ",", " but", " it", " was", " too", " wet", " from", " a", " rec", "ent", " rain", "st", "orm"], "acts": [0.0, 0.0, 0.0, 0.0, 0.0, 0.0, 1.0955, 0.0, 0.0, 0.0, 0.0, 0.0, 0.0, 0.0, 0.0, 0.502, 0.0, 0.0, 0.0, 0.0, 0.0, 0.0, 0.0, 0.0, 3.548, 0.0], "max_pos": 24, "max_act": 3.5488}, {"tokens": [" the", " glow", "ing", " rock", " with", " him", " everywhere", " he", " went", ".", "\n", "\n", "One", " night", ",", " Timmy", " put", " the", " glow", "ing", " rock", " on", " his", " night", "st", "and", " before", " he", " went", " to", " bed", ".", " As"], "acts": [0.0, 0.0, 0.0, 0.0, 0.0, 0.0, 0.0, 0.0, 0.0, 0.0, 0.0, 0.0, 0.5597, 0.0, 0.0, 0.0, 0.0, 0.0, 0.0, 0.0, 0.0, 0.0, 0.0, 0.0, 3.5085, 0.0, 0.0, 0.0, 0.0, 0.0, 0.0, 0.0, 0.0], "max_pos": 24, "max_act": 3.5078}, {"tokens": ["\n", "Tom", " and", " Mia", " go", " to", " Mia", "'s", " room", ".", " They", " bring", " the", " magnet", " with", " them", ".", " They", " put", " it", " on", " Mia", "'s", " night", "st", "and", ",", " next", " to", " her", " lamp", ".", " They"], "acts": [0.0, 0.0, 0.0, 0.0, 0.0, 0.0, 0.0, 0.0, 0.0, 0.0, 0.0, 0.0, 0.0, 0.0, 0.0, 0.0, 0.0, 0.0, 0.0, 0.0, 0.0, 0.0, 0.0, 0.0, 3.4939, 0.0, 0.0, 0.8471, 0.0, 0.0, 0.0, 0.0, 0.0], "max_pos": 24, "max_act": 3.4941}, {"tokens": [" big", " track", " that", " goes", " around", " the", " room", ".", " They", " make", " the", " trains", " go", " fast", " and", " slow", ",", " and", " make", " noises", " like", " ch", "oo", "-", "ch", "oo", " and", " beep", "-", "be", "ep", ".", "\n"], "acts": [0.0, 0.0, 0.0, 0.0, 0.0, 0.0, 0.0, 0.0, 0.0, 0.0, 0.0, 0.0, 0.0, 0.0, 0.0, 0.0, 0.0, 0.0, 0.0, 0.0, 0.0, 1.1518, 0.0, 1.7441, 3.4905, 1.3505, 1.7098, 0.0, 1.4899, 1.5203, 1.1966, 0.0, 0.0], "max_pos": 24, "max_act": 3.4902}, {"tokens": [" trains", " and", " tra", "cks", " in", " their", " room", ".", " They", " make", " the", " trains", " go", " fast", " and", " slow", ",", " and", " make", " noises", " like", " ch", "oo", "-", "ch", "oo", " and", " beep", "-", "be", "ep", ".", "\n"], "acts": [0.0, 0.0, 0.0, 0.0, 0.0, 0.0, 0.0, 0.0, 0.0, 0.0, 0.0, 0.0, 0.0, 0.0, 0.0, 0.0, 0.0, 0.0, 0.0, 0.0, 0.0, 1.1979, 0.0, 1.8609, 3.4696, 1.3779, 1.742, 0.0, 1.4726, 1.5541, 1.2509, 0.0, 0.0], "max_pos": 24, "max_act": 3.4688}, {"tokens": [".", " He", " wanted", " to", " see", " what", " was", " inside", ",", " but", " he", " couldn", "'t", " get", " it", " open", ".", " He", " asked", " some", " of", " his", " F", "ore", "st", " friends", " for", " help", ".", "\n", "\n", "\"", "What"], "acts": [0.0, 0.0, 0.0, 0.0, 0.0, 0.0, 0.0, 0.0, 0.0, 0.0, 0.0, 0.0, 0.0, 0.0, 0.0, 0.8746, 0.0, 0.0, 0.0, 0.0, 0.0, 0.0, 0.7372, 0.0, 3.4638, 0.0, 0.0, 0.0, 0.0, 0.0, 0.0, 0.0, 0.0], "max_pos": 24, "max_act": 3.4629}, {"tokens": [" and", " br", "id", "g", "es", " and", " tunn", "els", ".", " They", " make", " the", " trains", " go", " fast", " and", " slow", " and", " make", " noises", " like", " ch", "oo", "-", "ch", "oo", ".", "\n", "\n", "One", " day", ",", " they"], "acts": [0.0, 0.0, 0.0, 0.0, 0.0, 0.0, 0.0, 0.0, 0.0, 0.0, 0.0, 0.0, 0.0, 0.0, 0.0, 0.0, 0.0, 0.0, 0.0, 0.0, 0.0, 1.2201, 0.0, 1.7855, 3.454, 1.285, 0.0, 0.0, 0.0, 1.7411, 0.0, 0.0, 0.0], "max_pos": 24, "max_act": 3.4531}, {"tokens": [" mine", ".", " But", " we", " can", " play", " together", "!", " Let", "'s", " pull", " the", " car", " and", " see", " who", " can", " make", " it", " go", " the", " f", "art", "he", "st", ".\"", "\n", "\n", "They", " took", " turns", " pull", "ing"], "acts": [0.0, 0.0, 0.0, 0.0, 0.0, 0.0, 0.0, 0.0, 0.0, 0.0, 0.0, 0.0, 0.0, 0.0, 0.0, 0.0, 0.0, 0.7448, 2.0506, 0.0, 0.0, 0.0, 0.0, 1.5702, 3.4398, 0.0, 0.0, 0.0, 0.0, 0.0, 0.0, 0.0, 0.0], "max_pos": 24, "max_act": 3.4395}]}