{"id": 58, "density": 0.00373925, "max_act": 11.515625, "hist": {"edges": [0.01, 0.0133, 0.0178, 0.0237, 0.0316, 0.0422, 0.0562, 0.075, 0.1, 0.1334, 0.1778, 0.2371, 0.3162, 0.4217, 0.5623, 0.7499, 1.0, 1.3335, 1.7783, 2.3714, 3.1623, 4.217, 5.6234, 7.4989, 10.0, 13.3352, 17.7828, 23.7137, 31.6228, 42.1697, 56.2341, 74.9894, 100.0], "counts": [0, 0, 0, 0, 0, 0, 0, 0, 0, 0, 0, 10, 105, 698, 1937, 2617, 2179, 1386, 800, 203, 6, 32, 766, 3751, 467, 0, 0, 0, 0, 0, 0, 0]}, "logit_lens": {"promoted": [[" soon", 0.279], [" s", 0.278], [" look", 0.202], [" one", 0.192], [" tomorrow", 0.19], [" another", 0.189], [".", 0.186], [" and", 0.181], [",", 0.177], [" when", 0.172]], "suppressed": [["ten", 0.356], ["ust", 0.352], ["dge", 0.349], ["ied", 0.347], ["ually", 0.338], ["id", 0.335], ["ly", 0.331], ["arden", 0.328], [" badly", 0.327], ["ht", 0.32]]}, "examples": [{"tokens": [" until", " the", " sun", " gently", " van", "ished", ".", " They", " waved", " and", " said", " good", "night", " to", " one", " another", ".", " They", " looked", " forward", " to", " enjoying", " the", " swing", " again", " the", " next", " day", ".", "\n", "\n", "This", " happy"], "acts": [0.0, 0.0, 0.0, 0.0, 0.0, 0.0, 0.0, 0.0, 0.0, 0.0, 0.0, 0.0, 0.0, 0.0, 0.0, 0.0, 0.0, 0.0, 0.0, 0.0, 1.0112, 0.0, 0.0, 0.0, 11.5147, 0.0, 0.0, 0.0, 0.0, 0.0, 0.0, 0.0, 0.0], "max_pos": 24, "max_act": 11.5156}, {"tokens": [" zip", " waved", " back", ".", " She", " was", " so", " excited", " that", " she", " started", " jumping", " up", " and", " down", ".", " She", " waved", " again", " and", " the", " zip", " waved", " back", " again", ".", " She", " waved", " and", " waved", " until", " it", " flew"], "acts": [0.0, 0.0, 0.0, 0.0, 0.0, 0.0, 0.0, 0.0, 0.0, 0.0, 0.0, 0.0, 0.0, 0.0, 0.0, 0.0, 0.0, 0.0, 10.2816, 0.0, 0.0, 0.0, 0.0, 0.0, 11.4749, 0.0, 0.0, 0.0, 0.0, 0.0, 0.0, 0.0, 0.0], "max_pos": 24, "max_act": 11.4766}, {"tokens": [" have", " his", " special", " watch", " back", " around", " his", " neck", " again", ".", "<|endoftext|>", "Once", " there", " was", " a", " little", " girl"], "acts": [0.0, 0.0, 0.0, 0.0, 2.1094, 0.0, 0.0, 0.0, 11.4578, 0.0, 0.0, 0.0, 0.0, 0.0, 0.0, 0.0, 0.0], "max_pos": 8, "max_act": 11.4609}, {"tokens": [" next", " day", " so", " he", " could", " visit", " the", " bounce", " house", " again", "!", "<|endoftext|>", "Once", " upon", " a", " time", " there", " was"], "acts": [0.0, 0.0, 0.0, 0.0, 0.0, 0.0, 0.0, 0.0, 0.0, 11.4319, 0.0, 0.0, 0.0, 0.0, 0.0, 0.0, 0.0, 0.0], "max_pos": 9, "max_act": 11.4297}, {"tokens": [" ran", " away", ",", " and", " the", " little", " girl", " went", " back", " to", " bed", ".", " She", " said", " a", " little", " pray", "er", " that", " the", " rat", " would", " come", " back", " again", " soon", ".", "<|endoftext|>", "Once", " there", " was", " a", " large"], "acts": [0.0, 0.0, 0.0, 0.0, 0.0, 0.0, 0.0, 0.0, 0.0, 0.0, 0.0, 0.0, 0.0, 0.0, 0.0, 0.0, 0.0, 0.0, 0.0, 0.0, 0.0, 0.0, 0.0, 2.4557, 11.3824, 0.0, 0.0, 0.0, 0.0, 0.0, 0.0, 0.0, 0.0], "max_pos": 24, "max_act": 11.3828}, {"tokens": [" forgive", " them", " and", " love", " them", ".", " They", " hope", " their", " house", " will", " be", " new", " again", ".", "<|endoftext|>", "Tim", " and", " Jen", " are", " twins", "."], "acts": [0.0, 0.0, 0.0, 0.0, 0.0, 0.0, 0.0, 0.0, 0.0, 0.0, 0.0, 0.0, 0.0, 11.3123, 0.0, 0.0, 0.0, 0.0, 0.0, 0.0, 0.0, 0.0], "max_pos": 13, "max_act": 11.3125}, {"tokens": [" feeling", " happy", " and", " safe", ".", " Every", " morning", " she", " would", " wake", " up", " to", " find", " her", " guard", " still", " by", " her", " side", ".", " She", " would", " rub", " him", " again", " and", " start", " another", " day", " of", " adventures", " together", "."], "acts": [0.0, 0.0, 0.0, 0.0, 0.0, 0.0, 0.0, 0.0, 0.0, 0.0, 0.0, 0.0, 0.0, 0.0, 0.0, 0.0, 0.6864, 0.0, 0.0, 0.0, 0.0, 0.0, 0.0, 0.0, 11.3103, 0.0, 0.0, 0.0, 0.0, 0.0, 0.0, 1.003, 0.0], "max_pos": 24, "max_act": 11.3125}, {"tokens": [" the", " park", ".", " She", " learned", " something", " new", " and", " got", " a", " wonderful", " gift", ".", " She", " hoped", " to", " come", " back", " again", " and", " see", " the", " farmer", " and", " the", " apples", "."], "acts": [0.0, 0.0, 0.0, 0.0, 0.0, 0.0, 0.0, 0.0, 0.0, 0.0, 0.0, 0.0, 0.0, 0.0, 0.0, 0.0, 0.0, 2.0662, 11.3077, 0.0, 0.0, 0.0, 0.0, 0.0, 0.0, 0.0, 0.0], "max_pos": 18, "max_act": 11.3047}, {"tokens": [" soon", ",", " and", " the", " sun", " would", " come", " out", " again", ".", " She", " hoped", " they", " could", " play", " in", " the"], "acts": [0.0, 0.0, 0.0, 0.0, 0.0, 0.0, 0.0, 0.0, 11.298, 0.0, 0.0, 0.0, 0.0, 0.0, 0.0, 0.0, 0.0], "max_pos": 8, "max_act": 11.2969}, {"tokens": ["\n", "\n", "The", " fairy", " smiled", ",", " the", " bear", " smiled", " and", " the", " lion", " smiled", ".", " They", " hugged", " each", " other", " and", " the", " fairy", " waved", " her", " wand", " again", " so", " they"], "acts": [0.0, 0.0, 0.0, 0.0, 0.0, 0.0, 0.0, 0.0, 0.0, 0.0, 0.0, 0.0, 0.0, 0.0, 0.0, 0.0, 0.0, 0.0, 0.0, 0.0, 0.0, 0.0, 0.0, 0.0, 11.2298, 0.0, 0.0], "max_pos": 24, "max_act": 11.2266}, {"tokens": [" friends", " said", " it", " was", " time", " to", " go", " home", ".", " Be", "fore", " they", " left", ",", " the", " friends", " gave", " the", " boy", " a", " pass", " to", " come", " back", " again", " the", " next", " day", ".", " \n", "\n", "The", " boy"], "acts": [0.0, 0.0, 0.0, 0.0, 0.0, 0.0, 0.0, 0.0, 0.0, 0.0, 0.0, 0.0, 0.0, 0.0, 0.0, 0.0, 0.0, 0.0, 0.0, 0.0, 0.0, 0.0, 0.0, 1.7358, 11.1997, 0.0, 0.0, 0.0, 0.0, 0.0, 0.0, 0.0, 0.0], "max_pos": 24, "max_act": 11.2031}, {"tokens": [" scary", ".", " What", " would", " he", " learn", " next", "?", " He", " closed", " his", " eyes", " again", " and", " waited", " for", " the", " next", " surprise", ".", " \n"], "acts": [0.0, 0.0, 0.0, 0.0, 0.0, 0.0, 0.0, 0.0, 0.0, 0.0, 0.0, 0.0, 11.1914, 0.0, 0.0, 0.0, 0.0, 0.0, 0.0, 0.0, 0.0], "max_pos": 12, "max_act": 11.1953}]}