{"id": 6, "density": 0.02254325, "max_act": 7.5078125, "hist": {"edges": [0.01, 0.0133, 0.0178, 0.0237, 0.0316, 0.0422, 0.0562, 0.075, 0.1, 0.1334, 0.1778, 0.2371, 0.3162, 0.4217, 0.5623, 0.7499, 1.0, 1.3335, 1.7783, 2.3714, 3.1623, 4.217, 5.6234, 7.4989, 10.0, 13.3352, 17.7828, 23.7137, 31.6228, 42.1697, 56.2341, 74.9894, 100.0], "counts": [0, 0, 0, 0, 0, 0, 0, 0, 0, 15, 250, 1042, 3360, 9338, 16796, 20667, 15503, 8912, 5502, 3141, 2254, 2029, 1362, 2, 0, 0, 0, 0, 0, 0, 0, 0]}, "logit_lens": {"promoted": [[",", 0.433], [" and", 0.338], [" or", 0.213], ["ike", 0.198], ["ope", 0.194], ["ur", 0.174], [" will", 0.169], ["y", 0.167], [" came", 0.167], [" has", 0.164]], "suppressed": [["fort", 0.389], ["imal", 0.35], [" tem", 0.323], ["erp", 0.32], [" clum", 0.318], [" lon", 0.313], [" fi", 0.309], [" perfect", 0.308], [" moder", 0.301], [" disgust", 0.3]]}, "examples": [{"tokens": [" music", ".", " She", " has", " a", " big", " box", " with", " many", " things", " that", " make", " sounds", ".", " She", " has", " a", " drum", ",", " a", " bell", ",", " a", " horn", ",", " a", " whistle", " and", " a", " sh", "ak", "er", "."], "acts": [0.0, 0.0, 0.0, 0.0, 0.0, 0.0, 0.0, 0.0, 0.0, 0.0, 0.0, 0.0, 0.0, 0.0, 0.0, 0.0, 0.0, 0.0, 0.0, 0.0, 2.4919, 6.8683, 0.0, 2.945, 7.5079, 0.0, 2.4008, 3.6178, 0.0, 0.0, 0.0, 0.0, 0.0], "max_pos": 24, "max_act": 7.5078}, {"tokens": ["Lily", " liked", " to", " play", " with", " clay", ".", " She", " could", " make", " many", " things", " with", " clay", ".", " She", " could", " make", " balls", ",", " sn", "akes", ",", " stars", ",", " and", " flowers", ".", " She", " liked", " to", " show", " her"], "acts": [0.0, 0.0, 0.0, 0.0, 0.0, 0.0, 0.0, 0.0, 0.0, 0.0, 0.0, 0.0, 0.0, 0.0, 0.0, 0.0, 0.0, 0.0, 0.0, 0.0, 1.7649, 4.4376, 7.1304, 4.025, 7.5085, 4.5301, 0.0, 0.0, 0.0, 0.0, 0.0, 0.0, 0.0], "max_pos": 24, "max_act": 7.5078}, {"tokens": ["Lily", " was", " a", " little", " girl", " who", " liked", " to", " chew", " on", " everything", ".", " She", " chew", "ed", " on", " her", " toys", ",", " her", " books", ",", " her", " clothes", ",", " and", " even", " her", " hair", ".", " Her", " mom", " and"], "acts": [0.0, 0.0, 0.0, 0.0, 0.0, 0.0, 0.0, 0.0, 0.0, 0.0, 0.0, 0.0, 0.0, 0.0, 0.0, 0.0, 0.0, 0.0, 0.7729, 0.7474, 4.5733, 7.3192, 0.8023, 3.4532, 7.4958, 4.6321, 1.4258, 0.0, 0.0, 0.0, 0.0, 0.0, 0.6284], "max_pos": 24, "max_act": 7.4961}, {"tokens": ["amp", " near", " their", " house", ".", " The", " sw", "amp", " had", " many", " animals", " and", " plants", ".", " They", " liked", " to", " watch", " the", " frog", "s", ",", " the", " ducks", ",", " and", " the", " bugs", ".", "\n", "\n", "One", " day"], "acts": [0.0, 0.0, 0.0, 0.0, 0.0, 0.0, 0.0, 0.0, 0.0, 0.0, 0.0, 0.0, 0.0, 0.0, 0.0, 0.0, 0.0, 0.0, 0.0, 0.0, 0.0, 0.0, 0.0, 5.311, 7.4259, 2.4216, 0.0, 1.5501, 0.0, 0.0, 0.0, 0.0, 0.0], "max_pos": 24, "max_act": 7.4258}, {"tokens": [" who", " liked", " to", " play", " together", ".", " But", " they", " also", " liked", " to", " split", " things", ".", " They", " split", " their", " toys", ",", " their", " snacks", ",", " their", " books", ",", " and", " even", " their", " room", ".", " They", " said", ","], "acts": [0.0, 0.0, 0.0, 0.0, 0.0, 0.0, 0.0, 0.0, 0.0, 0.0, 0.0, 0.0, 0.0, 0.0, 0.0, 0.0, 0.0, 0.0, 0.6749, 0.0, 3.8232, 7.0288, 0.0, 4.2329, 7.4261, 3.9084, 1.2212, 0.0, 0.0, 0.0, 0.0, 0.0, 0.0], "max_pos": 24, "max_act": 7.4258}, {"tokens": [" see", " many", " things", " inside", ".", " They", " see", " clothes", ",", " hats", ",", " shoes", ",", " and", " phot", "os", ".", "\n", "\n"], "acts": [0.0, 0.0, 0.0, 0.0, 0.0, 0.0, 0.0, 1.1816, 0.0, 5.6187, 7.4185, 4.7201, 7.0845, 5.2472, 0.0, 0.0, 0.0, 0.0, 0.0], "max_pos": 10, "max_act": 7.418}, {"tokens": [" in", " her", " drawing", " sk", "ill", "s", ",", " so", " she", " practiced", " every", " day", ".", " She", " drew", " more", " pictures", " of", " pu", "pp", "ies", ",", " k", "ittens", ",", " and", " b", "un", "n", "ies", ".", " Her", " parents"], "acts": [0.0, 0.0, 0.0, 0.0, 0.0, 0.0, 0.0, 0.0, 0.0, 0.0, 0.0, 0.0, 0.0, 0.0, 0.0, 0.0, 0.0, 0.0, 0.0, 0.0, 0.0, 1.6016, 1.8423, 3.4325, 7.4023, 4.2124, 0.0, 0.0, 0.0, 0.0, 0.0, 0.0, 0.0], "max_pos": 24, "max_act": 7.4023}, {"tokens": ["ter", ".", " They", " had", " many", " stickers", ",", " papers", ",", " and", " crayons", ".", " They", " liked", " to", " make", " snow", "f", "l", "akes", ",", " snow", "m", "en", ",", " and", " pengu", "ins", ".", "\n", "\n", "\"", "Look"], "acts": [0.0, 0.0, 0.0, 0.0, 0.0, 0.0, 0.0, 3.5146, 5.517, 0.0, 0.0, 0.0, 0.0, 0.0, 0.0, 0.0, 0.0, 0.0, 0.0, 1.2605, 1.3315, 3.3681, 1.376, 4.7852, 7.3922, 3.3228, 0.0, 0.0, 0.0, 0.0, 0.0, 0.0, 0.0], "max_pos": 24, "max_act": 7.3906}, {"tokens": [" gave", " her", " a", " pink", " dress", " and", " a", " hat", ".", " Anna", " and", " Lily", " did", " everything", " together", ".", " They", " had", " tea", " part", "ies", ",", " read", " books", ",", " and", " sang", " songs", ".", "\n", "\n", "One", " day"], "acts": [0.0, 0.0, 0.0, 0.0, 0.0, 0.0, 0.0, 0.0, 0.0, 0.0, 0.0, 0.0, 0.0, 0.0, 0.0, 0.0, 0.0, 0.0, 0.0, 0.0, 0.0, 0.0, 2.6421, 5.6084, 7.3753, 1.6284, 0.0, 0.0, 0.0, 0.0, 0.0, 0.0, 0.0], "max_pos": 24, "max_act": 7.375}, {"tokens": [" that", " mom", " us", "es", " for", " cooking", ".", " She", " knows", " the", " names", " of", " some", " her", "b", "s", ",", " like", " min", "t", ",", " b", "as", "il", ",", " and", " rose", "m", "ary", ".", "\n", "\n", "One"], "acts": [0.0, 0.0, 0.0, 0.0, 0.0, 0.0, 0.0, 0.0, 0.0, 0.0, 0.0, 0.0, 0.7385, 0.0, 0.0, 1.0058, 1.0197, 0.0, 1.5976, 1.0586, 3.2804, 1.9787, 0.0, 4.1178, 7.3608, 4.4509, 0.0, 0.0, 0.0, 0.6722, 0.0, 0.0, 0.0], "max_pos": 24, "max_act": 7.3594}, {"tokens": [",", " a", " little", " girl", " named", " Lily", " went", " on", " a", " walk", " in", " the", " nature", " with", " her", " mommy", ".", " They", " saw", " pretty", " flowers", ",", " tall", " trees", ",", " and", " ch", "irp", "ing", " birds", ".", " Lily", " loved"], "acts": [0.0, 0.0, 0.0, 1.5215, 0.0, 0.0, 0.0, 0.0, 0.0, 0.0, 0.0, 0.0, 0.0, 0.0, 0.0, 0.0, 0.0, 0.0, 0.0, 0.0, 0.0, 0.0, 1.6219, 4.2266, 7.3583, 2.5125, 0.0, 0.0, 0.0, 1.2068, 0.0, 0.0, 0.0], "max_pos": 24, "max_act": 7.3594}, {"tokens": [" her", " mom", " and", " dad", ".", " She", " liked", " to", " see", " the", " animals", " and", " hear", " their", " sounds", ".", " She", " liked", " the", " monkey", "s", ",", " the", " birds", ",", " and", " the", " elephant", "s", ".", " But", " she", " did"], "acts": [0.0, 0.0, 0.0, 0.0, 0.0, 0.0, 0.0, 0.0, 0.0, 0.0, 0.0, 0.0, 0.0, 0.0, 0.0, 0.0, 0.0, 0.0, 0.0, 0.0, 0.0, 0.0, 0.0, 5.0336, 7.3569, 3.1364, 0.0, 1.2258, 0.0, 0.0, 0.0, 0.0, 0.0], "max_pos": 24, "max_act": 7.3555}]}