{"id": 608, "density": 0.01335725, "max_act": 10.5703125, "hist": {"edges": [0.01, 0.0133, 0.0178, 0.0237, 0.0316, 0.0422, 0.0562, 0.075, 0.1, 0.1334, 0.1778, 0.2371, 0.3162, 0.4217, 0.5623, 0.7499, 1.0, 1.3335, 1.7783, 2.3714, 3.1623, 4.217, 5.6234, 7.4989, 10.0, 13.3352, 17.7828, 23.7137, 31.6228, 42.1697, 56.2341, 74.9894, 100.0], "counts": [0, 0, 0, 0, 0, 0, 0, 0, 0, 2, 25, 253, 822, 2292, 5684, 9340, 10526, 7879, 5949, 3679, 4032, 2220, 546, 175, 5, 0, 0, 0, 0, 0, 0, 0]}, "logit_lens": {"promoted": [[" together", 0.376], [" with", 0.355], [" time", 0.351], [" of", 0.307], [" outside", 0.287], [" playing", 0.254], [" birthday", 0.25], ["stead", 0.242], [" alone", 0.237], [" in", 0.236]], "suppressed": [[" triang", 0.228], [" could", 0.216], [" become", 0.216], [" Sara", 0.213], [" ju", 0.209], ["ened", 0.209], [" circle", 0.208], [" pret", 0.201], ["id", 0.201], [" suddenly", 0.2]]}, "examples": [{"tokens": [" give", " up", ".", " He", " told", " another", " joke", ",", " and", " this", " time", ",", " Sam", " laughed", " a", " little", " bit", ".", "\n", "\n", "As", " they", " spent", " more", " time", " together", ",", " Sam", " started", " to", " trust", " Tim", " more"], "acts": [0.0, 0.0, 0.0, 0.0, 0.0, 0.0, 0.0, 0.0, 0.0, 0.0, 0.0, 0.0, 0.0, 0.0, 0.0, 0.0, 0.0, 0.0, 0.0, 0.0, 0.0, 0.0, 2.0593, 7.3563, 10.5699, 1.7316, 0.0, 0.0, 0.0, 0.0, 0.0, 0.0, 0.0], "max_pos": 24, "max_act": 10.5703}, {"tokens": [" some", " more", " cookies", " and", " they", " all", " had", " a", " great", " time", ".", " At", " the", " end", " of", " the", " day", ",", " Lily", " was", " happy", " to", " have", " spent", " time", " with", " her", " friends", " and", " her", " unique", " teddy", " bear"], "acts": [0.0, 0.0, 0.0, 0.0, 0.0, 0.0, 0.0, 0.0, 2.6114, 6.1381, 0.0, 0.0, 0.0, 1.7075, 4.5671, 0.0, 2.6035, 0.0, 0.0, 0.0, 0.0, 0.0, 0.0, 2.5335, 10.444, 0.0, 0.0, 0.0, 0.0, 0.0, 0.0, 0.0, 0.0], "max_pos": 24, "max_act": 10.4453}, {"tokens": [",", " the", " air", " was", " much", " clean", "er", " and", " the", " smelly", " smell", " was", " gone", "!", " From", " then", " on", ",", " Jack", "y", " and", " her", " mom", " spent", " time", " at", " the", " g", "ym", " sk", "i", "pping", " together"], "acts": [0.0, 0.0, 0.0, 0.0, 0.0, 0.0, 0.0, 0.0, 0.0, 0.0, 0.0, 0.0, 0.0, 0.0, 0.0, 0.0, 0.0, 0.0, 0.0, 0.0, 0.0, 0.0, 0.0, 0.9341, 10.4383, 0.0, 0.0, 0.0, 0.0, 0.0, 0.0, 0.0, 0.0], "max_pos": 24, "max_act": 10.4375}, {"tokens": [" fly", " away", ".", " \n", "\n", "The", " rabbit", " was", " sad", " to", " say", " goodbye", " to", " his", " graceful", " friend", ",", " but", " he", " was", " happy", " to", " have", " spent", " time", " with", " him", ".", " Even", " when", " the", " swan", " was"], "acts": [0.0, 0.0, 0.0, 0.0, 0.0, 0.0, 0.0, 0.0, 0.0, 0.0, 0.0, 0.0, 0.0, 0.0, 0.0, 0.0, 0.0, 0.0, 0.0, 0.0, 0.0, 0.0, 0.0, 1.9558, 10.1833, 0.0, 0.0, 0.0, 0.0, 0.0, 0.0, 0.0, 0.0], "max_pos": 24, "max_act": 10.1797}, {"tokens": [" Timmy", " was", " happy", " again", " and", " felt", " successful", " because", " he", " got", " to", " have", " fun", " in", " the", " rain", " and", " spend", " time", " with", " his", " dad", ".", " From", " then", " on", ","], "acts": [0.0, 0.0, 0.0, 0.0, 0.0, 0.0, 0.0, 0.0, 0.0, 0.0, 0.0, 0.0, 3.2051, 0.0, 0.0, 0.0, 0.0, 1.1832, 10.1608, 0.0, 0.0, 0.0, 0.0, 0.0, 0.0, 0.0, 0.0], "max_pos": 18, "max_act": 10.1641}, {"tokens": [" looked", " at", " the", " bowl", " and", " laughed", ".", " \"", "Thank", " you", ",", " Lily", ".", " It", " looks", " very", " yummy", "!\"", " They", " both", " laughed", " and", " enjoyed", " their", " time", " together", " in", " the", " kitchen", ".", "<|endoftext|>", "Once", " upon"], "acts": [0.0, 0.0, 0.0, 0.0, 0.0, 0.0, 0.0, 0.0, 0.0, 0.0, 0.0, 0.0, 0.0, 0.0, 0.0, 0.0, 0.0, 0.0, 0.0, 0.0, 0.0, 0.0, 0.6904, 3.6056, 9.9679, 1.3965, 0.0, 0.0, 0.8852, 0.0, 0.0, 0.0, 0.0], "max_pos": 24, "max_act": 9.9688}, {"tokens": [" Lily", " and", " her", " friends", " played", " on", " the", " swings", " and", " the", " slide", ".", " They", " laughed", " and", " had", " so", " much", " fun", ".", " Lily", " loved", " spend", "ing", " time", " with", " her", " friends", " and", " exploring", " the", " park", "."], "acts": [0.0, 0.0, 0.0, 0.0, 0.0, 0.0, 0.0, 0.0, 0.0, 0.0, 0.604, 0.0, 0.0, 0.0, 0.0, 0.0, 0.0, 3.066, 4.6203, 0.0, 0.0, 0.0, 1.8831, 4.5209, 9.9456, 0.0, 0.0, 0.0, 0.0, 0.0, 0.0, 0.0, 0.0], "max_pos": 24, "max_act": 9.9453}, {"tokens": [" mommy", " read", " the", " book", ".", " Emily", " was", " so", " happy", "!", "\n", "\n", "Em", "ily", " loved", " to", " listen", " to", " stories", " and", " she", " enjoyed", " spend", "ing", " time", " with", " her", " mommy", ".", " This", " made", " her", " feel"], "acts": [0.0, 0.0, 0.0, 0.0, 0.0, 0.0, 0.0, 0.0, 0.0, 0.0, 0.0, 0.0, 0.0, 0.0, 0.0, 0.0, 0.0, 0.0, 0.0, 0.0, 0.0, 0.0, 1.8702, 4.9906, 9.9092, 0.0, 0.0, 0.0, 0.0, 0.0, 0.0, 0.0, 0.0], "max_pos": 24, "max_act": 9.9062}, {"tokens": [" with", " apples", ",", " carrots", ",", " and", " a", " big", " sandwich", ".", "\n", "\n", "One", " sunny", " day", ",", " Tom", " and", " his", " friends", " decided", " to", " spend", " their", " time", " at", " the", " village", " park", ".", " They", " played", " on"], "acts": [0.0, 0.0, 0.0, 0.0, 0.0, 0.0, 0.0, 0.0, 0.0, 0.0, 0.0, 0.0, 0.0, 0.0, 0.0, 0.0, 0.0, 0.0, 0.0, 0.0, 0.0, 0.0, 0.0, 3.8494, 9.9012, 0.0, 0.0, 0.0, 0.0, 0.0, 0.0, 0.0, 0.0], "max_pos": 24, "max_act": 9.8984}, {"tokens": [" to", " look", " at", " the", " ca", "le", "nd", "ar", ".", "\n", "\n", "The", " days", " passed", ",", " and", " the", " rabbit", " and", " his", " friends", " spent", " lots", " of", " time", " together", ",", " having", " fun", " and", " gather", "ing", " around"], "acts": [0.0, 0.0, 0.0, 0.0, 0.0, 0.0, 0.0, 0.0, 0.0, 0.0, 0.0, 0.0, 0.0, 0.0, 0.0, 0.0, 0.0, 0.0, 0.0, 0.0, 0.0, 1.3853, 5.5712, 7.2734, 9.8613, 1.7442, 0.8044, 0.0, 5.4245, 0.0, 0.0, 0.0, 0.0], "max_pos": 24, "max_act": 9.8594}, {"tokens": ["\n", "From", " that", " day", " on", ",", " Lily", " and", " her", " mom", " enjoyed", " a", " real", " cup", " of", " cocoa", " together", " every", " day", ".", " They", " loved", " spend", "ing", " time", " together", " and", " making", " plan", "s", " for", " other", " fun"], "acts": [0.0, 0.0, 0.0, 0.5786, 0.0, 0.0, 0.0, 0.0, 0.0, 0.0, 0.0, 2.3545, 0.0, 1.7793, 3.2903, 2.2652, 0.7816, 0.0, 0.0, 0.0, 0.7305, 0.0, 2.158, 4.8955, 9.8334, 1.0252, 0.0, 0.0, 0.0, 1.5375, 0.0, 0.0, 0.0], "max_pos": 24, "max_act": 9.8359}, {"tokens": [" bird", " became", " a", " good", " friend", " to", " Sue", " and", " her", " mom", ".", " They", " were", " happy", " they", " let", " the", " bird", " stay", ",", " and", " they", " all", " spent", " time", " together", " in", " the", " garden", ".", "<|endoftext|>", "Once", " upon"], "acts": [0.0, 0.0, 0.0, 0.0, 0.0, 0.0, 0.0, 0.0, 0.0, 0.0, 0.0, 0.0, 0.0, 0.0, 0.0, 0.0, 0.0, 0.0, 0.0, 0.0, 0.0, 0.0, 0.0, 1.9117, 9.7129, 1.3062, 0.0, 0.0, 0.0, 0.0, 0.0, 0.0, 0.0], "max_pos": 24, "max_act": 9.7109}]}