{"id": 617, "density": 0.02278375, "max_act": 4.3828125, "hist": {"edges": [0.01, 0.0133, 0.0178, 0.0237, 0.0316, 0.0422, 0.0562, 0.075, 0.1, 0.1334, 0.1778, 0.2371, 0.3162, 0.4217, 0.5623, 0.7499, 1.0, 1.3335, 1.7783, 2.3714, 3.1623, 4.217, 5.6234, 7.4989, 10.0, 13.3352, 17.7828, 23.7137, 31.6228, 42.1697, 56.2341, 74.9894, 100.0], "counts": [0, 0, 0, 0, 0, 0, 0, 0, 0, 1, 4, 183, 1871, 8567, 19727, 24111, 18083, 10346, 5620, 2309, 310, 3, 0, 0, 0, 0, 0, 0, 0, 0, 0, 0]}, "logit_lens": {"promoted": [[" of", 0.24], [" hide", 0.238], [" water", 0.233], [" the", 0.206], [" all", 0.199], [" help", 0.185], [" other", 0.185], [" flowers", 0.181], [" seeds", 0.181], [" children", 0.179]], "suppressed": [[" Today", 0.365], ["gy", 0.333], ["ph", 0.329], ["ult", 0.328], ["p", 0.328], ["ittle", 0.324], ["erly", 0.322], ["irt", 0.317], ["n", 0.314], ["ately", 0.309]]}, "examples": [{"tokens": [" old", " police", " car", ".", " She", " had", " never", " seen", " one", " before", ",", " so", " she", " got", " very", " close", ".", " ", "\n", "The", " police", " off", "ic", "er", " inside", " the", " car", " smiled", " and", " asked", ",", " \u00e2\u20ac\u0153", "Hi"], "acts": [0.0, 0.0, 0.0, 0.0, 0.0, 0.0, 0.0, 0.8961, 0.0, 0.0, 0.0, 0.0, 0.0, 0.0, 0.0, 0.0, 0.0, 0.0, 0.0, 0.0, 0.0, 0.0, 0.0, 0.0, 4.3835, 0.0, 0.0, 0.0, 0.0, 0.0, 0.0, 0.0, 0.0], "max_pos": 24, "max_act": 4.3828}, {"tokens": [" say", " \"", "c", "ome", " in", "\".", " She", " opened", " the", " door", ",", " but", " she", " was", " too", " scared", " to", " go", " in", ".", "\n", "\n", "The", " person", " inside", " the", " h", "ut", " said", ",", " \"", "Why", " don"], "acts": [0.0, 0.0, 0.0, 0.0, 0.0, 0.0, 0.0, 0.0, 0.0, 0.0, 0.0, 0.0, 0.0, 0.0, 0.0, 0.0, 0.0, 0.0, 0.0, 0.0, 0.0, 0.0, 0.0, 0.0, 4.3689, 0.0, 0.0, 0.0, 0.0, 0.0, 0.0, 0.0, 0.0], "max_pos": 24, "max_act": 4.3672}, {"tokens": [" Joe", " was", " scared", " and", " he", " sl", "am", "med", " the", " jar", " shut", ".", "\n", "\n", "The", " creatures", " inside", " felt", " sad", ",", " but", " they", " still", " didn", "'t"], "acts": [0.0, 0.0, 0.0, 0.0, 0.0, 0.0, 0.0, 0.0, 0.0, 0.0, 0.0, 0.0, 0.0, 0.0, 0.0, 0.0, 4.2489, 0.0, 0.0, 0.0, 0.0, 0.0, 0.0, 0.0, 0.0], "max_pos": 16, "max_act": 4.25}, {"tokens": [".", " It", " started", " to", " pan", "ic", " and", " flew", " away", " as", " fast", " as", " it", " could", ".", " \n", "\n", "The", " bird", " flew", " to", " a", " nearby", " forest", " where", " it", " saw", " a", " family", " of", " rabbit", "s", "."], "acts": [0.0, 0.0, 0.0, 0.0, 0.0, 0.0, 0.0, 0.0, 0.0, 0.8962, 0.0, 0.0, 0.0, 0.0, 0.0, 0.0, 0.0, 0.0, 0.0, 0.0, 1.1214, 0.0, 1.4965, 0.0, 4.0632, 1.5859, 2.6212, 0.0, 0.0, 1.1444, 0.0, 0.0, 0.0], "max_pos": 24, "max_act": 4.0625}, {"tokens": [" was", " sail", "ing", " right", " in", " her", " d", "ire", "ct", "ion", ".", " When", " it", " stopped", " close", " to", " her", ",", " she", " saw", " a", " group", " of", " people", " inside", ".", " They", " waved", " and", " smiled", " at", " her", "."], "acts": [0.0, 0.0, 0.0, 0.0, 0.0, 0.0, 0.0, 0.0, 0.0, 0.0, 0.0, 0.0, 0.0, 0.0, 0.0, 0.0, 0.0, 0.0, 0.0, 0.0, 0.0, 0.0, 0.0, 0.0, 3.9501, 0.0, 0.989, 0.0, 0.0, 0.0, 0.0, 0.0, 0.0], "max_pos": 24, "max_act": 3.9492}, {"tokens": ["\n", "Just", " then", ",", " the", " mole", " heard", " a", " noise", " coming", " from", " inside", " the", " house", ".", " He", " peeked", " through", " the", " window", " to", " see", " the", " family", " inside", ".", "\n", "\n", "\"", "Mama", ",", " I", "'m"], "acts": [0.0, 0.0, 0.0, 0.0, 0.0, 0.0, 0.0, 0.0, 0.7901, 0.0, 2.8497, 3.7585, 0.0, 0.0, 0.0, 0.0, 0.0, 1.4673, 0.0, 0.0, 1.6433, 1.0836, 0.0, 0.0, 3.9106, 0.0, 0.0, 0.0, 0.0, 0.0, 0.0, 0.0, 0.0], "max_pos": 24, "max_act": 3.9102}, {"tokens": [",", " the", " boat", " needed", " to", " open", " its", " door", ".", " \n", "\n", "So", " the", " boat", " opened", " it", "'s", " door", " and", " the", " an", "ch", "or", " climbed", " inside", ".", " Then", ",", " the", " an", "ch", "or", " t"], "acts": [0.0, 0.0, 0.0, 0.0, 0.0, 0.0, 0.0, 0.0, 0.0, 0.0, 0.0, 0.0, 0.0, 0.0, 0.0, 0.0, 0.0, 0.0, 1.2516, 0.0, 0.0, 0.0, 0.0, 0.0, 3.8975, 0.0, 0.0, 0.0, 0.0, 0.0, 0.0, 0.0, 0.0], "max_pos": 24, "max_act": 3.8984}, {"tokens": [" a", " look", ".", "\n", "\n", "The", " phone", " began", " to", " ring", " and", " the", " bird", " was", " scared", ".", " But", " then", " he", " heard", " a", " voice", " coming", " from", " inside", " the", " phone", ".", "\n", "\n", "\"", "Hello", "?"], "acts": [0.0, 0.0, 0.0, 0.0, 0.0, 0.0, 0.0, 0.0, 0.8719, 0.0, 0.9768, 0.0, 0.0, 0.0, 0.5516, 0.0, 0.0, 0.0, 0.0, 0.0, 0.0, 0.8665, 0.0, 2.9456, 3.8438, 0.0, 0.0, 0.0, 0.0, 0.0, 0.0, 0.0, 0.0], "max_pos": 24, "max_act": 3.8438}, {"tokens": [" They", " looked", " for", " a", " place", " to", " hide", ".", " They", " saw", " a", " big", " tree", " with", " a", " hole", ".", " They", " ran", " to", " the", " tree", " and", " crawled", " inside", ".", " They", " hoped", " the", " bear", " would", " not", " find"], "acts": [0.0, 0.0, 0.5622, 0.0, 0.0, 2.7941, 0.0, 0.0, 0.0, 0.8783, 0.0, 0.0, 0.0, 1.4745, 0.0, 0.0, 0.0, 0.0, 0.0, 1.4187, 0.0, 0.0, 0.5758, 0.0, 3.7948, 0.0, 0.0, 0.0, 0.0, 0.0, 0.0, 0.0, 0.8351], "max_pos": 24, "max_act": 3.7949}, {"tokens": [".", " He", " could", " tell", " something", " was", " wrong", ".", " He", " knocked", " at", " the", " door", " and", " waited", ".", " \n", "\n", "Suddenly", ",", " a", " voice", " came", " from", " inside", ".", "\n", "\n", "\"", "Who", "'s", " there", "?\""], "acts": [0.0, 0.0, 0.0, 0.5117, 0.0, 0.0, 0.0, 0.0, 0.0, 0.0, 0.0, 0.0, 0.0, 0.0, 0.0, 0.0, 0.0, 0.0, 0.0, 0.0, 0.0, 0.0, 0.0, 2.3955, 3.7937, 0.0, 0.0, 0.0, 0.0, 0.0, 0.0, 0.0, 0.0], "max_pos": 24, "max_act": 3.793}, {"tokens": [" a", " wild", " lion", ".", " The", " lion", " was", " very", " hungry", " and", " wanted", " to", " eat", " something", " tasty", ".", " So", ",", " he", " went", " to", " a", " nearby", " farm", " where", " he", " saw", " a", " cow", ".", " The", " lion", " thought"], "acts": [0.0, 0.0, 0.0, 0.0, 0.0, 0.0, 0.0, 0.0, 0.0, 0.0, 0.0, 0.0, 0.0, 0.0, 0.0, 0.0, 0.0, 0.0, 0.0, 0.0, 0.0, 0.0, 1.3067, 0.0, 3.7666, 1.2512, 2.2358, 0.0, 0.0, 0.0, 0.0, 0.0, 0.0], "max_pos": 24, "max_act": 3.7676}, {"tokens": [" They", " spray", "ed", " water", " on", " the", " house", " and", " climbed", " on", " the", " roof", ".", " They", " tried", " to", " put", " out", " the", " fire", " and", " save", " the", " people", " inside", ".", "\n", "\n", "Lily", " and", " Tom", " watched", " from"], "acts": [0.0, 1.6623, 1.8515, 1.1094, 0.0, 0.0, 0.0, 0.0, 0.0, 0.0, 0.0, 0.0, 0.0, 0.0, 0.0, 0.0, 0.0, 1.4164, 0.0, 0.0, 0.0, 0.0, 0.0, 0.0, 3.7605, 0.0, 0.0, 0.0, 0.0, 0.0, 0.0, 0.0, 0.0], "max_pos": 24, "max_act": 3.7598}]}