{"id": 620, "density": 0.008407, "max_act": 6.87890625, "hist": {"edges": [0.01, 0.0133, 0.0178, 0.0237, 0.0316, 0.0422, 0.0562, 0.075, 0.1, 0.1334, 0.1778, 0.2371, 0.3162, 0.4217, 0.5623, 0.7499, 1.0, 1.3335, 1.7783, 2.3714, 3.1623, 4.217, 5.6234, 7.4989, 10.0, 13.3352, 17.7828, 23.7137, 31.6228, 42.1697, 56.2341, 74.9894, 100.0], "counts": [0, 0, 0, 0, 0, 0, 0, 0, 0, 0, 2, 109, 945, 3615, 7034, 7300, 4799, 2699, 1573, 1198, 1656, 2390, 308, 0, 0, 0, 0, 0, 0, 0, 0, 0]}, "logit_lens": {"promoted": [[" silly", 0.303], [" foolish", 0.259], [" great", 0.251], ["While", 0.236], [" naughty", 0.224], [" hands", 0.221], ["ause", 0.22], [" aw", 0.219], [" of", 0.217], [" sweetie", 0.217]], "suppressed": [[" asleep", 0.287], ["ily", 0.272], ["ally", 0.253], [" open", 0.234], ["Please", 0.227], [" now", 0.22], [" suddenly", 0.219], ["w", 0.219], [" secret", 0.207], [" yelled", 0.201]]}, "examples": [{"tokens": [" big", " splash", ".", " The", " water", " and", " mud", " flew", " up", " in", " the", " air", ".", " He", " laughed", " and", " said", ",", " \"", "W", "he", "e", "!", " That", " was", " fun", "!", " Do", " it", " again", "!\"", "\n", "\n"], "acts": [0.0, 0.0, 0.0, 0.0, 0.0, 0.0, 0.0, 0.0, 0.0, 0.0, 0.0, 0.0, 0.0, 0.0, 0.0, 0.0, 0.0, 0.0, 0.0, 0.0, 0.0, 0.0, 0.0, 0.5752, 6.8791, 1.9713, 0.0, 0.0, 0.0, 0.0, 0.0, 0.0, 0.0], "max_pos": 24, "max_act": 6.8789}, {"tokens": [" cat", " jumped", " on", " the", " tower", " and", " knocked", " it", " all", " down", ".", " Lily", "'s", " brother", " laughed", " and", " said", ",", " \"", "S", "illy", " cat", "!", " That", " was", " a", " foolish", " thing", " to", " do", ".\"", "\n", "\n"], "acts": [0.0, 0.0, 0.0, 0.0, 0.0, 0.0, 0.0, 0.0, 0.0, 0.0, 0.0, 0.0, 0.0, 0.0, 0.0, 0.0, 0.0, 0.0, 0.0, 0.0, 0.0, 0.0, 0.0, 0.0, 6.8199, 4.0433, 1.4891, 0.0, 1.2836, 0.0, 0.0, 0.0, 0.0], "max_pos": 24, "max_act": 6.8203}, {"tokens": [".", " She", " put", " him", " on", " the", " top", " and", " pushed", " him", " down", ".", " The", " bear", " laughed", " and", " said", ",", " \"", "W", "he", "e", "!", " That", " was", " fun", ".", " Thank", " you", ",", " Sara", ".\"", "\n"], "acts": [0.0, 0.0, 0.0, 0.0, 0.0, 0.0, 0.0, 0.0, 0.0, 0.0, 0.0, 0.0, 0.0, 0.0, 0.0, 0.0, 0.0, 0.0, 0.0, 0.0, 0.0, 0.0, 0.0, 0.0, 6.7749, 2.1765, 0.0, 0.0, 0.0, 0.0, 0.0, 0.0, 0.0], "max_pos": 24, "max_act": 6.7734}, {"tokens": ["ur", "st", " and", " Sammy", " and", " Mar", "ia", " had", " to", " stop", " playing", ".", "\n", "\n", "Sam", "my", " said", ",", " \"", "That", " was", " fun", ".", " W", "as", "n", "'t", " it", " yummy"], "acts": [0.0, 0.0, 0.0, 0.0, 0.0, 0.0, 0.0, 0.0, 0.0, 0.0, 0.0, 0.0, 0.0, 0.0, 0.0, 0.0, 0.0, 0.0, 0.0, 0.0, 6.7247, 1.4977, 0.0, 0.0, 0.0, 0.0, 0.0, 0.0, 0.0], "max_pos": 20, "max_act": 6.7266}, {"tokens": [".", " She", " sit", "s", " on", " the", " slide", ".", " She", " slides", " down", ".", " She", " laughs", ".", " She", " says", ",", " \"", "W", "he", "e", "!", " That", " was", " fun", ".", " Come", " on", ",", " Ben", ".", " Your"], "acts": [0.0, 0.0, 0.0, 0.0, 0.0, 0.0, 0.0, 0.0, 0.0, 0.0, 0.0, 0.0, 0.0, 0.0, 0.0, 0.0, 0.0, 0.0, 0.0, 0.0, 0.0, 0.0, 0.0, 0.6563, 6.6612, 2.1708, 0.0, 0.0, 0.0, 0.0, 0.0, 0.0, 0.0], "max_pos": 24, "max_act": 6.6602}, {"tokens": ["ving", " and", " understand", "ing", ",", " she", " said", ",", " \"", "That", " was", " a", " brave", " thing", " you", " did", ",", " my", " son"], "acts": [0.0, 0.0, 0.0, 0.0, 0.0, 0.0, 0.0, 0.0, 0.0, 0.0, 6.5874, 4.194, 1.9713, 0.7569, 0.0, 0.0, 0.0, 0.0, 0.0], "max_pos": 10, "max_act": 6.5859}, {"tokens": [" to", " m", "unch", " on", ".", " They", " stayed", " until", " it", " got", " late", " and", " the", " fair", " was", " over", ".", " \n", "\n", "Lucy", " said", ",", " \u00e2\u20ac\u0153", "That", " was", " really", " fair", "!", " Let", "\u00e2\u20ac\u2122", "s", " go", " and"], "acts": [0.0, 0.0, 0.0, 0.0, 0.0, 0.0, 0.0, 0.0, 0.0, 0.0, 0.0, 0.0, 0.0, 0.0, 0.8144, 0.0, 0.0, 0.0, 0.0, 0.0, 0.0, 0.0, 0.0, 0.7491, 6.5822, 4.805, 0.0, 0.0, 0.0, 1.0542, 0.0, 0.0, 0.0], "max_pos": 24, "max_act": 6.582}, {"tokens": [" the", " monkey", ",", " \"", "That", " was", " so", " much", " fun", "!", " Let", "'s", " do", " it"], "acts": [0.0, 0.0, 0.0, 0.0, 0.0, 6.5789, 4.6354, 3.1129, 0.0, 0.0, 0.0, 0.0, 0.0, 0.0], "max_pos": 5, "max_act": 6.5781}, {"tokens": [" They", " ate", " more", " popcorn", " and", " by", " the", " end", " of", " the", " movie", " they", " were", " very", " full", ".", " \n", "\n", "They", " both", " said", ",", " \u00e2\u20ac\u0153", "That", " was", " fun", "!", " I", "'m", " so", " happy", ".\u00e2\u20ac", " They"], "acts": [0.0, 0.0, 0.0, 0.0, 0.0, 0.0, 0.0, 0.0, 0.0, 0.0, 0.0, 0.0, 0.0, 0.0, 0.0, 0.0, 0.0, 0.0, 0.0, 0.0, 0.0, 0.0, 0.0, 0.5985, 6.553, 1.5409, 0.0, 0.0, 0.0, 0.0, 0.0, 0.0, 0.0], "max_pos": 24, "max_act": 6.5547}, {"tokens": [" friend", ",", " Sarah", ",", " said", ",", " \"", "That", " was", " so", " pretty", ",", " Lily", "!", " I", " love", " your"], "acts": [0.0, 0.0, 0.0, 0.0, 0.0, 0.0, 0.0, 0.0, 6.5295, 4.3494, 0.6349, 0.0, 0.0, 0.0, 0.0, 0.0, 0.0], "max_pos": 8, "max_act": 6.5312}, {"tokens": [" to", " each", " other", ",", " \"", "That", " was", " our", " nest", "!", " That", " was", " our", " wagon", "!"], "acts": [0.0, 0.0, 0.0, 0.0, 0.0, 0.0, 6.5266, 1.8168, 0.0, 0.0, 0.0, 5.5395, 1.7315, 0.0, 0.0], "max_pos": 6, "max_act": 6.5273}, {"tokens": [" in", " there", " but", " then", " you", " shook", " it", ",", " so", " here", " we", " are", "!\u00e2\u20ac", " \n", "\n", "Lucy", " laughed", " and", " told", " the", " birds", ",", " \u00e2\u20ac\u0153", "That", " was", " easy", "!", " H", "ave", " a", " nice", " day", ".\u00e2\u20ac"], "acts": [0.0, 0.0, 0.0, 0.0, 0.0, 0.0, 0.0, 0.0, 0.0, 0.0, 0.0, 0.0, 0.0, 0.0, 0.0, 0.0, 0.0, 0.0, 0.0, 0.0, 0.0, 0.0, 0.0, 0.0, 6.4799, 1.9995, 0.0, 0.0, 0.0, 0.0, 0.0, 0.0, 0.0], "max_pos": 24, "max_act": 6.4805}]}