{"id": 634, "density": 0.0292965, "max_act": 8.703125, "hist": {"edges": [0.01, 0.0133, 0.0178, 0.0237, 0.0316, 0.0422, 0.0562, 0.075, 0.1, 0.1334, 0.1778, 0.2371, 0.3162, 0.4217, 0.5623, 0.7499, 1.0, 1.3335, 1.7783, 2.3714, 3.1623, 4.217, 5.6234, 7.4989, 10.0, 13.3352, 17.7828, 23.7137, 31.6228, 42.1697, 56.2341, 74.9894, 100.0], "counts": [0, 0, 0, 0, 0, 0, 0, 0, 0, 1, 2, 37, 595, 2802, 7870, 15144, 20628, 21228, 18185, 14239, 10305, 5175, 954, 21, 0, 0, 0, 0, 0, 0, 0, 0]}, "logit_lens": {"promoted": [["ly", 0.647], [" enough", 0.419], ["er", 0.407], ["ened", 0.352], ["est", 0.319], ["fully", 0.307], ["y", 0.296], ["i", 0.289], [" words", 0.282], [" like", 0.268]], "suppressed": [["els", 0.254], [" else", 0.252], [" scared", 0.244], [" mar", 0.244], ["ck", 0.239], [" zoom", 0.237], ["u", 0.23], [" scatter", 0.226], ["xt", 0.224], [" alone", 0.221]]}, "examples": [{"tokens": ["!", " I", "\u00e2\u20ac\u2122", "m", " brave", " now", "!\u00e2\u20ac", " \n", "\n", "B", "ear", " smiled", " and", " said", ",", " \u00e2\u20ac\u0153", "Yes", "!", " You", " did", " it", " because", " of", " your", " loyal", " heart", " and", " your", " amazing", " bra", "in", "!\u00e2\u20ac", "\n"], "acts": [0.0, 0.0, 0.0, 0.0, 4.3522, 0.0, 0.0, 0.0, 0.0, 0.0, 0.0, 0.0, 0.0, 0.0, 0.0, 0.0, 0.0, 0.0, 0.0, 0.0, 0.0, 0.0, 0.0, 0.0, 8.7017, 0.0, 0.0, 0.0, 1.9762, 2.1545, 0.0, 0.0, 0.0], "max_pos": 24, "max_act": 8.7031}, {"tokens": [" he", " was", " also", " loyal", ".", " He", " couldn", "'t", " just", " run", " away", " from"], "acts": [0.0, 0.0, 0.0, 8.3802, 0.0, 0.0, 0.0, 0.0, 0.0, 0.0, 0.0, 0.0], "max_pos": 3, "max_act": 8.3828}, {"tokens": [".", " He", " would", " follow", " her", " around", " and", " even", " help", " her", " feed", " the", " neighb", "ors", ".", " And", " everyone", " loved", " Max", " for", " his", " kind", " heart", " and", " loyal", "ty", ".", "<|endoftext|>", "Once", " upon", " a", " time", ","], "acts": [0.0, 0.0, 0.0, 0.0, 0.0, 0.0, 0.0, 0.0, 0.0, 0.0, 0.0, 0.0, 0.0, 0.0, 0.0, 0.0, 0.0, 0.0, 0.0, 0.0, 0.0, 6.1201, 0.0, 0.0, 8.0843, 0.8654, 0.0, 0.0, 0.0, 0.0, 0.0, 0.0, 0.0], "max_pos": 24, "max_act": 8.0859}, {"tokens": [" didn", "'t", " lose", " his", " wallet", " again", ".", " And", " Lily", " felt", " happy", " knowing", " she", " did", " the", " right", " thing", " by", " return", "ing", " the", " wallet", " to", " its", " loyal", " owner", ".", "<|endoftext|>", "Once", " upon", " a", " time", ","], "acts": [0.0, 0.0, 0.0, 0.0, 0.0, 0.0, 0.0, 0.0, 0.0, 0.0, 0.7492, 0.8464, 0.0, 0.0, 0.0, 1.461, 0.0, 0.0, 0.0, 0.0, 0.0, 0.0, 0.0, 0.0, 8.051, 0.0, 0.0, 0.0, 0.0, 0.0, 0.0, 0.0, 0.0], "max_pos": 24, "max_act": 8.0547}, {"tokens": [" a", " mess", ",\"", " Timmy", " replied", " sadly", ".", " \n", "\n", "\"", "Don", "'t", " worry", ",", " we", " can", " clean", " it", " up", " together", ",\"", " his", " mom", " said", " kind", "ly", ".", " And", " so", ",", " Timmy", " and", " his"], "acts": [0.0, 0.0, 0.0, 0.0, 0.0, 0.0, 0.0, 0.0, 0.0, 0.0, 0.0, 0.0, 0.0, 0.0, 0.0, 0.0, 1.5123, 0.0, 0.0, 1.0185, 0.3915, 0.0, 0.0, 0.0, 8.0507, 1.1034, 0.0, 0.0, 0.0, 0.0, 0.0, 0.0, 0.0], "max_pos": 24, "max_act": 8.0469}, {"tokens": [".", "\n", "\n", "N", "ext", " she", " turned", " the", " box", " into", " a", " magic", " castle", ".", " She", " used", " her", " stuff", "ed", " animals", " and", " dolls", " as", " her", " loyal", " knight", "s", " and", " imagined", " a", " fierce", " dragon", " guard"], "acts": [0.0, 0.0, 0.0, 0.0, 0.0, 0.0, 0.0, 0.0, 0.0, 0.0, 0.0, 0.0, 0.0, 0.0, 0.0, 0.0, 0.0, 0.0, 0.0, 0.0, 0.0, 0.0, 0.0, 0.0, 7.9534, 0.0, 0.0, 0.0, 0.0, 0.0, 1.8936, 0.0, 0.0], "max_pos": 24, "max_act": 7.9531}, {"tokens": [" pup", "!\".", "\n", "\n", "The", " pup", " was", " very", " pleased", " and", " the", " two", " friends", " enjoyed", " the", " ste", "ak", " together", ",", " happy", " and", " thankful", " for", " their", " loyal", " friendship", ".", "<|endoftext|>", "Once", " upon", " a", " time", ","], "acts": [0.0, 0.0, 0.0, 0.0, 0.0, 0.0, 0.0, 0.0, 0.0, 0.0, 0.0, 0.0, 0.0, 0.0, 0.0, 0.0, 0.0, 0.0, 0.0, 4.2873, 0.0, 3.4286, 0.0, 0.0, 7.869, 1.7438, 0.0, 0.0, 0.0, 0.0, 0.0, 0.0, 0.0], "max_pos": 24, "max_act": 7.8672}, {"tokens": ["w", "ell", " and", " was", " very", " upset", ".", "\n", "\n", "\u00e2\u20ac\u0153", "John", ",", " why", " don", "'t", " you", " come", " and", " sit", " with", " me", "?\u00e2\u20ac", " said", " Sarah", " kind", "ly", ".", "\n", "\n", "John", " shook", " his", " head"], "acts": [0.0, 0.0, 0.0, 0.0, 0.0, 0.0, 0.0, 0.0, 0.0, 0.0, 0.0, 0.0, 0.0, 0.0, 0.0, 0.0, 0.0, 0.0, 0.0, 0.0, 0.0, 0.0, 0.0, 0.0, 7.8604, 1.1741, 0.0, 0.0, 0.0, 0.0, 0.0, 0.0, 0.0], "max_pos": 24, "max_act": 7.8594}, {"tokens": [" paw", " hurts", ",\"", " Benny", " replied", " sadly", ".", "\n", "\n", "\"", "Don", "'t", " worry", ",", " I", " can", " heal", " it", " for", " you", ",\"", " O", "llie", " said", " kind", "ly", ".", "\n", "\n", "O", "llie", " helped", " heal"], "acts": [0.0, 0.0, 0.0, 0.0, 0.0, 0.0, 0.0, 0.0, 0.0, 0.0, 0.0, 0.0, 0.0, 0.0, 0.0, 0.0, 1.624, 0.0, 0.0, 0.0, 0.0, 0.0, 0.0, 0.0, 7.7244, 0.8496, 0.0, 0.0, 0.0, 0.0, 0.0, 0.0, 1.9636], "max_pos": 24, "max_act": 7.7227}, {"tokens": [" thoughtful", " look", " on", " his", " face", ".", " \"", "What", "'s"], "acts": [7.6979, 0.0, 0.0, 0.0, 0.0, 0.0, 0.0, 0.0, 0.0], "max_pos": 0, "max_act": 7.6992}, {"tokens": [" thoughtful", " look", " on", " his", " face", ".", " He", " walked", " over"], "acts": [7.6979, 0.0, 0.0, 0.0, 0.0, 0.0, 0.0, 0.0, 0.0], "max_pos": 0, "max_act": 7.6992}, {"tokens": [" flew", " away", ",", " impressed", " by", " her", " special", " wave", ".", "\n", "\n", "The", " cat", " kept", " pract", "ic", "ing", " her", " own", " wave", ".", " She", " waved", " at", " loyal", " dog", " friends", ",", " the", " bus", " driver", " and", " even"], "acts": [0.0, 0.0, 0.0, 1.1657, 0.0, 0.0, 1.1783, 0.0, 0.0, 0.0, 0.0, 0.0, 0.0, 0.0, 0.0, 0.0, 0.0, 0.0, 0.0, 0.0, 0.0, 0.0, 0.0, 0.0, 7.6649, 0.0, 0.0, 0.0, 0.0, 0.0, 0.0, 0.0, 0.0], "max_pos": 24, "max_act": 7.6641}]}