{"id": 637, "density": 0.01267625, "max_act": 7.73046875, "hist": {"edges": [0.01, 0.0133, 0.0178, 0.0237, 0.0316, 0.0422, 0.0562, 0.075, 0.1, 0.1334, 0.1778, 0.2371, 0.3162, 0.4217, 0.5623, 0.7499, 1.0, 1.3335, 1.7783, 2.3714, 3.1623, 4.217, 5.6234, 7.4989, 10.0, 13.3352, 17.7828, 23.7137, 31.6228, 42.1697, 56.2341, 74.9894, 100.0], "counts": [0, 0, 0, 0, 0, 0, 0, 0, 1, 1, 26, 236, 1046, 4740, 10062, 10596, 8074, 5280, 3127, 2164, 2083, 2449, 809, 11, 0, 0, 0, 0, 0, 0, 0, 0]}, "logit_lens": {"promoted": [[" truth", 0.334], [" name", 0.3], [" brothers", 0.286], [" daddy", 0.27], [" grown", 0.261], [" parents", 0.252], [":", 0.25], [" family", 0.249], [" mommy", 0.248], ["ome", 0.245]], "suppressed": [[" things", 0.228], ["ly", 0.226], ["apped", 0.213], ["ct", 0.211], ["'", 0.209], [" bel", 0.184], ["ap", 0.18], ["pping", 0.18], ["ness", 0.178], [" ear", 0.176]]}, "examples": [{"tokens": [" and", " proud", " of", " herself", ".", " She", " told", " her", " mom", " about", " the", " race", " and", " how", " tough", " it"], "acts": [0.0, 0.0, 0.0, 0.0, 0.0, 0.0, 0.0, 7.7302, 1.2421, 0.0, 0.0, 0.0, 0.0, 0.0, 0.0, 0.0], "max_pos": 7, "max_act": 7.7305}, {"tokens": [".", " The", " crocodile", " had", " smooth", " skin", " and", " sharp", " teeth", ".", "\n", "\n", "Lily", " was", " scared", " and", " ran", " back", " to", " her", " house", ".", " She", " told", " her", " mommy", " about", " the", " crocodile", ",", " but", " her", " mommy"], "acts": [0.0, 0.0, 0.0, 0.0, 0.0, 0.0, 0.0, 0.0, 0.0, 0.0, 0.0, 0.0, 0.0, 0.0, 0.0, 0.0, 0.0, 0.0, 0.0, 0.0, 0.0, 0.0, 0.0, 0.0, 7.7132, 1.1994, 0.7597, 0.0, 0.0, 0.0, 0.0, 1.2557, 0.0], "max_pos": 24, "max_act": 7.7148}, {"tokens": [".", " She", " was", " so", " scared", " that", " she", " didn", "'t", " even", " finish", " her", " ice", " cream", ".", "\n", "\n", "When", " she", " got", " home", ",", " she", " told", " her", " mom", " what", " happened", ".", " \"", "Mommy", ",", " a"], "acts": [0.0, 0.0, 0.0, 0.0, 0.0, 0.0, 0.0, 0.0, 0.0, 0.0, 0.0, 0.0, 0.0, 0.0, 0.0, 0.0, 0.0, 0.0, 0.0, 0.0, 0.0, 0.0, 0.0, 0.0, 7.6507, 1.0829, 1.2537, 0.0, 0.0, 0.0, 0.0, 0.0, 0.0], "max_pos": 24, "max_act": 7.6523}, {"tokens": [" was", " very", " yummy", ".", " They", " were", " happy", " that", " they", " discovered", " the", " secret", " place", ".", " \n", "\n", "When", " they", " went", " back", " home", ",", " Lily", " told", " her", " mom", " about", " their", " adventure", ".", " Her", " mom", " was"], "acts": [0.0, 0.0, 0.0, 0.0, 0.0, 0.0, 0.0, 0.0, 0.0, 0.0, 0.0, 0.0, 0.0, 0.0, 0.0, 0.0, 0.0, 0.0, 0.0, 0.0, 0.0, 0.0, 0.0, 0.0, 7.6517, 1.4198, 0.0, 0.0, 0.0, 0.0, 0.5288, 0.0, 0.0], "max_pos": 24, "max_act": 7.6523}, {"tokens": [" and", " Timmy", " told", " her", " he", " was", " fighting", " al", "i", "ens", ".", "\n"], "acts": [0.0, 0.0, 1.3546, 7.5871, 1.8885, 0.8941, 0.0, 0.0, 0.0, 0.0, 0.0, 0.0], "max_pos": 3, "max_act": 7.5859}, {"tokens": [" home", "work", ".", " Timmy", " told", " her", " he", " forgot", " and", " felt", " ashamed", ".", " His", " teacher"], "acts": [0.0, 0.0, 0.0, 0.0, 0.0, 7.5798, 1.8136, 0.0, 0.0, 0.0, 0.0, 0.0, 0.0, 0.0], "max_pos": 5, "max_act": 7.5781}, {"tokens": [" small", " boy", " told", " her", " his", " trouble", "s", ",", " the", " old", " woman", " said"], "acts": [0.0, 0.0, 0.0, 7.5605, 5.5369, 0.0, 0.0, 0.0, 0.0, 0.0, 0.0, 0.0], "max_pos": 3, "max_act": 7.5586}, {"tokens": [",", " Lily", "'s", " dad", " told", " her", " about", " a", " law", " that", " said", " everyone", " had", " to"], "acts": [0.0, 0.0, 0.9617, 0.0, 0.0, 7.5418, 0.9808, 0.0, 0.0, 0.0, 0.0, 0.0, 0.0, 0.0], "max_pos": 5, "max_act": 7.543}, {"tokens": [" so", " happy", " that", " she", " ran", " to", " her", " mom", " and", " told", " her", " what", " she", " had", " done", ".", " Mom", " was", " so"], "acts": [0.0, 0.0, 0.0, 0.0, 0.0, 0.0, 1.5322, 0.0, 0.0, 1.2372, 7.5264, 2.728, 1.1415, 0.0, 0.0, 0.0, 0.0, 0.0, 0.0], "max_pos": 10, "max_act": 7.5273}, {"tokens": [" in", " surprise", " and", " ran", " back", " towards", " her", " mom", ".", "\n", "\n", "S", "weet", "y", " told", " her", " mom", " about", " the", " cat", ".", " Her", " mom", " smiled"], "acts": [0.0, 0.0, 0.0, 0.0, 0.0, 0.0, 0.0, 0.0, 0.0, 0.0, 0.0, 0.0, 0.0, 0.0, 0.0, 7.5182, 1.7044, 0.0, 0.0, 0.0, 0.0, 0.0, 0.0, 0.0], "max_pos": 15, "max_act": 7.5195}, {"tokens": [" phone", ".", " One", " day", ",", " Lily", "'s", " mom", " told", " her", " they", " were", " going", " to", " visit", " her", " grandma", "'s"], "acts": [0.0, 0.0, 0.0, 0.0, 0.0, 0.0, 0.9951, 0.0, 0.0, 7.5112, 0.0, 0.0, 0.0, 0.0, 0.0, 0.0, 0.0, 0.0], "max_pos": 9, "max_act": 7.5117}, {"tokens": [" day", ",", " Lily", "'s", " mom", " told", " her", " not", " to", " touch", " the", " fan", " because", " it", " was"], "acts": [0.0, 0.0, 0.0, 1.1828, 0.0, 0.0, 7.4351, 0.0, 0.0, 0.0, 0.0, 0.0, 0.0, 0.0, 0.0], "max_pos": 6, "max_act": 7.4336}]}