{"id": 654, "density": 0.0250885, "max_act": 5.6171875, "hist": {"edges": [0.01, 0.0133, 0.0178, 0.0237, 0.0316, 0.0422, 0.0562, 0.075, 0.1, 0.1334, 0.1778, 0.2371, 0.3162, 0.4217, 0.5623, 0.7499, 1.0, 1.3335, 1.7783, 2.3714, 3.1623, 4.217, 5.6234, 7.4989, 10.0, 13.3352, 17.7828, 23.7137, 31.6228, 42.1697, 56.2341, 74.9894, 100.0], "counts": [0, 0, 0, 0, 0, 0, 0, 0, 0, 1, 4, 203, 2254, 9975, 19110, 20656, 17039, 12948, 9507, 6281, 2191, 185, 0, 0, 0, 0, 0, 0, 0, 0, 0, 0]}, "logit_lens": {"promoted": [[" pretend", 0.304], [" cho", 0.278], [" needed", 0.251], ["led", 0.249], [" pretended", 0.248], [" your", 0.231], [" could", 0.231], [" chew", 0.218], [" hard", 0.218], [" wanted", 0.216]], "suppressed": [[" come", 0.307], ["port", 0.269], [" enough", 0.26], [" hurry", 0.248], [" comes", 0.246], [" tun", 0.234], [" cage", 0.233], ["iss", 0.229], ["Of", 0.225], [" finish", 0.225]]}, "examples": [{"tokens": [" in", " the", " park", ".", " They", " had", " a", " secret", " spot", " under", " a", " big", " tree", ",", " where", " they", " made", " a", " tunnel", " with", " sticks", " and", " leaves", ".", " They", " crawled", " inside", " and", " pretended", " they", " were", " on", " an"], "acts": [0.0, 0.0, 0.0, 0.0, 1.3957, 0.0, 0.0, 0.0, 0.0, 0.0, 0.0, 0.0, 0.0, 1.0751, 1.7507, 2.4984, 0.0, 0.0, 0.0, 0.0, 0.0, 0.0, 0.0, 0.0, 5.6179, 0.0, 0.0, 0.0, 0.0, 3.1355, 0.0, 0.0, 0.0], "max_pos": 24, "max_act": 5.6172}, {"tokens": [" and", " Sam", " were", " brothers", " who", " liked", " to", " play", " in", " the", " woods", ".", " They", " found", " a", " big", " shel", "ter", " made", " of", " sticks", " and", " leaves", ".", " They", " thought", " it", " was", " a", " good", " place", " to", " hide"], "acts": [0.0, 0.0, 0.0, 0.0, 0.0, 0.0, 0.0, 0.0, 0.0, 0.0, 0.0, 0.0, 1.6387, 0.0, 0.0, 0.0, 0.0, 0.0, 0.0, 0.0, 0.0, 1.158, 0.0, 0.9745, 5.2919, 0.0, 0.0, 0.5724, 0.0, 0.0, 0.0, 0.0, 0.0], "max_pos": 24, "max_act": 5.293}, {"tokens": [" red", ",", " orange", ",", " yellow", ",", " green", ",", " blue", " and", " purple", " paint", "s", ".", " They", " took", " a", " big", " paper", " and", " a", " brush", " each", ".", " They", " started", " to", " paint", " from", " one", " side", " of", " the"], "acts": [0.0, 0.0, 0.0, 0.0, 0.0, 0.0, 0.0, 0.0, 0.0, 0.0, 0.0, 0.0, 0.0, 0.0, 4.7117, 0.0, 0.0, 0.0, 0.0, 1.1171, 0.0, 0.0, 0.0, 0.0, 5.1844, 0.0, 2.1259, 0.0, 0.0, 0.0, 0.0, 0.0, 0.0], "max_pos": 24, "max_act": 5.1836}, {"tokens": [" for", " their", " mom", ".", " They", " found", " a", " rec", "ipe", " in", " a", " book", " and", " got", " some", " eggs", ",", " flour", ",", " sugar", ",", " and", " butter", ".", " They", " mixed", " everything", " in", " a", " big", " bowl", " and", " poured"], "acts": [0.0, 0.0, 0.0, 0.0, 1.2831, 0.0, 0.0, 0.0, 0.0, 0.0, 0.0, 0.0, 0.0, 0.0, 0.0, 0.0, 0.0, 0.0, 0.0, 0.0, 0.0, 0.0, 0.0, 0.0, 4.9812, 0.0, 0.0, 0.0, 0.0, 0.0, 0.0, 0.0, 0.0], "max_pos": 24, "max_act": 4.9805}, {"tokens": [" make", " a", " house", " for", " their", " toys", ".", " They", " found", " some", " wood", " and", " card", "board", " in", " the", " garage", " and", " started", " to", " cut", " and", " hammer", ".", " They", " had", " a", " lot", " of", " fun", ",", " but", " they"], "acts": [0.0, 0.0, 0.0, 0.0, 0.0, 0.0, 0.0, 2.7211, 0.0, 0.0, 0.0, 0.8842, 0.0, 0.0, 0.0, 0.0, 0.0, 0.0, 0.0, 1.7748, 0.0, 0.0, 0.0, 0.0, 4.9623, 0.0, 0.6161, 0.0, 0.0, 0.0, 0.0, 0.0, 0.9469], "max_pos": 24, "max_act": 4.9609}, {"tokens": [" the", " yard", ".", " They", " have", " a", " big", " truck", " and", " a", " small", " ladder", ".", " They", " load", " the", " truck", " with", " rocks", ",", " sticks", " and", " leaves", ".", " They", " pretend", " they", " are", " work", "ers", ".", "\n", "\n"], "acts": [0.0, 0.0, 0.0, 1.3037, 0.0, 0.0, 0.0, 0.0, 0.0, 0.0, 0.0, 0.0, 0.0, 2.8809, 0.0, 0.0, 0.0, 0.0, 0.0, 0.0, 0.0, 0.0, 0.0, 0.0, 4.9474, 0.0, 2.7276, 0.0, 0.0, 0.0, 0.0, 0.0, 0.0], "max_pos": 24, "max_act": 4.9492}, {"tokens": [".", "\n", "\n", "They", " opened", " the", " bottle", " and", " poured", " some", " o", "il", " on", " the", " floor", ".", " It", " was", " sl", "ipper", "y", " and", " shiny", ".", " They", " laughed", " and", " slid", " on", " the", " o", "il", " with"], "acts": [0.0, 0.0, 0.0, 0.7758, 0.0, 0.0, 0.0, 0.9383, 0.0, 0.9546, 0.0, 0.0, 0.0, 0.0, 0.0, 0.0, 1.4931, 0.9353, 0.0, 0.0, 0.0, 0.7701, 0.0, 0.8299, 4.9156, 0.0, 0.0, 0.0, 0.0, 0.0, 0.0, 0.0, 0.0], "max_pos": 24, "max_act": 4.9141}, {"tokens": [".", " They", " made", " a", " track", " with", " stones", " and", " sticks", ".", " They", " were", " very", " competitive", ".", " They", " wanted", " to", " win"], "acts": [0.0, 0.0, 0.0, 0.0, 0.0, 0.0, 0.0, 1.4066, 0.0, 0.0, 4.8804, 0.0, 0.0, 0.0, 0.0, 1.8888, 0.0, 0.0, 0.0], "max_pos": 10, "max_act": 4.8789}, {"tokens": [" new", " snowman", ".", " They", " used", " the", " hat", " and", " the", " carrot", " nose", " that", " they", " found", ".", " They", " also", " found", " a", " scarf", " and", " some", " buttons", ".", " They", " made", " the", " snowman", " smile", ".", " They", " said", ","], "acts": [0.0, 0.0, 0.0, 1.5262, 0.0, 0.0, 0.0, 0.0, 0.0, 0.0, 0.0, 0.0, 1.351, 0.0, 0.0, 2.9842, 0.0, 0.0, 0.0, 0.0, 0.0, 1.542, 0.0, 0.0, 4.8786, 0.0, 0.0, 0.0, 0.0, 0.0, 2.6232, 0.0, 0.0], "max_pos": 24, "max_act": 4.8789}, {"tokens": [".", " The", " sweater", " got", " bigger", " and", " bigger", ".", " She", " used", " more", " and", " more", " yarn", ".", " The", " ball", " of", " yarn", " got", " smaller", " and", " smaller", ".", " She", " hoped", " she", " had", " enough", " yarn", " to", " finish", " the"], "acts": [0.0, 0.0, 0.0, 0.0, 0.0, 0.0, 0.0, 0.0, 4.5401, 0.0, 0.0, 0.0, 0.0, 0.0, 0.0, 0.7891, 0.0, 0.0, 0.0, 0.0, 0.0, 0.0, 0.0, 0.0, 4.8661, 0.0, 0.0, 0.0, 0.0, 0.0, 0.0, 0.0, 0.0], "max_pos": 24, "max_act": 4.8672}, {"tokens": [" help", " Mom", " make", " salad", ".", " They", " wash", " the", " green", " leaves", " and", " the", " red", " tomato", "es", ".", " They", " tear", " the", " leaves", " into", " small", " pieces", ".", " They", " cut", " the", " tomato", "es", " with", " a", " safe", " knife"], "acts": [0.0, 0.0, 0.0, 0.0, 0.0, 1.3928, 0.0, 0.0, 0.0, 0.0, 0.0, 0.0, 0.0, 0.0, 0.0, 0.0, 3.7721, 0.0, 0.0, 0.0, 0.0, 0.0, 0.0, 0.0, 4.8578, 0.0, 0.0, 0.0, 0.0, 0.0, 0.0, 0.0, 0.0], "max_pos": 24, "max_act": 4.8594}, {"tokens": [".", "\n", "\n", "They", " worked", " hard", " to", " fill", " a", " big", " mo", "ld", " with", " sand", ".", " They", " pressed", " the", " sand", " down", " with", " their", " hands", ".", " They", " turned", " the", " mo", "ld", " over", " and", " lifted", " it"], "acts": [0.0, 0.0, 0.0, 1.6877, 0.0, 0.0, 0.0, 0.0, 0.0, 0.0, 0.0, 0.0, 0.0, 0.0, 0.0, 4.7989, 0.0, 0.0, 0.0, 0.0, 0.0, 1.2221, 0.0, 0.0, 4.8519, 0.0, 0.0, 0.0, 0.0, 0.0, 0.0, 0.0, 0.0], "max_pos": 24, "max_act": 4.8516}]}