{"id": 702, "density": 0.028543, "max_act": 7.92578125, "hist": {"edges": [0.01, 0.0133, 0.0178, 0.0237, 0.0316, 0.0422, 0.0562, 0.075, 0.1, 0.1334, 0.1778, 0.2371, 0.3162, 0.4217, 0.5623, 0.7499, 1.0, 1.3335, 1.7783, 2.3714, 3.1623, 4.217, 5.6234, 7.4989, 10.0, 13.3352, 17.7828, 23.7137, 31.6228, 42.1697, 56.2341, 74.9894, 100.0], "counts": [0, 0, 0, 0, 0, 0, 0, 0, 0, 1, 22, 155, 1142, 4142, 8086, 11046, 12289, 13966, 15517, 16760, 15624, 12418, 2985, 19, 0, 0, 0, 0, 0, 0, 0, 0]}, "logit_lens": {"promoted": [[" forward", 0.307], [" hugged", 0.277], [" runs", 0.276], [" smiled", 0.275], [" smiles", 0.275], [" started", 0.271], ["used", 0.271], [" Suddenly", 0.266], [" ran", 0.26], [" continued", 0.254]], "suppressed": [["ter", 0.338], [" disturb", 0.236], ["er", 0.233], ["aking", 0.211], ["ating", 0.208], [" save", 0.205], [" inc", 0.2], [" others", 0.197], [" spoil", 0.196], ["body", 0.191]]}, "examples": [{"tokens": [" \n", "\n", "\"", "I", " want", " to", " play", " on", " the", " swing", ",\"", " he", " said", " to", " J", "un", "e", ".", "\n", "\n", "J", "un", "e", " nodded", " and", " replied", ",", " \"", "I", " think", " that", " sounds", " like"], "acts": [0.0, 0.0, 0.0, 0.0, 0.0, 0.0, 0.0, 0.0, 0.0, 0.0, 0.0, 0.0, 0.0, 0.0, 0.0, 0.0, 0.0, 0.0, 0.0, 0.0, 0.0, 0.0, 0.0, 0.0, 7.9243, 0.0, 0.0, 0.0, 0.0, 0.0, 0.0, 0.0, 0.0], "max_pos": 24, "max_act": 7.9258}, {"tokens": [" Her", " mom", " said", " \"", "Every", " time", " I", " ask", " nicely", ",", " you", " don", "'t", " listen", ".", " Please", " do", " as", " I", " say", "!\"", " Mar", "ia", " nodded", " and", " said", " \"", "OK", " mom", ",", " I", " will", " please"], "acts": [0.0, 0.0, 0.0, 0.0, 0.0, 0.0, 0.0, 0.0, 0.0, 0.0, 0.0, 0.0, 0.0, 0.0, 0.0, 0.0, 0.0, 0.0, 0.0, 0.0, 0.0, 0.0, 0.0, 0.0, 7.8627, 0.0, 0.0, 0.0, 0.0, 0.0, 0.0, 0.0, 0.0], "max_pos": 24, "max_act": 7.8633}, {"tokens": [" started", " to", " get", " really", " rough", ".", "\n", "\n", " Max", " said", ",", " \"", "Let", "'s", " go", " home", " now", ".\"", " \n", "\n", "S", "oph", "ia", " nodded", " and", " they", " started", " to", " walk", ".", " When", " they", " got"], "acts": [0.0, 0.0, 0.0, 0.0, 0.0, 0.0, 0.0, 0.0, 0.0, 0.0, 0.0, 0.0, 0.0, 0.0, 0.0, 0.0, 0.0, 0.0, 0.0, 0.0, 0.0, 0.0, 0.0, 0.0, 7.7801, 0.0, 0.0, 0.0, 0.0, 0.0, 0.0, 0.0, 0.0], "max_pos": 24, "max_act": 7.7812}, {"tokens": [" smiled", ".", " \u00e2\u20ac\u0153", "Okay", ".", " But", " if", " you", " get", " uncomfortable", ",", " tell", " me", ",", " okay", "?\u00e2\u20ac", " \n", "\n", "S", "h", "a", "un", "a", " nodded", " and", " kept", " pack", "ing", ".", " She", " found", " her", " favorite"], "acts": [0.0, 0.0, 0.0, 0.0, 0.0, 0.0, 0.0, 0.0, 0.0, 0.0, 0.0, 0.0, 0.0, 0.0, 0.0, 0.0, 0.0, 0.0, 0.0, 0.0, 0.0, 0.0, 0.0, 0.0, 7.7718, 0.0, 0.0, 0.0, 0.0, 0.0, 0.0, 0.0, 0.0], "max_pos": 24, "max_act": 7.7734}, {"tokens": ["\n", "Tommy", " nodded", " and", " took", " another", " one", ".", " He", " ate", " it", " and"], "acts": [0.0, 0.0, 0.0, 7.7644, 0.0, 0.0, 0.0, 0.0, 0.0, 0.0, 0.0, 1.4744], "max_pos": 3, "max_act": 7.7656}, {"tokens": ["an", "na", "h", ".", "\n", "\n", "Joe", " nodded", " excitedly", " and", " they", " ran", " to", " the", " middle", " of", " the", " garden"], "acts": [0.0, 0.0, 0.0, 0.0, 0.0, 0.0, 0.0, 0.0, 1.9514, 7.7388, 0.0, 0.0, 0.0, 0.0, 0.0, 0.0, 0.0, 0.0], "max_pos": 9, "max_act": 7.7383}, {"tokens": ["Max", " nodded", " and", " smiled", " too", ".", " He", " said", " he", " was", " sorry"], "acts": [0.0, 0.0, 7.7112, 0.0, 0.0, 0.0, 0.0, 0.0, 0.0, 0.0, 0.0], "max_pos": 2, "max_act": 7.7109}, {"tokens": [" here", ",\"", " the", " old", " man", " said", ",", " pointing", " to", " the", " end", "less", " blue", " exp", "an", "se", " of", " the", " ocean", ".", "\n", "\n", "John", " nodded", " and", " smiled", ".", " He", " knew", " he", " belonged", " here", " too"], "acts": [0.0, 0.0, 0.0, 0.0, 0.0, 0.0, 0.0, 0.0, 0.0, 0.0, 0.0, 0.0, 0.0, 0.0, 0.0, 0.0, 0.0, 0.0, 0.0, 0.0, 0.0, 0.0, 0.0, 0.0, 7.6646, 0.0, 0.5873, 0.4418, 0.0, 0.0, 0.0, 0.0, 0.0], "max_pos": 24, "max_act": 7.6641}, {"tokens": [" strong", " though", ".\u00e2\u20ac", "\n", "\n", "Tommy", " nodded", " and", " stepped", " back", ".", " Then", " he", " ran", " off", " to"], "acts": [0.0, 0.0, 0.0, 0.0, 0.0, 0.0, 0.0, 7.6556, 1.2566, 0.0, 0.0, 0.9961, 0.0, 0.0, 0.0, 0.0], "max_pos": 7, "max_act": 7.6562}, {"tokens": ["\u00e2\u20ac\u2122", "s", " an", " amazing", " sight", ",", " is", "n", "\u00e2\u20ac\u2122", "t", " it", "?\u00e2\u20ac", " she", " asked", " with", " a", " smile", ".", "\n", "\n", "A", "nn", "e", " nodded", " and", " said", ",", " \u00e2\u20ac\u0153", "Yes", ",", " I", " love", " it"], "acts": [0.0, 0.0, 0.0, 0.0, 0.0, 0.0, 0.0, 0.0, 0.0, 0.0, 0.0, 0.0, 0.0, 0.0, 0.0, 0.0, 0.0, 0.0, 0.0, 0.0, 0.0, 0.0, 0.0, 0.0, 7.6497, 0.0, 0.0, 0.0, 0.0, 0.0, 0.0, 0.0, 0.0], "max_pos": 24, "max_act": 7.6484}, {"tokens": ["No", ",", " not", " now", ".", " It", "s", " getting", " dark", " and", " you", "'re", " tired", " -", " you", " must", " rest", ".\"", "\n", "\n", "S", "oph", "ia", " nodded", " and", " said", ",", " \"", "O", "k", ",", " I", "'ll"], "acts": [0.0, 0.0, 0.0, 0.0, 0.0, 0.0, 0.0, 0.0, 0.0, 0.0, 0.0, 0.0, 0.0, 0.0, 0.0, 0.0, 0.0, 0.0, 0.0, 0.0, 0.0, 0.0, 0.0, 0.0, 7.6336, 0.0, 0.4247, 0.0, 0.0, 0.0, 0.0, 0.0, 0.0], "max_pos": 24, "max_act": 7.6328}, {"tokens": [" shook", " her", " head", ".", " \"", "It", "'s", " hot", " in", " there", ";", " the", " mouse", " could", " have", " been", " serious", "ly", " hurt", "!\"", "\n", "\n", "Alice", " nodded", " and", " quickly", " ran", " to", " the", " cupboard", ".", " She", " pulled"], "acts": [0.0, 0.0, 0.0, 0.5231, 0.0, 0.0, 0.0, 0.0, 0.0, 0.0, 0.0, 0.0, 0.0, 0.0, 0.0, 0.0, 0.0, 0.0, 0.0, 0.0, 0.0, 0.0, 0.0, 0.0, 7.6292, 2.2644, 0.0, 0.0, 0.0, 0.0, 0.0, 0.0, 0.0], "max_pos": 24, "max_act": 7.6289}]}