{"id": 711, "density": 0.02081025, "max_act": 7.67578125, "hist": {"edges": [0.01, 0.0133, 0.0178, 0.0237, 0.0316, 0.0422, 0.0562, 0.075, 0.1, 0.1334, 0.1778, 0.2371, 0.3162, 0.4217, 0.5623, 0.7499, 1.0, 1.3335, 1.7783, 2.3714, 3.1623, 4.217, 5.6234, 7.4989, 10.0, 13.3352, 17.7828, 23.7137, 31.6228, 42.1697, 56.2341, 74.9894, 100.0], "counts": [0, 0, 0, 0, 0, 0, 0, 0, 0, 0, 7, 161, 1279, 4889, 10016, 13943, 14563, 11841, 9613, 7188, 5364, 3313, 1063, 1, 0, 0, 0, 0, 0, 0, 0, 0]}, "logit_lens": {"promoted": [[" mommy", 0.288], [" mom", 0.264], [" little", 0.254], [" Mommy", 0.253], [" Lucy", 0.245], [" Mama", 0.232], [" Lily", 0.229], [" Mom", 0.222], [" mummy", 0.205], [" sweet", 0.198]], "suppressed": [["issors", 0.386], [" nam", 0.383], [" umb", 0.382], ["arden", 0.382], ["\ufffd", 0.381], ["ungle", 0.381], ["ready", 0.379], ["usual", 0.379], ["ebook", 0.379], ["\ufffd", 0.378]]}, "examples": [{"tokens": [" \"", "Mommy", ",", " there", "'s", " snow", " outside", "!", " Can", " we", " go", " play", "?\"", "\n", "\n", "Her", " mom", " ch", "uck", "led", " and", " said", ",", " \"", "Yes", ",", " but", " we", " have", " to", " grab", " a", " sack"], "acts": [0.6188, 3.9161, 0.0, 0.6808, 0.0, 0.0, 1.7105, 0.0, 0.8333, 0.0, 0.0, 0.0, 0.0, 0.0, 0.0, 0.0, 0.0, 0.0, 0.0, 0.0, 0.0, 0.0, 0.0, 0.0, 7.6759, 1.4906, 1.3983, 0.0, 0.0, 0.0, 0.0, 0.0, 0.0], "max_pos": 24, "max_act": 7.6758}, {"tokens": [",", " \"", "Mom", ",", " can", " you", " help", " me", " fix", " the", " crack", " in", " the", " path", "?\"", "\n", "\n", "Her", " mom", " smiled", " and", " said", ",", " \"", "Yes", ",", " of", " course", " I", " can", " help", ".", " I"], "acts": [0.0, 1.4023, 4.3057, 0.0, 1.0607, 0.0, 0.0, 0.7128, 0.0, 0.0, 0.0, 0.0, 0.0, 0.0, 0.0, 0.0, 0.0, 0.0, 0.0, 0.0, 0.0, 0.0, 0.0, 0.0, 7.4466, 2.5029, 0.0, 4.5645, 0.0, 1.1243, 0.0, 0.0, 0.0], "max_pos": 24, "max_act": 7.4453}, {"tokens": [".", " He", " ran", " towards", " it", " and", " said", ",", " \"", "Mommy", ",", " can", " I", " go", " in", "?\"", "\n", "\n", "Mommy", " smiled", " and", " said", ",", " \"", "Okay", ",", " let", "'s", " rever", "se", " it", ".\"", "\n"], "acts": [0.7768, 0.0, 0.0, 0.0, 0.0, 0.0, 0.0, 0.0, 0.0, 2.9814, 0.0, 0.0, 0.0, 0.0, 0.0, 0.0, 0.0, 0.0, 0.0, 0.0, 0.0, 0.0, 0.0, 0.0, 7.3871, 2.5869, 0.0, 0.0, 0.0, 0.0, 0.0, 0.0, 0.0], "max_pos": 24, "max_act": 7.3867}, {"tokens": [",", " \"", "But", " mommy", ",", " my", " tummy", " hurts", ".", " I", " can", "'t", " eat", " my", " salad", " too", " fast", ".\"", "\n", "\n", "Mommy", " said", ",", " \"", "Okay", ",", " take", " your", " time", ".", " But", " we", " need"], "acts": [0.0, 0.0, 3.3261, 0.9116, 0.0, 0.0, 1.1188, 1.146, 0.0, 0.0, 0.0, 0.7049, 0.0, 0.0, 0.0, 0.0, 0.0, 0.0, 0.0, 0.0, 0.0, 0.0, 0.0, 0.0, 7.2453, 2.1069, 0.0, 0.0, 1.3295, 0.0, 1.7394, 0.0, 0.0], "max_pos": 24, "max_act": 7.2461}, {"tokens": [".", " \"", "Can", " I", " splash", ",", " Mommy", "?\"", " D", "an", "ie", "ll", "e", " asked", " excitedly", ".", " \n", "\n", "Mommy", " smiled", " and", " said", ",", " \"", "Yes", ",", " D", "an", "ie", "ll", "e", ".", " But"], "acts": [0.0, 0.0, 1.1055, 0.0, 0.0, 0.0, 0.0, 0.0, 0.0, 0.0, 0.0, 0.0, 0.0, 0.0, 0.0, 0.0, 0.0, 0.0, 0.0, 0.0, 0.0, 0.0, 0.0, 0.0, 7.2269, 1.7559, 0.0, 1.1532, 0.0, 0.0, 0.0, 0.0, 0.0], "max_pos": 24, "max_act": 7.2266}, {"tokens": [" home", ",", " she", " asked", " her", " mom", ",", " \"", "Can", " I", " join", " the", " parade", " again", " next", " year", "?\"", " Her", " mom", " laughed", " and", " said", ",", " \"", "Yes", ",", " but", " only", " if", " you", " don", "\u00e2\u20ac\u2122", "t"], "acts": [0.0, 0.0, 0.0, 0.0, 0.0, 0.0, 0.0, 0.0, 1.2184, 0.0, 0.0, 0.0, 0.0, 0.0, 0.0, 0.0, 0.0, 0.0, 0.0, 0.0, 0.0, 0.0, 0.0, 0.0, 7.1792, 0.8737, 0.0, 0.0, 0.0, 0.0, 0.0, 0.0, 0.0], "max_pos": 24, "max_act": 7.1797}, {"tokens": ["na", " said", " to", " her", " Mummy", ",", " \"", "Can", " I", " play", " outside", "?\"", "\n", "\n", "Mummy", " thought", " for", " a", " moment", " and", " then", " said", ",", " \"", "Yes", ",", " as", " long", " as", " you", " promise", " to", " be"], "acts": [0.0, 0.0, 0.0, 0.0, 0.0, 0.0, 0.0, 1.4082, 0.0, 0.0, 0.5787, 0.0, 0.0, 0.0, 0.0, 0.0, 0.0, 0.0, 0.0, 0.0, 0.0, 0.0, 0.0, 0.0, 7.1772, 0.7999, 0.0, 0.0, 0.0, 0.0, 0.0, 0.0, 0.0], "max_pos": 24, "max_act": 7.1758}, {"tokens": [" bit", " longer", "?", " The", " sky", " is", " so", " interesting", "!\u00e2\u20ac", " \n", "\n", "His", " mom", " sighed", " and", " said", ",", " \u00e2\u20ac\u0153", "Okay", ",", " but", " just", " for", " a", " few", " more", " minutes"], "acts": [0.0, 0.0, 0.0, 0.0, 0.0, 0.0, 0.0, 0.0, 0.0, 0.0, 0.0, 0.0, 0.0, 0.0, 0.0, 0.0, 0.0, 0.0, 7.1715, 2.5975, 1.1595, 0.0, 0.0, 0.0, 0.0, 0.0, 2.1915], "max_pos": 18, "max_act": 7.1719}, {"tokens": ["!", " \n", "\n", "A", "llie", " asked", " her", " mom", ",", " \"", "Mom", ",", " can", " I", " fix", " the", " hook", "?\"", "\n", "\n", "Mom", " replied", ",", " \"", "Yes", ",", " All", "ie", ".", " You", " can", " try", "."], "acts": [0.0, 0.0, 0.0, 0.0, 0.0, 0.0, 0.0, 0.0, 0.0, 0.0, 2.6225, 0.0, 0.0, 0.0, 0.0, 0.0, 0.0, 0.0, 0.0, 0.0, 0.0, 0.0, 0.0, 0.0, 7.1604, 1.089, 0.0, 0.0, 0.0, 0.0, 0.6356, 0.0, 0.0], "max_pos": 24, "max_act": 7.1602}, {"tokens": [" mom", ",", " \"", "Mom", ",", " can", "'t", " we", " put", " the", " broken", " tun", "a", " in", " the", " trash", "?\"", " \n", "\n", "Her", " mother", " said", ",", " \"", "Yes", " we", " can", ",", " sweet", "he", "art", ".", " It"], "acts": [0.0, 0.0, 0.0, 2.5166, 0.0, 0.0, 1.5836, 0.0, 0.0, 0.0, 0.0, 0.0, 0.0, 0.0, 0.0, 0.0, 0.0, 0.0, 0.0, 0.0, 0.0, 0.0, 0.0, 0.0, 7.1494, 0.0, 1.0915, 1.3042, 2.249, 0.0, 0.0, 0.0, 0.0], "max_pos": 24, "max_act": 7.1484}, {"tokens": [" vine", "!\"", " the", " little", " girl", " said", ",", " hopping", " from", " one", " foot", " to", " the", " other", ".", "\n", "\n", "Her", " mommy", " smiled", " and", " said", ",", " \"", "Okay", ",", " but", " be", " careful", "!\"", "\n", "\n", "The"], "acts": [0.0, 0.0, 0.0, 0.0, 0.0, 0.0, 0.0, 0.0, 0.0, 0.0, 0.0, 0.0, 0.0, 0.0, 0.0, 0.0, 0.0, 0.0, 0.0, 0.0, 0.0, 0.0, 0.0, 0.0, 7.135, 2.4312, 1.2368, 0.0, 2.2768, 0.0, 0.0, 0.0, 0.702], "max_pos": 24, "max_act": 7.1367}, {"tokens": [" and", " said", ",", " \"", "Can", " I", " go", " out", " and", " play", " with", " the", " gray", " cloud", " now", ",", " Mommy", "?\"", " \n", "\n", "Mommy", " said", ",", " \"", "Yes", ",", " you", " can", ".", " Just", " remember", " to", " be"], "acts": [0.0, 0.0, 0.0, 0.4072, 1.1361, 0.0, 0.0, 0.0, 0.0, 0.0, 0.0, 0.0, 0.0, 0.0, 0.0, 0.0, 0.0, 0.0, 0.0, 0.0, 0.0, 0.0, 0.0, 0.0, 7.1013, 1.8328, 0.0, 0.8185, 0.0, 0.0, 1.0727, 0.0, 0.0], "max_pos": 24, "max_act": 7.1016}]}