{"id": 714, "density": 0.0343305, "max_act": 4.73828125, "hist": {"edges": [0.01, 0.0133, 0.0178, 0.0237, 0.0316, 0.0422, 0.0562, 0.075, 0.1, 0.1334, 0.1778, 0.2371, 0.3162, 0.4217, 0.5623, 0.7499, 1.0, 1.3335, 1.7783, 2.3714, 3.1623, 4.217, 5.6234, 7.4989, 10.0, 13.3352, 17.7828, 23.7137, 31.6228, 42.1697, 56.2341, 74.9894, 100.0], "counts": [0, 0, 0, 0, 0, 0, 0, 0, 0, 3, 43, 414, 3334, 14006, 28132, 33217, 26927, 17045, 8888, 4195, 1104, 14, 0, 0, 0, 0, 0, 0, 0, 0, 0, 0]}, "logit_lens": {"promoted": [["iest", 0.323], [" should", 0.308], ["orrow", 0.301], [" loves", 0.299], ["ubby", 0.297], ["dom", 0.294], [" glad", 0.291], [" hoped", 0.286], ["oe", 0.28], ["ted", 0.277]], "suppressed": [["mer", 0.257], ["r", 0.23], ["se", 0.227], [" further", 0.216], [" the", 0.202], [" sc", 0.197], ["ng", 0.194], [" hear", 0.188], [" fight", 0.188], [" check", 0.185]]}, "examples": [{"tokens": [" sorry", " I", " did", " not", " listen", " to", " you", ".", " I", "'m", " sorry", " I", " touched", " the", " wire", ".", " I", "'m", " sorry", " I", " was", " not", " careful", ".", " I", " will", " not", " do", " it", " again", ",", " Ben", "."], "acts": [1.5308, 1.3532, 0.0, 0.0, 0.0, 0.0, 0.0, 1.31, 3.7998, 1.2047, 1.8314, 1.6481, 0.8772, 0.0, 0.0, 0.7621, 3.5863, 1.0454, 1.901, 1.4068, 0.9872, 0.0, 1.0334, 1.7729, 4.7397, 0.0, 0.9717, 0.0, 0.0, 0.0, 0.0, 1.8971, 1.4727], "max_pos": 24, "max_act": 4.7383}, {"tokens": [".", " We", " will", " not", " be", " so", " nosy", " and", " throw", " things", " away", ".", " We", " will", " try", " to", " read", " and", " learn", " from", " the", " books", ".", " And", " we", " will", " say", " sorry", " to", " grandma", " too", ".\"", "\n"], "acts": [1.2689, 3.554, 0.0, 1.6116, 0.0, 0.0, 0.0, 1.2466, 2.0263, 0.0, 0.0, 0.6479, 3.4802, 0.0, 1.5485, 0.0, 0.0, 0.0, 0.0, 0.0, 0.0, 0.0, 0.0, 1.2341, 4.553, 0.0, 1.0767, 0.9451, 0.0, 0.0, 0.0, 0.7135, 0.4466], "max_pos": 24, "max_act": 4.5547}, {"tokens": [" doll", ".", " He", " felt", " sorry", " too", ".", " He", " said", " he", " was", " sorry", " for", " being", " mean", ".", " He", " said", " he", " liked", " his", " truck", ",", " but", " he", " liked", " to", " share", " too", ".", " He", " said", " he"], "acts": [0.0, 0.0, 0.0, 0.0, 0.0, 0.0, 0.0, 1.5784, 1.0243, 3.6437, 1.8381, 0.9476, 0.0, 0.0, 0.0, 0.0, 3.1292, 1.4573, 4.0809, 0.0, 0.0, 0.0, 0.0, 1.8227, 4.4154, 0.0, 0.5376, 0.0, 0.0, 0.0, 2.9017, 1.7339, 4.0944], "max_pos": 24, "max_act": 4.4141}, {"tokens": [".\"", "\n", "\n", "\"", "Yes", ",", " Mommy", ",\"", " Lily", " and", " Ben", " said", ".", " \"", "We", " are", " sorry", ".", " We", " love", " each", " other", ".", " And", " we", " love", " our", " dolls", ".\"", "\n", "\n", "Mommy", " and"], "acts": [0.0, 0.0, 0.0, 0.0, 0.0, 0.0, 0.0, 0.0, 0.0, 0.0, 0.0, 0.0, 0.0, 0.0, 1.6538, 0.0, 0.6966, 0.0, 3.4203, 0.7627, 0.9046, 0.0, 0.9668, 1.9943, 4.3937, 1.5259, 0.0, 0.0, 0.9432, 0.6129, 0.0, 0.0, 0.0], "max_pos": 24, "max_act": 4.3945}, {"tokens": [" will", " be", " careful", " and", " polite", ".", " We", " will", " not", " wave", " at", " str", "ang", "ers", ".", " We", " will", " not", " throw", " rocks", " at", " cars", ".", " And", " we", " will", " not", " call", " people", " stupid", " and", " mean", "."], "acts": [0.0, 0.0, 0.0, 1.0193, 0.0, 1.0656, 3.5028, 0.0, 1.2636, 0.0, 0.0, 0.0, 0.0, 0.0, 0.791, 3.5547, 0.0, 1.5106, 1.604, 0.0, 0.0, 0.0, 0.5918, 1.0362, 4.3483, 0.0, 1.5763, 0.0, 0.0, 0.0, 0.0, 1.1221, 1.0238], "max_pos": 24, "max_act": 4.3477}, {"tokens": [" \"", "We", " are", " sorry", ",", " Mom", ".", " We", " are", " sorry", ",", " s", "ir", ".", " We", " will", " be", " polite", " and", " listen", " to", " you", ".", " And", " we", " will", " be", " careful", " on", " the", " road", ".\"", " The"], "acts": [0.0, 0.8276, 0.0, 0.0, 0.0, 0.0, 0.0, 2.5684, 0.79, 0.8153, 0.0, 0.0, 0.0, 0.0, 3.0394, 0.0, 0.0, 0.0, 0.0, 0.0, 0.0, 0.0, 0.6077, 1.5899, 4.3428, 0.0, 0.0, 0.0, 0.0, 0.0, 0.0, 0.0, 0.0], "max_pos": 24, "max_act": 4.3438}, {"tokens": [" would", " not", " do", " it", " again", ".", " She", " said", " she", " learned", " her", " lesson", ".", " She", " said", " she", " did", " not", " like", " fire", " anymore", ".", " She", " said", " she", " liked", " water", " and", " ice", " and", " snow", ".", " She"], "acts": [0.0, 0.0, 0.0, 0.0, 0.0, 0.9354, 2.5996, 1.8918, 3.9258, 2.9129, 1.0905, 0.0, 0.0, 2.6794, 2.0891, 3.8165, 1.4225, 0.9991, 0.0, 0.0, 0.0, 1.1636, 3.5405, 2.3193, 4.3401, 1.0095, 0.0, 0.0, 0.0, 0.0, 0.0, 0.732, 3.1127], "max_pos": 24, "max_act": 4.3398}, {"tokens": ["less", ".", " They", " said", " they", " learned", " their", " lesson", ".", " They", " said", " they", " would", " never", " go", " in", " the", " ch", "am", "ber", " again", ".", " They", " said", " they", " would", " always", " listen", " to", " their", " friend", ".", "\n"], "acts": [0.0, 0.0, 2.4731, 1.8268, 3.7847, 2.7934, 0.0, 0.0, 0.8989, 2.3772, 1.9755, 3.8105, 0.0, 1.0003, 0.0, 0.0, 0.0, 0.0, 0.0, 0.0, 0.0, 1.1449, 3.0788, 1.9533, 4.2612, 0.0, 0.0, 0.0, 0.0, 0.0, 0.0, 0.9415, 0.0], "max_pos": 24, "max_act": 4.2617}, {"tokens": [" wild", " for", " you", ".", " You", " could", " have", " been", " hurt", ".", " You", " should", " have", " listened", " to", " me", ".", " You", " should", " have", " stayed", " with", " Spot", ".", " He", " is", " a", " good", " horse", ".\"", "\n", "\n", "Tom"], "acts": [0.0, 0.0, 0.0, 0.0, 1.5657, 2.3452, 0.0, 0.0, 0.0, 0.0, 1.7287, 0.0, 0.9646, 0.0, 0.0, 0.0, 0.5936, 2.324, 0.7795, 1.1249, 0.0, 1.4309, 0.0, 1.0482, 4.2536, 2.9524, 0.0, 0.8655, 0.0, 0.0, 0.0, 0.0, 0.0], "max_pos": 24, "max_act": 4.2539}, {"tokens": [" their", " lesson", ".", " They", " said", " they", " were", " sorry", " for", " what", " they", " did", ".", " They", " said", " they", " would", " not", " do", " it", " again", ".", " They", " said", " they", " would", " listen", " to", " their", " mom", " and", " dad", " and"], "acts": [0.0, 0.0, 0.0, 0.8153, 1.429, 3.5745, 1.9444, 0.0, 0.0, 0.0, 1.0076, 0.0, 0.0, 2.4683, 2.1672, 3.7612, 0.0, 0.5894, 0.0, 0.0, 0.0, 0.0, 2.9417, 2.1375, 4.2466, 0.0, 0.0, 0.0, 0.0, 0.0, 0.0, 0.0, 0.0], "max_pos": 24, "max_act": 4.2461}, {"tokens": [" gave", " her", " a", " hug", ".", "\n", "\n", "\"", "Sorry", ",", " mom", ".", " We", " love", " you", ".", " We", " love", " the", " moon", ",", " too", ".", " But", " we", " love", " you", " more", ",\"", " they", " said", ".", "\n"], "acts": [0.0, 0.0, 0.0, 0.0, 0.0, 0.0, 0.0, 0.0, 0.0, 0.0, 0.0, 0.0, 2.6857, 0.0, 0.0, 0.5426, 3.5836, 0.9101, 0.0, 0.0, 0.0, 0.0, 1.1005, 2.0574, 4.2436, 1.1923, 0.6846, 0.9149, 0.0, 0.0, 0.0, 0.0, 0.632], "max_pos": 24, "max_act": 4.2422}, {"tokens": [" They", " said", " they", " could", " still", " play", " with", " their", " other", " k", "it", "es", ",", " but", " they", " had", " to", " be", " careful", " and", " respectful", ".", " They", " said", " they", " hoped", " they", " would", " be", " more", " grateful", " and", " happy"], "acts": [1.4909, 2.1725, 3.1999, 2.11, 0.0, 0.0, 0.6737, 0.0, 0.9245, 0.0, 0.0, 0.0, 0.0, 2.2718, 3.6714, 1.6546, 0.0, 0.0, 0.0, 1.357, 0.0, 1.2624, 2.6186, 2.4096, 4.2316, 1.1304, 2.6348, 0.0, 0.0, 0.0, 0.0, 0.0, 0.8585], "max_pos": 24, "max_act": 4.2305}]}