{"id": 717, "density": 0.02160375, "max_act": 9.7734375, "hist": {"edges": [0.01, 0.0133, 0.0178, 0.0237, 0.0316, 0.0422, 0.0562, 0.075, 0.1, 0.1334, 0.1778, 0.2371, 0.3162, 0.4217, 0.5623, 0.7499, 1.0, 1.3335, 1.7783, 2.3714, 3.1623, 4.217, 5.6234, 7.4989, 10.0, 13.3352, 17.7828, 23.7137, 31.6228, 42.1697, 56.2341, 74.9894, 100.0], "counts": [0, 0, 0, 0, 0, 0, 0, 0, 1, 5, 35, 273, 1501, 4919, 10244, 14427, 15132, 12754, 9798, 6992, 4793, 3138, 1758, 645, 0, 0, 0, 0, 0, 0, 0, 0]}, "logit_lens": {"promoted": [[" smile", 0.443], [" laugh", 0.428], [" clap", 0.412], [" bark", 0.401], [" voice", 0.4], [" yawn", 0.375], [" giggle", 0.374], [" noise", 0.373], [" frown", 0.366], [" happened", 0.36]], "suppressed": [["air", 0.177], [" little", 0.152], ["ves", 0.142], ["ace", 0.142], [" trash", 0.137], ["und", 0.134], [" time", 0.134], [" or", 0.128], ["self", 0.126], ["b", 0.126]]}, "examples": [{"tokens": [" trash", " can", ",", " but", " suddenly", " they", " heard", " a", " loud", " sound", ".", " \"", "What", " was", " that", "?\"", " asked"], "acts": [0.0, 0.0, 0.0, 0.0, 0.0, 0.0, 1.425, 7.5121, 9.7762, 3.763, 0.0, 0.0, 1.1965, 0.0, 0.0, 0.0, 0.0], "max_pos": 8, "max_act": 9.7734}, {"tokens": [" there", ",", " she", " saw", " that", " her", " doll", " was", " gone", "!", " She", " looked", " everywhere", " but", " couldn", "'t", " find", " it", ".", " Suddenly", ",", " she", " heard", " a", " loud", " noise", " from", " down", "stairs", ".", " She", " ran", " down"], "acts": [0.0, 0.0, 0.0, 0.0, 0.0, 0.0, 0.0, 0.0, 0.0, 0.0, 0.0, 0.0, 0.0, 0.0, 0.0, 0.0, 0.0, 0.0, 0.0, 0.0, 0.0, 0.0, 0.9085, 7.417, 9.4888, 3.5363, 0.9231, 0.0, 0.0, 0.0, 0.0, 0.0, 0.0], "max_pos": 24, "max_act": 9.4922}, {"tokens": [" and", " the", " trees", " began", " to", " tre", "m", "ble", ".", " Fl", "oppy", " was", " scared", " and", " hid", " under", " his", " bed", ".", " Suddenly", ",", " he", " heard", " a", " loud", " noise", " and", " the", " roof", " of", " his", " house", " began"], "acts": [0.0, 0.0, 0.0, 0.0, 0.0, 0.0, 0.0, 0.0, 0.0, 0.0, 0.0, 0.0, 0.0, 0.0, 0.0, 0.0, 0.0, 0.0, 0.0, 1.3085, 0.0, 0.0, 1.038, 6.8203, 9.4831, 3.5663, 0.0, 0.0, 0.0, 0.0, 0.0, 0.0, 0.0], "max_pos": 24, "max_act": 9.4844}, {"tokens": ["5", " c", "ent", "im", "et", "ers", " long", ".", " They", " are", " very", " proud", " of", " their", " work", ".", "\n", "\n", "But", " then", ",", " they", " hear", " a", " loud", " noise", ".", " It", " is", " their", " mom", ".", " She"], "acts": [0.0, 0.0, 0.0, 0.0, 0.0, 0.0, 0.0, 0.0, 0.0, 0.0, 0.0, 0.0, 0.0, 0.0, 0.0, 0.0, 0.0, 0.0, 0.0, 0.6304, 0.0, 0.0, 1.0254, 6.786, 9.4568, 3.7631, 0.8018, 2.2198, 1.6703, 0.0, 0.0, 0.0, 0.0], "max_pos": 24, "max_act": 9.4531}, {"tokens": ["ing", " up", " is", " not", " work", ",", " it", "'s", " just", " helping", ".\"", " \n", "\n", "As", " Lily", " was", " cleaning", " up", " her", " toys", ",", " she", " heard", " a", " loud", " noise", ".", " She", " looked", " under", " her", " bed", " and"], "acts": [0.0, 0.0, 0.0, 0.0, 0.0, 0.0, 0.0, 0.0, 0.0, 0.0, 0.0, 0.0, 0.0, 0.0, 0.0, 0.0, 0.0, 0.0, 0.0, 0.0, 0.0, 0.0, 0.4292, 6.757, 9.4331, 3.7015, 0.0, 0.0, 0.0, 0.0, 0.0, 0.0, 0.0], "max_pos": 24, "max_act": 9.4297}, {"tokens": ["\n", "\n", "Bob", " obedient", "ly", " kne", "el", "ed", " in", " the", " corner", ",", " but", " he", " was", " still", " feeling", " bitter", ".", " Suddenly", ",", " he", " heard", " a", " loud", " sound", " from", " outside", " and", " noticed", " that", " his", " blocks"], "acts": [0.0, 0.0, 0.0, 0.0, 0.0, 0.0, 0.0, 0.0, 0.0, 0.0, 0.0, 0.0, 0.0, 0.0, 0.0, 0.0, 0.0, 0.0, 0.0, 0.6127, 0.0, 0.0, 0.8184, 6.8717, 9.4032, 3.3863, 1.2462, 0.0, 0.0, 0.0, 0.0, 0.0, 0.0], "max_pos": 24, "max_act": 9.4062}, {"tokens": [" how", " to", " pin", "ch", " the", " butterfly", "'s", " wings", " gently", " so", " it", " wouldn", "'t", " fly", " away", ".", " \n", "\n", "Just", " then", ",", " they", " heard", " a", " loud", " noise", ".", " It", " was", " an", " e", "mer", "g"], "acts": [0.0, 0.0, 0.0, 0.0, 0.0, 0.0, 0.0, 0.0, 0.0, 0.0, 0.0, 0.0, 0.0, 0.0, 0.0, 0.0, 0.0, 0.0, 0.0, 1.3528, 0.0, 0.0, 1.3947, 7.0654, 9.3932, 3.5682, 0.5358, 1.2157, 1.4471, 2.2643, 1.5486, 0.0, 1.4127], "max_pos": 24, "max_act": 9.3906}, {"tokens": [" on", " the", " edge", " of", " the", " hole", " and", " cry", ".", "\n", "\n", "Suddenly", ",", " they", " hear", " a", " loud", " laugh", ".", " They", " look", " up", " and", " see", " their"], "acts": [0.0, 0.0, 0.0, 0.0, 0.0, 0.0, 0.0, 0.0, 0.0, 0.0, 0.0, 0.0, 0.0, 0.0, 0.0, 7.0329, 9.3639, 2.5757, 0.0, 0.0, 0.0, 0.0, 0.0, 0.0, 0.0], "max_pos": 16, "max_act": 9.3672}, {"tokens": [" beetle", " very", " happy", ".", " \n", "\n", "Suddenly", ",", " she", " heard", " a", " loud", " hon", "king", " noise", ".", " It", " was", " a", " se"], "acts": [0.0, 0.0, 0.0, 0.0, 0.0, 0.0, 0.0, 0.0, 0.0, 1.1962, 7.0835, 9.3429, 2.4972, 2.8311, 1.7652, 0.0, 1.533, 1.4058, 2.1924, 0.0], "max_pos": 11, "max_act": 9.3438}, {"tokens": [" again", ".", " He", " br", "ushed", " off", " his", " clothes", " and", " kept", " walking", ".", " \n", "\n", "Suddenly", " he", " heard", " a", " loud", " noise", " coming", " from", " one", " of", " the", " build", "ings"], "acts": [0.0, 0.0, 0.0, 0.0, 0.0, 0.0, 0.0, 0.0, 0.0, 0.0, 0.0, 0.0, 0.0, 0.0, 0.0, 0.0, 1.2873, 6.6964, 9.3021, 3.6705, 2.9142, 0.0, 0.0, 0.0, 0.0, 0.0, 0.0], "max_pos": 18, "max_act": 9.3047}, {"tokens": [" of", " yummy", " berries", " on", " it", ".", " She", " picked", " them", " all", " and", " put", " them", " in", " a", " basket", ".", "\n", "\n", "Suddenly", ",", " she", " heard", " a", " loud", " noise", " and", " got", " scared", ".", " She", " saw", " a"], "acts": [0.0, 0.0, 0.0, 0.0, 0.0, 0.0, 0.0, 0.0, 0.0, 0.0, 0.0, 0.0, 0.0, 0.0, 0.0, 0.0, 0.0, 0.0, 0.0, 0.0, 0.0, 0.0, 0.9098, 6.8636, 9.3032, 3.4968, 0.0, 0.0, 0.0, 0.0, 0.0, 0.0, 1.5989], "max_pos": 24, "max_act": 9.3047}, {"tokens": [" Ben", " clapped", " and", " cheered", ".", "\n", "\n", "Suddenly", ",", " they", " heard", " a", " loud", " voice", " from", " down", "stairs", ".", "\n", "\n", "\""], "acts": [0.0, 0.0, 0.0, 0.0, 0.0, 0.0, 0.0, 0.0, 0.0, 0.0, 0.8421, 6.6003, 9.2953, 3.2906, 1.0787, 0.0, 0.0, 0.0, 0.0, 0.0, 0.0], "max_pos": 12, "max_act": 9.2969}]}