{"id": 719, "density": 0.00555525, "max_act": 8.34375, "hist": {"edges": [0.01, 0.0133, 0.0178, 0.0237, 0.0316, 0.0422, 0.0562, 0.075, 0.1, 0.1334, 0.1778, 0.2371, 0.3162, 0.4217, 0.5623, 0.7499, 1.0, 1.3335, 1.7783, 2.3714, 3.1623, 4.217, 5.6234, 7.4989, 10.0, 13.3352, 17.7828, 23.7137, 31.6228, 42.1697, 56.2341, 74.9894, 100.0], "counts": [0, 0, 0, 0, 0, 0, 0, 0, 1, 6, 50, 258, 545, 1220, 2693, 4414, 4149, 3034, 1386, 808, 610, 1275, 1623, 149, 0, 0, 0, 0, 0, 0, 0, 0]}, "logit_lens": {"promoted": [[" happened", 0.308], [" Sara", 0.3], [" else", 0.288], [" Jill", 0.258], [" should", 0.256], ["ina", 0.256], ["ex", 0.246], [" today", 0.244], [" happ", 0.243], [" doesn", 0.24]], "suppressed": [["air", 0.315], ["ons", 0.295], [" Red", 0.236], [" K", 0.233], [" most", 0.23], [" resc", 0.23], [" top", 0.224], ["om", 0.222], ["thday", 0.222], ["round", 0.217]]}, "examples": [{"tokens": ["\n", "\n", "She", " kept", " an", " eye", " out", " for", " the", " star", " each", " night", ",", " and", " sure", " enough", " the", " star", " began", " to", " dis", "pl", "ay", " something", " special", " for", " her", ".", " As", " it", " moved", " across", " the"], "acts": [0.7799, 0.0, 0.0, 0.0, 0.0, 0.0, 0.0, 0.0, 0.0, 0.0, 0.0, 0.0, 0.0, 0.0, 0.0, 0.0, 0.0, 0.0, 0.0, 0.0, 0.0, 0.0, 0.0, 1.4814, 8.3412, 0.0, 0.0, 0.0, 0.0, 0.0, 0.0, 0.0, 0.0], "max_pos": 24, "max_act": 8.3438}, {"tokens": [" next", " day", ".", "<|endoftext|>", "John", " was", " an", " ordinary", " boy", ".", " He", " went", " out", " to", " play", " every", " day", ".", " One", " day", ",", " John", " wanted", " something", " special", " to", " do", ".", " He", " decided", " to", " push", " his"], "acts": [0.0, 0.0, 0.0, 0.0, 0.0, 0.0, 0.0, 0.0, 0.0, 0.0, 0.0, 0.0, 0.0, 0.0, 0.0, 0.0, 0.0, 0.0, 0.0, 0.0, 0.0, 0.0, 0.0, 0.8432, 8.3454, 0.0, 1.4185, 0.0, 0.0, 0.0, 0.0, 0.0, 0.0], "max_pos": 24, "max_act": 8.3438}, {"tokens": [" day", " they", " pa", "id", " the", " lion", ".", "<|endoftext|>", "Once", " upon", " a", " time", ",", " there", " was", " a", " famous", " raven", ".", " He", " wanted", " to", " put", " something", " special", " in", " a", " tree", ".", " So", " he", " flew", " high"], "acts": [0.0, 0.0, 0.0, 0.0, 0.0, 0.0, 0.0, 0.0, 0.0, 0.0, 0.0, 0.0, 0.0, 0.0, 0.0, 0.0, 0.0, 0.0, 0.0, 0.0, 0.0, 0.0, 0.0, 0.7083, 8.2943, 1.7718, 0.0, 0.0, 0.0, 0.0, 0.0, 0.0, 0.0], "max_pos": 24, "max_act": 8.2969}, {"tokens": [" birds", " in", " the", " blue", " sky", ".", "\n", "\n", "The", " first", " friend", ",", " a", " girl", ",", " told", " the", " boy", ":", " \"", "I", " can", " do", " something", " special", " today", ".\"", " ", "\n", "The", " boy", " asked", ":"], "acts": [0.0, 0.0, 0.0, 0.0, 0.0, 0.0, 0.0, 0.0, 0.0, 0.0, 0.0, 0.0, 0.0, 0.0, 0.0, 0.0, 0.0, 0.0, 0.0, 0.0, 0.0, 0.0, 0.0, 0.0, 8.2636, 1.2352, 0.0, 0.0, 0.0, 0.0, 0.0, 0.0, 0.0], "max_pos": 24, "max_act": 8.2656}, {"tokens": [" a", " happy", " dog", " who", " played", " all", " day", " with", " his", " best", " friend", ",", " John", ".", " One", " day", ",", " John", " wanted", " to", " show", " Do", "g", " something", " special", ".", "\n", "\n", "\"", "Look", "!\"", " said", " John"], "acts": [0.0, 0.0, 0.0, 0.0, 0.0, 0.0, 0.0, 0.0, 0.0, 0.0, 0.0, 0.0, 0.0, 0.0, 0.0, 0.0, 0.0, 0.0, 0.0, 0.0, 0.0, 0.0, 0.0, 0.9207, 8.2472, 0.0, 0.0, 0.0, 0.0, 0.0, 0.0, 0.0, 0.0], "max_pos": 24, "max_act": 8.25}, {"tokens": [" her", " mommy", ".", "\n", "\n", "So", ",", " she", " flew", " to", " the", " store", " and", " asked", " the", " shop", " keep", "er", ",", " \u00e2\u20ac\u0153", "Do", " you", " have", " something", " special", " for", " my", " mommy", "?\u00e2\u20ac", " The", " shop", " keep", "er"], "acts": [0.0, 0.0, 0.0, 0.0, 0.0, 0.0, 0.0, 0.0, 0.0, 0.0, 0.0, 0.0, 0.0, 0.0, 0.0, 0.0, 0.0, 0.0, 0.0, 0.0, 0.0, 0.0, 0.0, 0.6256, 8.2527, 0.0, 0.0, 0.0, 0.0, 0.0, 0.0, 0.0, 0.0], "max_pos": 24, "max_act": 8.25}, {"tokens": [" ever", " after", ".", "<|endoftext|>", "It", " was", " spring", " and", " the", " sun", " was", " shining", " brightly", " in", " the", " sky", ".", " Little", " Lucy", " wanted", " to", " prep", "are", " something", " special", ".", " She", " grabbed", " a", " bag", " and", " filled", " it"], "acts": [0.0, 0.0, 0.0, 0.0, 0.0, 0.0, 0.0, 0.0, 0.0, 0.0, 0.0, 0.0, 0.0, 0.0, 0.0, 0.0, 0.0, 0.0, 0.0, 0.0, 0.0, 0.0, 0.0, 1.1102, 8.2219, 0.0, 0.0, 0.0, 0.0, 0.0, 0.0, 0.0, 0.0], "max_pos": 24, "max_act": 8.2188}, {"tokens": [" and", " Jack", " decided", " to", " play", " the", " game", " again", " soon", ".", "<|endoftext|>", "Once", " there", " was", " a", " mom", " and", " her", " baby", ".", " B", "aby", " wanted", " something", " special", " to", " keep", " her", " warm", " and", " cozy", ".", " So"], "acts": [0.0, 0.0, 0.0, 0.0, 0.0, 0.0, 0.0, 0.0, 0.0, 0.0, 0.0, 0.0, 0.0, 0.0, 0.0, 0.0, 0.0, 0.0, 0.0, 0.0, 0.0, 0.0, 0.0, 0.7212, 8.2088, 0.0, 1.4268, 0.0, 0.0, 0.0, 0.0, 0.0, 0.0], "max_pos": 24, "max_act": 8.2109}, {"tokens": ["Hello", " little", " girl", ",", " do", " you", " want", " to", " buy", " something", " special", "?\"", " But", " Lily", " knew", " she", " had", " to", " buy"], "acts": [0.0, 0.0, 0.0, 0.0, 0.0, 0.0, 0.0, 0.0, 0.0, 0.732, 8.2057, 0.0, 0.0, 0.0, 0.0, 0.0, 0.0, 0.0, 0.0], "max_pos": 10, "max_act": 8.2031}, {"tokens": [" looked", " for", " a", " dirty", " past", "el", ".", " They", " picked", " up", " one", " and", " asked", " a", " little", " girl", ",", " \u00e2\u20ac\u0153", "Do", " you", " want", " to", " write", " something", " special", " on", " this", " and", " hang", " it", " on", " the", " tree"], "acts": [0.0, 0.0, 0.0, 0.0, 0.0, 0.0, 0.0, 0.0, 0.0, 0.0, 0.0, 0.0, 0.0, 0.0, 0.0, 0.0, 0.0, 0.0, 0.0, 0.0, 0.0, 0.0, 0.0, 1.0794, 8.163, 1.1195, 0.0, 0.0, 0.0, 0.0, 0.0, 0.0, 0.0], "max_pos": 24, "max_act": 8.1641}, {"tokens": ["One", " day", ",", " something", " special", " happened", ".", " A", " girl", " saw", " a", " sp", "ort"], "acts": [0.0, 0.0, 0.0, 1.1538, 8.1193, 3.3804, 0.0, 0.0, 0.0, 0.0, 0.0, 0.0, 0.0], "max_pos": 4, "max_act": 8.1172}, {"tokens": [" Soon", ",", " the", " figure", " was", " no", " longer", " lonely", ".", " Every", " day", ",", " the", " little", " girl", " and", " the", " clay", " figure", " would", " dis", "pl", "ay", " something", " special", " for", " each", " other", ".", " Together", ",", " they", " were"], "acts": [0.0, 0.0, 0.0, 0.0, 0.0, 0.0, 0.0, 0.0, 0.0, 0.0, 0.0, 0.0, 0.0, 0.0, 0.0, 0.0, 0.0, 0.0, 0.0, 0.0, 0.0, 0.0, 0.0, 1.0372, 8.0954, 0.0, 1.0101, 1.5464, 0.0, 0.0, 0.0, 0.0, 0.0], "max_pos": 24, "max_act": 8.0938}]}