{"id": 720, "density": 0.0480625, "max_act": 5.42578125, "hist": {"edges": [0.01, 0.0133, 0.0178, 0.0237, 0.0316, 0.0422, 0.0562, 0.075, 0.1, 0.1334, 0.1778, 0.2371, 0.3162, 0.4217, 0.5623, 0.7499, 1.0, 1.3335, 1.7783, 2.3714, 3.1623, 4.217, 5.6234, 7.4989, 10.0, 13.3352, 17.7828, 23.7137, 31.6228, 42.1697, 56.2341, 74.9894, 100.0], "counts": [0, 0, 0, 0, 0, 0, 0, 0, 0, 2, 53, 526, 4097, 16094, 35878, 44521, 35943, 23344, 16064, 10469, 4603, 656, 0, 0, 0, 0, 0, 0, 0, 0, 0, 0]}, "logit_lens": {"promoted": [[" if", 0.33], [" pray", 0.224], ["ight", 0.216], [" too", 0.196], [" things", 0.193], [" sorry", 0.189], [" needed", 0.181], [" okay", 0.173], [" right", 0.171], [" good", 0.158]], "suppressed": [[" chased", 0.37], ["amp", 0.345], ["igg", 0.335], ["round", 0.335], [" sandbox", 0.328], [" mush", 0.322], ["ud", 0.311], [" living", 0.309], ["ath", 0.305], [" suc", 0.301]]}, "examples": [{"tokens": [" He", " asked", " the", " man", " if", " he", " would", " buy", " the", " earth", ".", " The", " old", " man"], "acts": [0.0, 1.9026, 1.0033, 2.4241, 3.1235, 5.4243, 3.7914, 4.1457, 2.0202, 2.4667, 0.7472, 0.0, 0.7027, 1.2765], "max_pos": 5, "max_act": 5.4258}, {"tokens": [".", " He", " had", " some", " wire", " and", " he", " wanted", " to", " use", " it", ".", " Tim", " asked", " Tom", " what", " he", " was", " going", " to", " make", " and", " Tom", " said", " he", " was", " not", " sure", " yet", ".", "\n", "\n", "Tim"], "acts": [0.0, 0.0, 0.0, 0.0, 0.0, 0.0, 0.0, 0.0, 0.0, 0.0, 0.0, 0.0, 0.0, 0.0, 1.5678, 1.9194, 2.2123, 1.7853, 1.445, 1.9197, 1.5395, 1.7281, 0.0, 2.046, 5.3473, 3.746, 2.9004, 2.1934, 2.341, 0.0, 0.0, 0.0, 0.0], "max_pos": 24, "max_act": 5.3477}, {"tokens": [" very", " nice", " man", " who", " had", " a", " lot", " of", " hair", " himself", ".", " He", " asked", " Lily", " how", " she", " wanted", " her", " hair", " to", " look", " and", " she", " said", " she", " wanted", " it", " short", " like", " a", " boy", ".", "\n"], "acts": [0.0, 0.0, 0.0, 0.0, 0.0, 0.0, 0.0, 0.8267, 0.0, 0.0, 0.0, 0.0, 1.1186, 2.4784, 1.9637, 2.2215, 2.4298, 1.7463, 0.0, 1.5351, 0.0, 1.7837, 2.0687, 1.3101, 5.3033, 2.9805, 2.5167, 0.0, 1.3591, 0.0, 1.7221, 0.0, 0.0], "max_pos": 24, "max_act": 5.3047}, {"tokens": [" big", " house", " and", " lots", " of", " toys", ".", " The", " man", " asked", " Lily", " if", " she", " wanted", " to", " come", " over", " and", " play", ".", " Lily"], "acts": [0.0, 0.0, 0.0, 0.0, 0.0, 0.0, 0.0, 0.0, 0.0, 0.7457, 2.6737, 2.7307, 5.288, 4.2213, 3.7941, 2.0912, 1.4577, 2.1399, 0.807, 0.0, 0.0], "max_pos": 12, "max_act": 5.2891}, {"tokens": [" come", " back", " when", " she", " was", " bigger", ".", " He", " said", " he", " had", " a", " smaller", " pony", " for", " her", ".", " He"], "acts": [0.0, 0.0, 0.0, 0.0, 0.0, 0.0, 0.0, 0.0, 1.784, 5.2376, 2.6419, 1.8275, 1.6031, 2.184, 2.0544, 2.6298, 0.0, 2.9298], "max_pos": 9, "max_act": 5.2383}, {"tokens": [" amazing", " and", " wanted", " to", " get", " a", " dog", " just", " like", " it", ".", " She", " asked", " her", " parents", " if", " she", " could", " have", " a", " dog", " and", " they", " said", " she", " had", " to", " rec", "om", "m", "end", " two", " po"], "acts": [0.0, 0.0, 0.0, 0.0, 0.0, 0.0, 0.0, 0.0, 0.0, 0.0, 0.0, 0.0, 0.0, 0.0, 1.0868, 2.0551, 4.1597, 3.2333, 0.9247, 0.0, 0.0, 1.7406, 1.7395, 1.5971, 5.1639, 2.9796, 2.8638, 0.0, 0.0, 0.0, 1.5377, 1.3545, 0.0], "max_pos": 24, "max_act": 5.1641}, {"tokens": [" girl", " and", " said", " hello", ".", " He", " asked", " the", " girl", " if", " she", " wanted", " to", " take", " a", " ride", " in", " his", " boat"], "acts": [0.0, 0.0, 0.0, 1.4849, 0.0, 1.3082, 0.8918, 0.825, 2.5719, 2.9483, 5.1569, 4.1121, 3.4496, 1.5997, 0.0, 1.6608, 0.0, 0.0, 0.0], "max_pos": 10, "max_act": 5.1562}, {"tokens": [" kay", "ak", ".", " He", " said", " he", " had", " been", " generous", " and", " let", " other", " people", " use"], "acts": [0.0, 0.0, 0.0, 0.0, 1.6062, 5.108, 2.4731, 1.9762, 2.8916, 1.4643, 1.134, 0.8945, 0.0, 1.9721], "max_pos": 5, "max_act": 5.1094}, {"tokens": [" wrong", " and", " she", " said", " she", " was", " lost", ".", " The", " lion", " nodded", " his", " head"], "acts": [0.0, 0.0, 0.0, 2.4914, 5.1095, 4.0048, 2.7874, 0.0, 0.0, 0.0, 0.0, 0.0, 0.0], "max_pos": 4, "max_act": 5.1094}, {"tokens": ["pper", " coins", ".", "\n", "\n", "The", " children", " were", " very", " surprised", " to", " see", " the", " wealthy", " man", "'s", " co", "pper", " coins", ".", " They", " asked", " him", " if", " they", " could", " have", " some", " of", " his", " coins", " so", " that"], "acts": [0.0, 0.0, 0.0, 0.0, 0.0, 0.0, 0.0, 0.0, 0.0, 0.0, 0.0, 0.0, 0.0, 0.0, 0.0, 0.0, 0.0, 0.0, 0.0, 0.0, 0.0, 0.8596, 2.0992, 3.0987, 5.0971, 4.2987, 1.7467, 1.6983, 1.2765, 1.2446, 0.0, 0.9746, 1.078], "max_pos": 24, "max_act": 5.0977}, {"tokens": [" Anna", " and", " Ben", " were", " bored", " and", " hungry", ".", " They", " saw", " a", " shop", " that", " had", " candy", " and", " cookies", ".", " They", " asked", " Mom", " and", " Dad", " if", " they", " could", " have", " some", ".", "\n", "\n", "\"", "Please"], "acts": [0.0, 0.0, 0.0, 0.0, 0.0, 0.0, 0.0, 0.0, 0.0, 0.0, 0.0, 0.0, 0.0, 0.0, 0.0, 0.0, 0.0, 0.0, 0.0, 0.0, 0.9249, 1.6034, 0.6973, 2.3197, 5.0993, 3.7851, 1.8457, 1.7093, 1.1569, 0.5143, 0.0, 0.0, 0.0], "max_pos": 24, "max_act": 5.0977}, {"tokens": [" special", " girl", " called", " Anna", " who", " had", " a", " very", " special", " pass", "port", ".", " Everyone", " wanted", " her", " pass", "port", " because", " it", " was", " honest", " and", " it", " said", " she", " could", " go", " anywhere", " in", " the", " world", ".", "\n"], "acts": [0.0, 0.0, 0.0, 0.0, 0.0, 0.0, 0.0, 0.0, 0.0, 0.0, 0.0, 0.0, 0.0, 0.0, 0.0, 0.0, 0.0, 0.0, 0.7066, 0.0, 0.0, 0.0, 0.0, 0.9461, 5.0889, 3.6983, 2.5123, 1.2043, 0.0, 0.0, 0.0, 0.0, 0.0], "max_pos": 24, "max_act": 5.0898}]}