{"id": 737, "density": 0.053752, "max_act": 7.71484375, "hist": {"edges": [0.01, 0.0133, 0.0178, 0.0237, 0.0316, 0.0422, 0.0562, 0.075, 0.1, 0.1334, 0.1778, 0.2371, 0.3162, 0.4217, 0.5623, 0.7499, 1.0, 1.3335, 1.7783, 2.3714, 3.1623, 4.217, 5.6234, 7.4989, 10.0, 13.3352, 17.7828, 23.7137, 31.6228, 42.1697, 56.2341, 74.9894, 100.0], "counts": [0, 0, 0, 0, 0, 0, 0, 0, 0, 0, 10, 180, 1204, 5572, 13913, 22558, 24385, 21485, 23378, 36239, 41408, 22615, 2059, 2, 0, 0, 0, 0, 0, 0, 0, 0]}, "logit_lens": {"promoted": [[" and", 0.299], [" by", 0.282], ["h", 0.267], ["John", 0.26], ["y", 0.25], [" Tom", 0.245], ["joy", 0.244], ["Sara", 0.244], [" Sara", 0.233], ["ic", 0.225]], "suppressed": [["ope", 0.337], ["ibb", 0.324], ["dom", 0.313], ["lies", 0.307], ["cks", 0.29], ["robe", 0.287], ["ouse", 0.281], [" daddy", 0.281], [" Rose", 0.275], ["Jo", 0.27]]}, "examples": [{"tokens": [" even", " more", " intelligent", ".", "<|endoftext|>", "Once", " upon", " a", " time", ",", " there", " was", " a", " chicken", " who", " lived", " on", " a", " very", " icy", " hill", ".", " She", " was", " small", " but", " determined", ".", " Every", " day", " she", " would", " use"], "acts": [0.0, 0.5313, 3.5752, 0.0, 0.0, 0.0, 0.0, 0.0, 0.0, 0.0, 0.0, 0.0, 0.0, 0.0, 0.0, 0.7652, 0.0, 0.0, 0.0, 0.0, 0.0, 0.0, 0.0, 0.0, 7.7133, 0.0, 0.0, 0.0, 0.0, 0.0, 0.0, 0.0, 0.0], "max_pos": 24, "max_act": 7.7148}, {"tokens": [".", "\n", "\n", "The", " End", ".", "<|endoftext|>", "Once", " upon", " a", " time", ",", " there", " was", " a", " fish", " who", " lived", " in", " the", " ocean", ".", " He", " was", " small", " and", " independent", ".", " Every", " day", ",", " he", " liked"], "acts": [0.0, 0.0, 0.0, 0.0, 0.0, 0.0, 0.0, 0.0, 0.0, 0.0, 0.0, 0.0, 0.0, 0.0, 0.0, 0.0, 0.0, 0.0, 0.0, 1.081, 0.0, 0.0, 0.0, 0.0, 7.5735, 0.0, 3.5048, 0.0, 0.0, 0.0, 0.0, 0.0, 0.0], "max_pos": 24, "max_act": 7.5742}, {"tokens": ["'t", " stop", " thinking", " about", " it", ".", " One", " day", ",", " Lily", "'s", " mommy", " found", " the", " robot", " in", " the", " trash", " can", ".", " It", " had", " accidentally", " been", " thr", "own", " away", ".", " Lily", " was", " so", " happy", " to"], "acts": [0.4312, 0.0, 0.0, 0.0, 0.0, 0.0, 0.0, 0.0, 0.0, 0.0, 0.0, 0.0, 0.0, 0.0, 0.0, 0.0, 0.0, 0.0, 0.0, 0.0, 0.0, 0.0, 0.0, 0.0, 7.4099, 4.321, 2.141, 0.0, 0.0, 0.0, 0.0, 2.6561, 0.0], "max_pos": 24, "max_act": 7.4102}, {"tokens": [" It", " was", " always", " there", " to", " help", ".", "\n", "\n", "But", " there", " was", " a", " problem", ".", " Some", "one", " did", " not", " like", " it", ".", " He", " was", " small", " and", " mean", ".", " He", " was", " always", " mean", " to"], "acts": [0.0, 0.0, 0.0, 3.2533, 0.8296, 0.0, 0.0, 0.0, 0.0, 0.0, 0.0, 0.0, 0.0, 0.0, 0.0, 0.0, 0.0, 0.0, 0.0, 0.0, 0.0, 0.0, 0.0, 0.0, 7.3786, 0.0, 3.2488, 0.0, 0.0, 0.0, 0.0, 4.1547, 0.0], "max_pos": 24, "max_act": 7.3789}, {"tokens": [" the", " three", " year", " old", " child", " was", " thr", "illed", " to", " have", " her", " around", ".", " \n", "\n"], "acts": [0.0, 0.0, 0.0, 0.0, 0.0, 0.0, 7.3768, 5.9015, 0.0, 0.0, 0.0, 0.0, 0.0, 0.0, 0.0], "max_pos": 6, "max_act": 7.375}, {"tokens": [" cher", "ished", " po", "ss", "ess", "ion", " was", " the", " puppy", " that", " the", " father", " had", " bought", " for", " the", " children", " that", " same", " day", ".", " The", " puppy", " was", " small", " and", " fluffy", " with", " big", ",", " black", " eyes", "."], "acts": [0.0, 0.0, 0.0, 0.0, 0.0, 0.0, 0.0, 0.0, 0.0, 0.0, 0.0, 0.0, 0.0, 0.0, 0.0, 0.0, 0.0, 0.0, 0.0, 0.0, 0.0, 0.0, 0.0, 0.0, 7.3483, 0.0, 4.3399, 0.0, 0.0, 0.0, 0.0, 0.0, 0.0], "max_pos": 24, "max_act": 7.3477}, {"tokens": [" fish", " was", " thr", "illed", "!", " He", " said", ",", " \"", "Yes", "!"], "acts": [0.0, 1.68, 7.3146, 6.9319, 0.0, 0.0, 0.0, 0.0, 0.0, 0.0, 0.0], "max_pos": 2, "max_act": 7.3164}, {"tokens": [".", " She", " was", " small", " and", " furry", ".", " She", " was", " very", " ready", " for"], "acts": [0.0, 0.0, 0.0, 7.3041, 0.0, 5.7052, 0.0, 0.0, 0.0, 0.0, 3.3171, 0.0], "max_pos": 3, "max_act": 7.3047}, {"tokens": ["nd", " new", " toy", " car", ".", " It", " was", " big", ",", " fancy", " and", " really", " expensive", "!", "\n", "\n", "Sam", " was", " thr", "illed", " with", " his", " new", " toy", " car", " and", " he"], "acts": [0.0, 0.0, 0.0, 0.0, 0.0, 0.0, 0.0, 5.9853, 0.0, 3.1959, 0.0, 0.0, 2.6491, 0.0, 0.0, 0.0, 0.0, 0.0, 7.3032, 6.3356, 0.0, 0.0, 0.0, 0.0, 0.0, 0.0, 0.0], "max_pos": 18, "max_act": 7.3047}, {"tokens": [",", " no", " matter", " what", ",", " they", " would", " always", " have", " each", " other", ".", "<|endoftext|>", "Once", " upon", " a", " time", " there", " was", " a", " fly", ".", " She", " was", " small", " and", " quiet", " and", " wanted", " to", " explore", " the", " world"], "acts": [0.0, 0.0, 0.0, 0.0, 0.0, 0.0, 0.0, 0.0, 0.0, 0.0, 0.0, 0.0, 0.0, 0.0, 0.0, 0.0, 0.0, 0.0, 0.0, 0.0, 0.0, 0.0, 0.0, 0.0, 7.267, 0.0, 4.5151, 0.0, 0.0, 0.0, 0.0, 0.0, 0.0], "max_pos": 24, "max_act": 7.2656}, {"tokens": [" The", " little", " girl", " was", " thr", "illed", " and", " ran", " back", " to", " school", " to", " buy"], "acts": [0.0, 0.0, 0.0, 0.0, 7.2546, 5.6077, 0.0, 0.0, 0.0, 0.0, 0.0, 0.0, 0.0], "max_pos": 4, "max_act": 7.2539}, {"tokens": [" as", " long", " as", " he", " wanted", ".", "<|endoftext|>", "Once", " upon", " a", " time", ",", " there", " was", " a", " cute", " pink", " rabbit", " called", " Mrs", " Fluffy", ".", " She", " was", " small", " and", " be", "nd", "y", " and", " had", " the", " soft"], "acts": [0.0, 0.0, 0.0, 0.0, 0.0, 0.0, 0.0, 0.0, 0.0, 0.0, 0.0, 0.0, 0.0, 0.0, 0.0, 0.0, 0.0, 0.0, 0.0, 0.0, 0.0, 0.0, 0.0, 0.0, 7.1271, 0.0, 0.0, 4.471, 3.3685, 0.0, 0.0, 0.0, 0.0], "max_pos": 24, "max_act": 7.1289}]}