{"id": 743, "density": 0.00926175, "max_act": 7.30078125, "hist": {"edges": [0.01, 0.0133, 0.0178, 0.0237, 0.0316, 0.0422, 0.0562, 0.075, 0.1, 0.1334, 0.1778, 0.2371, 0.3162, 0.4217, 0.5623, 0.7499, 1.0, 1.3335, 1.7783, 2.3714, 3.1623, 4.217, 5.6234, 7.4989, 10.0, 13.3352, 17.7828, 23.7137, 31.6228, 42.1697, 56.2341, 74.9894, 100.0], "counts": [0, 0, 0, 0, 0, 0, 0, 0, 0, 0, 0, 25, 301, 1783, 4618, 7191, 7910, 6436, 4789, 2387, 784, 584, 239, 0, 0, 0, 0, 0, 0, 0, 0, 0]}, "logit_lens": {"promoted": [["hes", 0.391], ["en", 0.382], [" like", 0.382], [" good", 0.382], ["body", 0.377], ["ane", 0.345], ["k", 0.34], ["king", 0.317], ["m", 0.312], ["aking", 0.302]], "suppressed": [["F", 0.172], [" mind", 0.167], [" arg", 0.157], [" games", 0.149], [" face", 0.145], [" br", 0.138], [" moral", 0.136], [" feet", 0.134], [" exp", 0.132], [" chest", 0.122]]}, "examples": [{"tokens": [" was", " a", " pretty", " flower", ".", " The", " flower", " was", " red", " and", " smelled", " nice", ".", " It", " wanted", " to", " grow", " big", " and"], "acts": [0.0, 0.0, 0.0, 0.0, 0.0, 0.0, 0.0, 0.0, 0.0, 1.2109, 7.3023, 2.5911, 0.0, 0.0, 0.0, 0.0, 0.0, 0.0, 0.0], "max_pos": 10, "max_act": 7.3008}, {"tokens": [" playing", " near", " the", " table", " where", " his", " owner", ",", " Mommy", ",", " had", " her", " coffee", ".", " The", " coffee", " was", " in", " a", " big", " cup", ",", " and", " it", " smelled", " good", ".", " Fluffy", " wanted", " to", " see", " the", " coffee"], "acts": [0.0, 0.0, 0.0, 0.0, 0.0, 0.0, 0.0, 0.0, 0.0, 0.0, 0.0, 0.0, 0.0, 0.0, 0.0, 0.0, 0.0, 0.0, 0.0, 0.0, 0.0, 0.0, 0.0, 0.0, 7.2942, 0.0, 0.0, 0.0, 0.0, 0.0, 0.0, 0.0, 0.0], "max_pos": 24, "max_act": 7.293}, {"tokens": [" wanted", " to", " see", " everything", " in", " the", " garden", " and", " the", " sky", ".", "\n", "\n", "One", " day", ",", " she", " saw", " a", " big", " red", " flower", " that", " smelled", " very", " sweet", ".", " She", " flew", " towards", " it", ","], "acts": [0.0, 0.0, 0.0, 0.0, 0.0, 0.0, 0.0, 0.0, 0.0, 0.0, 0.0, 0.0, 0.0, 0.0, 0.0, 0.0, 0.0, 0.0, 0.0, 0.0, 0.0, 0.0, 0.0, 7.1748, 3.4026, 1.2532, 0.0, 0.0, 0.0, 0.0, 0.0, 0.0], "max_pos": 23, "max_act": 7.1758}, {"tokens": [" they", " arrived", " at", " the", " park", ",", " John", " saw", " lots", " of", " people", " playing", " and", " having", " fun", ".", " The", " sun", " was", " shining", " and", " the", " warm", " air", " smelled", " sweet", ".", " \n", "\n", "John", " and", " his", " mom"], "acts": [0.0, 0.0, 0.0, 0.0, 0.0, 0.0, 0.0, 0.0, 0.0, 0.0, 0.0, 0.0, 0.0, 0.0, 0.0, 0.0, 0.0, 0.0, 0.0, 1.267, 0.0, 0.0, 0.7231, 0.0, 7.056, 1.297, 0.0, 0.0, 0.0, 0.0, 0.0, 0.0, 0.0], "max_pos": 24, "max_act": 7.0547}, {"tokens": [" was", " time", " to", " go", " home", ".", " \n", "\n", "At", " home", ",", " Toby", " and", " Mom", " were", " ba", "king", ".", " They", " were", " making", " muff", "ins", " which", " smelled", " delicious", ".", " As", " Toby", " was", " stir", "r", "ing"], "acts": [0.0, 0.0, 0.0, 0.0, 0.0, 0.0, 0.0, 0.0, 0.0, 0.0, 0.0, 0.0, 0.0, 0.0, 0.0, 0.0, 0.0, 0.0, 0.0, 0.0, 0.0, 0.0, 0.0, 0.0, 6.9852, 0.9604, 0.0, 0.0, 0.0, 0.0, 0.0, 0.0, 0.0], "max_pos": 24, "max_act": 6.9844}, {"tokens": [" boy", ",", " but", " Jill", " was", " always", " full", " of", " surpr", "ises", ".", " One", " day", ",", " Jill", " was", " wearing", " a", " really", " nice", " per", "fu", "me", " that", " smelled", " really", " nice", ".", " When", " Jack", " asked", " her", " where"], "acts": [0.0, 0.0, 0.0, 0.0, 0.0, 0.0, 0.0, 0.0, 0.0, 0.0, 0.0, 0.0, 0.0, 0.0, 0.0, 0.0, 0.0, 0.0, 0.0, 0.0, 0.0, 0.0, 0.0, 0.0, 6.9575, 3.9132, 1.4446, 0.0, 0.0, 0.0, 0.0, 0.0, 0.0], "max_pos": 24, "max_act": 6.957}, {"tokens": [".", " She", " loved", " to", " drink", " tea", " with", " her", " grandma", ".", " One", " day", ",", " Lily", "'s", " grandma", " made", " her", " a", " special", " yellow", " tea", ".", " It", " smelled", " so", " good", "!", "\n", "\n", "Lily", " took", " a"], "acts": [0.0, 0.0, 0.0, 0.0, 0.0, 0.0, 0.0, 0.0, 0.0, 0.0, 0.0, 0.0, 0.0, 0.0, 0.0, 0.0, 0.0, 0.0, 0.0, 0.0, 0.0, 0.0, 0.0, 0.0, 6.9273, 2.5448, 0.0, 0.0, 0.0, 0.0, 0.0, 0.0, 0.0], "max_pos": 24, "max_act": 6.9258}, {"tokens": [" the", " kitchen", ".", " They", " smelled", " something", " yummy", ".", " Mommy", " had", " made", " soup", " and", " bread", " on", " the", " stove", ".", "\n", "\n", "\"", "Wow", ",", " that", " smell", "s", " good", "!\"", " Sam", " said", ".", "\n", "\n"], "acts": [0.0, 0.0, 0.0, 0.0, 4.7626, 2.9246, 0.0, 0.0, 0.0, 0.0, 0.0, 0.0, 0.0, 0.0, 0.0, 0.0, 0.0, 0.0, 0.0, 0.0, 0.0, 0.0, 0.0, 0.0, 6.8955, 5.7421, 0.0, 0.0, 0.0, 0.0, 0.0, 0.0, 0.0], "max_pos": 24, "max_act": 6.8945}, {"tokens": [" oven", " and", " the", " whole", " room", " smelled", " delicious", ".", " He", " put", " some", " ", "ic", "ing"], "acts": [0.0, 0.0, 0.0, 0.0, 0.0, 6.8838, 1.2582, 0.0, 0.0, 0.0, 0.0, 0.0, 0.0, 0.0], "max_pos": 5, "max_act": 6.8828}, {"tokens": [" smell", ".", "\n", "\n", "Spot", "'s", " family", " told", " him"], "acts": [6.8828, 0.0, 0.0, 0.0, 0.0, 0.0, 0.0, 0.0, 0.0], "max_pos": 0, "max_act": 6.8828}, {"tokens": [" because", " something", " smell", "s", " or", " tast", "es", " sour", ",", " doesn", "'t"], "acts": [0.0, 1.0171, 6.8682, 5.1631, 0.0, 4.3827, 3.0176, 0.0, 0.0, 2.313, 0.0], "max_pos": 2, "max_act": 6.8672}, {"tokens": [" and", " ch", "at", "ting", ".", " He", " gre", "et", "ed", " them", " and", " sat", " down", ".", " They", " gave", " him", " a", " big", " cup", " of", " warm", " tea", " that", " smelled", " delicious", "!", " \n", "\n", "He", " enjoyed", " the", " tea"], "acts": [0.0, 0.0, 0.0, 0.0, 0.0, 0.0, 0.0, 0.0, 0.0, 0.0, 0.0, 0.0, 0.0, 0.0, 0.0, 0.0, 0.0, 0.0, 0.0, 0.0, 0.0, 0.0, 0.0, 0.0, 6.8427, 1.1866, 0.0, 0.0, 0.0, 0.0, 0.0, 0.0, 0.0], "max_pos": 24, "max_act": 6.8438}]}