{"id": 747, "density": 0.01573325, "max_act": 9.515625, "hist": {"edges": [0.01, 0.0133, 0.0178, 0.0237, 0.0316, 0.0422, 0.0562, 0.075, 0.1, 0.1334, 0.1778, 0.2371, 0.3162, 0.4217, 0.5623, 0.7499, 1.0, 1.3335, 1.7783, 2.3714, 3.1623, 4.217, 5.6234, 7.4989, 10.0, 13.3352, 17.7828, 23.7137, 31.6228, 42.1697, 56.2341, 74.9894, 100.0], "counts": [0, 0, 0, 0, 0, 0, 0, 0, 0, 0, 26, 460, 1808, 4175, 8463, 12151, 11969, 8741, 5210, 3065, 2001, 2093, 1508, 1263, 0, 0, 0, 0, 0, 0, 0, 0]}, "logit_lens": {"promoted": [[" on", 0.396], [" away", 0.329], [" in", 0.329], [" around", 0.309], ["ver", 0.301], [" together", 0.289], [" over", 0.274], [" against", 0.274], [" there", 0.27], [" back", 0.267]], "suppressed": [[" boy", 0.305], [" \u00e2\u20ac\ufffd", 0.22], [" story", 0.204], ["l", 0.201], [" school", 0.19], [" ign", 0.19], [" hear", 0.188], [" son", 0.188], ["His", 0.187], [" but", 0.186]]}, "examples": [{"tokens": [" knew", " it", " was", " her", " job", " to", " help", " clean", " up", " the", " mess", ".", " She", " picked", " up", " all", " the", " te", "as", "p", "oon", "s", " and", " put", " them", " back", " in", " the", " drawer", ".", " \n", "\n", "Later"], "acts": [0.0, 0.0, 0.0, 0.0, 0.0, 0.0, 0.0, 0.0, 0.0, 0.0, 0.0, 0.0, 0.0, 0.0, 0.0, 0.0, 0.0, 0.0, 0.0, 1.6484, 0.8036, 0.9027, 0.0, 0.7729, 9.5122, 4.0767, 0.0, 0.0, 0.0, 0.0, 0.0, 0.0, 0.0], "max_pos": 24, "max_act": 9.5156}, {"tokens": [" machine", ".", " \n", "\n", "Lily", " was", " very", " enthus", "ia", "st", "ic", " about", " helping", " her", " mom", ".", " She", " gathered", " all", " the", " dirty", " clothes", " and", " put", " them", " in", " a", " basket", ".", " She", " then", " sent", " the"], "acts": [0.0, 0.0, 0.0, 0.0, 0.0, 0.0, 0.0, 0.0, 0.0, 0.0, 0.0, 0.0, 0.0, 0.0, 0.0, 0.0, 0.0, 0.0, 0.0, 0.0, 0.0, 0.0, 0.0, 0.5356, 9.5084, 0.0, 0.0, 0.0, 0.0, 0.0, 0.0, 0.0, 0.5736], "max_pos": 24, "max_act": 9.5078}, {"tokens": [" helped", " me", "!\"", " Jenny", " said", ".", "\n", "\n", "They", " hugged", " and", " laughed", ".", " They", " finished", " fold", "ing", " the", " rest", " of", " the", " clothes", " and", " put", " them", " in", " the", " closet", ".", " Jenny", " felt", " proud", " and"], "acts": [0.0, 0.0, 0.0, 0.0, 0.0, 0.0, 0.0, 0.0, 0.0, 0.0, 0.0, 0.0, 0.0, 0.0, 0.0, 0.0, 0.0, 0.7881, 0.954, 0.0, 0.0, 0.0, 0.0, 0.6374, 9.498, 0.0, 0.0, 0.0, 0.0, 0.0, 0.0, 0.0, 0.0], "max_pos": 24, "max_act": 9.5}, {"tokens": ["ount", " of", " dessert", ".", " Lily", " was", " sad", ",", " but", " then", " she", " had", " an", " idea", ".", " She", " cut", " the", " cake", " into", " smaller", " pieces", " and", " put", " them", " on", " her", " plate", ".", " \n", "\n", "The", " cake"], "acts": [0.0, 0.0, 0.0, 0.0, 0.0, 0.0, 0.0, 0.0, 0.0, 0.0, 0.0, 0.0, 0.0, 0.8455, 0.0, 0.0, 0.0, 0.0, 0.0, 0.0, 0.0, 0.0, 0.0, 0.8463, 9.501, 0.0, 0.0, 0.0, 0.0, 0.0, 0.0, 0.0, 0.0], "max_pos": 24, "max_act": 9.5}, {"tokens": [" the", " envelope", " under", " her", " pillow", " and", " went", " back", " to", " the", " cake", ".", "\n", "\n", "She", " and", " her", " mom", " finished", " decor", "ating", " it", " and", " put", " it", " in", " the", " fridge", ".", " Then", " they", " went", " to"], "acts": [3.5268, 5.4255, 0.0, 0.0, 0.0, 0.0, 0.0, 0.0, 0.0, 0.0, 0.0, 0.0, 0.0, 0.0, 0.0, 0.0, 0.0, 0.0, 0.0, 0.0, 0.0, 1.7097, 0.0, 1.0707, 9.4351, 0.0, 0.0, 0.0, 0.0, 0.0, 0.0, 0.0, 0.0], "max_pos": 24, "max_act": 9.4375}, {"tokens": [" be", " a", " princess", " too", ".", " She", " finished", " the", " book", " and", " put", " it", " back", " in", " the", " barrel", ".", " She", " thanked", " the"], "acts": [0.0, 0.0, 0.0, 0.0, 0.0, 0.0, 0.0, 0.0, 0.0, 0.0, 0.6496, 9.415, 4.7156, 0.0, 0.0, 0.0, 0.0, 0.0, 0.0, 0.0], "max_pos": 11, "max_act": 9.4141}, {"tokens": [",", " she", " had", " to", " find", " some", " old", " clothes", " and", " put", " them", " in", " a", " bag", ".", " She", " searched", " the", " room"], "acts": [0.0, 0.0, 0.0, 0.0, 0.0, 0.0, 0.0, 0.0, 0.0, 0.0, 9.4158, 0.0, 0.0, 0.0, 0.0, 0.0, 0.0, 0.0, 0.0], "max_pos": 10, "max_act": 9.4141}, {"tokens": [",", " like", " Lily", "'s", " teddy", " bear", " and", " her", " books", ".", "\n", "\n", "Lily", " helped", " her", " dad", " rem", "ove", " some", " clothes", " and", " toys", " and", " put", " them", " in", " a", " big", " bag", ".", " She", " also", " rem"], "acts": [0.0, 0.0, 0.0, 0.0, 0.0, 0.0, 0.0, 0.0, 0.0, 0.0, 0.0, 0.0, 0.0, 0.0, 0.0, 0.0, 0.0, 0.0, 0.0, 0.0, 0.0, 0.0, 0.0, 1.105, 9.4048, 0.0, 0.0, 0.0, 0.0, 0.0, 0.0, 0.0, 0.0], "max_pos": 24, "max_act": 9.4062}, {"tokens": ["That", "'s", " okay", ",", " we", " can", " clean", " it", " up", " later", ".\"", "\n", "\n", "When", " the", " cake", " was", " ready", ",", " Tim", " and", " his", " mom", " put", " it", " in", " the", " oven", ".", " They", " waited", " and", " waited"], "acts": [0.0, 0.0, 0.0, 0.0, 0.0, 0.0, 0.0, 0.0, 0.0, 0.0, 0.0, 0.0, 0.0, 0.0, 0.0, 0.0, 0.0, 0.0, 0.0, 0.0, 0.0, 0.0, 0.0, 0.0, 9.3985, 0.0, 0.0, 0.0, 0.0, 0.0, 0.0, 0.0, 0.0], "max_pos": 24, "max_act": 9.3984}, {"tokens": [" and", " filled", " it", " with", " warm", " water", ".", "\n", "\n", "N", "ext", ",", " she", " took", " some", " vegetables", " and", " cut", " them", " into", " tiny", " pieces", " and", " put", " them", " into", " the", " pot", ".", " Then", " she", " took", " some"], "acts": [0.0, 0.0, 0.0, 0.0, 0.0, 0.0, 0.0, 0.0, 0.0, 0.0, 0.0, 0.0, 0.0, 0.0, 0.0, 0.0, 0.0, 0.0, 1.4664, 0.0, 0.0, 0.0, 0.0, 0.7143, 9.3796, 0.0, 0.0, 0.0, 0.0, 0.0, 0.0, 0.0, 0.0], "max_pos": 24, "max_act": 9.3828}, {"tokens": [" We", " will", " do", " the", " la", "und", "ry", " together", ".", " And", " then", " we", " can", " play", ".\"", "\n", "\n", "They", " pick", " up", " the", " clothes", " and", " put", " them", " back", " where", " they", " belong", ".", " They", " take", " the"], "acts": [0.8205, 0.0, 0.0, 0.0, 0.0, 0.0, 0.0, 0.0, 0.0, 0.0, 0.0, 0.0, 0.0, 0.0, 0.0, 0.0, 0.0, 0.0, 0.0, 0.0, 0.0, 0.0, 0.0, 1.5252, 9.3764, 4.6709, 0.7983, 1.6113, 0.0, 0.0, 0.7304, 0.0, 0.0], "max_pos": 24, "max_act": 9.375}, {"tokens": [" a", " wood", "en", " spoon", ".", " Then", " they", " poured", " the", " batter", " in", " a", " round", " pan", " and", " put", " it", " in", " the", " oven", ".", "\n", "\n", "While", " the"], "acts": [0.0, 0.0, 0.0, 0.0, 0.0, 0.0, 0.0, 0.0, 2.4546, 2.2968, 0.0, 0.0, 0.0, 0.0, 0.0, 0.7788, 9.3597, 0.0, 0.0, 0.0, 0.0, 0.0, 0.0, 0.0, 0.0], "max_pos": 16, "max_act": 9.3594}]}