{"id": 751, "density": 0.0211085, "max_act": 9.078125, "hist": {"edges": [0.01, 0.0133, 0.0178, 0.0237, 0.0316, 0.0422, 0.0562, 0.075, 0.1, 0.1334, 0.1778, 0.2371, 0.3162, 0.4217, 0.5623, 0.7499, 1.0, 1.3335, 1.7783, 2.3714, 3.1623, 4.217, 5.6234, 7.4989, 10.0, 13.3352, 17.7828, 23.7137, 31.6228, 42.1697, 56.2341, 74.9894, 100.0], "counts": [0, 0, 0, 0, 0, 0, 0, 0, 0, 0, 3, 75, 847, 4572, 11688, 15866, 14749, 12268, 9009, 5645, 4238, 3056, 2188, 230, 0, 0, 0, 0, 0, 0, 0, 0]}, "logit_lens": {"promoted": [[" ways", 0.285], ["ident", 0.279], [" how", 0.278], [" thinks", 0.276], [" thought", 0.27], [" why", 0.265], [" knew", 0.262], [" laughed", 0.255], [" wants", 0.249], [" wanted", 0.249]], "suppressed": [["it", 0.305], [" closer", 0.239], [" dust", 0.239], ["igg", 0.223], [" Inside", 0.222], ["zed", 0.221], [" hard", 0.216], [" destroy", 0.216], ["g", 0.203], [" att", 0.2]]}, "examples": [{"tokens": [" dri", "pping", " on", " the", " floor", " and", " the", " couch", ".", " She", " did", " not", " hear", " her", " mom", " coming", ".", "\n", "\n", "Her", " mom", " saw", " the", " mess", " and", " was", " very", " angry", ".", " She", " shouted", ",", " \""], "acts": [0.0, 0.0, 0.0, 0.0, 0.0, 0.0, 0.0, 0.0, 0.0, 0.0, 0.0, 0.0, 0.0, 0.0, 0.0, 0.0, 0.0, 0.0, 0.0, 0.0, 0.0, 0.0, 0.0, 0.0, 9.0787, 0.0, 0.0, 0.0, 0.0, 1.1656, 0.0, 0.0, 0.0], "max_pos": 24, "max_act": 9.0781}, {"tokens": [" saw", " the", " snowman", " and", " said", ",", " \"", "That", " is", " a", " silly", " snowman"], "acts": [0.0, 0.0, 0.0, 8.7021, 0.0, 0.0, 0.0, 0.0, 0.0, 0.0, 0.0, 0.0], "max_pos": 3, "max_act": 8.7031}, {"tokens": [".", " They", " shouted", " and", " pushed", " each", " other", ".", " They", " did", " not", " see", " Mom", " coming", " into", " the", " kitchen", ".", "\n", "\n", "Mom", " saw", " the", " mess", " and", " the", " soup", ".", " She", " said", ",", " \"", "What"], "acts": [0.0, 0.0, 0.0, 0.0, 0.0, 0.0, 0.0, 0.0, 0.0, 0.0, 0.0, 0.0, 0.0, 0.0, 0.0, 0.0, 0.0, 0.0, 0.0, 0.0, 0.0, 0.0, 0.0, 0.0, 8.706, 0.0, 0.0, 0.0, 3.1695, 0.0, 0.0, 0.0, 0.0], "max_pos": 24, "max_act": 8.7031}, {"tokens": [",", " and", " books", ".", " They", " made", " a", " lot", " of", " noise", ".", " They", " did", " not", " hear", " Mom", " coming", ".", "\n", "\n", "Mom", " saw", " the", " mess", " and", " the", " toys", ".", " She", " was", " angry", ".", " She"], "acts": [0.0, 0.0, 0.0, 0.0, 0.0, 0.0, 0.0, 0.0, 0.0, 0.0, 0.0, 0.0, 0.0, 0.0, 0.0, 0.0, 0.0, 0.0, 0.0, 0.0, 0.0, 0.0, 0.0, 0.0, 8.6217, 0.0, 0.0, 0.0, 3.0682, 0.0, 0.0, 0.0, 1.118], "max_pos": 24, "max_act": 8.625}, {"tokens": [" saw", " the", " birds", " and", " the", " boats", ".", " They", " laughed", " and", " played", "."], "acts": [0.0, 0.0, 0.0, 8.5925, 0.0, 0.0, 0.0, 1.1285, 0.0, 0.0, 0.0, 0.0], "max_pos": 3, "max_act": 8.5938}, {"tokens": [" She", " saw", " the", " mess", " and", " said", ",", " \"", "What", " is", " going", " on", " here"], "acts": [0.0, 0.0, 0.0, 0.0, 8.5958, 0.0, 0.0, 0.0, 0.0, 0.0, 0.0, 0.0, 0.0], "max_pos": 4, "max_act": 8.5938}, {"tokens": [" yellow", ".", " One", " day", ",", " she", " drew", " a", " picture", " of", " a", " big", ",", " yellow", " sun", ".", "\n", "\n", "Lily", "'s", " mom", " saw", " the", " picture", " and", " said", ",", " \"", "Wow", ",", " Lily", "!", " That"], "acts": [0.0, 0.0, 0.0, 0.0, 0.0, 0.0, 0.0, 0.0, 0.0, 0.0, 0.0, 0.0, 0.0, 0.0, 0.0, 0.0, 0.0, 0.0, 0.0, 0.0, 0.0, 0.0, 0.0, 0.0, 8.5408, 0.0, 0.0, 0.0, 0.0, 0.0, 0.0, 0.0, 0.0], "max_pos": 24, "max_act": 8.5391}, {"tokens": [" mud", " and", " had", " bugs", " on", " it", ".", " Timmy", " didn", "'t", " like", " it", ".", " \n", "\n", "Timmy", "'s", " mom", " saw", " him", " looking", " at", " the", " car", " and", " asked", " him", " if", " he", " wanted", " to", " wash", " it"], "acts": [0.0, 0.0, 0.0, 0.0, 0.0, 0.0, 0.0, 0.0, 0.0, 0.0, 0.0, 0.0, 0.0, 0.0, 0.0, 0.0, 0.0, 0.0, 0.0, 0.0, 0.0, 0.0, 0.0, 0.0, 8.524, 0.0, 0.0, 0.0, 0.0, 0.0, 0.0, 0.0, 0.0], "max_pos": 24, "max_act": 8.5234}, {"tokens": [" felt", " wet", " and", " cold", " and", " so", "re", ".", " They", " did", " not", " want", " to", " play", " pir", "ates", " anymore", ".", "\n", "\n", "Their", " mom", " saw", " them", " and", " came", " to", " hug", " them", ".", " She", " asked", " them"], "acts": [0.0, 0.0, 1.7145, 0.0, 2.0901, 0.0, 0.0, 0.0, 0.0, 0.0, 0.0, 0.0, 0.0, 0.0, 0.0, 0.0, 0.0, 0.0, 0.0, 0.0, 0.0, 0.0, 0.0, 0.0, 8.503, 0.0, 0.0, 0.0, 0.0, 0.0, 1.3126, 0.0, 0.0], "max_pos": 24, "max_act": 8.5}, {"tokens": [" the", " garden", ".", " She", " wore", " a", " gl", "ove", " on", " her", " hand", " to", " help", " her", " touch", " the", " plants", ".", "\n", "\n", "Lily", " saw", " the", " flower", " and", " said", ",", " \"", "Hello", ",", " little", " flower", "!"], "acts": [0.0, 0.0, 0.0, 0.0, 0.0, 0.0, 0.0, 0.0, 0.0, 0.0, 0.0, 0.0, 0.0, 0.0, 0.0, 0.0, 0.0, 0.0, 0.0, 0.0, 0.0, 0.0, 0.0, 0.0, 8.4916, 0.0, 0.0, 0.0, 0.0, 0.0, 0.0, 0.0, 0.0], "max_pos": 24, "max_act": 8.4922}, {"tokens": ["ed", ".", " He", " pretended", " he", " was", " a", " fish", " and", " swam", " fast", ".", " He", " had", " so", " much", " fun", ".", "\n", "\n", "His", " mom", " saw", " him", " and", " smiled", ".", " She", " was", " glad", " he", " was", " having"], "acts": [0.0, 0.0, 0.0, 0.0, 0.0, 0.0, 0.0, 0.0, 0.0, 0.0, 0.0, 0.0, 0.0, 0.0, 0.0, 0.0, 0.0, 0.0, 0.0, 0.0, 0.0, 0.0, 0.0, 0.0, 8.4163, 0.0, 0.0, 1.2849, 0.0, 0.0, 0.0, 0.0, 0.0], "max_pos": 24, "max_act": 8.4141}, {"tokens": [" Lily", " thought", " the", " spider", " was", " beautiful", " because", " it", " had", " shiny", " black", " fur", ".", "\n", "\n", "Lily", "'s", " mom", " saw", " her", " looking", " at", " the", " spider", " and", " encou", "ra", "ged", " her", " to", " be", " brave", " and"], "acts": [0.4202, 0.0, 0.0, 0.0, 0.0, 0.0, 0.0, 0.0, 0.0, 0.0, 0.0, 0.0, 0.0, 0.0, 0.0, 0.0, 0.0, 0.0, 0.0, 0.0, 0.0, 0.0, 0.0, 0.0, 8.3909, 0.0, 0.0, 0.0, 0.0, 0.0, 0.0, 0.0, 0.0], "max_pos": 24, "max_act": 8.3906}]}