{"id": 754, "density": 0.047156, "max_act": 3.38671875, "hist": {"edges": [0.01, 0.0133, 0.0178, 0.0237, 0.0316, 0.0422, 0.0562, 0.075, 0.1, 0.1334, 0.1778, 0.2371, 0.3162, 0.4217, 0.5623, 0.7499, 1.0, 1.3335, 1.7783, 2.3714, 3.1623, 4.217, 5.6234, 7.4989, 10.0, 13.3352, 17.7828, 23.7137, 31.6228, 42.1697, 56.2341, 74.9894, 100.0], "counts": [0, 0, 0, 0, 0, 0, 0, 0, 0, 3, 57, 862, 6425, 26848, 49465, 50151, 33554, 16071, 4694, 491, 3, 0, 0, 0, 0, 0, 0, 0, 0, 0, 0, 0]}, "logit_lens": {"promoted": [[" helped", 0.285], [" took", 0.256], [" managed", 0.247], [" can", 0.247], [" grabbed", 0.247], [" pulled", 0.234], [" used", 0.227], [" resc", 0.216], [" will", 0.214], [" kind", 0.2]], "suppressed": [["ond", 0.372], [" yet", 0.345], ["out", 0.337], [" glow", 0.329], ["az", 0.326], ["eb", 0.314], ["ac", 0.311], [" bored", 0.301], [" distance", 0.301], [" night", 0.3]]}, "examples": [{"tokens": [" very", " sad", " until", " one", " day", " a", " little", " mouse", " came", " and", " saw", " the", " hole", ".", " The", " mouse", " said", " they", " could", " use", " his", " help", ".", " Together", " they", " worked", " together", " and", " the", " mouse", " showed", " them", " how"], "acts": [0.5691, 0.0, 0.0, 0.0, 0.0, 0.0, 0.0, 0.0, 0.0, 0.0, 0.0, 0.0, 0.0, 0.0, 0.5268, 1.5957, 0.0, 0.0, 0.0, 0.0, 0.0, 0.0, 0.4802, 0.8981, 3.3872, 0.0, 0.0, 1.7012, 0.0, 1.9399, 0.0, 0.0, 0.0], "max_pos": 24, "max_act": 3.3867}, {"tokens": [" to", " the", " pond", " and", " found", " a", " stick", ".", " Then", " he", " went", " back", " to", " the", " squirrel", " with", " the", " stick"], "acts": [0.0, 0.0, 0.0, 1.5363, 1.2906, 0.7692, 0.0, 0.0, 1.8144, 3.384, 0.0, 0.0, 0.0, 0.0, 0.0, 0.0, 0.0, 0.0], "max_pos": 9, "max_act": 3.3848}, {"tokens": [",", " the", " two", " friends", " had", " an", " idea", ".", " They", " decided", " to", " play", " both", " games", ".", " F", "irst", ",", " they", " would", " catch", " a", " bug", " and", " then", " after", ",", " they", " would", " play", " hide", " and", " seek"], "acts": [0.0, 0.0, 0.0, 0.8537, 0.0, 0.0, 0.0, 0.0, 1.2938, 0.5243, 0.9561, 0.0, 0.0, 0.0, 0.0, 0.0, 0.0, 0.5831, 2.3486, 1.3486, 0.0, 0.0, 0.0, 1.4499, 3.1624, 0.8751, 1.0848, 1.7904, 0.7901, 0.0, 0.0, 0.0, 0.0], "max_pos": 24, "max_act": 3.1621}, {"tokens": [".", " His", " friend", " helped", " him", " and", " he", " eventually", " got", " on", " the", " p", "ort", ".", " He", " was"], "acts": [0.0, 0.0, 0.0, 0.0, 0.0, 1.3132, 2.6974, 3.117, 0.8746, 0.0, 0.0, 0.0, 0.0, 0.0, 1.5267, 0.9189], "max_pos": 7, "max_act": 3.1172}, {"tokens": [" a", " ball", " and", " then", " she", " scatter", "ed", " it", " again", ".", " \n", "\n"], "acts": [0.0, 0.0, 0.0, 3.0929, 1.8471, 0.0, 0.0, 0.0, 0.0, 0.0, 0.0, 0.0], "max_pos": 3, "max_act": 3.0938}, {"tokens": [" looked", " and", " looked", " until", " he", " found", " the", " perfect", " box", " of", " crayons", ".", " \n", "\n", "He", " grabbed", " the", " crayons", ",", " and", " then", " ran", " to", " the", " living", " room", ".", " He", " found"], "acts": [0.0, 0.0, 0.0, 0.0, 0.0, 0.0, 0.0, 0.0, 0.0, 0.0, 0.0, 0.0, 0.0, 0.0, 1.0704, 0.0, 0.0, 0.0, 0.7716, 1.409, 3.0844, 1.4782, 0.0, 0.0, 0.0, 0.0, 0.0, 1.0606, 0.0], "max_pos": 20, "max_act": 3.084}, {"tokens": [" to", " the", " jungle", ".", " \n", "\n", "L", "uck", "ily", ",", " the", " mouse", " remembered", " the", " way", " and", " came", " to", " help", " the", " elephant", ".", " Together", ",", " they", " found", " the", " way", " out", " of", " the", " j", "ail"], "acts": [0.0, 0.0, 0.0, 0.0, 0.0, 0.0, 0.0, 0.0, 0.0, 0.0, 0.0, 0.6056, 0.0, 0.0, 0.0, 1.3394, 0.6761, 0.0, 0.0, 0.0, 0.0, 0.651, 0.0, 1.2078, 3.0736, 0.9039, 0.0, 0.0, 0.0, 0.0, 0.0, 0.0, 0.0], "max_pos": 24, "max_act": 3.0742}, {"tokens": [".", " It", " was", " a", " giant", " spider", "!", " But", " Let", "ic", "ia", " was", " brave", " and", " wasn", "'t", " afraid", ".", " She", " carefully", " exam", "ined", " it", " and", " then", " let", " it", " go", ".", "\n", "\n", "After", " her"], "acts": [0.0, 0.0, 0.0, 0.0, 0.0, 0.0, 0.0, 0.0, 0.0, 0.0, 0.0, 0.0, 0.0, 0.0, 0.9934, 0.0, 0.0, 0.0, 1.7865, 1.0036, 0.0, 0.0, 0.0, 1.5915, 3.0706, 0.0, 0.0, 0.0, 0.0, 0.0, 0.0, 0.0, 0.0], "max_pos": 24, "max_act": 3.0703}, {"tokens": [" animals", " and", " asked", " for", " their", " help", ".", " A", " monkey", ",", " an", " elephant", ",", " and", " a", " gir", "af", "fe", " came", " to", " help", ".", " Together", ",", " they", " moved", " the", " lion", " to", " a", " safe", " place", "."], "acts": [0.0, 0.0, 0.0, 0.0, 0.0, 0.0, 0.0, 0.0, 0.0, 0.0, 0.0, 0.0, 0.6857, 0.0, 0.0, 0.0, 0.0, 0.0, 0.0, 0.0, 0.0, 0.0, 0.0, 1.0901, 3.0681, 1.1832, 0.0, 0.0, 0.0, 0.0, 0.0, 0.0, 0.0], "max_pos": 24, "max_act": 3.0684}, {"tokens": [".", "\n", "\n", "One", " day", ",", " the", " mole", " found", " a", " box", " of", " mat", "ches", ".", " He", " had", " an", " idea", " to", " make", " a", " game", ".", " He", " wanted", " to", " match", " the", " colors", " of", " the", " mat"], "acts": [0.0, 0.0, 0.0, 0.0, 0.0, 0.0, 0.0, 0.0, 0.0, 0.0, 0.0, 0.0, 0.0, 0.0, 0.0, 2.3466, 0.5783, 0.0, 0.0, 0.0, 0.0, 0.0, 0.0, 0.7019, 3.0347, 2.0424, 0.0, 0.0, 0.0, 0.0, 0.0, 0.0, 0.0], "max_pos": 24, "max_act": 3.0352}, {"tokens": [" she", " said", " no", ",", " so", " he", " had", " a", " plan", ".", "\n", "\n", "P", "aul", " put", " r", "ag", "s", " and", " hay", " into", " a", " box", " and", " then", " he", " bu", "ried", " it", " outside", ".", " Then", " he"], "acts": [0.0, 0.0, 0.0, 0.0, 0.0, 0.998, 0.4829, 0.0, 0.0, 0.0, 0.0, 0.0, 0.0, 0.0, 0.0, 0.0, 0.0, 0.0, 0.0, 0.0, 0.0, 0.0, 0.0, 0.9355, 2.9946, 1.8563, 0.0, 0.0, 0.0, 0.0, 0.0, 1.0142, 1.681], "max_pos": 24, "max_act": 2.9941}, {"tokens": [" was", " being", " nosy", " and", " had", " knocked", " over", " some", " things", " in", " the", " village", ".", "\n", "\n", "The", " guard", " quickly", " sor", "ted", " out", " the", " mess", " and", " then", " caught", " the", " cat", ".", " He", " brought", " the", " cat"], "acts": [0.0, 0.0, 0.0, 0.0, 0.0, 0.0, 0.0, 0.0, 0.0, 0.0, 0.0, 0.0, 0.0, 0.0, 0.0, 0.0, 0.0, 1.1391, 0.0, 0.0, 0.0, 0.0, 0.0, 1.3126, 2.9934, 0.0, 0.0, 0.0, 0.0, 1.9427, 0.0, 0.0, 0.0], "max_pos": 24, "max_act": 2.9941}]}