{"id": 778, "density": 0.01821675, "max_act": 4.71875, "hist": {"edges": [0.01, 0.0133, 0.0178, 0.0237, 0.0316, 0.0422, 0.0562, 0.075, 0.1, 0.1334, 0.1778, 0.2371, 0.3162, 0.4217, 0.5623, 0.7499, 1.0, 1.3335, 1.7783, 2.3714, 3.1623, 4.217, 5.6234, 7.4989, 10.0, 13.3352, 17.7828, 23.7137, 31.6228, 42.1697, 56.2341, 74.9894, 100.0], "counts": [0, 0, 0, 0, 0, 0, 0, 0, 0, 6, 103, 715, 2798, 8390, 13863, 13301, 10299, 7767, 7495, 6832, 1281, 17, 0, 0, 0, 0, 0, 0, 0, 0, 0, 0]}, "logit_lens": {"promoted": [[" boy", 0.551], [" girl", 0.503], ["ies", 0.325], [" child", 0.308], [" longer", 0.304], ["old", 0.3], [" jar", 0.274], [" naughty", 0.271], [" clumsy", 0.267], [">", 0.266]], "suppressed": [[" soon", 0.24], [" Mr", 0.219], [" Mrs", 0.208], [" loudly", 0.204], ["ater", 0.182], [" cre", 0.18], ["ged", 0.171], [" well", 0.17], [" that", 0.154], [" hard", 0.154]]}, "examples": [{"tokens": ["Mom", ",", " can", " I", " go", " sail", "ing", "?\"", " Mom", " said", ",", " \"", "Yes", ",", " you", " can", " go", " sail", "ing", ".\"", " ", "\n", "So", ",", " the", " boy", " went", " out", ".", " He", " walked", " down", " to"], "acts": [0.0, 0.0, 0.0, 0.0, 0.0, 0.0, 0.0, 0.0, 0.0, 0.0, 0.0, 0.0, 0.0, 0.5068, 0.6272, 0.0, 0.0, 0.0, 0.0, 0.0, 0.0, 0.0, 0.0, 0.0, 4.7174, 0.0, 0.0, 0.0, 0.4641, 0.0, 0.0, 0.0, 0.0], "max_pos": 24, "max_act": 4.7188}, {"tokens": [" swing", " back", " and", " forth", ".", " The", " boy", " felt", " a", " little", " better", " as", " he", " sw", "ung", " higher", " and", " higher", ".", "\n", "\n", "But", " then", ",", " the", " boy", " sw", "ung", " too", " high", ".", " He", " fell"], "acts": [0.0, 0.0, 0.0, 0.0, 0.0, 3.8302, 0.0, 0.0, 0.0, 0.0, 0.0, 0.0, 0.0, 0.0, 0.0, 0.0, 0.0, 0.0, 0.0, 0.0, 0.0, 0.0, 0.0, 0.0, 4.606, 0.0, 0.0, 0.0, 0.0, 0.0, 0.0, 0.0, 0.0], "max_pos": 24, "max_act": 4.6055}, {"tokens": ["Once", " there", " was", " a", " mom", " and", " a", " boy", ".", " The", " boy", " asked", " his", " mom", " to", " listen", " to", " some"], "acts": [0.0, 0.0, 0.0, 0.5205, 0.0, 0.0, 0.0, 0.0, 2.7861, 4.4705, 0.0, 0.0, 0.0, 0.0, 0.0, 0.0, 0.0, 0.0], "max_pos": 9, "max_act": 4.4688}, {"tokens": [" the", " boy", " felt", " a", " little", " bit", " ashamed", ".", " He", " didn", "'t", " know", " why", " he", " felt", " this", " way", ",", " but", " he", " did", ".", " But", " then", " the", " girl", " said", ",", " \"", "Don", "'t", " be", " ashamed"], "acts": [3.1816, 0.0, 0.0, 0.0, 0.0, 0.0, 0.0, 1.1306, 0.0, 0.0, 0.0, 0.0, 0.0, 0.0, 0.0, 0.0, 0.0, 0.0, 0.0, 0.0, 0.0, 0.6755, 0.0, 0.0, 4.4433, 0.0, 0.0, 0.0, 0.0, 0.0, 0.0, 0.0, 0.0], "max_pos": 24, "max_act": 4.4414}, {"tokens": [" into", " the", " pond", ".", "\n", "\n", "The", " fairy", " shouted", " to", " the", " boy", ",", " \"", "st", "op", ",", " don", "'t", " drop", " the", " balloon", "!\"", " But", " the", " boy", " was", " too", " stubborn", " to", " listen", " and", " he"], "acts": [0.0, 0.0, 0.0, 0.4474, 0.0, 0.0, 3.8958, 0.0, 0.0, 0.0, 3.597, 0.0, 0.0, 0.0, 0.0, 0.0, 0.0, 0.0, 0.0, 0.0, 0.908, 0.0, 0.0, 0.635, 4.4333, 0.0, 0.0, 0.0, 0.0, 0.0, 0.0, 0.0, 0.0], "max_pos": 24, "max_act": 4.4336}, {"tokens": [" Dad", " said", " yes", " and", " the", " boy", " pl", "o", "pped", " down", " next", " to", " his", " dad", " on", " the", " grass", ".", " \n", "\n", " While", " sitting", " there", ",", " the", " boy", " played", " with", " his", " tie", ".", " Dad", " noticed"], "acts": [0.0, 0.0, 0.0, 0.0, 2.9023, 0.0, 0.0, 0.0, 0.0, 0.0, 0.0, 0.0, 0.0, 0.0, 0.0, 0.0, 0.0, 0.0, 0.0, 0.0, 0.0, 0.0, 0.0, 0.0, 4.417, 0.0, 0.0, 0.0, 0.0, 0.0, 0.6479, 0.0, 0.0], "max_pos": 24, "max_act": 4.418}, {"tokens": [" and", " kick", " the", " ball", " around", ".", " He", " was", " really", " good", ",", " and", " he", " managed", " to", " practice", " every", " day", ".", "\n", "\n", "One", " day", ",", " the", " boy", " had", " a", " funny", " thought", ".", " He", " decided"], "acts": [0.0, 0.0, 0.0, 0.0, 0.0, 0.0, 0.0, 0.0, 0.0, 0.0, 0.0, 0.0, 0.0, 0.0, 0.0, 0.0, 0.0, 0.0, 0.0, 0.0, 0.0, 0.0, 0.0, 0.0, 4.406, 0.0, 0.0, 0.0, 0.0, 0.0, 0.9598, 0.0, 0.0], "max_pos": 24, "max_act": 4.4062}, {"tokens": [" the", " girl", " kept", " calling", ",", " \"", "Be", " brave", ",", " you", " can", " do", " it", "!", " Just", " trust", " yourself", " and", " balance", " carefully", "\".", "\n", "Finally", ",", " the", " boy", " stepped", " onto", " the", " bridge", ",", " bal", "an"], "acts": [4.3418, 0.0, 0.0, 0.0, 0.0, 0.0, 0.0, 0.0, 0.0, 0.0, 0.0, 0.0, 0.0, 0.0, 0.0, 0.0, 0.0, 0.0, 0.0, 0.0, 0.0, 0.0, 0.0, 0.0, 4.3863, 0.0, 0.0, 0.0, 1.2159, 0.0, 0.0, 0.0, 0.0], "max_pos": 24, "max_act": 4.3867}, {"tokens": [" all", " around", " the", " sky", ".", " Everywhere", " they", " went", ",", " the", " boy", " shouted", " with", " joy", ".", "\n", "\n", "At", " the", " end", " of", " the", " day", ",", " the", " bee", " went", " back", " to", " its", " hive", ",", " and"], "acts": [0.0, 0.0, 1.266, 0.0, 0.0, 0.0, 0.0, 0.0, 0.0, 3.7929, 0.0, 0.0, 0.0, 0.0, 0.0, 0.0, 0.0, 0.0, 0.0, 0.0, 0.0, 0.9284, 0.0, 0.0, 4.3461, 0.0, 0.0, 0.0, 0.0, 0.0, 0.0, 0.0, 0.0], "max_pos": 24, "max_act": 4.3477}, {"tokens": [" as", " the", " rain", " came", " down", ".", " The", " air", " was", " filled", " with", " sil", "ence", " and", " peace", ".", " \n", "\n", "After", " a", " few", " moment", "s", ",", " the", " rain", " stopped", ".", " The", " sky", " was", " pretty", "."], "acts": [0.0, 3.4154, 0.0, 0.0, 0.0, 0.0, 4.0677, 0.0, 0.0, 0.0, 0.0, 0.0, 0.0, 0.0, 0.0, 0.0, 0.0, 0.0, 0.0, 0.0, 0.0, 0.0, 0.0, 0.0, 4.3374, 0.0, 0.0, 0.0, 3.7741, 0.0, 0.0, 0.0, 0.0], "max_pos": 24, "max_act": 4.3359}, {"tokens": [".", " The", " girl", " had", " a", " sp", "ade", ",", " and", " she", " liked", " using", " it", " to", " dig", " in", " the", " ground", ".", " \n", "\n", "One", " day", ",", " the", " boy", " said", " to", " the", " girl", ",", " \u00e2\u20ac\u0153", "Let"], "acts": [2.2918, 3.8576, 0.0, 0.0, 0.0, 0.0, 0.0, 0.0, 0.577, 0.0, 0.0, 0.0, 0.0, 0.0, 0.0, 0.0, 0.5392, 0.0, 0.7667, 0.0, 0.8914, 0.0, 0.5807, 1.04, 4.2866, 0.0, 0.0, 0.0, 3.5628, 0.0, 0.0, 0.0, 0.0], "max_pos": 24, "max_act": 4.2852}, {"tokens": ["\n", "\n", "On", " one", " part", "ic", "ular", " day", ",", " the", " boy", " and", " his", " mother", " were", " cross", "ing", " the", " bridge", ".", " As", " they", " walked", ",", " the", " boy", " could", " see", " fish", " swimming", " bel", "ow", " in"], "acts": [0.0, 0.0, 0.0, 0.0, 0.0, 0.0, 0.0, 0.0, 0.3499, 3.9589, 0.0, 0.0, 0.0, 0.0, 0.0, 0.0, 0.0, 0.0, 0.0, 0.6567, 0.0, 0.0, 0.0, 0.0, 4.2858, 0.0, 0.0, 0.0, 0.0, 0.0, 0.0, 0.0, 0.0], "max_pos": 24, "max_act": 4.2852}]}