{"id": 786, "density": 0.0138095, "max_act": 9.6484375, "hist": {"edges": [0.01, 0.0133, 0.0178, 0.0237, 0.0316, 0.0422, 0.0562, 0.075, 0.1, 0.1334, 0.1778, 0.2371, 0.3162, 0.4217, 0.5623, 0.7499, 1.0, 1.3335, 1.7783, 2.3714, 3.1623, 4.217, 5.6234, 7.4989, 10.0, 13.3352, 17.7828, 23.7137, 31.6228, 42.1697, 56.2341, 74.9894, 100.0], "counts": [0, 0, 0, 0, 0, 0, 0, 0, 0, 1, 64, 424, 1922, 5115, 8840, 10133, 7785, 5969, 5224, 3863, 3039, 1784, 840, 235, 0, 0, 0, 0, 0, 0, 0, 0]}, "logit_lens": {"promoted": [[" sweet", 0.264], [" needs", 0.233], [" gre", 0.23], [" scared", 0.221], [" brave", 0.215], [" generous", 0.211], [" had", 0.198], ["illed", 0.196], [" careful", 0.195], [" has", 0.189]], "suppressed": [["ll", 0.321], [" band", 0.302], ["vent", 0.299], [" hole", 0.294], [" end", 0.294], ["ay", 0.292], ["ss", 0.286], ["is", 0.278], [" spring", 0.267], ["ack", 0.262]]}, "examples": [{"tokens": [" the", " kitchen", " and", " your", " clothes", ".", " You", " have", " was", "ted", " the", " jam", " and", " made", " a", " huge", " mess", ".", " You", " are", " very", " naughty", " and", " selfish", " and", " gre", "ed", "y", ".", " You", " are", " in", " big"], "acts": [0.0, 0.0, 0.0, 0.0, 0.0, 0.0, 0.0, 0.0, 0.0, 0.0, 0.0, 0.0, 1.9791, 0.0, 0.0, 0.0, 0.0, 0.0, 0.0, 0.0, 0.0, 0.0, 8.7087, 0.0, 9.6478, 0.0, 0.0, 0.0, 0.0, 0.0, 0.0, 0.0, 0.0], "max_pos": 24, "max_act": 9.6484}, {"tokens": [" bad", " girl", ".", " You", " hurt", " your", " c", "ous", "in", ".", " You", " do", " not", " know", " how", " to", " share", " or", " be", " kind", ".", " You", " are", " selfish", " and", " mean", ".", " You", " have", " to", " say", " sorry", " to"], "acts": [0.0, 0.0, 0.9596, 0.0, 0.0, 0.0, 0.0, 0.0, 0.0, 0.6573, 0.0, 0.0, 0.0, 0.0, 0.0, 0.0, 0.0, 1.7431, 0.0, 0.0, 0.0, 0.0, 0.0, 0.0, 9.4185, 0.0, 0.6893, 0.0, 0.0, 0.0, 0.0, 0.0, 0.0], "max_pos": 24, "max_act": 9.4219}, {"tokens": [" You", " are", " being", " very", " naughty", " and", " rude", ".", " You", " have", " to", " clean", " up", " this"], "acts": [0.0, 0.0, 0.0, 1.7499, 0.0, 9.3921, 0.0, 0.0, 0.0, 0.0, 0.0, 0.0, 0.0, 0.0], "max_pos": 5, "max_act": 9.3906}, {"tokens": ["one", ".", " It", " is", " not", " a", " toy", ".", " You", " could", " break", " it", " or", " call", " someone", " by", " mistake", ".", " And", " you", " are", " being", " very", " rude", " and", " noisy", ".", " You", " should", " share", " and", " be", " nice"], "acts": [0.0, 0.0, 0.0, 0.0, 0.0, 0.0, 0.0, 0.0, 0.0, 0.0, 0.0, 0.0, 0.9162, 0.0, 0.0, 0.0, 0.0, 0.0, 1.2699, 0.0, 0.0, 0.6563, 1.1095, 0.0, 9.3893, 0.0, 0.0, 0.0, 0.0, 0.0, 1.5139, 0.0, 0.0], "max_pos": 24, "max_act": 9.3906}, {"tokens": [" You", " could", " have", " made", " me", " cra", "sh", " or", " hit", " someone", ".", " You", " could", " have", " hurt", " your", "selves", " or", " others", ".", " You", "'re", " very", " naughty", " and", " careless", ",\"", " the", " truck", " driver", " said", ".", " He"], "acts": [0.0, 0.0, 0.0, 0.0, 0.0, 0.0, 0.0, 2.2419, 0.0, 0.0, 0.0, 0.0, 0.0, 0.0, 0.0, 0.0, 0.0, 2.5432, 0.0, 0.0, 0.0, 0.0, 0.9841, 0.0, 9.3327, 0.0, 0.0, 0.0, 0.9994, 0.0, 0.0, 0.0, 0.0], "max_pos": 24, "max_act": 9.3359}, {"tokens": [" and", " made", " something", " new", ".", " You", " used", " order", " and", " made", " a", " plan", ".", " You", " were", " kind", " and", " said", " sorry", ".", " You", " are", " very", " smart", " and", " creative", ".", " I", " love", " you", " both", ".\"", "<|endoftext|>"], "acts": [1.0265, 0.0, 0.0, 0.0, 0.0, 0.0, 0.0, 0.0, 1.6626, 0.0, 0.0, 0.0, 0.0, 0.0, 0.6578, 0.0, 8.0099, 0.9198, 0.0, 0.0, 0.0, 0.0, 0.0, 0.0, 9.3141, 0.0, 0.0, 0.0, 0.0, 0.0, 0.0, 0.0, 0.0], "max_pos": 24, "max_act": 9.3125}, {"tokens": [" not", " like", " it", " anymore", ".", " She", " says", ",", " \"", "Good", "bye", ",", " ball", ".", " You", " are", " not", " cute", " and", " funny", ".", " You", " are", " bad", " and", " scary", ".", " You", " do", " not", " fit", " in", " the"], "acts": [0.0, 0.0, 0.0, 0.0, 0.0, 0.0, 0.0, 0.0, 0.0, 0.0, 0.0, 0.0, 0.0, 0.859, 0.0, 0.0, 0.0, 0.0, 6.4946, 0.0, 0.8528, 0.0, 0.0, 0.0, 9.2964, 0.0, 1.0437, 0.0, 0.0, 0.0, 0.0, 0.0, 0.0], "max_pos": 24, "max_act": 9.2969}, {"tokens": [" said", ",", " \"", "Ben", ",", " I", "'m", " sorry", ".", " I", " was", " wrong", ".", " You", " are", " not", " silly", " and", " d", "umb", ".", " You", " are", " smart", " and", " kind", ".", " And", " you", " are", " my", " brother", "."], "acts": [0.0, 0.0, 0.0, 0.0, 0.0, 0.0, 0.0, 0.0, 0.0, 0.0, 0.0, 0.0, 0.5371, 0.0, 0.0, 0.0, 0.0, 8.254, 0.0, 0.0, 1.0372, 0.0, 0.0, 0.0, 9.2815, 0.0, 1.0483, 2.084, 0.0, 0.0, 0.0, 0.0, 0.5388], "max_pos": 24, "max_act": 9.2812}, {"tokens": [" mean", " to", " Anna", ".", " He", " said", ",", " \"", "Anna", ",", " I", " am", " sorry", ".", " You", " are", " not", " slow", " and", " silly", ".", " You", " are", " smart", " and", " kind", ".", " Can", " we", " be", " friends", "?\"", " Anna"], "acts": [0.0, 0.0, 0.0, 0.0, 0.0, 0.0, 0.0, 0.0, 0.0, 0.0, 0.0, 0.0, 0.0, 0.6746, 0.0, 0.0, 0.0, 0.0, 7.0214, 0.0, 0.9806, 0.0, 0.0, 0.0, 9.2676, 0.0, 0.782, 0.0, 0.0, 0.0, 0.0, 0.0, 0.0], "max_pos": 24, "max_act": 9.2656}, {"tokens": [" you", " ruined", " it", ".", " You", " r", "ipped", " the", " r", "ibb", "on", " and", " the", " box", ".", " You", " scrat", "ched", " the", " car", ".", " You", " were", " selfish", " and", " gre", "ed", "y", ".", " You", " did", " not", " think"], "acts": [0.0, 0.0, 0.0, 0.0, 0.0, 0.0, 0.0, 0.0, 0.0, 0.0, 0.0, 0.0, 0.0, 0.0, 0.0, 0.0, 0.0, 0.0, 0.0, 0.0, 0.0, 0.0, 0.0, 0.0, 9.2505, 0.0, 0.0, 0.0, 0.0, 0.0, 0.0, 0.9149, 0.0], "max_pos": 24, "max_act": 9.25}, {"tokens": [" respectful", " next", " time", ".\"", "\n", "\n", "The", " lady", " hugs", " them", ".", " She", " says", ",", " \"", "That", "'s", " good", ",", " boys", ".", " You", " are", " smart", " and", " kind", ".", " I", " have", " a", " dog", " at", " home"], "acts": [0.0, 0.0, 0.0, 0.0, 0.0, 0.0, 0.0, 0.0, 0.0, 0.0, 0.0, 0.0, 0.0, 0.0, 0.0, 0.0, 0.0, 0.0, 0.0, 0.0, 0.8733, 0.0, 0.0, 0.0, 9.0855, 0.0, 1.0988, 0.0, 0.0, 0.0, 0.0, 0.0, 0.0], "max_pos": 24, "max_act": 9.0859}, {"tokens": [" have", " k", "illed", " yourself", " or", " someone", " else", ".", " You", " ca", "used", " a", " lot", " of", " d", "am", "age", " and", " trouble", ".", " You", " are", " very", " naughty", " and", " foolish", ",\"", " they", " say", ".", "\n", "\n", "Lily"], "acts": [0.0, 0.0, 0.0, 0.0, 1.5667, 0.0, 0.0, 0.0, 0.0, 0.0, 0.0, 0.0, 0.0, 0.0, 0.0, 0.0, 0.0, 3.1878, 0.0, 0.0, 0.0, 0.0, 0.0, 0.0, 9.069, 0.0, 0.0, 0.0, 0.0, 0.0, 0.0, 0.0, 0.0], "max_pos": 24, "max_act": 9.0703}]}