{"id": 787, "density": 0.03445825, "max_act": 4.53125, "hist": {"edges": [0.01, 0.0133, 0.0178, 0.0237, 0.0316, 0.0422, 0.0562, 0.075, 0.1, 0.1334, 0.1778, 0.2371, 0.3162, 0.4217, 0.5623, 0.7499, 1.0, 1.3335, 1.7783, 2.3714, 3.1623, 4.217, 5.6234, 7.4989, 10.0, 13.3352, 17.7828, 23.7137, 31.6228, 42.1697, 56.2341, 74.9894, 100.0], "counts": [0, 0, 0, 0, 0, 0, 0, 1, 5, 61, 242, 559, 2220, 10258, 25653, 35405, 29859, 18927, 9233, 4551, 856, 3, 0, 0, 0, 0, 0, 0, 0, 0, 0, 0]}, "logit_lens": {"promoted": [[" home", 0.316], [" hurt", 0.278], ["pt", 0.269], [" forever", 0.268], [" outside", 0.261], [" unl", 0.253], [",", 0.246], [" down", 0.243], ["igh", 0.241], [" flying", 0.237]], "suppressed": [[" shows", 0.286], ["on", 0.268], ["ec", 0.243], [" decide", 0.241], [" symbol", 0.24], [" decided", 0.233], ["work", 0.229], ["light", 0.226], [" tomato", 0.226], [" clay", 0.225]]}, "examples": [{"tokens": [" fun", "!", "\n", "\n", "Dad", " said", ",", " \u00e2\u20ac\u0153", "You", "\u00e2\u20ac\u2122", "re", " p", "ed", "all", "ing", " so", " quickly", "!", " I", " hope", " you", "\u00e2\u20ac\u2122", "re", " not", " going", " too", " fast", ".\u00e2\u20ac", "\n", "\n", "Sarah", " stopped", " p"], "acts": [0.0, 0.0, 0.0, 0.0, 0.0, 0.0, 0.0, 0.0, 0.5789, 0.0, 0.0, 0.0, 0.0, 1.0501, 1.166, 0.0, 0.0, 0.0, 0.0, 0.0, 0.6829, 0.0, 0.9475, 0.9725, 4.5312, 1.964, 0.8928, 0.0, 0.0, 0.0, 0.0, 0.0, 0.0], "max_pos": 24, "max_act": 4.5312}, {"tokens": [" girl", " named", " Lily", ".", " She", " loved", " to", " swing", " on", " the", " playground", ".", " One", " day", ",", " Lily", " saw", " a", " boy", " who", " was", " too", " scared", " to", " go", " on", " the", " big", " slide", ".", " She", " wanted", " to"], "acts": [0.0, 0.0, 0.0, 0.0, 0.0, 0.0, 0.0, 0.0, 0.0, 0.0, 0.0, 0.0, 0.0, 0.0, 0.0, 0.0, 0.0, 0.0, 0.0, 0.0, 0.6704, 0.5948, 0.0, 2.2879, 4.3187, 0.83, 0.0, 0.0, 0.0, 0.0, 0.0, 0.0, 1.1258], "max_pos": 24, "max_act": 4.3203}, {"tokens": [" sit", "s", " on", " the", " hill", ".", " He", " does", " not", " want", " to", " go", " up", ".", " He", " cries", ".", "\n", "\n", "\""], "acts": [0.0, 0.0, 0.0, 0.0, 0.0, 0.0, 0.0, 0.0, 0.0, 0.0, 1.6823, 4.2331, 2.1608, 0.0, 0.0, 0.0, 0.0, 0.0, 0.0, 0.0], "max_pos": 11, "max_act": 4.2344}, {"tokens": [" mom", " meant", " what", " she", " said", ".", " Everything", " seemed", " to", " free", "ze", " for", " a", " moment", ".", " Gra", "c", "ie", " had", " a", " feeling", " she", " was", " not", " going", " to", " get", " the", " make", "up", ".", "<|endoftext|>", "Once"], "acts": [0.0, 0.0, 0.0, 0.0, 0.0, 0.0, 0.0, 0.0, 0.0, 0.0, 0.0, 0.0, 0.0, 0.0, 0.0, 0.0, 0.0, 0.0, 0.0, 0.0, 0.0, 1.0391, 0.0, 0.0, 4.197, 1.3344, 0.801, 0.0, 0.0, 0.0, 0.0, 0.0, 0.0], "max_pos": 24, "max_act": 4.1953}, {"tokens": [".", " P", "ut", " on", " your", " buck", "le", " and", " come", " with", " me", ".\"", " Tim", " didn", "'t", " want", " to", " go", " to", " the", " store", ".", " He", " wanted", " to", " play"], "acts": [0.0, 0.0, 0.0, 0.0, 0.0, 0.0, 0.0, 0.0, 1.3488, 0.0, 1.2237, 0.0, 0.0, 0.0, 0.0, 0.0, 1.5973, 4.1893, 0.7861, 0.0, 0.0, 0.8008, 0.0, 0.0, 0.6765, 1.2463], "max_pos": 17, "max_act": 4.1875}, {"tokens": [" inside", " and", " watch", " the", " show", ".", " It", " was", " amazing", "!", " \n", "\n", "Lily", " learned", " that", " sometimes", ",", " things", " might", " seem", " like", " they", "'re", " not", " going", " to", " work", " out", ",", " but", " if", " you", " plan"], "acts": [0.0, 0.0, 0.0, 0.0, 0.0, 0.0, 1.5069, 0.0, 0.0, 0.0, 0.0, 0.0, 0.0, 0.0, 0.0, 0.0, 0.0, 0.0, 0.0, 0.0, 0.0, 1.4086, 1.0315, 0.0, 4.1762, 1.1399, 0.0, 0.0, 0.0, 0.0, 0.0, 0.0, 0.0], "max_pos": 24, "max_act": 4.1758}, {"tokens": [" can", "'t", " go", " home", " yet", ",", " we", " need", " to", " wait", " for"], "acts": [0.0, 1.2849, 4.1651, 0.0, 0.0, 0.0, 0.0, 0.0, 0.0, 1.9578, 0.0], "max_pos": 2, "max_act": 4.1641}, {"tokens": ["out", ".", " It", " was", " so", " much", " fun", "!", "\n", "\n", "B", "eth", " had", " found", " the", " hidden", " park", " and", " didn", "'t", " have", " to", " pay", " to", " go", " in", ".", " She", " was", " so", " happy", ".", " Whenever"], "acts": [0.0, 0.0, 1.2367, 0.0, 0.0, 0.0, 0.0, 0.0, 0.0, 0.0, 0.0, 0.0, 0.0, 0.0, 0.0, 0.0, 0.0, 0.0, 0.0, 0.0, 0.0, 0.9705, 0.0, 0.9452, 4.1495, 0.0, 0.0, 0.0, 0.0, 0.0, 0.0, 0.0, 0.0], "max_pos": 24, "max_act": 4.1484}, {"tokens": [" hold", " my", " hand", ".\"", "\n", "\n", "\"", "No", ",", " Tom", ",", " it", "'s", " too", " high", "!\"", " Sue", " said", ".", " \"", "I", " want", " to", " go", " on", " the", " slide", ".\"", "\n", "\n", "Tom", " was"], "acts": [0.0, 0.0, 0.0, 0.0, 0.0, 0.0, 0.0, 0.0, 0.0, 0.0, 0.0, 1.7284, 0.0, 0.6885, 1.0314, 0.0, 0.0, 0.0, 0.0, 0.0, 0.0, 0.0, 2.0313, 4.1303, 1.3126, 0.0, 0.6918, 0.0, 0.0, 0.0, 0.0, 0.0], "max_pos": 23, "max_act": 4.1289}, {"tokens": [" paper", " and", " caught", " the", " spider", ".", "\n", "\n", "\"", "Lily", ",", " it", "'s", " okay", ",", " don", "'t", " be", " afraid", ".", " The", " spider", " is", " not", " going", " to", " hurt", " you", ".", " It", " is", " just", " a"], "acts": [0.0, 0.0, 0.0, 0.0, 0.0, 0.0, 0.0, 0.0, 0.0, 0.0, 0.0, 0.0, 0.0, 0.0, 0.0, 0.0, 0.0, 0.0, 0.0, 0.0, 0.0, 0.0, 0.6979, 0.0, 4.1137, 0.0, 0.0, 0.0, 0.0, 0.0, 0.0, 0.0, 0.0], "max_pos": 24, "max_act": 4.1133}, {"tokens": [" to", " the", " doctor", ".", " Lily", " did", " not", " want", " to", " go", ".", " She", " hid", " under", " her", " bed", " and", " said"], "acts": [0.0, 0.0, 0.0, 0.0, 0.0, 0.0, 0.0, 0.0, 1.9561, 4.1053, 0.0, 0.0, 0.0, 0.0, 0.0, 0.0, 0.0, 0.0], "max_pos": 9, "max_act": 4.1055}, {"tokens": [" got", " ready", " to", " go", ".", " They", " drove", " to", " the", " big", " green", " place"], "acts": [0.0, 1.3048, 1.8606, 4.0891, 0.0, 0.0, 0.0, 0.0, 0.0, 0.0, 0.0, 0.0], "max_pos": 3, "max_act": 4.0898}]}