{"id": 81, "density": 0.02908625, "max_act": 3.2421875, "hist": {"edges": [0.01, 0.0133, 0.0178, 0.0237, 0.0316, 0.0422, 0.0562, 0.075, 0.1, 0.1334, 0.1778, 0.2371, 0.3162, 0.4217, 0.5623, 0.7499, 1.0, 1.3335, 1.7783, 2.3714, 3.1623, 4.217, 5.6234, 7.4989, 10.0, 13.3352, 17.7828, 23.7137, 31.6228, 42.1697, 56.2341, 74.9894, 100.0], "counts": [0, 0, 0, 0, 0, 0, 0, 0, 0, 16, 381, 1771, 4638, 13548, 25804, 28259, 22232, 13333, 5769, 590, 4, 0, 0, 0, 0, 0, 0, 0, 0, 0, 0, 0]}, "logit_lens": {"promoted": [[" the", 0.277], [" an", 0.259], [" a", 0.242], [" their", 0.241], [" out", 0.208], [" Mom", 0.206], [" mom", 0.201], [" something", 0.177], [" Mommy", 0.174], [" Dad", 0.172]], "suppressed": [["fully", 0.421], ["ately", 0.385], ["ally", 0.376], ["ted", 0.358], ["by", 0.346], [" valuable", 0.345], ["ious", 0.334], ["ut", 0.333], ["al", 0.323], ["nder", 0.323]]}, "examples": [{"tokens": [" have", " the", " picnic", ".\"", "\n", "\n", "Anna", " and", " Ben", " did", " not", " like", " this", ".", " They", " wanted", " to", " go", " to", " the", " park", " and", " have", " the"], "acts": [0.0, 0.0, 0.0, 0.0, 0.0, 0.0, 0.0, 0.0, 0.0, 0.0, 0.0, 0.0, 0.0, 0.0, 0.0, 3.2431, 0.0, 0.0, 0.0, 0.0, 0.0, 0.0, 1.0884, 0.0], "max_pos": 15, "max_act": 3.2422}, {"tokens": [" help", " his", " mom", " in", " the", " kitchen", ".", "<|endoftext|>", "Tim", " and", " Mia", " are", " playing", " in", " the", " park", ".", " They", " see", " a", " big", " flag", " on", " a", " po", "le", ".", " The", " flag", " is", " red", " and", " white"], "acts": [0.6844, 0.5878, 0.0, 1.0077, 0.0, 0.0, 0.0, 0.0, 0.0, 0.0, 0.0, 0.0, 0.9238, 1.9186, 0.0, 0.0, 0.6735, 0.0, 0.0, 0.0, 0.0, 0.0, 1.3414, 0.0, 3.232, 0.0, 0.0, 0.0, 0.0, 0.0, 0.6605, 0.0, 0.0], "max_pos": 24, "max_act": 3.2324}, {"tokens": [" to", " play", ".", "<|endoftext|>", "Tom", " and", " Sam", " were", " brothers", " who", " liked", " to", " play", ".", " One", " day", ",", " they", " saw", " a", " big", " fa", "ctor", "y", " near", " their", " house", ".", " They", " wanted", " to", " see", " what"], "acts": [0.0, 0.6766, 0.0, 0.0, 0.0, 0.0, 0.0, 0.0, 0.0, 0.0, 1.5418, 0.0, 0.0, 0.0, 0.0, 0.0, 0.0, 0.0, 0.8892, 0.0, 0.0, 0.0, 0.0, 0.0, 3.2194, 0.0, 0.0, 0.0, 0.0, 2.5334, 0.0, 0.7428, 0.0], "max_pos": 24, "max_act": 3.2188}, {"tokens": ["Lily", " and", " Tom", " are", " friends", ".", " They", " like", " to", " play", " in", " the", " park", ".", " One", " day", ",", " they", " see", " a", " big", " flag", " on", " a", " po", "le", ".", " The", " flag", " is", " red", " and", " white"], "acts": [0.0, 0.0, 0.0, 0.0, 0.0, 0.0, 0.0, 1.1695, 0.0, 0.0, 1.7519, 0.0, 0.0, 0.0, 0.0, 0.0, 0.0, 0.0, 0.0, 0.0, 0.0, 0.0, 1.4172, 0.0, 3.2133, 0.0, 0.0, 0.0, 0.0, 0.0, 0.0, 0.0, 0.0], "max_pos": 24, "max_act": 3.2129}, {"tokens": [" seek", ".\"", "<|endoftext|>", "Tom", " and", " Mia", " are", " friends", ".", " They", " like", " to", " play", " outside", ".", " One", " day", ",", " they", " go", " to", " the", " big", " hill", " near", " their", " house", ".", " They", " run", " up", " and", " down"], "acts": [0.0, 0.0, 0.0, 0.0, 0.0, 0.0, 0.0, 0.0, 0.0, 0.0, 1.5429, 0.0, 0.4414, 0.8749, 0.0, 0.0, 0.56, 0.0, 0.0, 0.0, 1.1135, 0.0, 0.0, 0.0, 3.1332, 0.0, 0.0, 0.0, 0.0, 0.0, 1.3175, 0.0, 0.0], "max_pos": 24, "max_act": 3.1328}, {"tokens": [" One", " day", ",", " they", " see", " a", " big", " surf", " board", " near", " the", " shore", ".", " It", " is", " red", " and", " shiny"], "acts": [0.0, 0.0, 0.0, 0.0, 0.0, 0.0, 0.0, 0.0, 0.0, 3.1209, 0.0, 0.0, 0.0, 0.0, 0.0, 0.0, 0.0, 0.0], "max_pos": 9, "max_act": 3.1211}, {"tokens": ["!\"", "<|endoftext|>", "Tom", " and", " Sue", " were", " friends", ".", " They", " liked", " to", " play", " on", " the", " hill", " near", " their", " home", ".", " The", " hill", " had", " a", " big"], "acts": [0.0, 0.0, 0.0, 0.0, 0.0, 0.0, 0.0, 0.0, 0.0, 1.5447, 0.0, 0.5192, 1.1219, 0.0, 0.0, 3.1146, 0.0, 0.0, 0.0, 0.0, 0.0, 0.7753, 0.0, 0.0], "max_pos": 15, "max_act": 3.1152}, {"tokens": [" zoo", ".", "<|endoftext|>", "Lily", " and", " Tom", " were", " very", " happy", ".", " They", " were", " going", " on", " a", " to", "ur", " with", " their", " mom", " and", " dad", ".", " They", " wanted", " to", " see", " many", " animals", " at", " the", " zoo", "."], "acts": [0.0, 0.0, 0.0, 0.0, 0.0, 0.0, 0.0, 0.0, 0.0, 0.0, 0.0, 0.0, 0.0, 1.1835, 0.0, 0.0, 0.0, 1.9492, 0.0, 0.0, 0.0, 0.0, 0.0, 0.0, 3.1115, 0.8455, 1.2608, 0.0, 0.0, 0.0, 0.0, 0.0, 0.5839], "max_pos": 24, "max_act": 3.1113}, {"tokens": [" They", " liked", " to", " bounce", " it", " and", " throw", " it", " and", " catch", " it", ".", "\n", "\n", "One", " day", ",", " they", " saw", " a", " big", " hoop", " on", " a", " po", "le", " near", " the", " park", ".", " It", " was", " very"], "acts": [0.0, 0.5411, 0.0, 0.0, 0.0, 0.0, 0.0, 0.0, 0.0, 0.0, 0.0, 0.0, 0.0, 0.0, 0.0, 0.0, 0.0, 0.0, 0.6804, 0.0, 0.0, 0.0, 0.8803, 0.0, 3.0914, 0.0, 2.6517, 0.0, 0.0, 0.0, 0.0, 0.0, 0.0], "max_pos": 24, "max_act": 3.0918}, {"tokens": [" and", " build", " with", " Tim", ".", " He", " forget", "s", " about", " the", " slide", ".", " He", " is", " happy", ".", "<|endoftext|>", "Tom", " and", " Mia", " were", " bored", ".", " They", " wanted", " to", " play", ",", " but", " it", " was", " rain", "ing"], "acts": [0.0, 0.0, 0.0, 0.0, 0.0, 0.0, 0.0, 0.0, 1.1049, 0.0, 0.0, 0.0, 0.0, 0.0, 0.0, 0.0, 0.0, 0.0, 0.0, 0.0, 0.0, 0.0, 0.6082, 0.0, 3.0737, 0.0, 0.6863, 0.0, 0.923, 0.0, 0.0, 0.0, 0.0], "max_pos": 24, "max_act": 3.0742}, {"tokens": [" Sara", ",", " we", " did", ".", " It", " is", " the", " best", " room", " ever", "!\"", " Ben", " said", ".", "\n", "\n", "They", " heard", " their", " mom", " coming", ".", " They", " wanted", " to", " show", " her", " their", " work", ".", " They", " ran"], "acts": [0.0, 0.0, 0.0, 0.0, 0.0, 0.0, 0.0, 0.0, 0.0, 0.0, 0.0, 0.0, 0.0, 0.0, 0.0, 0.0, 0.0, 0.0, 0.0, 0.0, 0.0, 0.0, 0.8804, 0.0, 3.0746, 0.489, 0.0, 0.0, 0.0, 0.0, 0.5105, 0.0, 0.0], "max_pos": 24, "max_act": 3.0742}, {"tokens": [" not", " hurt", ".", " She", " wished", " they", " were", " still", " friends", ".", "<|endoftext|>", "Ben", " and", " Lily", " went", " to", " the", " beach", " with", " Mom", " and", " Dad", ".", " They", " wanted", " to", " play", " in", " the", " sand", " and", " make", " cast"], "acts": [0.0, 0.0, 0.0, 0.0, 0.0, 0.0, 0.0, 0.0, 0.0, 0.0, 0.0, 0.0, 0.0, 0.0, 0.0, 0.0, 0.0, 0.0, 0.8406, 0.0, 0.0, 0.0, 0.0, 0.0, 3.0477, 0.0, 0.7694, 1.8912, 0.0, 0.0, 0.0, 0.0, 0.0], "max_pos": 24, "max_act": 3.0469}]}