{"id": 839, "density": 0.01356775, "max_act": 8.3671875, "hist": {"edges": [0.01, 0.0133, 0.0178, 0.0237, 0.0316, 0.0422, 0.0562, 0.075, 0.1, 0.1334, 0.1778, 0.2371, 0.3162, 0.4217, 0.5623, 0.7499, 1.0, 1.3335, 1.7783, 2.3714, 3.1623, 4.217, 5.6234, 7.4989, 10.0, 13.3352, 17.7828, 23.7137, 31.6228, 42.1697, 56.2341, 74.9894, 100.0], "counts": [0, 0, 0, 0, 0, 0, 0, 0, 0, 0, 1, 9, 190, 1817, 6951, 12479, 12306, 9039, 5618, 3079, 1778, 790, 201, 13, 0, 0, 0, 0, 0, 0, 0, 0]}, "logit_lens": {"promoted": [[" happen", 0.371], ["akes", 0.295], [" happened", 0.257], [" happ", 0.246], [" be", 0.245], [" work", 0.231], [" cost", 0.217], [" hurt", 0.204], [" normal", 0.203], [" doesn", 0.197]], "suppressed": [[" who", 0.372], ["d", 0.369], ["l", 0.328], [" heard", 0.308], ["lp", 0.297], ["ard", 0.289], ["igg", 0.278], [" ord", 0.277], [" hear", 0.274], ["R", 0.259]]}, "examples": [{"tokens": [" though", " something", " might", " seem", " scary", ",", " a", " little", " bit", " of", " courage"], "acts": [0.0, 0.0, 8.3671, 2.4896, 0.0, 0.0, 0.0, 0.0, 0.0, 0.0, 0.0], "max_pos": 2, "max_act": 8.3672}, {"tokens": ["ets", " and", " had", " lots", " of", " fun", ".", " They", " learned", " a", " lesson", " that", " day", ":", " never", " be", " bossy", " or", " do", " something", " wrong", " or", " bad", " things", " might", " happen", ".", "<|endoftext|>", "Once", " upon", " a", " time", ","], "acts": [0.0, 0.0, 0.0, 0.0, 0.0, 0.0, 0.0, 0.0, 0.0, 0.0, 0.0, 0.0, 0.0, 0.0, 0.0, 0.0, 0.0, 0.0, 0.0, 0.0, 0.0, 1.7739, 0.0, 2.7395, 8.1059, 1.269, 0.0, 0.0, 0.0, 0.0, 0.0, 0.0, 0.0], "max_pos": 24, "max_act": 8.1094}, {"tokens": [" of", " the", " story", " is", " that", " it", "'s", " important", " to", " help", " our", " friends", " when", " they", " need", " us", ",", " even", " if", " it", " means", " doing", " something", " that", " might", " be", " a", " little", " scary", " or", " difficult", ".", "<|endoftext|>"], "acts": [0.0, 0.0, 0.0, 0.0, 0.0, 0.0, 0.0, 0.0, 0.0, 0.0, 0.0, 0.0, 0.0, 0.0, 0.0, 0.0, 0.0, 0.0, 0.0, 1.34, 0.0, 0.0, 0.8054, 3.903, 8.0383, 0.0, 0.0, 0.0, 0.0, 0.938, 0.0, 0.0, 0.0], "max_pos": 24, "max_act": 8.0391}, {"tokens": [" day", " on", ",", " Timmy", " learned", " that", " l", "end", "ing", " his", " toys", " to", " his", " friends", " was", " a", " good", " thing", " to", " do", " and", " that", " sometimes", " things", " might", " seem", " dangerous", ",", " but", " they", " are", " not", " always"], "acts": [0.0, 0.0, 0.0, 0.0, 0.0, 0.0, 0.0, 0.0, 0.0, 0.0, 0.0, 1.2698, 0.0, 0.0, 0.0, 0.0, 0.0, 0.0, 0.0, 0.0, 0.0, 0.0, 0.8621, 0.9485, 8.0276, 2.0554, 1.1589, 0.0, 0.0, 0.0, 0.0, 0.0, 0.0], "max_pos": 24, "max_act": 8.0312}, {"tokens": ["\n", "Her", " mom", " was", " proud", " of", " her", " for", " not", " giving", " up", " and", " fin", "is", "hing", " the", " puzzle", ".", " She", " told", " Lily", " that", " sometimes", " things", " might", " be", " hard", ",", " but", " if", " she", " keep", "s"], "acts": [0.0, 0.0, 0.0, 0.0, 0.0, 0.0, 0.0, 0.0, 0.0, 0.0, 0.0, 0.0, 0.0, 0.0, 0.0, 0.0, 0.0, 0.0, 0.0, 0.0, 0.0, 0.0, 0.0, 1.172, 7.9613, 1.6987, 3.2785, 0.0, 0.0, 0.0, 0.0, 0.0, 0.0], "max_pos": 24, "max_act": 7.9609}, {"tokens": [" Lily", " felt", " proud", " of", " herself", " for", " making", " something", " beautiful", " for", " her", " mommy", " and", " for", " helping", " the", " bug", ".", " She", " knew", " that", " even", " though", " things", " might", " look", " ugly", " or"], "acts": [0.0, 0.0, 0.0, 0.0, 0.0, 0.0, 0.0, 0.0, 0.0, 0.0, 0.0, 0.0, 0.0, 0.0, 0.0, 0.6804, 0.0, 0.0, 0.0, 0.0, 0.0, 0.0, 0.0, 1.7068, 7.9334, 3.538, 1.8066, 0.0], "max_pos": 24, "max_act": 7.9336}, {"tokens": [" heavy", " heart", ",", " without", " his", " boat", ".", " He", " learned", " that", " sometimes", ",", " even", " if", " we", " call", " and", " try", " really", " hard", ",", " things", " don", "'t", " always", " go", " as", " we", " want", " them", " to", ".", "<|endoftext|>"], "acts": [0.0, 0.0, 0.0, 0.0, 0.0, 0.0, 0.0, 0.0, 0.0, 0.0, 0.0, 0.0, 0.0, 0.0, 1.4573, 0.0, 0.0, 0.0, 1.304, 0.0, 0.0, 1.6246, 4.1014, 5.3978, 7.9009, 2.4997, 0.0, 3.2156, 0.0, 0.0, 1.3447, 0.0, 0.0], "max_pos": 24, "max_act": 7.9023}, {"tokens": [" mom", " always", " reminded", " him", " to", " be", " careful", " and", " not", " to", " touch", " things", " he", " didn", "'t", " understand", ".", " She", " knew", " that", " sometimes", ",", " bad", " things", " can", " happen", " when", " we", " don", "'t", " listen", " to", " the"], "acts": [0.0, 0.0, 0.0, 0.0, 0.0, 0.0, 0.0, 0.0, 0.0, 0.0, 0.0, 1.3172, 2.3844, 0.0, 1.2405, 0.0, 0.0, 0.0, 0.0, 0.0, 0.9361, 0.0, 0.0, 2.311, 7.7832, 0.0, 0.0, 2.4271, 0.0, 0.0, 0.0, 0.0, 0.0], "max_pos": 24, "max_act": 7.7852}, {"tokens": [" so", " they", " were", " able", " to", " go", " inside", " and", " watch", " the", " show", ".", " It", " was", " amazing", "!", " \n", "\n", "Lily", " learned", " that", " sometimes", ",", " things", " might", " seem", " like", " they", "'re", " not", " going", " to", " work"], "acts": [0.0, 0.0, 0.0, 0.0, 0.0, 0.0, 0.0, 0.0, 0.0, 0.0, 0.0, 0.0, 0.0, 0.0, 0.0, 0.0, 0.0, 0.0, 0.0, 0.0, 0.0, 0.0, 0.0, 0.8972, 7.7865, 2.2119, 1.7171, 2.2791, 0.0, 0.0, 0.0, 2.1279, 0.0], "max_pos": 24, "max_act": 7.7852}, {"tokens": [",", " Lily", " br", "ushed", " her", " hair", " every", " day", " with", " her", " new", " brush", " and", " she", " was", " very", " happy", ".", " She", " understood", " that", " even", " though", " things", " can", " break", ",", " there", " is", " always", " a", " way", " to"], "acts": [0.0, 0.0, 0.0, 0.0, 0.0, 0.0, 0.0, 0.0, 0.0, 0.0, 0.0, 0.0, 0.0, 0.0, 0.0, 0.0, 0.0, 0.0, 0.0, 0.0, 0.0, 0.0, 0.0, 2.3852, 7.6584, 1.0862, 0.0, 1.6694, 0.0, 1.0549, 0.0, 0.0, 0.0], "max_pos": 24, "max_act": 7.6602}, {"tokens": [" explore", ".", " She", " spent", " the", " ent", "ire", " day", " exploring", " and", " playing", ".", " \n", "\n", "This", " teac", "hes", " us", " that", " no", " matter", " how", " uncomfortable", " something", " may", " seem", " at", " first", ",", " if", " we", " just", " have"], "acts": [0.0, 0.0, 0.0, 0.0, 0.0, 0.0, 0.0, 0.0, 0.0, 0.0, 0.0, 0.0, 0.0, 0.0, 0.0, 0.0, 0.0, 0.0, 0.0, 0.0, 0.0, 0.0, 0.0, 1.0292, 7.6578, 1.5357, 4.0454, 2.3743, 0.0, 0.0, 0.8509, 0.0, 0.0], "max_pos": 24, "max_act": 7.6562}, {"tokens": ["hood", " was", " left", " in", " as", "hes", ".", "\n", "\n", "The", " moral", " of", " the", " story", " is", ":", " when", " you", "'re", " curious", ",", " sometimes", " bad", " things", " can", " happen", ".", " Be", " careful", " and", " don", "'t", " take"], "acts": [0.0, 0.0, 0.0, 0.0, 0.0, 0.0, 0.0, 0.0, 0.0, 0.0, 0.0, 0.0, 0.0, 0.0, 0.0, 0.0, 0.0, 0.0, 0.0, 0.0, 0.0, 0.0, 0.0, 2.4703, 7.6096, 0.0, 0.0, 0.0, 0.0, 0.0, 0.0, 0.0, 0.0], "max_pos": 24, "max_act": 7.6094}]}