{"id": 850, "density": 0.06370825, "max_act": 5.15234375, "hist": {"edges": [0.01, 0.0133, 0.0178, 0.0237, 0.0316, 0.0422, 0.0562, 0.075, 0.1, 0.1334, 0.1778, 0.2371, 0.3162, 0.4217, 0.5623, 0.7499, 1.0, 1.3335, 1.7783, 2.3714, 3.1623, 4.217, 5.6234, 7.4989, 10.0, 13.3352, 17.7828, 23.7137, 31.6228, 42.1697, 56.2341, 74.9894, 100.0], "counts": [0, 0, 0, 0, 0, 0, 0, 0, 0, 10, 231, 1620, 6096, 19944, 45192, 59570, 53635, 37226, 19801, 8718, 2519, 271, 0, 0, 0, 0, 0, 0, 0, 0, 0, 0]}, "logit_lens": {"promoted": [[" farmer", 0.355], [" carrots", 0.341], [" barn", 0.34], [" rabbit", 0.339], [" carrot", 0.314], [" hay", 0.307], [" horse", 0.296], [" farm", 0.294], [" cows", 0.292], [" goat", 0.271]], "suppressed": [[" Ben", 0.345], ["Ben", 0.294], [" puppy", 0.29], [" Tr", 0.281], [" Anna", 0.278], ["Anna", 0.266], [" Emma", 0.264], [" switch", 0.264], [" pigeon", 0.253], [" Tweet", 0.251]]}, "examples": [{"tokens": [" talking", " about", ".", "<|endoftext|>", "Once", " upon", " a", " time", " there", " was", " a", " farmer", " who", " was", " very", " persistent", ".", " He", " worked", " hard", " in", " his", " field", " every", "day", ",", " but", " never", " seemed", " to"], "acts": [0.0, 0.0, 0.0, 0.0, 0.0, 0.0, 0.0, 0.0, 0.0, 0.0, 0.0, 0.0, 0.651, 2.7695, 2.9248, 1.4517, 0.0, 0.0, 1.956, 0.0, 0.0, 5.1517, 1.2812, 2.1641, 0.0, 0.0, 0.0, 0.0, 0.0, 0.0], "max_pos": 21, "max_act": 5.1523}, {"tokens": [" black", " box", ".", "<|endoftext|>", "Once", " upon", " a", " time", " there", " was", " a", " farmer", " called", " Mary", ".", " Mary", " was", " incredible", ";", " she", " loved", " to", " work", " in", " her", " garden", " and", " enjoyed", " talking", " to", " the", " animals", " on"], "acts": [0.0, 0.0, 0.0, 0.0, 0.0, 0.0, 0.0, 0.0, 0.0, 0.0, 0.0, 0.0, 0.0, 0.0, 0.0, 0.0, 1.6357, 2.0837, 0.0, 0.0, 2.2334, 2.3413, 1.1933, 0.0, 5.1199, 1.0253, 0.5165, 0.0, 0.0, 0.0, 4.7422, 0.0, 0.0], "max_pos": 24, "max_act": 5.1211}, {"tokens": [" a", " barn", " is", "?\"", " Daddy", " smiled", ".", " He", " said", ",", " \"", "A", " barn", " is", " a", " special", " place", " for", " animals", " to", " get", " shel", "ter", " from", " the", " rain", " and", " the", " cold", ".\"", "\n", "\n", "Mommy"], "acts": [3.2489, 0.0, 0.0, 0.0, 0.0, 0.0, 0.0, 0.0, 0.0, 0.0, 0.0, 0.0, 0.0, 1.0194, 3.9662, 3.1418, 0.0, 1.7601, 0.0, 2.3673, 2.4048, 0.0, 0.0, 1.6098, 5.0494, 0.0, 0.0, 3.5232, 1.6768, 0.0, 0.0, 0.0, 0.0], "max_pos": 24, "max_act": 5.0508}, {"tokens": [" time", ",", " a", " quiet", " farmer", " lived", " in", " a", " small", " house", ".", " He", " loved", " the", " out", "d", "o", "ors", ",", " so", " he", " worked", " hard", " in", " his", " garden", ".", " Every", " day", " he", " would", " tie", " his"], "acts": [0.0, 0.0, 0.0, 0.0, 0.0, 0.6194, 1.9261, 4.0641, 3.3991, 0.0, 0.0, 0.9965, 1.682, 4.6417, 0.0, 0.0, 0.0, 0.0, 0.0, 0.0, 0.0, 1.1393, 0.0, 0.0, 5.0005, 1.1312, 0.0, 1.109, 0.0, 0.0, 0.0, 0.0, 2.616], "max_pos": 24, "max_act": 5.0}, {"tokens": [" farmer", " and", " his", " family", " had", " to", " deliver", " a", " large", " ro", "ot", " to", " a", " c", "ust", "om", "er", ".", "\n", "\n", "The", " farmer", " load", "ed", " the", " ro", "ot", " onto", " his", " cart", " and", " got", " ready"], "acts": [0.0, 1.015, 4.5294, 0.0, 1.0137, 0.9496, 1.3027, 4.6049, 3.7427, 0.0, 0.0, 0.0, 4.1211, 0.0, 0.0, 0.0, 0.0, 0.0, 0.0, 0.0, 4.8389, 0.0, 1.4735, 2.149, 4.9893, 1.2244, 0.0, 0.0, 4.3595, 0.0, 0.0, 0.8616, 1.0364], "max_pos": 24, "max_act": 4.9883}, {"tokens": [".", " \n", "\n", "The", " farmer", " started", " to", " clean", " up", " the", " mess", ".", " He", " was", " almost", " finished", " when", " the", " sun", " started", " to", " go", " down", ".", " The", " farmer", " looked", " at", " his", " rainbow", " and", " said", ","], "acts": [0.0, 0.0, 0.0, 4.0857, 0.0, 0.952, 2.1445, 0.7927, 0.0, 3.2816, 0.0, 0.0, 0.0, 0.5187, 0.0, 0.0, 0.0, 4.4281, 0.0, 0.0, 1.9852, 1.8356, 0.0, 0.0, 4.9553, 0.0, 0.0, 0.0, 4.4124, 0.0, 0.0, 0.0, 0.0], "max_pos": 24, "max_act": 4.957}, {"tokens": [" was", " the", " farmer", ",", " and", " he", " was", " not", " happy", ".", " \"", "What", " are", " you", " doing", " in", " my", " garden", "?", " You", " must", " get", " out", "!\"", " the", " farmer", " shouted", ".", " But", " Fred", " refused", ".", " He"], "acts": [0.0, 4.1488, 0.0, 0.0, 0.0, 0.0, 0.4839, 0.0, 0.614, 0.0, 0.0, 0.0, 0.0, 0.0, 0.0, 0.0, 3.9207, 0.0, 0.0, 0.0, 0.0, 0.0, 0.0, 0.0, 4.9418, 0.0, 0.0, 0.0, 0.0, 0.0, 0.0, 0.0, 0.0], "max_pos": 24, "max_act": 4.9414}, {"tokens": [" inside", ".", "<|endoftext|>", "Tom", " and", " Lily", " were", " twins", " who", " loved", " to", " visit", " their", " grandpa", "'s", " farm", ".", " They", " liked", " to", " see", " the", " cows", ",", " the", " pig", "s", ",", " the", " chick", "ens", " and", " the"], "acts": [0.0, 0.0, 0.0, 0.0, 0.0, 0.0, 0.0, 0.0, 0.0, 0.0, 0.0, 0.0, 0.0, 0.0, 1.4574, 0.0, 0.7322, 0.6506, 2.0028, 2.6528, 0.9352, 4.0358, 0.0, 1.9758, 4.9323, 0.7995, 0.0, 1.5806, 4.4597, 0.0, 0.0, 1.2052, 3.768], "max_pos": 24, "max_act": 4.9336}, {"tokens": [" mask", " in", " her", " hands", " and", " started", " walking", ",", " tre", "mb", "ling", " a", " bit", " with", " every", " step", ".", "<|endoftext|>", "Once", " there", " was", " a", " farmer", " and", " a", " horse", ".", " The", " farmer", " wanted", " to", " we", "igh"], "acts": [0.0, 0.0, 0.0, 0.0, 0.0, 0.0, 0.7781, 0.0, 0.0, 0.0, 0.0, 0.0, 0.0, 0.0, 0.0, 0.0, 0.0, 0.0, 0.0, 0.0, 0.0, 0.0, 0.0, 0.0, 4.9261, 0.0, 0.0, 3.8451, 0.0, 1.5952, 2.8442, 0.0, 0.0], "max_pos": 24, "max_act": 4.9258}, {"tokens": [" in", " his", " barn", ".", "\n", "\n", "The", " farmer", " bought", " the", " diamond", " and", " took", " it", " back", " to", " his", " barn", ".", " To", " his", " surprise", ",", " when", " the", " diamond", " was", " placed", " in", " the", " barn", " it", " lit"], "acts": [0.0, 4.1036, 0.0, 0.0, 0.0, 0.0, 4.6495, 0.0, 0.0, 4.9209, 0.0, 0.7244, 0.0, 0.0, 0.0, 0.0, 4.0073, 1.162, 0.0, 0.0, 3.0672, 0.0, 0.0, 0.0, 4.9254, 0.0, 0.0, 0.0, 0.0, 4.0004, 0.0, 0.0, 0.0], "max_pos": 24, "max_act": 4.9258}, {"tokens": [".", " They", " water", "ed", " the", " dry", " plants", ".", " The", " plants", " started", " to", " dance", "!", " The", " farmer", " was", " happy", ".", " He", " thanked", " his", " friends", ".", " The", " ugly", " farmer", "'s", " farm", " was", " nice", " again", "."], "acts": [0.0, 0.8281, 0.0, 0.7767, 4.1665, 1.0424, 0.0, 0.0, 4.342, 0.0, 0.0, 1.5766, 0.0, 0.0, 4.5221, 0.0, 1.4148, 0.8315, 0.0, 0.0, 1.2456, 3.8973, 0.0, 0.0, 4.8967, 3.194, 0.0, 3.339, 0.0, 0.8785, 2.116, 0.0, 0.0], "max_pos": 24, "max_act": 4.8984}, {"tokens": ["es", " as", " to", " what", " happened", ".", "\n", "\n", "The", " next", " day", ",", " the", " farmer", " decided", " to", " stay", " up", " all", " night", " and", " keep", " watch", " over", " his", " field", ".", " As", " the", " night", " went", " on", ","], "acts": [0.0, 0.8073, 0.0, 0.0, 0.0, 0.0, 0.0, 0.0, 4.6897, 1.2217, 0.0, 0.0, 4.7545, 0.0, 0.0, 1.5495, 1.1043, 0.792, 0.0, 0.0, 0.0, 0.0, 0.0, 0.0, 4.8962, 0.0, 0.0, 0.0, 4.2495, 0.0, 1.3592, 0.0, 0.0], "max_pos": 24, "max_act": 4.8945}]}