{"id": 858, "density": 0.004614, "max_act": 8.21875, "hist": {"edges": [0.01, 0.0133, 0.0178, 0.0237, 0.0316, 0.0422, 0.0562, 0.075, 0.1, 0.1334, 0.1778, 0.2371, 0.3162, 0.4217, 0.5623, 0.7499, 1.0, 1.3335, 1.7783, 2.3714, 3.1623, 4.217, 5.6234, 7.4989, 10.0, 13.3352, 17.7828, 23.7137, 31.6228, 42.1697, 56.2341, 74.9894, 100.0], "counts": [0, 0, 0, 0, 0, 0, 0, 0, 0, 3, 59, 211, 456, 1166, 1995, 2801, 2672, 2215, 2051, 1405, 1114, 979, 1292, 37, 0, 0, 0, 0, 0, 0, 0, 0]}, "logit_lens": {"promoted": [[" himself", 0.394], [" eyes", 0.388], [" a", 0.387], [" herself", 0.377], [" themselves", 0.376], ["mer", 0.36], [" itself", 0.347], [" hours", 0.342], [" mil", 0.334], ["x", 0.327]], "suppressed": [[" to", 0.299], [" had", 0.202], [" happened", 0.179], [" would", 0.179], [" played", 0.162], [" sho", 0.161], [" could", 0.161], ["he", 0.151], [" le", 0.147], [" find", 0.144]]}, "examples": [{"tokens": [" should", " I", " do", " with", " you", "?\"", " She", " said", ".", "\n", "\n", "The", " f", "le", "a", " had", " no", " answer", " and", " stayed", " still", ".", " Amy", " thought", " for", " a", " while", " and", " then", " said", " to", " the", " f"], "acts": [0.0, 0.0, 0.0, 0.0, 0.0, 0.0, 0.0, 0.0, 0.0, 0.0, 0.0, 0.0, 0.0, 0.0, 0.0, 0.0, 0.0, 0.0, 0.0, 0.0, 0.0, 0.0, 0.0, 0.0, 8.2155, 0.0, 0.0, 0.0, 0.0, 0.0, 0.0, 0.0, 0.0], "max_pos": 24, "max_act": 8.2188}, {"tokens": ["'m", " going", " home", ",\"", " H", "op", " said", ".", "\n", "\n", "The", " fox", "es", " seemed", " friendly", ",", " so", " H", "op", " stayed", " and", " talked", " with", " them", " for", " a", " while", ".", " He", " learned", " that", " being", " brave"], "acts": [0.0, 0.0, 0.0, 0.0, 0.0, 0.0, 0.0, 0.0, 0.0, 0.0, 0.0, 0.0, 0.0, 0.0, 0.0, 0.0, 0.0, 0.0, 0.0, 0.0, 0.0, 0.0, 0.0, 0.0, 8.1761, 0.0, 0.0, 0.0, 0.0, 0.0, 0.0, 0.0, 0.0], "max_pos": 24, "max_act": 8.1797}, {"tokens": [" and", " play", " with", " you", "?\"", " The", " motor", " said", " \u00e2\u20ac\u0153", "y", "es", "\u00e2\u20ac", ".", " \n", "\n", "The", " little", " girl", " stayed", " and", " played", " with", " the", " motor", " for", " hours", ".", " They", " sang", " and", " danced", ",", " played"], "acts": [0.0, 0.0, 0.0, 0.0, 0.0, 0.0, 0.0, 0.0, 0.0, 0.0, 0.0, 0.0, 0.0, 0.0, 0.0, 0.0, 0.0, 0.0, 0.0, 0.0, 0.0, 0.0, 0.0, 0.0, 8.1029, 0.0, 0.0, 0.0, 0.0, 0.0, 0.0, 0.0, 0.0], "max_pos": 24, "max_act": 8.1016}, {"tokens": [" you", " finish", ",", " you", " have", " to", " give", " it", " back", " to", " me", ".\"", "\n", "\n", "The", " little", " girl", " was", " happy", " and", " played", " with", " the", " snake", " for", " a", " while", ".", " When", " she", " finished", ",", " she"], "acts": [0.0, 0.0, 0.0, 0.0, 0.0, 0.0, 0.0, 0.0, 0.0, 0.0, 0.0, 0.0, 0.0, 0.0, 0.0, 0.0, 0.0, 0.0, 0.0, 0.0, 0.0, 0.0, 0.0, 0.0, 8.1017, 0.0, 0.0, 0.0, 0.0, 0.0, 0.0, 0.0, 0.0], "max_pos": 24, "max_act": 8.1016}, {"tokens": [" He", " didn", "'t", " want", " to", " play", " alone", ",", " but", " he", " also", " didn", "'t", " want", " to", " share", " his", " new", " toy", ".", " Bob", " sat", " and", " thought", " for", " a", " few", " minutes", " and", " then", " he", " had", " an"], "acts": [0.0, 0.0, 0.0, 0.0, 0.0, 0.0, 0.0, 0.0, 0.0, 0.0, 0.0, 0.0, 0.0, 0.0, 0.0, 0.0, 0.0, 0.0, 0.0, 0.0, 0.0, 0.0, 0.0, 0.0, 8.0268, 0.0, 0.0, 0.0, 0.0, 0.0, 0.0, 0.0, 0.0], "max_pos": 24, "max_act": 8.0234}, {"tokens": [".\"", "\n", "\n", "Lily", " and", " the", " man", " played", " with", " Anna", " for", " a", " long", " time", ".", " They", " talked", " and", " laughed"], "acts": [0.0, 0.0, 0.0, 0.0, 0.0, 0.0, 0.0, 0.0, 0.0, 0.0, 8.0059, 0.0, 3.1062, 0.0, 0.0, 0.0, 0.0, 0.0, 0.0], "max_pos": 10, "max_act": 8.0078}, {"tokens": [" off", " it", ".", " He", " played", " with", " it", " for", " hours", ".", " He", " even", " brought", " it", " to", " bed"], "acts": [0.0, 0.0, 0.0, 0.0, 0.0, 0.0, 0.0, 7.9776, 0.0, 0.0, 0.0, 0.0, 0.0, 0.0, 0.0, 0.0], "max_pos": 7, "max_act": 7.9766}, {"tokens": [" They", " all", " drove", " for", " hours", ".", "\n", "\n", "When", " they", " arrived", ","], "acts": [0.0, 0.0, 0.0, 7.9, 0.0, 0.0, 0.0, 0.0, 0.0, 0.0, 0.0, 0.0], "max_pos": 3, "max_act": 7.8984}, {"tokens": [" ch", "oo", ",", " ch", "oo", ",", " me", "ow", ",", " me", "ow", ",", " ring", ",", " ring", ",", " la", ",", " la", ".", "\n", "\n", "They", " play", " for", " a", " long", " time", ".", " They", " laugh", " and", " talk"], "acts": [0.0, 0.0, 0.0, 0.0, 0.0, 0.0, 0.0, 0.0, 0.0, 0.0, 0.0, 0.0, 0.0, 0.0, 0.0, 0.0, 0.0, 0.0, 0.0, 0.0, 0.0, 0.0, 0.0, 0.0, 7.8937, 0.0, 3.169, 0.0, 0.0, 0.0, 0.0, 0.0, 0.0], "max_pos": 24, "max_act": 7.8945}, {"tokens": [" but", " decided", " to", " keep", " it", " all", " for", " herself", ".", " She", " was", " too", " selfish", " to", " share"], "acts": [0.0, 0.0, 0.0, 0.0, 0.0, 0.0, 7.8794, 0.0, 0.0, 0.0, 0.0, 0.0, 0.0, 0.0, 0.0], "max_pos": 6, "max_act": 7.8789}, {"tokens": [" They", " played", " together", " for", " a", " while", ",", " and", " Lily", " was", " happy", " to"], "acts": [0.0, 0.0, 0.0, 7.8803, 0.0, 0.0, 0.0, 0.0, 0.0, 0.0, 0.0, 0.0], "max_pos": 3, "max_act": 7.8789}, {"tokens": ["ac", "les", ".", " The", " octopus", " woke", " up", " and", " laughed", ",", " feeling", " happy", " to", " have", " such", " silly", " friends", ".", " He", " played", " with", " the", " crab", "s", " for", " a", " while", ",", " but", " then", " he", " got", " tired"], "acts": [0.0, 0.0, 0.0, 0.0, 0.0, 0.0, 0.0, 0.0, 0.0, 0.0, 0.0, 0.0, 0.0, 0.0, 3.6482, 0.0, 0.0, 0.0, 0.0, 0.0, 0.0, 0.0, 0.0, 0.0, 7.8066, 0.0, 0.0, 0.0, 0.0, 0.0, 0.0, 0.0, 0.0], "max_pos": 24, "max_act": 7.8086}]}