{"id": 860, "density": 0.04707125, "max_act": 5.57421875, "hist": {"edges": [0.01, 0.0133, 0.0178, 0.0237, 0.0316, 0.0422, 0.0562, 0.075, 0.1, 0.1334, 0.1778, 0.2371, 0.3162, 0.4217, 0.5623, 0.7499, 1.0, 1.3335, 1.7783, 2.3714, 3.1623, 4.217, 5.6234, 7.4989, 10.0, 13.3352, 17.7828, 23.7137, 31.6228, 42.1697, 56.2341, 74.9894, 100.0], "counts": [0, 0, 0, 0, 0, 0, 0, 0, 0, 6, 85, 885, 6416, 19455, 26497, 23061, 19199, 19921, 22599, 24847, 20870, 4444, 0, 0, 0, 0, 0, 0, 0, 0, 0, 0]}, "logit_lens": {"promoted": [["\"", 0.519], [" \"", 0.5], [" swim", 0.332], [" '", 0.298], ["'", 0.292], ["ged", 0.289], [" differe", 0.285], [" shells", 0.272], [" reef", 0.271], [" life", 0.268]], "suppressed": [[" woke", 0.228], [" last", 0.219], ["Hi", 0.212], ["K", 0.206], [" almost", 0.206], [" close", 0.196], ["ail", 0.196], [" each", 0.191], ["az", 0.189], ["ond", 0.184]]}, "examples": [{"tokens": [".", " She", " sees", " the", " broken", " block", " and", " the", " un", "h", "appy", " children", ".", "\n", "\n", "\"", "What", "'s", " going", " on", " here", "?\"", " Mom", " asks", ".", " \"", "Why", " are", " you", " fighting", "?\"", "\n", "\n"], "acts": [2.5352, 0.0, 0.0, 0.0, 0.0, 0.0, 0.0, 0.0, 0.0, 0.0, 0.0, 0.0, 2.3623, 1.5355, 2.669, 0.0, 0.0, 0.0, 0.0, 0.0, 0.0, 0.5911, 0.0, 0.0, 5.5751, 0.0, 0.0, 0.0, 0.0, 0.0, 3.9406, 3.6138, 4.26], "max_pos": 24, "max_act": 5.5742}, {"tokens": [" gives", " the", " ball", " to", " Ben", " and", " the", " cookie", " to", " Anna", ".", "\n", "\n", "\"", "Here", ",", " you", " can", " have", " these", ",\"", " the", " lady", " says", ".", " \"", "I", "'m", " sorry", " for", " the", " trouble", "."], "acts": [0.0, 0.0, 0.0, 1.1181, 0.0, 0.8503, 0.0, 0.0, 0.6313, 0.0, 3.0719, 2.4342, 3.2034, 0.0, 0.0, 0.0, 0.0, 0.0, 0.0, 0.0, 0.0, 0.0, 0.0, 0.0, 5.527, 0.8358, 0.0, 0.0, 0.0, 0.0, 0.0, 0.0, 2.5813], "max_pos": 24, "max_act": 5.5273}, {"tokens": [" them", ".", " She", " has", " a", " kind", " face", " and", " a", " red", " hat", ".", "\n", "\n", "\"", "Why", " are", " you", " crying", ",", " boys", "?\"", " she", " asks", ".", "\n", "\n", "\"", "We", " wanted", " to", " pet", " the"], "acts": [0.0, 1.6776, 0.0, 0.0, 0.0, 0.0, 0.0, 0.0, 0.0, 0.0, 0.0, 1.7245, 1.1951, 2.7557, 0.0, 0.0, 0.0, 0.0, 0.0, 0.0, 0.0, 0.0, 0.0, 0.0, 5.5007, 3.0713, 4.5548, 0.9125, 0.0, 0.0, 0.0, 0.0, 0.0], "max_pos": 24, "max_act": 5.5}, {"tokens": [" the", " house", ".", " She", " lo", "cks", " the", " door", " and", " hugs", " them", ".", "\n", "\n", "\"", "Are", " you", " okay", ",", " my", " loves", "?\"", " she", " asks", ".", "\n", "\n", "\"", "Yes", ",", " mom", ",", " we"], "acts": [0.0, 0.0, 2.1792, 0.5145, 0.0, 0.0, 0.0, 0.0, 0.0, 0.0, 0.0, 3.3346, 1.5656, 3.1476, 0.0, 0.0, 0.0, 0.0, 0.0, 0.0, 0.0, 1.0665, 0.0, 0.0, 5.4832, 2.7811, 4.6891, 0.8563, 0.0, 0.0, 0.0, 0.0, 0.0], "max_pos": 24, "max_act": 5.4844}, {"tokens": [" the", " door", " and", " saw", " their", " red", " arms", ".", " She", " frowned", ".", "\n", "\n", "\"", "P", "l", "ay", "ing", " or", " pin", "ching", "?\"", " she", " asked", ".", " \"", "That", "'s", " not", " nice", ".", " You", " should"], "acts": [0.0, 0.0, 0.0, 0.0, 0.0, 0.0, 0.0, 2.1824, 1.1737, 0.0, 3.6561, 1.8818, 3.5751, 0.945, 0.0, 0.0, 0.0, 0.0, 0.0, 0.0, 0.0, 1.4007, 0.0, 0.0, 5.4764, 1.6763, 0.0, 0.0, 0.0, 0.0, 1.996, 0.0, 0.0], "max_pos": 24, "max_act": 5.4766}, {"tokens": [" word", ".", " What", " does", " it", " mean", "?\"", "\n", "\n", "\"", "It", " means", " green", " things", " that", " live", " in", " water", ",\"", " their", " dad", " said", ",", " smiling", ".", " \"", "You", " are", " very", " curious", " and", " smart", "."], "acts": [0.0, 1.676, 0.0, 0.0, 0.0, 0.0, 3.0528, 3.2873, 4.0006, 1.9392, 0.0, 0.0, 0.0, 0.0, 0.0, 0.0, 0.0, 0.0, 0.4251, 0.0, 0.0, 0.0, 0.0, 0.0, 5.4775, 1.1464, 0.0, 0.0, 0.0, 0.0, 0.0, 0.0, 2.1165], "max_pos": 24, "max_act": 5.4766}, {"tokens": [" likes", " to", " eat", " apples", " and", " corn", " and", " carrots", ".\"", "\n", "\n", "\"", "Do", "es", " he", " have", " a", " name", "?\"", " her", " mom", " asked", ".", "\n", "\n", "Lily", " thought", " for", " a", " moment", ".", " \"", "His"], "acts": [0.0, 0.0, 0.0, 0.0, 0.0, 0.0, 0.0, 0.0, 4.7737, 3.89, 5.2158, 2.5211, 0.0, 0.0, 0.0, 0.0, 0.0, 0.0, 1.7647, 0.0, 0.0, 0.0, 5.1529, 3.8073, 5.4623, 1.7275, 0.0, 0.0, 0.0, 0.0, 2.7814, 1.3452, 0.0], "max_pos": 24, "max_act": 5.4609}, {"tokens": [" and", " selfish", ".", " They", " hugged", " and", " said", " they", " were", " sorry", ".", "\n", "\n", "\"", "Let", "'s", " share", " the", " per", "fu", "me", ",\"", " Lily", " said", ".", "\n", "\n", "\"", "OK", ",", " let", "'s", ",\""], "acts": [0.0, 0.0, 2.9377, 0.0, 0.0, 0.0, 1.3639, 0.0, 0.0, 0.0, 3.0182, 1.8696, 3.4243, 0.0, 0.0, 0.0, 0.0, 0.0, 0.0, 0.0, 0.0, 1.0079, 0.3978, 0.0, 5.4306, 2.9067, 4.7001, 2.1359, 0.0, 0.0, 0.0, 0.0, 0.9572], "max_pos": 24, "max_act": 5.4297}, {"tokens": [" bit", " into", " their", " pe", "ars", ".", " They", " were", " sweet", " and", " juicy", ".", "\n", "\n", "\"", "Thank", " you", " for", " sharing", ",", " Ben", ",\"", " Lily", " said", ".", " \"", "You", " are", " a", " good", " brother", ".\"", "\n"], "acts": [0.0, 0.0, 0.0, 0.0, 0.0, 2.9706, 0.0, 0.0, 0.0, 0.0, 0.0, 3.0098, 1.7607, 2.9608, 0.0, 0.0, 0.0, 0.0, 0.0, 0.0, 0.0, 0.0, 0.6481, 0.0, 5.4302, 0.8785, 0.0, 0.0, 0.0, 0.0, 0.0, 4.8257, 3.186], "max_pos": 24, "max_act": 5.4297}, {"tokens": [" to", " give", " back", " the", " toys", ".", " They", " like", " them", " so", " much", ".", "\n", "\n", "\"", "Please", ",", " can", " we", " keep", " them", "?\"", " Sara", " asks", ".", " \"", "We", " will", " be", " good", " and"], "acts": [0.0, 0.0, 0.0, 0.0, 0.0, 2.6908, 0.0, 0.0, 0.0, 0.0, 0.0, 2.6027, 1.3044, 2.7432, 0.0, 0.0, 0.0, 0.0, 0.0, 0.0, 0.0, 0.8214, 0.0, 0.0, 5.422, 0.9469, 0.0, 0.0, 0.0, 0.0, 0.0], "max_pos": 24, "max_act": 5.4219}, {"tokens": [" kind", "ly", ".", "\n", "\n", "\"", "I", "'m", " sorry", ",", " kids", ",", " but", " you", " can", "'t", " keep", " them", " or", " buy", " them", ",\"", " he", " says", ".", " \"", "The", "se", " toys", " are", " not", " for", " sa"], "acts": [0.0, 0.0, 4.0026, 1.7601, 3.4981, 0.0, 0.0, 0.0, 0.0, 0.0, 0.0, 0.0, 0.0, 0.0, 0.0, 0.0, 0.0, 0.0, 0.0, 0.0, 0.0, 0.0, 0.0, 0.0, 5.4188, 0.953, 0.0, 0.0, 0.0, 0.0, 0.0, 0.0, 0.0], "max_pos": 24, "max_act": 5.418}, {"tokens": [" Ben", " feel", " sad", ".", " They", " want", " a", " friend", " to", " play", " with", ".", "\n", "\n", "\"", "Maybe", " we", " can", " make", " him", " happy", ",\"", " Lily", " says", ".", " \"", "Maybe", " we", " can", " play", " music", " for", " him"], "acts": [0.6623, 0.0, 0.0, 2.7068, 0.0, 0.0, 0.0, 0.0, 0.0, 0.0, 0.0, 2.7898, 1.4473, 3.4082, 0.0, 0.0, 0.0, 0.0, 0.0, 0.0, 0.0, 0.6726, 0.0, 0.0, 5.4154, 1.2851, 0.0, 0.0, 0.0, 0.0, 0.0, 0.0, 0.0], "max_pos": 24, "max_act": 5.4141}]}