{"id": 865, "density": 0.19467125, "max_act": 6.72265625, "hist": {"edges": [0.01, 0.0133, 0.0178, 0.0237, 0.0316, 0.0422, 0.0562, 0.075, 0.1, 0.1334, 0.1778, 0.2371, 0.3162, 0.4217, 0.5623, 0.7499, 1.0, 1.3335, 1.7783, 2.3714, 3.1623, 4.217, 5.6234, 7.4989, 10.0, 13.3352, 17.7828, 23.7137, 31.6228, 42.1697, 56.2341, 74.9894, 100.0], "counts": [0, 0, 0, 0, 0, 0, 0, 0, 2, 67, 655, 2580, 10595, 41651, 101775, 157631, 170567, 140015, 84774, 42211, 18617, 7019, 526, 0, 0, 0, 0, 0, 0, 0, 0, 0]}, "logit_lens": {"promoted": [[" whenever", 0.372], [" always", 0.329], [" never", 0.309], ["<|endoftext|>", 0.305], [" visited", 0.298], [" often", 0.298], [" Today", 0.264], [" Whenever", 0.259], [" visit", 0.256], [" sometimes", 0.251]], "suppressed": [[" itself", 0.288], ["fully", 0.257], ["ce", 0.253], [" its", 0.247], ["body", 0.246], ["pped", 0.246], [" faces", 0.244], [" paws", 0.241], [" squ", 0.241], ["ement", 0.24]]}, "examples": [{"tokens": [",", " \"", "We", " must", " be", " careful", " around", " those", " holes", "!\"", "\n", "\n", "From", " that", " day", " forward", ",", " Jane", " and", " Tom", " always", " took", " it", " slow", " and", " ste", "ady", ".", " They", " laughed", " and", " held", " hands"], "acts": [0.612, 0.0, 1.3004, 1.9615, 1.1849, 2.4259, 1.9595, 1.9739, 3.0163, 0.0, 0.0, 0.0, 1.0096, 1.9032, 0.8236, 1.5643, 2.707, 3.8168, 1.8951, 4.3735, 3.8327, 4.459, 5.035, 3.2002, 6.7245, 5.076, 3.9832, 3.6375, 3.2027, 1.8912, 2.8893, 1.6936, 0.0], "max_pos": 24, "max_act": 6.7227}, {"tokens": [" with", " old", " things", ",", " like", " that", " purple", " card", "board", " box", ".\"", "\n", "\n", "From", " that", " day", " on", ",", " Lily", " learned", " to", " be", " more", " careful", " and", " always", " listen", " to", " her", " mom", ".", " She", " also"], "acts": [2.9739, 1.3048, 2.7244, 2.7866, 2.7081, 2.6739, 1.7104, 1.0291, 0.9396, 2.0608, 0.0, 0.0, 0.0, 0.8624, 1.6501, 0.7577, 2.2011, 3.0832, 4.9919, 4.059, 4.3354, 5.0413, 4.3449, 5.1298, 6.7153, 4.3241, 5.1456, 3.9859, 3.0451, 3.8533, 2.7458, 3.9289, 1.8813], "max_pos": 24, "max_act": 6.7148}, {"tokens": [" boy", " had", " so", " much", " fun", " playing", " together", " and", " they", " found", " the", " toy", " car", " too", ".", " From", " that", " day", " on", ",", " they", " became", " best", " friends", " and", " never", " felt", " lonely", " again", ".", "<|endoftext|>", "Once", " upon"], "acts": [0.0, 0.0, 0.0, 0.0, 0.0, 1.3643, 1.1627, 1.476, 0.8862, 0.7698, 1.0126, 1.0349, 1.1079, 0.0, 0.0, 0.0, 0.4438, 0.0, 1.8582, 2.9968, 6.0792, 4.2033, 3.599, 2.6464, 6.6996, 3.5835, 3.9163, 3.15, 0.8332, 2.983, 0.0, 1.927, 0.0], "max_pos": 24, "max_act": 6.6992}, {"tokens": [" R", "a", "ven", ",", " I", " didn", "'t", " mean", " to", " break", " your", " peace", ".\"", " From", " that", " day", " on", ",", " Lily", " learned", " to", " be", " more", " careful", " and", " never", " scared", " the", " raven", " again", ".", "<|endoftext|>", "Once"], "acts": [0.0, 0.0, 0.0, 0.0, 0.0, 0.0, 0.0, 0.0, 0.0, 0.0, 0.0, 0.0, 0.0, 0.0, 0.8664, 0.6255, 1.959, 2.4204, 5.2013, 4.0292, 4.4081, 5.1297, 4.3216, 4.9751, 6.6787, 3.779, 2.7791, 3.4142, 4.5801, 1.1924, 2.1022, 0.0, 1.9883], "max_pos": 24, "max_act": 6.6797}, {"tokens": [" didn", "'t", " say", " anything", " because", " he", " wanted", " to", " teach", " Lily", " a", " lesson", ".", " From", " that", " day", " on", ",", " Lily", " learned", " to", " be", " more", " careful", " and", " wise", " before", " making", " any", " re", "qu", "est", "s"], "acts": [0.6058, 0.0, 0.0, 0.0, 0.0, 0.0, 0.9254, 0.0, 0.0, 0.0, 0.0, 0.0, 0.0, 0.7232, 0.9943, 0.3966, 1.7981, 2.6463, 5.1431, 4.3016, 4.338, 5.0745, 4.3468, 5.0249, 6.6364, 3.8319, 3.6672, 2.8326, 2.173, 2.5826, 0.0, 1.2528, 0.0], "max_pos": 24, "max_act": 6.6367}, {"tokens": [" him", " to", " eat", " slowly", ",", " and", " gave", " him", " a", " glass", " of", " water", " to", " cool", " down", " his", " mouth", ".", " From", " then", " on", ",", " Timmy", " always", " ate", " his", " rice", " slowly", " and", " enjoyed", " it", " without", " any"], "acts": [0.0, 2.1382, 2.7804, 1.7255, 1.8381, 1.4224, 0.4907, 1.3921, 0.0, 0.0, 0.0, 0.9599, 0.0, 0.0, 0.0, 0.0, 0.0, 0.0, 0.0, 0.0, 1.834, 3.135, 5.6874, 4.3144, 6.5746, 3.2552, 4.7826, 4.18, 5.4933, 3.9162, 3.5315, 1.6034, 2.3262], "max_pos": 24, "max_act": 6.5742}, {"tokens": [" her", " back", " to", " her", " mum", ".", " They", " were", " both", " very", " happy", " and", " hugged", " each", " other", ".", "\n", "\n", "From", " then", " on", ",", " they", " always", " stayed", " together", " so", " the", " little", " girl", " never", " had", " to"], "acts": [1.0365, 0.0, 0.0, 0.0, 0.0, 0.0, 0.0, 0.0, 0.0, 0.0, 0.0, 0.0, 0.0, 0.0, 0.0, 0.0, 0.0, 0.0, 0.8681, 0.7159, 2.8682, 3.4575, 5.5931, 3.9357, 6.5159, 5.0358, 3.9357, 4.5071, 2.4488, 3.8682, 2.3724, 3.2152, 3.1103], "max_pos": 24, "max_act": 6.5156}, {"tokens": [".", " Lily", " was", " over", "joy", "ed", " and", " thanked", " her", " mom", " with", " a", " big", " hug", ".", "\n", "\n", "From", " that", " day", " on", ",", " Lily", " was", " careful", " with", " her", " phone", " and", " made", " sure", " to", " turn"], "acts": [0.0, 0.0, 0.0, 0.0, 0.0, 0.0, 0.0, 0.0, 0.6291, 0.0, 0.0, 0.0, 0.0, 0.0, 0.0, 0.0, 0.0, 1.1543, 1.7879, 0.9627, 2.8942, 3.5455, 5.5729, 5.5112, 6.5151, 3.8824, 3.5668, 4.8048, 5.1772, 2.7562, 3.3654, 2.757, 3.1062], "max_pos": 24, "max_act": 6.5156}, {"tokens": [" They", " looked", " at", " the", " beautiful", " temp", "le", " and", " felt", " happy", ".", "\n", "\n", "From", " that", " day", " on", ",", " Lily", " and", " Max", " became", " best", " friends", " and", " always", " shared", " their", " toys", " and", " adventures", " together", "."], "acts": [0.0, 0.0, 0.0, 0.0, 0.0, 0.0, 0.0, 0.0, 0.0, 0.0, 0.0, 0.0, 0.0, 0.6978, 1.383, 0.6058, 2.4424, 2.9762, 4.9269, 1.7876, 4.852, 4.1237, 3.3792, 2.4892, 6.4981, 3.7678, 4.2802, 2.4584, 3.8411, 4.8808, 3.4211, 2.9224, 2.6465], "max_pos": 24, "max_act": 6.5}, {"tokens": [" make", " it", " feel", " better", ".", " Max", "'s", " owner", " sighed", " with", " relie", "f", " and", " took", " him", " back", " home", ".", " From", " then", " on", ",", " Max", " was", " careful", " when", " he", " played", " outside", " so", " he", " wouldn", "'t"], "acts": [0.0, 0.0, 0.0, 0.0, 0.0, 0.0, 0.0, 0.0, 0.0, 0.0, 0.0, 0.0, 0.0, 0.0, 1.725, 0.0, 0.0, 0.0, 0.0, 0.0, 2.4049, 3.4043, 5.4876, 5.5017, 6.4496, 3.1736, 4.999, 3.4688, 3.5768, 2.5134, 4.2336, 2.5865, 2.2734], "max_pos": 24, "max_act": 6.4492}, {"tokens": [" fun", "!", " From", " then", " on", ",", " he", " looked", " forward", " to", " his", " t", "ut", "oring", " s"], "acts": [1.2818, 0.0, 0.0, 1.8588, 3.6146, 4.9391, 6.4433, 4.5432, 3.3737, 3.3845, 2.943, 1.5453, 1.8139, 3.5087, 2.5022], "max_pos": 6, "max_act": 6.4414}, {"tokens": [" to", " eat", " anymore", ".", " Lucy", " felt", " sad", " but", " understood", " why", " her", " mummy", " was", " protect", "ing", " her", ".", " From", " that", " day", " on", ",", " Lucy", " always", " checked", " her", " apples", " before", " taking", " a", " big", " bite", "!"], "acts": [0.0, 1.0934, 0.0, 0.0, 0.0, 0.0, 0.0, 0.0, 0.0, 1.1238, 0.6015, 0.9444, 1.2357, 0.0, 0.0, 0.8522, 0.0, 0.0, 1.2538, 0.9613, 2.8855, 2.9133, 5.2522, 4.548, 6.433, 3.3498, 5.409, 2.4588, 3.5691, 1.9832, 1.9634, 3.0131, 1.8259], "max_pos": 24, "max_act": 6.4336}]}