{"id": 871, "density": 0.18124625, "max_act": 7.5703125, "hist": {"edges": [0.01, 0.0133, 0.0178, 0.0237, 0.0316, 0.0422, 0.0562, 0.075, 0.1, 0.1334, 0.1778, 0.2371, 0.3162, 0.4217, 0.5623, 0.7499, 1.0, 1.3335, 1.7783, 2.3714, 3.1623, 4.217, 5.6234, 7.4989, 10.0, 13.3352, 17.7828, 23.7137, 31.6228, 42.1697, 56.2341, 74.9894, 100.0], "counts": [0, 0, 0, 0, 0, 0, 0, 0, 1, 22, 354, 1735, 6247, 19741, 45526, 71105, 78497, 74753, 91908, 131981, 140410, 58447, 4256, 2, 0, 0, 0, 0, 0, 0, 0, 0]}, "logit_lens": {"promoted": [["!\"", 0.656], [" your", 0.571], [" my", 0.571], [".\"", 0.55], [",\"", 0.546], [" I", 0.539], [" you", 0.521], [" here", 0.505], [" our", 0.49], ["?\"", 0.443]], "suppressed": [[" herself", 0.221], [" her", 0.215], [" himself", 0.213], [" their", 0.207], [" themselves", 0.196], ["igg", 0.192], ["hed", 0.182], [" his", 0.181], [" tow", 0.18], ["by", 0.176]]}, "examples": [{"tokens": [" the", " girl", " and", " she", " be", "amed", " with", " joy", ".", "\n", "\n", "The", " girl", " said", ",", " \"", "Thank", " you", ",", " B", "ig", " Br", "other", ".", " Now", " I", "'m", " going", " to", " call", " it", " my", " special"], "acts": [0.0, 0.0, 0.0, 0.0, 0.0, 0.0, 0.0, 0.0, 0.0, 0.0, 0.0, 0.0, 0.0, 0.0, 0.0, 0.0, 4.6069, 4.523, 2.9483, 2.9175, 4.3049, 2.4057, 4.437, 5.2728, 7.5701, 1.5263, 2.1202, 2.0411, 1.3588, 4.1203, 3.27, 1.5949, 2.7185], "max_pos": 24, "max_act": 7.5703}, {"tokens": [" said", ",", " \"", "Then", " why", " do", " people", " not", " just", " give", " things", " away"], "acts": [0.0, 0.0, 0.0, 7.5362, 3.3027, 2.5914, 3.0776, 2.7268, 3.1369, 2.8155, 2.1468, 2.7289], "max_pos": 3, "max_act": 7.5352}, {"tokens": [",", " but", " she", " still", " wanted", " to", " play", " with", " T", "ia", ".", "\n", "\n", "Mia", " said", " to", " T", "ia", ",", " \"", "My", " hand", " hurts", ",", " but", " I", " want", " to", " play", " with", " you", ".", " I"], "acts": [0.0, 0.0, 0.0, 0.0, 0.0, 0.0, 0.0, 0.0, 0.0, 0.0, 0.0, 0.0, 0.0, 0.0, 0.0, 0.0, 0.0, 1.1565, 0.0, 0.0, 2.0501, 5.028, 4.279, 3.9986, 7.4639, 1.6199, 2.9487, 1.2472, 2.8621, 4.6806, 2.8663, 6.0957, 0.8184], "max_pos": 24, "max_act": 7.4648}, {"tokens": [" stay", " here", ".\"", "\n", "\n", "The", " little", " girl", " felt", " un", "h", "appy", " and", " said", " \"", "But", " I", " only", " want", " to", " relax", ".", " Please", " let"], "acts": [0.0, 1.9628, 0.0, 0.0, 0.0, 0.0, 0.0, 0.0, 0.0, 0.0, 0.0, 0.0, 0.0, 0.0, 0.0, 7.4365, 1.8589, 3.4582, 3.316, 1.1482, 5.5442, 5.7159, 3.5713, 3.8178], "max_pos": 15, "max_act": 7.4375}, {"tokens": [" of", " the", " purse", " was", " a", " small", " envelope", ".", " She", " did", " not", " see", " that", " the", " envelope", " had", " a", " sticker", " that", " said", " \"", "Do", " not", " open", " until", " your", " birthday", "\".", "\n", "\n", "Her", " mom", " came"], "acts": [0.0, 0.0, 1.2589, 0.0, 0.0, 0.0, 0.0, 0.0, 0.0, 0.0, 0.0, 0.0, 0.0, 0.0, 0.0, 0.0, 0.0, 0.0, 0.0, 0.0, 1.3816, 3.1742, 2.859, 4.844, 7.438, 0.8915, 4.5619, 0.0, 0.0, 0.0, 0.0, 0.0, 0.0], "max_pos": 24, "max_act": 7.4375}, {"tokens": [".", " She", " gave", " them", " each", " a", " bowl", " of", " rice", " and", " said", ",", " \"", "Please", " wash", " the", " rice", " and", " put", " it", " in", " the", " pot", ".", " Then", " I", " will", " cook", " it", " for", " dinner", ".\"", "\n"], "acts": [0.0, 0.0, 0.0, 0.0, 0.0, 0.0, 0.0, 0.0, 0.0, 0.0, 0.0, 0.0, 0.5439, 3.7894, 4.7028, 2.6731, 5.6161, 4.4049, 3.4856, 3.4239, 4.6731, 1.2756, 4.3743, 5.7303, 7.4393, 1.0637, 1.3708, 4.2434, 3.0233, 4.8688, 3.8473, 0.0, 0.0], "max_pos": 24, "max_act": 7.4375}, {"tokens": [" make", " it", " look", " pretty", ".", "\n", "\n", "When", " Jane", " was", " finished", ",", " she", " smiled", " and", " said", ":", " \"", "There", ",", " Mr", " M", "ouse", ".", " Now", " your", " house", " looks", " nice", " and", " colourful", ".\"", "\n"], "acts": [0.0, 0.0, 0.0, 0.0, 0.0, 0.0, 0.0, 0.0, 0.0, 0.0, 0.0, 0.0, 0.0, 0.0, 0.0, 0.0, 0.0, 0.7628, 4.0695, 3.1941, 2.9017, 3.124, 4.5999, 5.0251, 7.3713, 1.8143, 4.8414, 2.3584, 3.7357, 4.2029, 3.7685, 0.0, 0.0], "max_pos": 24, "max_act": 7.3711}, {"tokens": [" Lily", " stopped", " crying", " and", " looked", " at", " the", " old", " lady", ",", " confused", ".", " The", " old", " lady", " continued", ",", " \"", "The", " toy", " may", " be", " expensive", ",", " but", " it", " won", "'t", " make", " you", " happy", " for", " long"], "acts": [0.0, 0.0, 0.0, 0.0, 0.0, 0.0, 0.0, 0.0, 0.0, 0.0, 0.0, 0.0, 0.0, 0.0, 0.0, 0.0, 0.0, 0.0, 4.2986, 4.6715, 2.4837, 2.7526, 4.194, 3.676, 7.3573, 3.219, 1.5889, 2.0615, 3.0766, 0.0, 2.1894, 5.482, 2.1343], "max_pos": 24, "max_act": 7.3555}, {"tokens": [" a", " few", " minutes", " the", " noise", " spoke", " again", ":", " \"", "I", "'m", " coming", " for", " you", ".", ".", ".", " Soon", "!\"", "\n", "\n", "The", " dog", " knew", " they", " had"], "acts": [0.0, 0.0, 1.9735, 0.0, 0.0, 0.0, 0.0, 0.0, 1.4747, 1.614, 2.4515, 4.1476, 3.538, 3.3609, 5.9577, 6.2419, 6.4798, 7.3039, 0.0, 0.0, 0.0, 0.0, 0.0, 0.0, 0.0, 0.0], "max_pos": 17, "max_act": 7.3047}, {"tokens": [" bowl", " with", " warm", " water", ",", " and", " brought", " it", " to", " the", " thief", ".", " She", " carefully", " put", " in", " a", " nice", " soap", " and", " said", " \"", "Here", ",", " now", " you", " can", " wash", " your", " hands", "\".", " The", " thief"], "acts": [0.0, 0.0, 0.0, 0.0, 0.0, 0.0, 0.0, 0.0, 0.0, 0.0, 0.0, 0.0, 0.0, 0.0, 0.0, 0.0, 0.0, 0.0, 0.0, 0.0, 0.0, 1.3448, 4.9653, 4.1209, 7.2751, 2.895, 1.6377, 4.0599, 0.996, 5.026, 0.0, 0.0, 0.0], "max_pos": 24, "max_act": 7.2734}, {"tokens": ["r", "ist", "a", " smiled", " as", " she", " started", " to", " eat", ".", " After", " lunch", ",", " Mommy", " gave", " Tr", "ist", "a", " a", " big", " hug", " and", " said", " \"", "Now", " it", "'s", " time", " for", " a", " ma", "ss", "age"], "acts": [0.0, 0.0, 0.0, 0.0, 0.0, 0.0, 0.0, 0.0, 0.0, 0.0, 0.0, 0.0, 0.0, 0.0, 0.0, 0.0, 0.0, 0.0, 0.0, 0.0, 0.0, 0.0, 0.4301, 1.0455, 7.2372, 5.1057, 2.5234, 4.0256, 4.1669, 1.4866, 0.0, 3.6338, 3.6507], "max_pos": 24, "max_act": 7.2383}, {"tokens": [" really", " good", "!", " Sam", " carefully", " peeked", " in", " the", " pot", " and", " smiled", ".", "\n", "\n", "He", " said", ",", " \"", "A", "h", "!", " Now", " I", " can", " eat", " something", " tasty", "!\"", "<|endoftext|>", "Once"], "acts": [0.0, 1.7967, 1.8173, 0.0, 0.0, 0.0, 0.0, 0.0, 0.0, 0.0, 0.0, 0.0, 0.0, 0.0, 0.0, 0.0, 0.0, 0.0, 2.6622, 3.9044, 5.1513, 7.2302, 1.991, 1.5156, 3.8664, 3.708, 4.0024, 0.0, 0.0, 0.0], "max_pos": 21, "max_act": 7.2305}]}