{"id": 872, "density": 0.04277175, "max_act": 5.078125, "hist": {"edges": [0.01, 0.0133, 0.0178, 0.0237, 0.0316, 0.0422, 0.0562, 0.075, 0.1, 0.1334, 0.1778, 0.2371, 0.3162, 0.4217, 0.5623, 0.7499, 1.0, 1.3335, 1.7783, 2.3714, 3.1623, 4.217, 5.6234, 7.4989, 10.0, 13.3352, 17.7828, 23.7137, 31.6228, 42.1697, 56.2341, 74.9894, 100.0], "counts": [0, 0, 0, 0, 0, 0, 0, 0, 3, 93, 374, 1141, 6863, 25256, 42322, 39451, 26169, 14593, 7496, 4893, 2285, 148, 0, 0, 0, 0, 0, 0, 0, 0, 0, 0]}, "logit_lens": {"promoted": [[" told", 0.286], [" know", 0.241], [" tell", 0.231], [" ask", 0.226], [" tells", 0.211], [" explained", 0.209], [" asked", 0.209], [" think", 0.199], [",\"", 0.191], [",\u00e2\u20ac", 0.181]], "suppressed": [[" bel", 0.359], ["joy", 0.351], [" happ", 0.349], ["ye", 0.325], [" fit", 0.318], ["ady", 0.316], [" af", 0.314], [" Sn", 0.307], ["Good", 0.288], [" won", 0.285]]}, "examples": [{"tokens": [" sad", " because", " he", " really", " wanted", " some", " candy", ".", " \n", "\n", "Then", ",", " a", " kind", " lady", " saw", " Jack", " and", " asked", " him", " what", " was", " wrong", ".", " Jack", " told", " her", " he", " lost", " his", " wallet", " and", " couldn"], "acts": [0.0, 0.0, 0.0, 0.0, 0.0, 0.0, 0.0, 0.0, 0.0, 0.0, 0.0, 0.0, 0.0, 0.0, 0.0, 0.0, 0.0, 0.0, 0.0, 0.0, 0.0, 1.3948, 0.0, 2.3999, 5.0776, 1.2857, 0.0, 1.7336, 0.0, 0.0, 0.0, 1.1888, 0.0], "max_pos": 24, "max_act": 5.0781}, {"tokens": [" there", " if", " we", " say", " the", " magic", " word", ".\"", "\n", "\n", "Sam", " asked", ",", " \"", "What", "'s", " the", " magic", " word", "?\"", "\n", "\n", "Lila", " and", " Ben", " said", ",", " \"", "P", "art", ".\"", "\n", "\n"], "acts": [0.0, 0.0, 0.0, 0.0, 0.0, 0.0, 0.0, 0.0, 0.0, 0.0, 0.0, 0.0, 0.0, 0.0, 0.0, 2.7612, 0.0, 0.0, 0.0, 1.4901, 0.0, 0.5947, 4.478, 0.0, 5.0613, 0.8187, 1.2684, 3.4922, 0.0, 0.0, 0.0, 0.0, 0.0], "max_pos": 24, "max_act": 5.0625}, {"tokens": ["\n", "\n", "Her", " nosy", " neighbor", ",", " Mrs", ".", " Brown", ",", " saw", " Lily", " taking", " care", " of", " the", " bird", " and", " asked", " what", " was", " going", " on", ".", " Lily", " told", " her", " about", " the", " bird", "'s", " broken", " wing"], "acts": [0.0, 0.0, 0.0, 0.0, 0.0, 0.0, 0.0, 0.0, 0.0, 0.0, 0.0, 0.0, 0.0, 0.0, 0.0, 0.0, 0.0, 0.0, 0.0, 0.0, 1.3978, 0.0, 0.0, 2.755, 4.8816, 1.6703, 0.0, 0.0, 0.0, 0.0, 0.0, 0.0, 0.0], "max_pos": 24, "max_act": 4.8828}, {"tokens": ["\n", "\n", "The", " dinosaur", " asked", " the", " rabbit", ",", " \"", "What", " are", " you", " doing", "?\".", "\n", "\n", "The", " rabbit", " replied", ",", " \"", "I", " am", " collect", "ing", " flowers"], "acts": [0.0, 0.0, 0.0, 1.1874, 0.0, 0.0, 0.0, 0.0, 0.0, 0.0, 1.6303, 2.3005, 0.0, 1.6688, 0.7735, 1.495, 0.0, 4.8447, 1.9762, 2.0668, 3.4316, 0.643, 2.0107, 0.0, 0.0, 0.0], "max_pos": 17, "max_act": 4.8438}, {"tokens": [".", "\n", "\n", "\"", "Can", " you", " do", " something", " for", " me", "?\"", " the", " clown", " asks", ".", "\n", "\n", "\"", "What", " is", " it", "?\"", " Tom", " and", " Anna", " ask", ".", "\n", "\n", "\"", "Can", " you", " clap"], "acts": [0.0, 0.0, 0.0, 0.0, 0.0, 0.0, 0.0, 0.0, 0.0, 0.0, 0.0, 0.0, 0.0, 0.0, 0.0, 0.0, 0.0, 0.6323, 0.0, 2.2473, 3.5791, 1.5071, 4.4315, 0.0, 4.837, 0.0, 1.9817, 0.0, 0.3904, 3.7109, 0.0, 0.0, 0.0], "max_pos": 24, "max_act": 4.8359}, {"tokens": ["\n", "\n", "\"", "What", " is", " going", " on", " here", "?\"", " she", " asked", ".", " \"", "Why", " are", " you", " not", " playing", " nicely", "?\"", "\n", "\n", "Lila", " and", " Tom", " told", " her", " about", " the", " pin", ".", " They", " both"], "acts": [0.0, 0.0, 1.1964, 0.0, 1.3992, 0.0, 0.0, 0.0, 0.727, 2.5422, 1.1311, 0.9208, 1.6309, 0.0, 1.0978, 1.3962, 1.2678, 0.0, 0.0, 1.0129, 0.0, 0.528, 3.9104, 0.0, 4.7771, 0.0, 0.0, 0.0, 0.0, 0.0, 0.0, 0.865, 0.0], "max_pos": 24, "max_act": 4.7773}, {"tokens": ["\n", "Benny", "'s", " friend", ",", " a", " wise", " old", " owl", ",", " saw", " that", " Benny", " was", " sad", ".", " The", " owl", " asked", " Benny", " what", " was", " wrong", ".", " Benny", " told", " the", " owl", " that", " he", " broke", " his", " carrot"], "acts": [0.9304, 0.0, 0.0, 0.0, 0.0, 0.0, 0.0, 0.0, 0.0, 1.0594, 0.0, 0.0, 0.0, 0.0, 0.0, 1.0108, 1.2048, 0.0, 0.0, 0.0, 0.0, 2.1271, 0.0, 2.7348, 4.7523, 2.117, 0.0, 1.3135, 0.0, 1.6536, 0.0, 0.0, 0.0], "max_pos": 24, "max_act": 4.7539}, {"tokens": [" like", " a", " little", " m", "ound", " of", " dirt", " with", " a", " hole", " in", " the", " top", ".", " \"", "What", " is", " that", "?\"", " asked", " the", " mouse", ".", " The", " bear", " replied", ",", " \"", "That", "'s", " a", " st", "itch"], "acts": [0.0, 0.0, 0.0, 0.0, 0.0, 0.0, 0.0, 0.0, 0.0, 0.0, 0.0, 0.0, 0.0, 0.0, 0.461, 0.0, 1.0696, 2.5867, 1.1199, 0.6529, 0.0, 3.5198, 0.9697, 0.0, 4.7465, 1.2061, 1.1489, 2.8422, 0.0, 3.2881, 1.2407, 0.9037, 0.0], "max_pos": 24, "max_act": 4.7461}, {"tokens": [" ready", ".\"", "\n", "\n", "The", " man", " asks", " the", " first", " question", ":", " \"", "What", " is", " the", " color", " of", " the", " sky", "?\"", "\n", "\n", "Sara", " and", " Ben", " say", ":", " \"", "B", "l", "ue", ".\"", "\n"], "acts": [0.0, 0.0, 0.0, 0.0, 0.0, 0.0, 0.0, 0.0, 0.0, 0.0, 0.0, 0.0, 0.0, 2.1735, 0.0, 0.0, 0.0, 0.0, 1.0214, 1.3478, 0.0, 0.9681, 3.7856, 0.0, 4.7479, 0.0, 0.9726, 3.3531, 0.0, 0.0, 1.1675, 0.0, 0.0], "max_pos": 24, "max_act": 4.7461}, {"tokens": [" because", " he", " was", " confused", ".", "\n", "\n", "M", "r", "s", ".", " Sm", "ith", " noticed", " Timmy", "'s", " frown", " and", " asked", " him", " what", " was", " wrong", ".", " Timmy", " told", " her", " that", " he", " didn", "'t", " understand", "."], "acts": [0.0, 0.0, 0.0, 0.0, 0.0, 0.0, 0.0, 0.0, 0.0, 0.0, 0.0, 0.0, 0.0, 0.0, 0.0, 0.0, 0.0, 0.0, 0.0, 0.0, 0.0, 1.4136, 0.0, 1.9637, 4.7057, 1.0383, 0.0, 0.0, 1.3652, 0.0, 1.3941, 0.0, 1.511], "max_pos": 24, "max_act": 4.707}, {"tokens": ["\n", "Then", " it", " was", " Teddy", "'s", " turn", " to", " see", " the", " doctor", ".", " The", " doctor", " asked", " Lily", ",", " \"", "What", "'s", " wrong", " with", " Teddy", "?\"", " Lily", " said", ",", " \"", "He", "'s", " sick", ",", " can"], "acts": [0.0, 0.0, 0.0, 0.8279, 0.9527, 0.0, 0.0, 0.0, 0.0, 0.0, 0.0, 0.5431, 0.0, 0.0, 0.0, 0.0, 0.0, 0.0, 0.0, 2.9029, 0.0, 1.4419, 1.8396, 1.4381, 4.6992, 1.6905, 1.573, 3.325, 1.6422, 2.9073, 0.0, 0.0, 0.0], "max_pos": 24, "max_act": 4.6992}, {"tokens": [" smiled", " and", " said", ",", " \"", "Hello", "!\"", "\n", "\n", "The", " animal", " looked", " at", " L", "illy", " and", " asked", ",", " \"", "What", " is", " that", "?\"", " L", "illy", " held", " up", " her", " hammer", " and", " explained", ",", " \""], "acts": [0.0, 0.0, 0.0, 0.0, 0.0, 0.0, 0.0, 0.0, 0.0, 0.0, 0.0, 0.0, 0.0, 0.0, 0.0, 0.0, 0.0, 0.0, 0.6089, 0.0, 2.2726, 2.6411, 1.692, 0.0, 4.6907, 1.5155, 0.0, 1.1752, 0.0, 1.123, 0.7947, 1.3769, 2.994], "max_pos": 24, "max_act": 4.6914}]}