{"id": 874, "density": 0.03302625, "max_act": 6.45703125, "hist": {"edges": [0.01, 0.0133, 0.0178, 0.0237, 0.0316, 0.0422, 0.0562, 0.075, 0.1, 0.1334, 0.1778, 0.2371, 0.3162, 0.4217, 0.5623, 0.7499, 1.0, 1.3335, 1.7783, 2.3714, 3.1623, 4.217, 5.6234, 7.4989, 10.0, 13.3352, 17.7828, 23.7137, 31.6228, 42.1697, 56.2341, 74.9894, 100.0], "counts": [0, 0, 0, 0, 0, 0, 0, 0, 0, 0, 15, 292, 2450, 9387, 21297, 30244, 27198, 18793, 11339, 6825, 3535, 712, 18, 0, 0, 0, 0, 0, 0, 0, 0, 0]}, "logit_lens": {"promoted": [[".", 0.326], [" and", 0.287], [" about", 0.282], [" not", 0.238], [" anymore", 0.231], [",\"", 0.225], [" pick", 0.217], [" too", 0.216], [" because", 0.21], [" forever", 0.205]], "suppressed": [[" us", 0.351], ["ard", 0.256], ["ctor", 0.251], [" cro", 0.25], ["ong", 0.25], [" them", 0.246], ["cks", 0.241], [" jealous", 0.237], ["uc", 0.234], [" me", 0.228]]}, "examples": [{"tokens": ["il", " was", " important", " and", " expensive", ".", " They", " did", " not", " mean", " to", " make", " their", " dad", " angry", ".", " They", " said", " sorry", " to", " their", " dad", " and", " helped", " him", " to", " clean", " the", " o", "il", ".", "\n", "\n"], "acts": [0.0, 0.0, 1.4144, 0.0, 0.6567, 0.0, 0.0, 0.0, 0.0, 0.0, 0.0, 0.0, 0.0, 1.6883, 0.0, 0.0, 0.0, 0.0, 0.0, 0.0, 0.7278, 2.5292, 0.0, 0.0, 6.4589, 1.7923, 0.0, 0.0, 0.0, 0.0, 0.0, 0.0, 0.0], "max_pos": 24, "max_act": 6.457}, {"tokens": [" You", " have", " been", " very", " naughty", ".", " You", " have", " to", " learn", " to", " respect", " other", " people", "'s", " things", ".", " You", " have", " to", " say", " sorry", " and", " help", " me", " clean", " up", ".\"", "\n", "\n", "Ben", " felt", " very"], "acts": [0.0, 0.0, 0.0, 0.0, 1.3926, 0.0, 0.0, 0.0, 0.0, 0.0, 0.0, 0.0, 0.0, 0.0, 0.0, 1.0466, 0.0, 0.0, 0.0, 0.0, 0.0, 1.1864, 0.0, 0.0, 6.0066, 0.0, 0.0, 0.0, 0.0, 0.0, 0.0, 0.0, 0.0], "max_pos": 24, "max_act": 6.0078}, {"tokens": [".", " You", " have", " to", " ask", " before", " you", " touch", ".", " You", " have", " to", " be", " careful", " and", " clean", ".", " You", " have", " to", " say", " sorry", " and", " help", " me", " fix", " the", " f", "ile", ".\"", "\n", "\n", "Ben"], "acts": [0.0, 0.0, 0.0, 0.0, 0.0, 0.0, 0.0, 0.0, 0.0, 0.0, 0.0, 0.0, 0.0, 1.5745, 0.0, 0.0, 0.0, 0.0, 0.0, 0.0, 0.0, 1.1824, 0.0, 0.0, 6.009, 0.0, 0.0, 0.0, 0.0, 0.0, 0.0, 0.0, 0.0], "max_pos": 24, "max_act": 6.0078}, {"tokens": [" room", ".", " He", " wished", " he", " had", " listened", " to", " Bella", ".", " He", " said", " he", " was", " sorry", " and", " hugged", " them", ".", " He", " hoped", " they", " would", " forgive", " him", ".", " He", " learned", " his", " lesson", ".", " He", " would"], "acts": [1.3483, 0.0, 0.0, 0.0, 0.0, 0.0, 1.7508, 0.0, 1.8341, 0.0, 0.0, 0.8714, 0.0, 0.0, 0.8185, 0.0, 0.0, 2.4804, 0.0, 0.0, 0.0, 1.2046, 1.1783, 0.0, 5.9933, 0.0, 0.0, 0.0, 0.0, 1.1417, 0.0, 0.0, 0.0], "max_pos": 24, "max_act": 5.9922}, {"tokens": ["!", " That", "'s", " so", " cool", "!\"", " Lila", " says", ",", " giving", " Sam", " a", " hug", ".", "\n", "\n", "\"", "Thank", " you", ",", " Lila", ".", " You", " helped", " me", " with", " your", " creative", " answer", ".", " You", " are", " a"], "acts": [0.0, 0.0, 0.0, 0.0, 0.0, 0.0, 0.0, 0.0, 0.0, 0.0, 0.0, 0.0, 0.0, 0.0, 0.0, 0.0, 0.0, 0.0, 1.1543, 0.0, 0.7549, 0.0, 0.0, 0.0, 5.8604, 0.0, 0.0, 0.0, 0.0, 0.0, 0.0, 0.0, 0.0], "max_pos": 24, "max_act": 5.8594}, {"tokens": [" \"", "Okay", ",", " Lily", ".", " I", " will", ".", " I", " will", " try", " to", " make", " it", " better", ".", " I", " hope", " Snow", "y", " and", " Mom", " will", " forgive", " me", ".", " And", " I", " hope", " you", " will", " too", ".\""], "acts": [0.0, 0.0, 0.0, 0.6072, 0.0, 0.0, 0.0, 0.0, 0.0, 0.0, 0.0, 0.0, 0.0, 0.8933, 1.051, 0.0, 0.0, 0.0, 0.0, 0.87, 0.0, 1.151, 0.0, 0.0, 5.8382, 0.0, 0.0, 0.0, 0.0, 1.0916, 1.2552, 1.8263, 0.0], "max_pos": 24, "max_act": 5.8398}, {"tokens": [" very", " sorry", " and", " ran", " to", " their", " room", ".", " They", " hugged", " each", " other", " and", " said", " they", " were", " sorry", ".", " They", " hoped", " their", " mom", " would", " forgive", " them", " and", " love", " them", " again", ".", " They", " learned", " their"], "acts": [0.0, 0.0, 0.0, 0.0, 0.0, 0.0, 1.1344, 0.0, 0.7507, 0.0, 0.0, 1.3848, 0.0, 2.4634, 1.0606, 0.0, 1.1642, 0.0, 0.6684, 0.0, 0.0, 1.1806, 1.4745, 0.0, 5.8357, 0.0, 0.0, 3.5786, 1.7675, 0.0, 0.0, 0.0, 0.0], "max_pos": 24, "max_act": 5.8359}, {"tokens": [".", " We", " won", "'t", " do", " it", " again", ".", " We", " learned", " our", " lesson", ".\"", "\n", "\n", "Mom", " and", " Dad", " hugged", " Sara", " and", " Ben", " and", " forgave", " them", ".", " They", " told", " them", " to", " be", " more", " careful"], "acts": [0.0, 0.0, 0.0, 0.0, 0.0, 0.0, 0.6819, 0.0, 0.0, 0.0, 0.0, 1.2786, 0.0, 0.0, 0.0, 0.0, 0.0, 0.0, 0.0, 2.3589, 0.0, 2.7817, 0.0, 0.0, 5.8204, 0.0, 0.0, 0.0, 4.0733, 0.0, 0.0, 0.0, 1.5437], "max_pos": 24, "max_act": 5.8203}, {"tokens": [" mom", " and", " said", " they", " were", " sorry", " again", ".", " They", " promised", " to", " be", " more", " careful", " and", " more", " respectful", ".", " They", " hoped", " their", " mom", " would", " forgive", " them", " and", " love", " them", ".", " They", " loved", " their", " mom"], "acts": [2.8111, 0.0, 2.8653, 1.5919, 0.0, 1.6424, 2.2169, 0.0, 0.4348, 0.0, 0.0, 0.0, 0.0, 1.7601, 0.0, 0.0, 0.0, 0.0, 0.4539, 0.0, 0.0, 1.3018, 1.6652, 0.0, 5.8141, 0.0, 0.0, 3.758, 0.0, 0.0, 0.0, 0.8246, 2.5614], "max_pos": 24, "max_act": 5.8125}, {"tokens": [" know", " how", " much", " this", " ve", "il", " means", " to", " me", ".", " You", " are", " very", " naughty", " and", " selfish", ".", " You", " have", " to", " say", " sorry", " and", " help", " me", " fix", " it", ".\"", " Sara", " said", ",", " st", "er"], "acts": [0.6615, 0.0, 0.0, 0.0, 0.0, 0.0, 0.0, 0.0, 3.3892, 0.0, 0.0, 0.0, 0.0, 0.0, 0.0, 0.0, 0.0, 0.0, 0.0, 0.0, 0.0, 0.0, 0.0, 0.0, 5.7943, 0.0, 1.3021, 0.0, 0.0, 0.395, 0.0, 0.0, 0.0], "max_pos": 24, "max_act": 5.793}, {"tokens": ["s", " the", " blocks", " and", " makes", " a", " mess", ".", "\n", "\n", "Ben", " and", " Lily", " are", " sad", " and", " angry", ".", " They", " shout", " at", " Spot", " and", " tell", " him", " to", " go", " away", ".", " Spot", " is", " confused", " and"], "acts": [0.0, 0.0, 0.0, 0.0, 0.0, 0.0, 0.0, 0.0, 0.0, 0.0, 0.0, 0.0, 0.0, 0.0, 0.0, 0.0, 0.0, 0.0, 0.0, 0.9686, 0.0, 2.1003, 0.0, 0.0, 5.7802, 0.0, 1.0603, 1.0747, 0.0, 0.0, 0.0, 0.0, 0.0], "max_pos": 24, "max_act": 5.7812}, {"tokens": [" had", " not", " played", " with", " the", " phone", ".", " They", " wished", " they", " had", " listened", " to", " mom", ".", " They", " hugged", " each", " other", " and", " hoped", " mom", " would", " forgive", " them", ".", " But", " they", " knew", " they", " had", " made", " a"], "acts": [0.0, 0.0, 0.0, 0.0, 0.0, 0.9156, 0.0, 0.0, 0.0, 0.0, 0.0, 1.929, 0.0, 2.921, 0.0, 0.0, 0.0, 0.0, 1.7256, 0.0, 0.0, 1.3512, 1.0694, 0.0, 5.7592, 0.0, 0.0, 0.0, 0.0, 1.5626, 0.0, 0.0, 0.0], "max_pos": 24, "max_act": 5.7578}]}