{"id": 879, "density": 0.029779, "max_act": 5.71875, "hist": {"edges": [0.01, 0.0133, 0.0178, 0.0237, 0.0316, 0.0422, 0.0562, 0.075, 0.1, 0.1334, 0.1778, 0.2371, 0.3162, 0.4217, 0.5623, 0.7499, 1.0, 1.3335, 1.7783, 2.3714, 3.1623, 4.217, 5.6234, 7.4989, 10.0, 13.3352, 17.7828, 23.7137, 31.6228, 42.1697, 56.2341, 74.9894, 100.0], "counts": [0, 0, 0, 0, 0, 0, 0, 0, 1, 9, 100, 967, 5846, 16210, 22680, 21376, 16936, 13747, 10357, 7185, 3209, 492, 1, 0, 0, 0, 0, 0, 0, 0, 0, 0]}, "logit_lens": {"promoted": [["erly", 0.353], [" From", 0.35], ["<|endoftext|>", 0.34], ["?\u00e2\u20ac", 0.309], ["\n", 0.305], ["From", 0.292], ["il", 0.279], ["and", 0.278], ["omed", 0.276], ["Later", 0.273]], "suppressed": [["iest", 0.285], [" behind", 0.249], [" might", 0.212], [" won", 0.204], [" around", 0.197], [" of", 0.197], [" save", 0.184], ["ng", 0.177], [" base", 0.176], [" his", 0.176]]}, "examples": [{"tokens": [" dog", " listened", " and", " did", " not", " take", " the", " sandwich", ".", " Timmy", " was", " happy", " that", " his", " sandwich", " was", " safe", " and", " continued", " to", " play", " with", " his", " toys", ".", "<|endoftext|>", "Once", " upon", " a", " time", ",", " there", " was"], "acts": [0.0, 0.0, 0.0, 0.0, 0.0, 0.0, 0.0, 0.0, 3.5499, 0.0, 0.0, 0.0, 0.0, 0.0, 0.0, 0.0, 0.0, 0.0, 0.0, 0.0, 0.0, 0.0, 0.0, 0.0, 5.7198, 1.157, 0.0, 0.0, 0.0, 0.0, 0.0, 0.0, 0.0], "max_pos": 24, "max_act": 5.7188}, {"tokens": [" her", ".", " From", " that", " day", " on", ",", " her", " parents", " always", " reminded", " her", " to", " be", " careful", " with", " tape", " and", " to", " never", " play", " with", " it", " alone", ".", "<|endoftext|>", "Once", " upon", " a", " time", ",", " there", " was"], "acts": [0.0, 2.4663, 0.0, 0.5176, 0.6565, 0.0, 0.0, 0.0, 0.0, 0.0, 0.0, 0.0, 0.0, 0.0, 0.0, 0.0, 0.0, 0.0, 0.0, 0.0, 0.0, 0.0, 0.0, 0.0, 5.4583, 0.7606, 0.0, 0.0, 0.0, 0.0, 0.0, 0.0, 0.0], "max_pos": 24, "max_act": 5.457}, {"tokens": [" war", "ning", " about", " the", " c", "able", ".", " From", " then", " on", ",", " Max", " promised", " to", " always", " listen", " to", " his", " friends", " and", " not", " ign", "ore", " them", ".", "<|endoftext|>", "Once", " upon", " a", " time", ",", " there", " was"], "acts": [0.0, 0.0, 0.0, 0.0, 0.0, 0.0, 3.7614, 0.0, 0.0, 0.8206, 0.0, 1.3243, 0.0, 0.0, 0.0, 0.0, 0.0, 0.0, 0.0, 0.0, 0.0, 0.0, 0.0, 0.0, 5.4262, 1.2022, 0.0, 0.0, 0.0, 0.0, 0.0, 0.0, 0.36], "max_pos": 24, "max_act": 5.4258}, {"tokens": [" they", " separ", "ated", " it", " from", " the", " ground", ".", " Her", " mom", " was", " proud", " of", " her", " for", " being", " careful", " and", " not", " touch", "ing", " the", " dead", " bug", ".", "<|endoftext|>", "Once", " upon", " a", " time", ",", " there", " was"], "acts": [0.0, 0.0, 0.0, 0.0, 0.0, 0.0, 0.0, 3.7325, 0.0, 0.0, 0.0, 0.0, 0.0, 0.0, 0.0, 0.0, 0.0, 0.0, 0.0, 0.0, 0.0, 0.0, 0.0, 0.0, 5.4181, 0.5787, 0.0, 0.0, 0.0, 0.0, 0.0, 0.0, 0.0], "max_pos": 24, "max_act": 5.418}, {"tokens": ["up", "s", " to", " help", " keep", " us", " safe", ".", " Lily", " learned", " a", " valuable", " lesson", " that", " day", " and", " promised", " to", " always", " be", " careful", " around", " hot", " things", ".", "<|endoftext|>", "Once", " upon", " a", " time", ",", " there", " was"], "acts": [0.0, 0.0, 0.0, 0.0, 0.0, 0.0, 0.0, 3.8097, 0.441, 0.6755, 1.1588, 0.0, 0.0, 0.0, 2.4438, 0.0, 0.0, 0.0, 0.0, 0.0, 0.0, 0.0, 0.0, 0.0, 5.4107, 1.1491, 0.0, 0.0, 0.0, 0.0, 0.0, 0.0, 0.3294], "max_pos": 24, "max_act": 5.4102}, {"tokens": ["n", "ings", " because", " they", " can", " keep", " us", " safe", ".", " Lily", " learned", " her", " lesson", " and", " promised", " to", " be", " more", " careful", " in", " the", " f", "ut", "ure", ".", " From", " that", " day", " on", ",", " Lily", " always", " listened"], "acts": [0.0, 0.0, 0.0, 0.0, 0.0, 0.0, 0.0, 0.0, 2.8676, 0.4525, 0.5333, 0.0, 0.0, 0.9121, 0.0, 0.0, 0.0, 0.0, 0.0, 0.0, 0.0, 0.0, 0.0, 0.0, 5.3729, 0.0, 0.7267, 0.9549, 0.6919, 0.0, 1.289, 0.0, 0.0], "max_pos": 24, "max_act": 5.3711}, {"tokens": [" him", " clean", " his", " toys", ".", " Mittens", " learned", " that", " it", "'s", " important", " to", " take", " care", " of", " his", " things", " so", " they", " don", "'t", " r", "ot", " away", ".", "<|endoftext|>", "Once", " upon", " a", " time", ",", " there", " was"], "acts": [0.0, 0.0, 0.0, 0.0, 1.9703, 0.0, 0.0, 0.0, 0.0, 1.8334, 0.0, 0.0, 0.0, 0.0, 0.0, 0.0, 0.0, 0.0, 0.0, 0.0, 0.0, 0.0, 0.0, 0.0, 5.3283, 0.9325, 0.0, 0.0, 0.0, 0.0, 0.0, 0.0, 0.0], "max_pos": 24, "max_act": 5.3281}, {"tokens": [".", " From", " then", " on", ",", " Timmy", " learned", " to", " be", " more", " careful", " with", " firework", "s", " and", " never", " played", " with", " them", " without", " his", " mom", "'s", " help", ".", "<|endoftext|>", "Once", " upon", " a", " time", ",", " there", " was"], "acts": [2.9483, 0.0, 0.0, 0.7842, 0.0, 0.0, 0.0, 0.0, 0.0, 0.0, 0.0, 0.0, 0.0, 0.0, 0.0, 0.0, 0.0, 0.0, 0.0, 0.0, 0.0, 0.0, 0.0, 0.0, 5.3181, 0.8116, 0.0, 0.0, 0.0, 0.0, 0.0, 0.0, 0.2405], "max_pos": 24, "max_act": 5.3164}, {"tokens": [" kind", " to", " others", ".", " From", " that", " day", " on", ",", " Timmy", " made", " sure", " to", " always", " share", " his", " toys", " and", " never", " fight", " with", " his", " friends", " again", ".", "<|endoftext|>", "Once", " upon", " a", " time", ",", " there", " was"], "acts": [0.0, 0.0, 0.0, 2.7877, 0.0, 1.1998, 1.2708, 0.8304, 0.0, 1.1368, 0.6544, 0.0, 0.0, 0.0, 0.0, 0.0, 0.0, 0.0, 0.0, 0.0, 0.0, 0.0, 0.0, 0.0, 5.3057, 1.6934, 0.0, 0.0, 0.0, 0.0, 0.0, 0.0, 0.4278], "max_pos": 24, "max_act": 5.3047}, {"tokens": ["y", " and", " swam", " away", ".", " The", " fish", "y", " was", " happy", " to", " be", " safe", " under", " the", " roof", " and", " continued", " to", " swim", " happily", " in", " the", " sea", ".", "<|endoftext|>", "Once", " upon", " a", " time", ",", " there", " were"], "acts": [0.0, 0.0, 0.0, 0.0, 3.6566, 0.5996, 0.0, 0.0, 0.0, 0.0, 0.0, 0.0, 0.0, 0.0, 0.0, 0.0, 0.0, 0.0, 0.0, 0.0, 0.0, 0.0, 0.0, 0.0, 5.2704, 1.0518, 0.0, 0.0, 0.0, 0.0, 0.0, 0.0, 0.0], "max_pos": 24, "max_act": 5.2695}, {"tokens": [".", " From", " that", " day", " on", ",", " Timmy", " knew", " it", " was", " important", " to", " take", " care", " of", " his", " things", " and", " not", " be", " rude", " to", " his", " toys", ".", "<|endoftext|>", "Once", " upon", " a", " time", ",", " there", " was"], "acts": [2.6263, 0.0, 0.9535, 0.75, 0.0, 0.0, 0.575, 0.0, 0.0, 0.0, 0.0, 0.0, 0.0, 0.0, 0.0, 0.0, 0.0, 0.0, 0.0, 0.0, 0.0, 0.0, 0.0, 0.0, 5.2643, 1.3167, 0.0, 0.0, 0.0, 0.0, 0.0, 0.0, 0.314], "max_pos": 24, "max_act": 5.2656}, {"tokens": [" that", " miss", "il", "es", " are", " dangerous", " and", " can", " hurt", " people", ".", " Timmy", " learned", " that", " sometimes", ",", " things", " that", " seem", " fun", " can", " be", " very", " dangerous", ".", " \n", "\n", "From", " that", " day", " on", ",", " Timmy"], "acts": [0.0, 0.0, 0.0, 0.0, 0.0, 0.0, 0.0, 0.0, 0.0, 0.0, 3.8696, 0.0, 0.6288, 0.0, 0.0, 0.0, 0.0, 0.0, 0.0, 0.0, 0.0, 0.0, 0.0, 0.0, 5.2378, 2.9354, 3.8998, 0.0, 0.673, 0.7532, 0.0, 0.0, 0.6761], "max_pos": 24, "max_act": 5.2383}]}