{"id": 885, "density": 0.0098875, "max_act": 8.1328125, "hist": {"edges": [0.01, 0.0133, 0.0178, 0.0237, 0.0316, 0.0422, 0.0562, 0.075, 0.1, 0.1334, 0.1778, 0.2371, 0.3162, 0.4217, 0.5623, 0.7499, 1.0, 1.3335, 1.7783, 2.3714, 3.1623, 4.217, 5.6234, 7.4989, 10.0, 13.3352, 17.7828, 23.7137, 31.6228, 42.1697, 56.2341, 74.9894, 100.0], "counts": [0, 0, 0, 0, 0, 0, 0, 0, 0, 0, 0, 14, 255, 1601, 5021, 8342, 8268, 5971, 3563, 1694, 1703, 1916, 1163, 39, 0, 0, 0, 0, 0, 0, 0, 0]}, "logit_lens": {"promoted": [[" job", 0.432], [" task", 0.294], [" wrong", 0.265], [" trick", 0.257], [" together", 0.23], [" alone", 0.228], [" thing", 0.223], [" tricks", 0.217], [" quickly", 0.215], ["Sally", 0.21]], "suppressed": [[" sudden", 0.246], [" sky", 0.235], ["ho", 0.226], [" branches", 0.222], ["ipper", 0.221], [" juice", 0.218], [" man", 0.215], [" whole", 0.211], [" eyes", 0.211], ["ud", 0.21]]}, "examples": [{"tokens": [" wanted", " to", " do", " something", " special", ".", " One", " day", ",", " she", " decided", " to"], "acts": [0.0, 0.0, 0.0, 8.1343, 7.197, 0.0, 0.0, 0.0, 0.0, 0.0, 0.0, 0.0], "max_pos": 3, "max_act": 8.1328}, {"tokens": [" a", " time", ",", " there", " were", " two", " friends", ".", " They", " were", " both", " happy", " and", " liked", " to", " play", " together", ".", " One", " day", " they", " wanted", " to", " do", " something", " special", " so", " they", " invited", " their", " friends", " to", " join"], "acts": [0.0, 0.0, 0.0, 0.0, 0.0, 0.0, 0.0, 0.0, 0.0, 0.0, 0.0, 0.0, 0.0, 0.0, 0.0, 0.0, 0.0, 0.0, 0.0, 0.0, 0.0, 0.0, 0.0, 0.626, 7.9063, 6.9984, 0.0, 0.0, 0.0, 0.0, 0.0, 0.0, 0.0], "max_pos": 24, "max_act": 7.9062}, {"tokens": [" She", " always", " gave", " them", " a", " big", " smile", " when", " she", " visited", ".", "\n", "\n", "One", " day", ",", " the", " generous", " lady", " decided", " she", " wanted", " to", " do", " something", " more", " for", " the", " people", " in", " j", "ail", "."], "acts": [0.0, 0.0, 0.0, 0.0, 0.0, 0.0, 0.0, 0.0, 0.0, 0.0, 0.0, 0.0, 0.0, 0.0, 0.0, 0.0, 0.0, 0.0, 0.0, 0.0, 0.8646, 0.0, 0.0, 0.9207, 7.8935, 7.0194, 0.0, 0.0, 0.0, 0.0, 0.0, 0.0, 0.0], "max_pos": 24, "max_act": 7.8945}, {"tokens": [" a", " knight", ",", " with", " a", " big", ",", " shiny", " sword", " and", " a", " shining", " castle", ".", "\n", "\n", "One", " day", ",", " J", "erry", " wanted", " to", " do", " something", " special", ".", " He", " decided", " to", " go", " pick", " some"], "acts": [0.8136, 0.0, 0.0, 0.0, 0.0, 0.0, 0.0, 0.0, 0.0, 0.0, 0.0, 0.0, 0.0, 0.0, 0.0, 0.0, 0.0, 0.0, 0.0, 0.0, 0.0, 0.0, 0.0, 0.772, 7.8855, 7.3442, 0.0, 0.0, 0.0, 0.0, 0.0, 0.0, 0.0], "max_pos": 24, "max_act": 7.8867}, {"tokens": [" loved", " to", " play", " outside", ".", " He", " was", " always", " running", " around", " and", " having", " fun", ".", " One", " day", ",", " he", " wanted", " to", " do", " something", " different", " so", " he", " asked", " his", " mom", " if", " he"], "acts": [0.0, 0.0, 0.0, 0.0, 0.0, 0.0, 0.0, 0.0, 0.0, 0.0, 0.0, 0.0, 0.0, 0.0, 0.0, 0.0, 0.0, 0.0, 0.0, 0.0, 0.0, 7.8824, 7.6372, 0.0, 0.0, 0.0, 0.0, 0.0, 0.0, 0.0], "max_pos": 21, "max_act": 7.8828}, {"tokens": [" happy", ".", " He", " wanted", " to", " do", " something", " fun", ".", "\n", "\n", "One", " day", ",", " Tim"], "acts": [0.0, 0.0, 0.0, 0.0, 0.0, 0.0, 7.8637, 6.9968, 0.0, 0.0, 0.0, 0.0, 0.0, 0.0, 0.0], "max_pos": 6, "max_act": 7.8633}, {"tokens": ["They", " played", " together", " for", " a", " while", ",", " making", " noises", " and", " stories", " with", " their", " blocks", ".", " But", " then", " Mia", " got", " bored", " and", " wanted", " to", " do", " something", " else", ".", "\n", "\n", "\"", "I", " want", " to"], "acts": [0.0, 0.0, 0.0, 0.0, 0.0, 0.0, 0.0, 0.0, 0.0, 0.0, 0.0, 0.0, 0.0, 0.0, 0.0, 0.0, 0.0, 0.0, 0.0, 0.0, 0.0, 0.0, 0.0, 0.0, 7.8385, 5.6301, 0.0, 0.0, 0.0, 0.0, 0.0, 0.0, 0.0], "max_pos": 24, "max_act": 7.8398}, {"tokens": [" having", " lots", " of", " fun", ".", "<|endoftext|>", "H", "us", "b", "and", " was", " frustrated", ".", " He", " loved", " his", " w", "ife", ",", " but", " he", " wanted", " to", " do", " something", " special", " to", " show", " her", " how", " much", " he", " c"], "acts": [0.0, 0.0, 0.0, 0.0, 0.0, 0.0, 0.0, 0.0, 0.0, 0.0, 0.0, 0.0, 0.0, 0.0, 0.0, 0.0, 0.0, 0.0, 0.0, 0.0, 0.0, 0.0, 0.0, 0.0, 7.8244, 6.8554, 0.0, 0.0, 0.0, 0.0, 0.0, 0.0, 0.0], "max_pos": 24, "max_act": 7.8242}, {"tokens": [" a", " big", ",", " green", " park", " near", " his", " home", " that", " he", " liked", " to", " play", " in", ".", "\n", "\n", "One", " day", ",", " he", " wanted", " to", " do", " something", " different", ".", " He", " decided", " to", " jog", " around", " the"], "acts": [0.0, 0.0, 0.0, 0.0, 0.0, 0.0, 0.0, 0.0, 0.0, 0.0, 0.0, 0.0, 0.0, 0.0, 0.0, 0.0, 0.0, 0.0, 0.0, 0.0, 0.0, 0.0, 0.0, 0.6959, 7.8169, 7.8154, 0.0, 0.0, 0.0, 0.0, 0.0, 0.0, 0.0], "max_pos": 24, "max_act": 7.8164}, {"tokens": [" there", " were", " two", " sister", "s", ",", " Sally", " and", " K", "ate", ".", " Sally", " wanted", " to", " play", " with", " her", " dolls", " but", " K", "ate", " wanted", " to", " do", " something", " else", ".", " Sally", " asked", " her", " sister", " to", " play"], "acts": [0.0, 0.0, 0.0, 0.0, 0.0, 0.0, 0.0, 0.0, 0.0, 0.0, 0.0, 0.0, 0.0, 0.0, 0.0, 0.0, 0.0, 0.0, 0.0, 0.0, 0.0, 0.0, 0.0, 0.0, 7.8062, 5.5377, 0.0, 0.0, 0.0, 0.0, 0.0, 0.0, 0.0], "max_pos": 24, "max_act": 7.8047}, {"tokens": [" friends", ".", " He", " would", " swing", " from", " tree", " to", " tree", " and", " make", " silly", " faces", ".", " \n", "\n", "One", " day", ",", " the", " monkey", " wanted", " to", " do", " something", " different", ".", " He", " decided", " to", " build", " a", " big"], "acts": [0.0, 0.0, 0.0, 0.0, 0.0, 0.0, 0.0, 0.0, 0.0, 0.0, 0.0, 0.0, 0.0, 0.0, 0.0, 0.0, 0.0, 0.0, 0.0, 0.0, 0.0, 0.0, 0.0, 0.4884, 7.7764, 7.293, 0.0, 0.0, 0.0, 0.0, 0.0, 0.0, 0.0], "max_pos": 24, "max_act": 7.7773}, {"tokens": [" wanted", " to", " help", ",", " but", " he", " was", " so", " small", " they", " never", " gave", " him", " a", " job", ".", "\n", "\n", "One", " day", " Max", " decided", " to", " do", " something", ".", " He", " wanted", " to", " be", " helpful", " and", " make"], "acts": [0.0, 0.0, 0.0, 0.0, 0.0, 0.0, 0.4503, 0.0, 0.0, 0.0, 0.0, 0.0, 0.0, 0.0, 0.0, 0.0, 0.0, 0.0, 0.0, 0.0, 0.0, 0.0, 0.0, 0.9206, 7.7731, 0.0, 0.0, 0.0, 0.0, 0.0, 0.915, 0.0, 0.0], "max_pos": 24, "max_act": 7.7734}]}