{"id": 900, "density": 0.0085015, "max_act": 12.359375, "hist": {"edges": [0.01, 0.0133, 0.0178, 0.0237, 0.0316, 0.0422, 0.0562, 0.075, 0.1, 0.1334, 0.1778, 0.2371, 0.3162, 0.4217, 0.5623, 0.7499, 1.0, 1.3335, 1.7783, 2.3714, 3.1623, 4.217, 5.6234, 7.4989, 10.0, 13.3352, 17.7828, 23.7137, 31.6228, 42.1697, 56.2341, 74.9894, 100.0], "counts": [0, 0, 0, 0, 0, 0, 0, 0, 0, 1, 24, 304, 1060, 2676, 5287, 6088, 5924, 4970, 2885, 1718, 941, 526, 632, 540, 430, 0, 0, 0, 0, 0, 0, 0]}, "logit_lens": {"promoted": [[" Sam", 0.285], [" named", 0.26], [" a", 0.253], ["aches", 0.238], [" Mr", 0.236], [" who", 0.228], ["arl", 0.227], [" Ben", 0.219], [" Mrs", 0.217], [" brother", 0.217]], "suppressed": [[" next", 0.329], [" around", 0.263], ["ace", 0.254], [" this", 0.231], ["ish", 0.227], [" off", 0.218], ["u", 0.215], ["ug", 0.211], ["ave", 0.209], [" now", 0.206]]}, "examples": [{"tokens": [" upon", " a", " time", ",", " there", " was", " a", " big", " dog", " named", " Max", ".", " Max", " loved", " to", " eat", " pasta", ".", " One", " day", ",", " Max", "'s", " friend", ",", " a", " little", " cat", " named", " Lily", ",", " came", " to"], "acts": [0.0, 0.0, 0.0, 0.0, 0.0, 0.0, 0.0, 0.0, 0.0, 1.1134, 0.0, 0.0, 0.0, 0.0, 0.0, 0.0, 0.0, 0.0, 0.0, 0.0, 0.3137, 0.0, 0.0, 0.0, 12.3574, 2.6531, 0.0, 0.0, 2.6818, 0.0, 1.637, 0.0, 0.0], "max_pos": 24, "max_act": 12.3594}, {"tokens": [" brave", " little", " car", " named", " B", "umpy", ".", " B", "umpy", " loved", " to", " drive", " fast", " and", " far", ".", " One", " day", ",", " B", "umpy", " saw", " his", " friend", ",", " a", " colorful", " crayon", " named", " C", "ol", "or", "ful"], "acts": [0.0, 0.0, 0.0, 0.0, 0.0, 0.0, 0.0, 0.0, 0.0, 0.0, 0.0, 0.0, 0.0, 0.0, 0.0, 0.0, 0.0, 0.0, 0.0, 0.0, 0.0, 0.0, 0.0, 1.1839, 12.3314, 1.9862, 0.0, 0.0, 1.8934, 0.0, 0.0, 0.0, 0.0], "max_pos": 24, "max_act": 12.3281}, {"tokens": [" a", " friendly", " dog", " named", " Max", ".", " Max", " loved", " to", " play", " with", " his", " ball", " in", " the", " park", ".", " One", " day", ",", " Max", " saw", " his", " friend", ",", " a", " cat", " named", " Mittens", ",", " playing", " with", " a"], "acts": [0.0, 0.0, 0.0, 1.8788, 0.0, 0.0, 0.0, 0.0, 0.0, 0.0, 0.0, 0.0, 0.0, 0.0, 0.0, 0.0, 0.0, 0.0, 0.0, 0.6853, 0.0, 0.0, 0.0, 1.4353, 12.2933, 2.653, 0.0, 2.6599, 0.0, 2.253, 0.0, 0.0, 0.0], "max_pos": 24, "max_act": 12.2969}, {"tokens": [" Tweety", ".", " Tweety", " was", " very", " happy", " because", " he", " had", " found", " a", " yellow", " flower", " that", " he", " loved", ".", " He", " showed", " the", " flower", " to", " his", " friend", ",", " a", " little", " mouse", " named", " J", "erry", ".", "\n"], "acts": [0.0, 0.0, 0.0, 0.0, 0.0, 0.0, 0.0, 0.0, 0.0, 0.0, 0.0, 0.0, 0.0, 0.0, 0.0, 0.0, 0.0, 0.0, 0.0, 0.0, 0.0, 0.0, 0.0, 1.3019, 12.2577, 2.7249, 0.0, 0.0, 2.5172, 0.0, 0.0, 0.5548, 0.0], "max_pos": 24, "max_act": 12.2578}, {"tokens": [".", " Max", " had", " a", " patch", " of", " brown", " fur", " on", " his", " back", ".", " One", " day", ",", " Max", " was", " playing", " in", " the", " park", " with", " his", " friend", ",", " a", " little", " girl", " named", " Lily", ".", " \n", "\n"], "acts": [0.0, 0.0, 0.0, 0.0, 0.0, 0.0, 0.0, 0.0, 0.0, 0.0, 0.0, 0.0, 0.0, 0.0, 0.4462, 0.0, 0.0, 0.0, 0.0, 0.0, 0.0, 0.0, 0.0, 1.5204, 12.2554, 3.1246, 0.0, 0.0, 1.9246, 0.0, 0.0, 0.0, 0.0], "max_pos": 24, "max_act": 12.2578}, {"tokens": [" there", " was", " a", " little", " bunny", " named", " Benny", ".", " Benny", " loved", " to", " draw", " with", " his", " past", "el", " crayons", ".", " One", " day", ",", " Benny", "'s", " friend", ",", " a", " little", " bird", ",", " asked", " him", " if", " he"], "acts": [0.0, 0.0, 0.0, 0.0, 0.0, 0.5315, 0.0, 0.0, 0.0, 0.0, 0.0, 0.0, 0.0, 0.0, 0.0, 0.0, 0.0, 0.0, 0.0, 0.0, 0.0, 0.0, 0.0, 0.3513, 12.2524, 2.2841, 0.0, 0.0, 3.2776, 0.0, 0.0, 0.0, 0.0], "max_pos": 24, "max_act": 12.25}, {"tokens": ["o", " toys", " to", " play", " with", ".", " He", " was", " sad", " because", " all", " his", " friends", " had", " many", " toys", ".", " One", " day", ",", " Tim", " saw", " his", " friend", ",", " Sam", ",", " playing", " with", " an", " impressive", " toy", " car"], "acts": [0.0, 0.0, 0.0, 0.0, 0.0, 0.0, 0.0, 0.0, 0.0, 0.0, 0.0, 0.0, 0.0, 0.0, 0.0, 0.0, 0.0, 0.0, 0.0, 0.0, 0.0, 0.0, 0.0, 1.1908, 12.2424, 0.0, 2.7136, 0.0, 0.0, 0.0, 0.0, 0.0, 0.0], "max_pos": 24, "max_act": 12.2422}, {"tokens": ["is", "hes", ".", " But", " all", " the", " rad", "is", "hes", " were", " gone", "!", " Benny", " was", " sad", ".", "\n", "\n", "Then", ",", " Benny", " saw", " his", " friend", ",", " a", " squirrel", " named", " Sammy", ".", " Sammy", " promised", " to"], "acts": [0.0, 0.0, 0.0, 0.0, 0.0, 0.0, 0.0, 0.0, 0.0, 0.0, 0.0, 0.0, 0.0, 0.0, 0.0, 0.0, 0.0, 0.0, 0.0, 0.0, 0.0, 0.0, 0.0, 1.351, 12.2276, 2.0628, 0.0, 1.8814, 0.0, 0.0, 0.0, 0.0, 0.0], "max_pos": 24, "max_act": 12.2266}, {"tokens": [" Z", "oom", ".", " Z", "oom", " loved", " to", " go", " fast", ".", " One", " day", ",", " Z", "oom", " went", " to", " the", " park", " to", " play", " with", " his", " friend", ",", " a", " big", " tree", ".", "\n", "\n", "Z", "oom"], "acts": [0.0, 0.0, 0.0, 0.0, 0.0, 0.0, 0.0, 0.0, 0.0, 0.0, 0.0, 0.0, 0.2888, 0.0, 0.0, 0.0, 0.0, 0.0, 0.0, 0.0, 0.0, 0.0, 0.0, 1.4015, 12.2287, 2.688, 0.0, 0.0, 0.0, 0.0, 0.0, 0.0, 0.0], "max_pos": 24, "max_act": 12.2266}, {"tokens": [" with", " his", " stuff", ",", " like", " his", " ball", " and", " his", " bone", ".", " One", " day", ",", " Spot", " went", " to", " the", " park", " to", " play", " with", " his", " friend", ",", " a", " cat", " named", " Mittens", ".", "\n", "\n", "Spot"], "acts": [0.0, 0.0, 0.0, 3.1304, 1.4696, 0.0, 0.0, 0.0, 0.0, 0.0, 0.0, 0.0, 0.0, 0.4202, 0.0, 0.0, 0.0, 0.0, 0.0, 0.0, 0.0, 0.0, 0.0, 1.2924, 12.212, 3.1134, 0.0, 2.8781, 0.0, 0.0, 0.0, 0.0, 0.0], "max_pos": 24, "max_act": 12.2109}, {"tokens": [" He", " would", " push", " it", " around", " the", " house", " and", " fill", " it", " with", " his", " favorite", " toys", ".", "\n", "\n", "One", " day", ",", " Tim", " saw", " his", " friend", ",", " Sam", ",", " playing", " with", " a", " big", ",", " shiny"], "acts": [0.0, 0.5853, 0.0, 0.0, 0.0, 0.0, 0.0, 0.0, 0.0, 0.0, 0.0, 0.0, 0.0, 0.0, 0.0, 0.0, 0.0, 0.0, 0.0, 0.0, 0.0, 0.0, 0.0, 1.2377, 12.1951, 0.0, 3.0918, 0.0, 0.0, 0.0, 0.0, 0.0, 0.0], "max_pos": 24, "max_act": 12.1953}, {"tokens": [" dog", " named", " Spot", ".", " Spot", " loved", " to", " play", " in", " the", " park", ".", " One", " sunny", " day", ",", " Spot", " went", " to", " the", " park", " with", " his", " friend", ",", " a", " big", " brown", " bear", " named", " Ben", ".", "\n"], "acts": [0.0, 1.3652, 0.0, 0.0, 0.0, 0.0, 0.0, 0.0, 0.0, 0.0, 0.0, 0.0, 0.0, 0.0, 0.0, 0.5609, 0.0, 0.0, 0.0, 0.0, 0.0, 0.0, 0.0, 1.1298, 12.1879, 3.009, 0.0, 0.0, 0.0, 2.5601, 0.0, 0.0, 0.0], "max_pos": 24, "max_act": 12.1875}]}