{"id": 904, "density": 0.011347, "max_act": 5.65234375, "hist": {"edges": [0.01, 0.0133, 0.0178, 0.0237, 0.0316, 0.0422, 0.0562, 0.075, 0.1, 0.1334, 0.1778, 0.2371, 0.3162, 0.4217, 0.5623, 0.7499, 1.0, 1.3335, 1.7783, 2.3714, 3.1623, 4.217, 5.6234, 7.4989, 10.0, 13.3352, 17.7828, 23.7137, 31.6228, 42.1697, 56.2341, 74.9894, 100.0], "counts": [0, 0, 0, 0, 0, 0, 0, 0, 0, 0, 31, 96, 500, 2340, 5683, 9669, 9944, 7257, 5932, 2333, 926, 675, 2, 0, 0, 0, 0, 0, 0, 0, 0, 0]}, "logit_lens": {"promoted": [[" jack", 0.412], [" else", 0.339], [" rid", 0.325], ["by", 0.322], [" above", 0.298], ["d", 0.295], [" size", 0.295], ["iz", 0.293], [" around", 0.29], ["0", 0.274]], "suppressed": [["er", 0.276], [" lot", 0.265], ["aking", 0.202], [" also", 0.193], [" soon", 0.18], [" much", 0.179], ["et", 0.175], [" paper", 0.175], [" fire", 0.171], ["astic", 0.17]]}, "examples": [{"tokens": [" a", " kid", " forever", " and", " explore", " the", " world", ".", "<|endoftext|>", "Once", " there", " was", " a", " little", " girl"], "acts": [0.0, 0.0, 0.0, 0.0, 0.0, 0.0, 5.6527, 0.0, 0.0, 0.0, 0.0, 0.0, 0.0, 0.0, 0.0], "max_pos": 6, "max_act": 5.6523}, {"tokens": ["<|endoftext|>", "Once", " upon", " a", " time", ",", " there", " was", " a", " little", " girl", " named", " Amy", ".", " She", " was", " three", " years", " old", " and", " loved", " to", " explore", " the", " world", " around", " her", ".", "\n", "\n", "One", " day", ","], "acts": [0.0, 0.0, 0.0, 0.0, 0.0, 0.0, 0.0, 0.0, 0.0, 0.0, 0.0, 0.0, 0.9903, 0.0, 0.0, 0.0, 0.0, 0.0, 0.0, 0.0, 0.0, 0.0, 0.0, 0.0, 5.6248, 0.0, 0.0, 0.0, 0.0, 0.0, 0.0, 0.0, 0.0], "max_pos": 24, "max_act": 5.625}, {"tokens": [" small", " girl", " named", " Lila", ".", " She", " was", " only", " three", " years", " old", " and", " loved", " to", " explore", " the", " world", " around", " her", ".", " \n", "\n", "One", " day", ","], "acts": [0.0, 0.0, 0.0, 0.0, 0.0, 0.0, 0.0, 0.0, 0.0, 0.0, 0.0, 0.0, 0.0, 0.0, 0.0, 0.0, 5.5746, 0.0, 0.0, 0.0, 0.0, 0.0, 0.0, 0.0, 0.0], "max_pos": 16, "max_act": 5.5742}, {"tokens": [" a", " time", ",", " there", " was", " a", " cute", " little", " girl", " named", " Lily", ".", " She", " had", " a", " lot", " of", " ener", "gy", " and", " loved", " to", " explore", " the", " world", " around", " her", ".", "\n", "\n", "One", " day", ","], "acts": [0.0, 0.0, 0.0, 0.0, 0.0, 0.0, 0.0, 0.0, 0.0, 0.0, 0.0, 0.0, 0.0, 0.0, 0.0, 0.0, 0.0, 0.0, 1.4906, 0.0, 0.0, 0.0, 0.0, 0.0, 5.5591, 0.0, 0.0, 0.0, 0.0, 0.0, 0.0, 0.0, 0.0], "max_pos": 24, "max_act": 5.5586}, {"tokens": [" be", ".", "<|endoftext|>", "Once", " there", " was", " a", " little", " boy", " named", " Jo", "sh", ".", " He", " was", " three", " years", " old", " and", " he", " loved", " to", " explore", " the", " world", ".", " He", " loved", " to", " follow", " the", " birds", ","], "acts": [0.0, 0.0, 0.0, 0.0, 0.0, 0.0, 0.0, 0.0, 0.0, 0.0, 0.0, 0.0, 0.0, 0.0, 0.0, 0.0, 0.0, 0.0, 0.0, 0.0, 0.0, 0.0, 0.0, 0.0, 5.5353, 0.0, 0.0, 0.0, 0.0, 0.0, 0.0, 0.0, 0.0], "max_pos": 24, "max_act": 5.5352}, {"tokens": [" Ben", " loved", " to", " hop", " around", " and", " explore", " the", " world", ".", " One", " day", " Ben", " decided", " to", " go", " on"], "acts": [0.0, 0.0, 0.0, 0.0, 0.0, 0.0, 0.0, 0.0, 5.5325, 0.0, 0.0, 0.0, 0.0, 0.0, 0.0, 0.0, 0.0], "max_pos": 8, "max_act": 5.5312}, {"tokens": [" special", " things", "!", "<|endoftext|>", "Once", " upon", " a", " time", ",", " there", " was", " a", " little", " boy", " named", " T", "ane", ".", " T", "ane", " liked", " to", " explore", " the", " world", " around", " him", ".", " One", " day", ",", " he", " went"], "acts": [0.0, 0.0, 0.0, 0.0, 0.0, 0.0, 0.0, 0.0, 0.0, 0.0, 0.0, 0.0, 0.0, 0.0, 0.0, 0.0, 0.0, 0.0, 0.0, 0.0, 0.0, 0.0, 0.0, 0.0, 5.5237, 0.0, 0.0, 0.0, 0.0, 0.0, 0.0, 0.0, 0.0], "max_pos": 24, "max_act": 5.5234}, {"tokens": [" exper", "i", "en", "ces", ".", "<|endoftext|>", "Once", " there", " was", " a", " boy", " called", " Mark", ".", " He", " was", " 3", " years", " old", " and", " loved", " to", " explore", " the", " world", ".", "\n", "\n", "One", " day", " he", " was", " outside"], "acts": [0.0, 0.0, 0.0, 1.3331, 0.0, 0.0, 0.0, 0.0, 0.0, 0.0, 0.0, 0.0, 0.0, 0.0, 0.0, 0.0, 0.0, 0.0, 0.0, 0.0, 0.0, 0.0, 0.0, 0.0, 5.5169, 0.0, 0.0, 0.0, 0.0, 0.0, 0.0, 0.0, 0.0], "max_pos": 24, "max_act": 5.5156}, {"tokens": [" time", ",", " there", " was", " a", " girl", " called", " Jane", ".", " She", " was", " three", " years", " old", " and", " she", " loved", " to", " explore", " the", " world", ".", " One", " day", " she", " decided", " to", " take", " a"], "acts": [0.0, 0.0, 0.0, 0.0, 0.0, 0.0, 0.0, 0.0, 0.0, 0.0, 0.0, 0.0, 0.0, 0.0, 0.0, 0.0, 0.0, 0.0, 0.0, 0.0, 5.5108, 0.0, 0.0, 0.0, 0.0, 0.0, 0.0, 0.0, 0.0], "max_pos": 20, "max_act": 5.5117}, {"tokens": [" around", " together", ",", " exploring", " the", " world", " with", " their", " different", " stre", "ng", "th", "s", " and"], "acts": [0.0, 0.0, 0.0, 0.0, 0.0, 5.506, 0.0, 0.0, 0.0, 0.0, 0.0, 0.0, 0.0, 0.0], "max_pos": 5, "max_act": 5.5078}, {"tokens": [" she", " wanted", " to", " explore", " the", " world", ".", " The", " spir", "it", " said", " it", " would", " gr"], "acts": [0.0, 0.0, 0.0, 1.1643, 0.0, 5.5005, 0.0, 0.0, 1.5724, 0.0, 0.0, 0.0, 0.0, 0.0], "max_pos": 5, "max_act": 5.5}, {"tokens": ["Once", " upon", " a", " time", ",", " there", " was", " an", " enthus", "ia", "st", "ic", " little", " boy", " named", " Joe", ".", " Every", " day", " he", " liked", " to", " explore", " the", " world", " around", " him", " and", " find", " new", " adventures", ".", "\n"], "acts": [0.0, 0.0, 0.0, 0.0, 0.0, 0.0, 0.0, 0.0, 0.0, 0.0, 0.0, 0.0, 0.0, 0.0, 0.0, 0.0, 0.0, 0.0, 0.0, 0.0, 0.0, 0.0, 0.0, 0.0, 5.4766, 0.0, 0.0, 0.0, 0.0, 0.0, 0.0, 0.0, 0.0], "max_pos": 24, "max_act": 5.4766}]}