{"id": 91, "density": 0.03646575, "max_act": 4.4609375, "hist": {"edges": [0.01, 0.0133, 0.0178, 0.0237, 0.0316, 0.0422, 0.0562, 0.075, 0.1, 0.1334, 0.1778, 0.2371, 0.3162, 0.4217, 0.5623, 0.7499, 1.0, 1.3335, 1.7783, 2.3714, 3.1623, 4.217, 5.6234, 7.4989, 10.0, 13.3352, 17.7828, 23.7137, 31.6228, 42.1697, 56.2341, 74.9894, 100.0], "counts": [0, 0, 0, 0, 0, 0, 0, 0, 0, 2, 37, 667, 4727, 16554, 26590, 28663, 25762, 20814, 14441, 6742, 861, 3, 0, 0, 0, 0, 0, 0, 0, 0, 0, 0]}, "logit_lens": {"promoted": [["ers", 0.35], [" hoped", 0.33], ["ted", 0.319], [" wore", 0.306], ["qu", 0.301], [" sure", 0.298], ["How", 0.293], ["en", 0.289], [" would", 0.286], ["'", 0.285]], "suppressed": [[" be", 0.2], [" run", 0.191], [" work", 0.184], [" window", 0.18], [" okay", 0.171], ["self", 0.158], [" living", 0.158], [" twins", 0.152], ["am", 0.151], ["ike", 0.149]]}, "examples": [{"tokens": [".", " They", " gave", " it", " some", " food", " and", " water", ".", " They", " made", " a", " bed", " for", " it", ".", " They", " played", " with", " it", ".", " They", " loved", " it", ".", "\n", "\n", "The", " water", " stopped", ".", " The", " sky"], "acts": [1.7703, 0.0, 0.0, 0.0, 0.0, 0.0, 0.0, 0.0, 1.7307, 0.0, 0.0, 0.0, 0.0, 0.0, 0.0, 2.7869, 0.0, 0.0, 0.0, 0.0, 3.7285, 0.0, 0.0, 0.0, 4.4614, 1.0179, 1.3967, 0.0, 0.0, 0.0, 1.0861, 0.0, 0.0], "max_pos": 24, "max_act": 4.4609}, {"tokens": [" it", " was", " too", " far", ".", " He", " felt", " scared", ".", " He", " did", " not", " want", " to", " lose", " his", " swim", " hat", ".", " He", " liked", " his", " swim", " hat", ".", "\n", "\n", "\"", "Help", ",", " Sam", "!", " He"], "acts": [0.0, 0.0, 0.0, 0.0, 0.8498, 0.0, 0.0, 0.0, 2.8698, 0.0, 0.0, 0.0, 0.0, 0.0, 0.0, 0.0, 0.0, 0.0, 3.1105, 0.0, 0.0, 0.0, 0.0, 0.0, 4.3467, 0.0, 0.7213, 0.0, 0.0, 0.0, 0.0, 0.0, 0.0], "max_pos": 24, "max_act": 4.3477}, {"tokens": [" the", " books", ".", " Lily", " and", " Tom", " are", " very", " sad", ".", " They", " cry", ".", " They", " worked", " hard", " on", " their", " building", ".", " They", " liked", " their", " building", ".", "\n", "\n", "Ben", " thinks", " it", " is", " funny", "."], "acts": [0.0, 0.0, 0.6849, 0.0, 0.0, 0.0, 0.0, 0.0, 0.0, 0.8993, 0.0, 0.0, 2.0396, 0.0, 0.0, 0.0, 0.0, 0.0, 0.0, 3.6108, 0.0, 0.0, 0.0, 0.0, 4.2929, 0.0, 0.7453, 0.0, 0.0, 0.0, 0.0, 0.0, 1.021], "max_pos": 24, "max_act": 4.293}, {"tokens": [" water", ".", " He", " could", " not", " reach", " it", ".", " He", " felt", " very", " sad", ".", " He", " felt", " very", " lonely", ".", " He", " did", " not", " have", " his", " microphone", ".", " He", " did", " not", " have", " his", " friends", ".", " He"], "acts": [0.0, 2.2257, 0.0, 0.0, 0.0, 0.0, 0.0, 3.3363, 0.0, 0.0, 0.0, 0.0, 3.6539, 0.0, 0.0, 0.0, 0.0, 3.1793, 0.0, 0.0, 0.0, 0.0, 0.0, 0.0, 4.1018, 0.0, 0.0, 0.0, 0.0, 0.0, 0.0, 4.095, 0.0], "max_pos": 24, "max_act": 4.1016}, {"tokens": ["\n", "\n", "Lila", " was", " not", " lonely", " anymore", ".", " She", " had", " a", " friend", " to", " play", " with", ".", " She", " liked", " Ben", ".", " He", " liked", " her", " too", ".", " They", " shared", " their", " square", "s", " and", " their", " smiles"], "acts": [0.0, 0.0, 0.0, 0.0, 0.0, 0.0, 0.0, 1.3245, 0.0, 0.0, 0.0, 0.0, 0.0, 0.0, 0.0, 2.564, 0.0, 0.0, 0.0, 3.8034, 0.0, 0.0, 0.0, 0.0, 4.0623, 0.0, 0.0, 0.0, 0.0, 0.0, 0.0, 0.0, 0.0], "max_pos": 24, "max_act": 4.0625}, {"tokens": ["o", ".", " They", " watched", " him", " disapp", "ear", " in", " the", " sky", ".", " They", " felt", " very", " sad", " and", " angry", ".", " They", " lost", " their", " toy", " pengu", "in", ".", " They", " wished", " they", " had", " not", " left", " him", " alone"], "acts": [0.0, 2.0901, 0.0, 0.0, 0.0, 0.0, 0.0, 0.0, 0.0, 0.0, 2.6618, 0.0, 0.0, 0.0, 0.0, 0.0, 0.0, 3.2115, 0.0, 0.0, 0.0, 0.0, 0.0, 0.0, 4.0258, 0.0, 0.0, 0.0, 0.0, 0.0, 0.0, 0.0, 0.0], "max_pos": 24, "max_act": 4.0273}, {"tokens": ["Lily", " screamed", ".", " She", " was", " sad", " and", " scared", ".", " She", " lost", " her", " bath", "robe", ".", " She", " lost", " her", " toys", ".", " She", " lost", " her", " room", ".", " She", " lost", " her", " home", ".", " She", " wished", " she"], "acts": [0.0, 0.0, 0.4887, 0.0, 0.0, 0.0, 0.0, 0.0, 1.9339, 0.0, 0.0, 0.0, 0.0, 0.0, 3.1865, 0.0, 0.0, 0.0, 0.0, 3.5966, 0.0, 0.0, 0.0, 0.0, 4.0234, 0.0, 0.0, 0.0, 0.0, 3.9689, 0.0, 0.0, 0.0], "max_pos": 24, "max_act": 4.0234}, {"tokens": [" the", " doll", ".", " He", " looked", " around", " and", " saw", " nothing", ".", " He", " had", " no", " toys", ".", " He", " had", " no", " fun", ".", " He", " had", " no", " friend", ".", " He", " cried", " on", " the", " floor", ".", " The", " end"], "acts": [0.0, 0.0, 2.0997, 0.0, 0.0, 0.0, 0.0, 0.0, 0.0, 1.9692, 0.0, 0.0, 0.0, 0.0, 3.1263, 0.0, 0.0, 0.0, 0.0, 3.6429, 0.0, 0.0, 0.0, 0.0, 4.0139, 0.0, 0.0, 0.0, 0.0, 0.0, 3.114, 0.0, 0.0], "max_pos": 24, "max_act": 4.0156}, {"tokens": [" He", " loved", " yog", "urt", " too", ".", " He", " d", "ipped", " his", " finger", " in", " it", " and"], "acts": [0.0, 0.0, 0.0, 0.0, 0.0, 3.9772, 0.0, 0.0, 0.0, 0.0, 0.0, 0.0, 0.0, 0.0], "max_pos": 5, "max_act": 3.9766}, {"tokens": [" felt", " excited", ".", " They", " saw", " the", " trees", " and", " the", " sky", ".", " They", " heard", " Sam", " laugh", ".", " They", " laughed", " too", ".", " They", " liked", " the", " swing", ".", " They", " were", " not", " fearful", " anymore", ".", " They", " thanked"], "acts": [0.0, 0.0, 0.0, 0.0, 0.0, 0.0, 0.0, 0.0, 0.0, 0.0, 1.3462, 0.0, 0.0, 0.0, 0.0, 2.3147, 0.0, 0.0, 0.0, 2.9912, 0.0, 0.0, 0.0, 0.0, 3.9704, 0.0, 0.0, 0.0, 0.0, 0.0, 3.2071, 0.0, 0.0], "max_pos": 24, "max_act": 3.9707}, {"tokens": [" smiled", ".", " She", " liked", " cookies", ".", " She", " also", " liked", " magic", ".", " She", " wondered", " if", " she", " would", " see", " the", " magic"], "acts": [0.0, 0.0, 0.0, 0.0, 0.0, 3.1278, 0.0, 0.0, 0.0, 0.0, 3.9394, 0.0, 0.0, 0.0, 0.0, 0.0, 0.0, 0.0, 0.0], "max_pos": 10, "max_act": 3.9395}, {"tokens": [" hole", " and", " stom", "ped", " away", ".", " They", " decided", " to", " play", " something", " else", ".", " They", " did", " not", " like", " pr", "ank", "s", ".", " They", " liked", " treasure", ".", "<|endoftext|>", "Lily", " and", " Tom", " are", " twins", ".", " They"], "acts": [0.0, 0.0, 0.0, 0.0, 0.0, 0.0, 0.0, 0.0, 0.0, 0.0, 0.0, 0.0, 2.2257, 0.0, 0.0, 0.0, 0.0, 0.0, 0.0, 0.0, 2.7977, 0.0, 0.0, 0.0, 3.9268, 0.0, 0.0, 0.0, 0.0, 0.0, 0.0, 0.7781, 0.0], "max_pos": 24, "max_act": 3.9277}]}