{"id": 917, "density": 0.03404625, "max_act": 3.88671875, "hist": {"edges": [0.01, 0.0133, 0.0178, 0.0237, 0.0316, 0.0422, 0.0562, 0.075, 0.1, 0.1334, 0.1778, 0.2371, 0.3162, 0.4217, 0.5623, 0.7499, 1.0, 1.3335, 1.7783, 2.3714, 3.1623, 4.217, 5.6234, 7.4989, 10.0, 13.3352, 17.7828, 23.7137, 31.6228, 42.1697, 56.2341, 74.9894, 100.0], "counts": [0, 0, 0, 0, 0, 0, 0, 0, 0, 6, 139, 1657, 9264, 23105, 30247, 24205, 18226, 14652, 10249, 4232, 203, 0, 0, 0, 0, 0, 0, 0, 0, 0, 0, 0]}, "logit_lens": {"promoted": [[" Sara", 0.692], ["Sara", 0.554], ["John", 0.475], [" John", 0.446], [" Benny", 0.396], [" Mary", 0.395], ["Benny", 0.392], [" Lucy", 0.374], ["Mary", 0.338], [" mother", 0.331]], "suppressed": [[" prince", 0.268], [" daddy", 0.244], [" princess", 0.226], [" trust", 0.223], [" fu", 0.223], [" jewel", 0.221], [" treasures", 0.218], [" Sam", 0.217], [" Nemo", 0.212], [" boats", 0.21]]}, "examples": [{"tokens": ["s", " and", " n", "u", "zz", "led", " Sara", "'s", " che", "ek", ".", " He", " was", " happy", " and", " grateful", ".", "\n", "\n", "\"", "Thank", " you", ",", " Sara", ",\"", " he", " said", " in", " his", " horse", " way", ".", " \""], "acts": [0.0, 0.0, 0.0, 0.0, 0.0, 0.0, 0.0, 0.0, 0.0, 0.0, 2.4893, 0.0, 0.0, 0.0, 0.0, 0.0, 2.3106, 1.7085, 3.3101, 0.0, 0.0, 0.0, 3.1368, 0.0, 3.8861, 0.0, 2.6501, 0.0, 0.88, 0.0, 0.0, 2.5153, 0.0], "max_pos": 24, "max_act": 3.8867}, {"tokens": [" smart", " and", " fun", ".", " You", " can", " do", " many", " things", " with", " your", " no", "ses", ".", " I", " wish", " I", " had", " a", " nose", " like", " yours", ".\"", "\n", "\n", "The", " elephant", "s", " smiled", " and", " shook", " their", " head"], "acts": [0.0, 0.0, 0.0, 0.0, 0.0, 0.0, 0.0, 0.0, 0.0, 0.0, 0.0, 0.0, 0.0, 0.4013, 0.0, 0.0, 0.0, 0.0, 0.0, 0.0, 0.0, 0.0, 2.8542, 1.9184, 3.7097, 0.7326, 0.0, 0.0, 0.0, 0.0, 0.0, 0.0, 0.0], "max_pos": 24, "max_act": 3.709}, {"tokens": [" with", " the", " sm", "u", "dge", ".", " You", " are", " very", " tal", "ent", "ed", " and", " I", " love", " your", " picture", ".", " And", " I", " love", " you", ".\"", "\n", "\n", "Sara", " smiles", " and", " says", ",", " \"", "Thank", " you"], "acts": [0.0, 0.0, 0.0, 0.0, 0.0, 1.618, 0.0, 0.0, 0.0, 0.0, 0.0, 0.0, 0.0, 0.0, 0.7829, 0.0, 0.0, 0.9469, 1.9985, 0.0, 0.0, 0.0, 3.0249, 2.281, 3.6935, 0.0, 0.0, 2.001, 1.2423, 0.0, 0.5961, 0.0, 0.0], "max_pos": 24, "max_act": 3.6934}, {"tokens": ["ing", " the", " stick", ".", "\n", "\n", "\"", "Sorry", ",", " dog", ".\"", " Ben", " says", ".", "\n", "\n", "He", " is", " sorry", " for", " being", " scared", ".", "\n", "\n", "\"", "That", "'s", " okay", ",", " kids", ".", " Rex"], "acts": [0.0, 0.0, 0.0, 1.561, 1.2969, 3.4968, 0.0, 0.0, 2.5252, 0.0, 2.9243, 0.0, 0.0, 0.348, 1.0852, 3.5182, 0.0, 0.0, 0.0, 0.0, 0.0, 0.0, 1.056, 1.6202, 3.6591, 0.0, 0.0, 0.0, 0.0, 2.7769, 0.0, 0.0, 0.0], "max_pos": 24, "max_act": 3.6582}, {"tokens": [".", "\n", "\n", "\"", "You", "'re", " welcome", ",", " but", " can", " I", " have", " it", " back", " soon", "?", " I", " want", " to", " wear", " it", " for", " the", " games", ",\"", " she", " said", ".", "\n", "\n", "\"", "Of", " course"], "acts": [1.8888, 1.2503, 3.081, 0.0, 0.0, 0.0, 0.0, 2.7471, 0.0, 0.0, 0.0, 0.0, 0.0, 0.0, 0.0, 0.0, 0.0, 0.0, 0.0, 0.0, 0.0, 0.0, 0.0, 0.0, 3.6264, 0.0, 1.9666, 2.4106, 1.1368, 3.1232, 0.0, 0.0, 0.0], "max_pos": 24, "max_act": 3.627}, {"tokens": [" and", " wr", "it", "es", " \"", "Sara", "\"", " on", " the", " bowl", ".", " She", " is", " happy", ".", " She", " shows", " the", " bowl", " to", " her", " mom", ".", "\n", "\n", "Mom", " sees", " the", " bowl", " and", " is", " not", " happy"], "acts": [1.0397, 0.0, 0.0, 0.0, 0.8452, 0.0, 0.0, 0.0, 0.9361, 0.0, 0.8054, 0.0, 0.0, 0.0, 0.7481, 0.0, 1.426, 0.6922, 0.0, 2.0538, 0.0, 0.0, 1.3517, 2.1946, 3.6148, 0.0, 2.4627, 0.6186, 0.0, 0.0, 0.0, 0.0, 0.0], "max_pos": 24, "max_act": 3.6152}, {"tokens": [" do", " not", " like", " it", ".", " They", " sp", "it", " it", " out", " and", " say", ",", " \"", "Y", "uck", "!", " C", "o", "ffee", " is", " bad", "!\"", "\n", "\n", "The", " man", " laughs", " and", " says", ",", " \"", "C"], "acts": [0.0, 0.0, 1.0339, 0.0, 1.8121, 0.0, 0.0, 0.0, 0.0, 0.0, 1.0209, 0.0, 0.0, 1.3237, 0.0, 0.0, 0.8534, 0.0, 0.0, 0.0, 0.0, 0.0, 2.5944, 2.5244, 3.5832, 0.6983, 0.7682, 0.0, 0.0, 0.0, 0.0, 0.7434, 0.0], "max_pos": 24, "max_act": 3.584}, {"tokens": [" girl", ".", " We", " are", " very", " proud", " of", " you", ".", " Your", " paint", "ings", " are", " wonderful", ".", " You", " have", " a", " very", " good", " tal", "ent", ".\"", "\n", "\n", "Sara", " smiled", " and", " said", ",", " \"", "Thank", " you"], "acts": [0.0, 0.0, 0.0, 0.0, 0.0, 0.0, 1.1431, 0.0, 0.8616, 0.0, 0.0, 0.0, 0.0, 0.0, 0.6234, 0.0, 0.0, 0.0, 0.0, 0.0, 0.0, 0.0, 2.8685, 2.3781, 3.5588, 0.0, 0.0, 0.832, 1.1001, 0.0, 0.5801, 0.0, 0.0], "max_pos": 24, "max_act": 3.5586}, {"tokens": ["W", "oof", ",", " w", "oof", ".", " ", "Yes", ",", " Sara", ".", " I", " want", " to", " play", " with", " you", ".", " You", " are", " my", " friend", ".\"", "\n", "\n", "Max", " wat", "ches", " them", " and", " s", "igh", "s"], "acts": [0.0, 0.0, 0.9277, 0.0, 0.0, 0.0, 0.0, 0.0, 2.5606, 0.0, 0.0, 0.0, 0.0, 0.0, 0.0, 0.8581, 0.0, 0.0, 0.0, 0.0, 0.0, 0.0, 2.7943, 2.022, 3.5459, 0.0, 0.0, 1.0672, 0.0, 0.0, 0.0, 0.0, 0.0], "max_pos": 24, "max_act": 3.5449}, {"tokens": [" again", ".", " She", " hid", " behind", " her", " mom", "'s", " leg", ".", "\n", "\n", "\"", "Hello", ",", " everyone", ",", " this", " is", " Sara", ",", " the", " birthday", " girl", ",\"", " her", " mom", " said", ".", " She", " lifted", " Sara", " up"], "acts": [0.0, 2.0126, 0.0, 0.0, 0.0, 0.0, 0.0, 0.0, 0.0, 1.9404, 1.2222, 2.8428, 0.7416, 0.0, 2.5175, 0.0, 2.1783, 0.0, 0.0, 0.0, 2.0932, 0.0, 0.0, 0.0, 3.5422, 0.0, 0.0, 1.9444, 2.5309, 0.0, 1.1838, 0.0, 0.0], "max_pos": 24, "max_act": 3.543}, {"tokens": [" r", "ipped", " your", " painting", ".", " It", " was", " wrong", " of", " me", ".", " You", " are", " a", " good", " painter", ".", " Your", " paint", "ings", " are", " beautiful", ".\"", "\n", "\n", "Sara", " opened", " the", " door", " a", " little", ".", " She"], "acts": [0.0, 0.0, 0.0, 0.0, 0.0, 0.0, 0.0, 0.0, 0.0, 0.0, 0.7225, 0.0, 0.0, 0.9005, 0.0, 0.0, 0.6055, 0.0, 0.0, 0.0, 0.0, 0.0, 3.2668, 2.252, 3.5418, 0.0, 0.0, 0.0, 0.0, 0.0, 0.0, 2.1495, 0.0], "max_pos": 24, "max_act": 3.541}, {"tokens": ["ch", " her", " skin", " or", " hurt", " her", " ears", " if", " she", " we", "ars", " them", " too", " long", ".", "\n", "\n", "Sara", " feels", " sorry", ".", " She", " says", " sorry", " to", " mom", " and", " hugs", " her", ".", " Mom", " hugs", " her"], "acts": [0.0, 0.0, 0.0, 0.0, 0.0, 0.0, 0.0, 0.0, 0.0, 0.0, 0.0, 0.0, 0.0, 0.0, 2.4061, 1.858, 3.1786, 0.0, 0.0, 0.0, 2.5323, 0.0, 0.4625, 0.0, 3.5297, 0.0, 1.4461, 2.0977, 0.0, 2.675, 0.0, 2.2777, 0.0], "max_pos": 24, "max_act": 3.5293}]}