{"id": 918, "density": 0.0248615, "max_act": 6.55859375, "hist": {"edges": [0.01, 0.0133, 0.0178, 0.0237, 0.0316, 0.0422, 0.0562, 0.075, 0.1, 0.1334, 0.1778, 0.2371, 0.3162, 0.4217, 0.5623, 0.7499, 1.0, 1.3335, 1.7783, 2.3714, 3.1623, 4.217, 5.6234, 7.4989, 10.0, 13.3352, 17.7828, 23.7137, 31.6228, 42.1697, 56.2341, 74.9894, 100.0], "counts": [0, 0, 0, 0, 0, 0, 0, 0, 0, 7, 103, 611, 2532, 7477, 13192, 15872, 15209, 14032, 12209, 8512, 6960, 2627, 103, 0, 0, 0, 0, 0, 0, 0, 0, 0]}, "logit_lens": {"promoted": [[" glad", 0.254], [" his", 0.232], [" not", 0.226], [" happy", 0.225], [" silly", 0.225], [" nice", 0.214], [" just", 0.212], [" sweet", 0.204], [" your", 0.203], [" proud", 0.203]], "suppressed": [["in", 0.348], [" perm", 0.325], [" distance", 0.31], ["op", 0.296], ["un", 0.288], ["ing", 0.275], [" question", 0.259], ["on", 0.258], ["ar", 0.255], ["all", 0.253]]}, "examples": [{"tokens": [" do", " it", " again", ",", " Ben", ".", " I", " will", " not", " do", " it", " again", ".\"", " Sara", " said", ".", "\n", "\n", "Ben", " smiled", " at", " Sara", ".", " He", " was", " glad", " Sara", " was", " sorry", ".", " He", " was", " also"], "acts": [0.0, 0.0, 0.0, 0.0, 0.0, 0.0, 0.0, 0.0, 0.0, 0.0, 0.0, 0.0, 0.0, 0.0, 0.0, 0.0, 0.8247, 0.0, 0.0, 0.0, 0.0, 0.0, 0.0, 0.0, 6.5592, 0.0, 0.0, 4.5359, 0.0, 0.8731, 0.0, 6.3012, 4.1253], "max_pos": 24, "max_act": 6.5586}, {"tokens": [" was", " a", " potato", ".", " Can", " we", " have", " something", " else", "?\"", " Tom", " said", ".", "\n", "\n", "Mom", " smiled", ".", " She", " was", " not", " angry", ".", " She", " was", " glad", " that", " they", " did", " not", " eat", " the", " tr"], "acts": [1.8538, 0.0, 0.0, 0.0, 0.0, 0.0, 0.0, 0.0, 0.0, 0.0, 0.0, 0.0, 0.0, 0.0, 0.0, 0.0, 0.0, 0.0, 0.0, 5.1411, 0.8826, 0.0, 0.0, 0.0, 6.5513, 0.0, 0.0, 0.0, 0.0, 0.0, 0.0, 0.0, 0.0], "max_pos": 24, "max_act": 6.5508}, {"tokens": [" We", " are", " sorry", ",", " Mom", ".\"", " Anna", " and", " Ben", " said", ".", "\n", "\n", "Mom", " hugged", " them", ".", " She", " was", " not", " angry", " anymore", ".", " She", " was", " glad", " that", " they", " were", " honest", ".", "\n", "\n"], "acts": [0.0, 3.5588, 0.0, 0.0, 0.0, 0.0, 0.0, 0.0, 0.0, 0.0, 0.0, 0.5047, 0.0, 0.0, 0.0, 0.0, 0.0, 0.0, 5.9071, 1.2988, 0.0, 0.0, 0.0, 0.0, 6.5325, 0.0, 0.0, 0.0, 3.2715, 0.0, 0.7218, 0.0, 0.0], "max_pos": 24, "max_act": 6.5312}, {"tokens": [".", " They", " told", " her", " they", " were", " sorry", ".", "\n", "\n", "She", " listened", " to", " them", ".", " She", " was", " not", " angry", ".", " She", " was", " glad", " they", " were", " safe", ".", " She", " loved", " them"], "acts": [0.0, 0.0, 0.0, 0.0, 0.0, 2.7692, 0.0, 0.0, 0.0, 0.0, 0.0, 0.0, 0.0, 0.0, 0.0, 0.0, 6.085, 1.8737, 0.0, 0.6056, 0.0, 6.4592, 0.0, 0.0, 3.5943, 0.0, 0.0, 0.0, 0.0, 0.0], "max_pos": 21, "max_act": 6.4609}, {"tokens": [" not", " just", " yourself", ".", " Do", " you", " understand", "?\"", "\n", "\n", "Tom", " nodded", ".", " He", " understood", ".", " He", " was", " not", " kind", " to", " Lily", ".", " He", " was", " mean", ".", "\n", "\n", "\"", "I", " am", " sorry"], "acts": [0.0, 0.0, 0.0, 0.0, 0.0, 0.0, 0.0, 0.0, 0.0, 0.0, 0.0, 0.0, 0.0, 0.0, 0.0, 0.0, 0.0, 5.7216, 1.6844, 0.0, 0.0, 0.0, 0.9334, 0.0, 6.3079, 0.0, 0.9455, 0.0, 0.0, 0.0, 0.0, 3.3158, 0.0], "max_pos": 24, "max_act": 6.3086}, {"tokens": [" understand", ".", " They", " hug", " Mom", " and", " say", " sorry", " again", ".", "\n", "\n", "Mom", " hugs", " them", " back", ".", " She", " is", " not", " angry", " anymore", ".", " She", " is", " glad", " they", " are", " sorry", ".", " She", " knows", " they"], "acts": [0.0, 0.0, 0.0, 0.0, 0.0, 0.0, 0.0, 0.0, 0.0, 0.0, 0.0, 0.0, 0.0, 0.0, 0.0, 0.0, 0.0, 0.0, 5.3738, 1.4013, 0.0, 0.0, 0.5942, 0.0, 6.2304, 0.0, 0.0, 3.4362, 0.0, 0.0, 0.0, 0.0, 0.0], "max_pos": 24, "max_act": 6.2305}, {"tokens": [" cookie", " on", " the", " track", ".", " She", " sees", " Tom", "'s", " sad", " face", ".", " She", " is", " not", " angry", ".", " She", " is", " sorry", ".", " She", " hugs", " Tom", " and", " says", ","], "acts": [0.0, 0.0, 0.0, 0.0, 0.0, 0.0, 0.0, 0.0, 0.0, 0.0, 0.0, 0.0, 0.0, 5.0015, 1.2486, 0.0, 0.0, 0.0, 6.2191, 0.0, 0.0, 0.0, 0.0, 0.0, 0.0, 0.0, 0.0], "max_pos": 18, "max_act": 6.2188}, {"tokens": [" we", " love", " you", " more", ",\"", " they", " said", ".", "\n", "\n", "Mom", " smiled", " and", " hugged", " them", " back", ".", " She", " was", " not", " angry", " anymore", ".", " She", " was", " glad", " they", " apolog", "ized", " and"], "acts": [0.0, 0.0, 0.0, 0.0, 0.0, 0.0, 0.0, 0.0, 0.5211, 0.0, 0.0, 0.0, 0.0, 0.0, 0.0, 0.0, 0.0, 0.0, 5.6066, 1.7553, 0.0, 0.0, 0.6885, 0.0, 6.2181, 0.0, 0.0, 0.0, 0.0, 0.0], "max_pos": 24, "max_act": 6.2188}, {"tokens": [".", " Be", " good", ".\"", "\n", "\n", "Lily", " and", " Ben", " looked", " at", " mom", ".", " They", " saw", " her", " face", ".", " She", " was", " not", " angry", ".", " She", " was", " kind", ".", " They", " felt", " sorry", " for", " mom", "."], "acts": [0.0, 1.285, 0.0, 0.0, 0.0, 0.0, 0.0, 0.0, 0.0, 1.729, 0.0, 0.0, 0.0, 0.0, 0.0, 0.0, 0.0, 0.0, 0.0, 5.3871, 1.2503, 0.0, 0.7053, 0.0, 6.1362, 0.0, 0.9136, 0.0, 1.9185, 0.0, 0.0, 0.0, 0.0], "max_pos": 24, "max_act": 6.1367}, {"tokens": ["Lily", " sniff", "ed", " and", " wiped", " her", " tears", ".", " She", " looked", " at", " Mom", "'s", " face", ".", " She", " saw", " that", " Mom", " was", " not", " mean", ".", " She", " was", " kind", " and", " car", "ing", ".", " She", " felt", " sorry"], "acts": [0.0, 0.0, 0.0, 0.0, 0.0, 0.0, 0.0, 0.0, 0.0, 1.7803, 0.0, 0.0, 0.0, 0.0, 0.0, 0.0, 0.0, 0.0, 0.0, 3.7105, 0.0, 0.0, 0.8323, 0.0, 6.1351, 0.0, 1.1062, 0.0, 0.0, 0.0, 0.0, 2.5742, 0.0], "max_pos": 24, "max_act": 6.1367}, {"tokens": [" are", " mean", ".", " I", " don", "'t", " like", " you", "!\"", "\n", "\n", "Ben", " felt", " sorry", ".", " He", " did", " not", " mean", " to", " hurt", " Lily", ".", " He", " was", " just", " mad", ".", " He", " looked", " at", " the", " red"], "acts": [3.4882, 0.0, 0.0, 0.0, 0.0, 0.0, 0.0, 0.0, 0.0, 0.0, 0.0, 0.0, 1.7097, 0.0, 0.8814, 0.0, 2.3195, 0.0, 0.0, 0.0, 0.0, 0.0, 0.8088, 0.0, 6.131, 3.9453, 0.0, 0.8997, 0.0, 2.0211, 0.0, 0.0, 0.0], "max_pos": 24, "max_act": 6.1328}, {"tokens": [" We", " are", " sorry", ",", " friend", ".\"", " They", " hugged", " each", " other", ".", " They", " were", " not", " angry", " anymore", ".", "\n", "\n", "They", " took"], "acts": [0.0, 3.538, 0.0, 0.0, 0.0, 0.0, 0.0, 0.0, 0.0, 0.0, 0.0, 0.0, 6.1223, 2.0978, 0.0, 0.0, 0.0, 0.0, 0.0, 0.0, 0.0], "max_pos": 12, "max_act": 6.1211}]}