{"id": 929, "density": 0.01825525, "max_act": 6.7890625, "hist": {"edges": [0.01, 0.0133, 0.0178, 0.0237, 0.0316, 0.0422, 0.0562, 0.075, 0.1, 0.1334, 0.1778, 0.2371, 0.3162, 0.4217, 0.5623, 0.7499, 1.0, 1.3335, 1.7783, 2.3714, 3.1623, 4.217, 5.6234, 7.4989, 10.0, 13.3352, 17.7828, 23.7137, 31.6228, 42.1697, 56.2341, 74.9894, 100.0], "counts": [0, 0, 0, 0, 0, 0, 0, 0, 0, 1, 14, 178, 1712, 7512, 15067, 17020, 12429, 7989, 5529, 3285, 1757, 499, 29, 0, 0, 0, 0, 0, 0, 0, 0, 0]}, "logit_lens": {"promoted": [[" what", 0.292], [" for", 0.236], [" mine", 0.18], ["?", 0.176], [" car", 0.172], ["n", 0.169], [" not", 0.167], ["What", 0.164], [" bad", 0.163], [",", 0.155]], "suppressed": [["ild", 0.369], [" smile", 0.333], ["ind", 0.295], ["ick", 0.288], [" set", 0.285], ["arl", 0.281], ["r", 0.28], ["ten", 0.277], [" smiles", 0.275], ["ars", 0.274]]}, "examples": [{"tokens": ["\n", "The", " little", " girl", " looked", " around", " and", " replied", ",", " \"", "I", " want", " to", " learn", " how", " to", " cook", "!\"", " \n", "\n", "\"", "C", "oo", "king", " is", " a", " serious", " thing", ",\"", " Daddy", " said", ".", " He"], "acts": [0.0, 0.0, 0.0, 0.0, 0.0, 0.0, 0.0, 0.0, 0.0, 0.337, 0.0, 0.0, 0.0, 0.0, 0.0, 0.0, 0.0, 0.0, 0.0, 0.0, 0.0, 0.0, 0.0, 0.0, 6.7905, 0.9852, 0.0, 0.0, 0.0, 0.0, 0.0, 0.0, 0.0], "max_pos": 24, "max_act": 6.7891}, {"tokens": [".", "\n", "\n", "Her", " mommy", " laughed", ".", "\n", "\n", "\"", "S", "omed", "ay", " you", " can", " be", " what", "ever", " you", " want", ".", " F", "ly", "ing", " is", " an", " interesting", " job", "!\"", "\n", "\n", "From", " that"], "acts": [0.0, 0.0, 0.0, 0.0, 0.0, 0.0, 0.0, 0.0, 0.0, 0.0, 0.0, 0.0, 0.0, 0.0, 0.0, 0.466, 0.0, 0.0, 0.0, 1.0161, 0.0, 0.0, 0.0, 0.0, 6.4541, 1.694, 0.0, 0.7669, 0.0, 0.0, 0.0, 0.0, 0.0], "max_pos": 24, "max_act": 6.4531}, {"tokens": [" \"", "P", "izz", "a", "?", " P", "izz", "a", " is", " not", " very", " healthy", ".", " It", " has", " a", " lot"], "acts": [0.0, 0.0, 0.0, 0.0, 2.0806, 0.0, 0.0, 0.0, 6.2848, 2.0308, 0.0, 0.0, 0.7737, 0.0, 0.0, 0.0, 0.0], "max_pos": 8, "max_act": 6.2852}, {"tokens": [" I", " do", ".", " I", " love", " to", " read", "!\"", " \n", "\n", "The", " tall", " man", " smiled", " and", " said", ",", " \"", "Me", " too", "!", " R", "ead", "ing", " is", " one", " of", " the", " best", " things", " in", " life", ".\""], "acts": [0.0, 0.0, 0.0, 0.0, 0.0, 0.0, 0.0, 0.0, 0.0, 0.0, 0.0, 0.0, 0.0, 0.0, 0.0, 0.0, 0.0, 0.0, 0.0, 0.0, 0.0, 0.0, 0.0, 1.0968, 6.2621, 0.0, 0.0, 0.0, 0.0, 0.0, 0.0, 0.0, 0.0], "max_pos": 24, "max_act": 6.2617}, {"tokens": [" made", " the", " room", " warm", " and", " bright", ".", " They", " wanted", " to", " touch", " the", " fire", ",", " but", " grandma", " said", " no", ".", "\n", "\n", "\"", "F", "ire", " is", " hot", " and", " can", " hurt", " you", ",\"", " grandma", " said"], "acts": [0.0, 0.0, 0.0, 0.0, 0.0, 0.0, 0.0, 0.0, 0.0, 0.0, 0.0, 0.0, 0.0, 0.0, 0.0, 0.0, 0.0, 0.0, 0.0, 0.0, 0.0, 0.0, 0.0, 0.0, 6.2365, 0.0, 0.0, 1.6245, 0.0, 0.0, 0.0, 0.0, 0.0], "max_pos": 24, "max_act": 6.2383}, {"tokens": [" liked", " her", " gem", ",", " but", " she", " also", " liked", " to", " play", ".", " She", " remembered", " that", " her", " mom", " always", " said", ":", " \"", "S", "h", "ar", "ing", " is", " car", "ing", ".\"", " She", " smiled", " and", " said", ":"], "acts": [0.0, 0.0, 0.0, 0.0, 0.0, 0.0, 0.0, 0.0, 0.0, 0.7093, 0.0, 0.0, 0.0, 0.0, 0.0, 0.0, 0.7831, 0.0, 0.0, 0.0, 0.0, 0.0, 0.0, 1.428, 6.2229, 0.0, 0.0, 0.0, 0.0, 0.0, 0.0, 0.0, 0.0], "max_pos": 24, "max_act": 6.2227}, {"tokens": [" and", " Tom", " made", " a", " face", ".", " They", " did", " not", " like", " broccoli", ".", " It", " was", " green", " and", " bitter", ".", "\n", "\n", "\"", "B", "ro", "ccoli", " is", " y", "ucky", ",\"", " Lily", " said", ".", "\n", "\n"], "acts": [0.0, 0.0, 0.0, 0.0, 0.0, 0.0, 0.0, 0.0, 0.0, 0.0, 0.0, 0.0, 0.0, 0.0, 0.0, 0.0, 0.0, 0.0, 0.0, 0.0, 0.0, 0.0, 0.0, 1.6075, 6.1516, 0.0, 0.0, 0.0, 0.0, 0.0, 0.0, 0.0, 0.0], "max_pos": 24, "max_act": 6.1523}, {"tokens": ["\n", "\"", "But", " we", " do", " not", " want", " to", " pray", ".", " We", " want", " to", " play", ",\"", " Ben", " says", ".", "\n", "\n", "\"", "P", "ray", "ing", " is", " like", " talking", " to", " Go", "d", ".", " He", " loves"], "acts": [0.0, 0.0, 0.0, 0.0, 0.0, 0.0, 0.0, 0.0, 0.0, 0.0, 0.0, 0.0, 0.0, 0.0, 0.0, 0.0, 0.0, 0.0, 0.0, 0.0, 0.0, 0.0, 0.0, 0.0, 6.0447, 0.0, 0.0, 0.0, 0.0, 0.0, 0.8201, 0.0, 0.0], "max_pos": 24, "max_act": 6.043}, {"tokens": [" smelled", " the", " soup", ".", " It", " was", " hot", " and", " yummy", ".", "\n", "\n", "\"", "S", "oup", " is", " ready", ",", " Lily", " and", " Tom", "!", " Come", " and"], "acts": [0.0, 0.0, 0.0, 0.0, 0.0, 0.0, 0.0, 0.0, 0.0, 0.0, 0.0, 0.0, 0.0, 0.0, 0.0, 6.0024, 0.0, 0.0, 0.0, 0.0, 0.0, 0.7116, 0.0, 0.0], "max_pos": 15, "max_act": 6.0039}, {"tokens": [" mother", " questions", ".", "\n", "\n", "\"", "Mom", ",", " why", " do", " we", " make", " honey", "?\"", " she", " asked", " one", " day", ".", "\n", "\n", "\"", "H", "oney", " is", " our", " food", ",", " de", "ar", ".", " We", " work"], "acts": [0.0, 0.0, 0.0, 0.0, 0.0, 0.0, 0.0, 0.0, 0.0, 0.0, 0.0, 0.0, 0.0, 0.0, 0.0, 0.0, 0.0, 0.0, 0.0, 0.0, 0.0, 0.0, 0.0, 0.0, 5.9869, 0.0, 0.0, 0.0, 0.0, 0.0, 1.5074, 0.0, 0.0], "max_pos": 24, "max_act": 5.9883}, {"tokens": ["izzy", " was", " curious", " and", " asked", ",", " \u00e2\u20ac\u0153", "What", " is", " sun", "r", "ise", "?\u00e2\u20ac", "\n", "\n", "P", "eter", " explained", ",", " \u00e2\u20ac\u0153", "S", "un", "r", "ise", " is", " when", " the", " sun", " comes", " back", " out", " again", " after"], "acts": [0.0, 0.9902, 0.0, 0.0, 0.0, 0.0, 0.0, 0.0, 3.7644, 0.0, 0.0, 0.0, 0.0, 0.0, 0.0, 0.0, 0.0, 0.0, 0.0, 0.0, 0.0, 0.0, 0.0, 1.1198, 5.9147, 0.0, 0.0, 0.0, 0.0, 0.0, 0.0, 0.0, 0.0], "max_pos": 24, "max_act": 5.9141}, {"tokens": [" was", " made", " of", " pl", "astic", ".", " Tom", " grabbed", " his", " st", "aff", " and", " said", ",", " \"", "That", " st", "aff", " is", " not", " real", "!", " M", "ine", " is", " special", " and", " it", " fit", "s", " the", " best", "!\"."], "acts": [0.0, 0.0, 0.0, 0.0, 0.0, 0.0, 0.0, 0.0, 0.0, 0.0, 0.0, 0.0, 0.0, 0.0, 0.0, 0.0, 0.0, 0.0, 4.7056, 1.53, 0.0, 0.0, 0.0, 0.0, 5.8952, 0.0, 0.0, 0.0, 0.0, 0.0, 0.0, 0.0, 0.0], "max_pos": 24, "max_act": 5.8945}]}