{"id": 956, "density": 0.012743, "max_act": 7.3671875, "hist": {"edges": [0.01, 0.0133, 0.0178, 0.0237, 0.0316, 0.0422, 0.0562, 0.075, 0.1, 0.1334, 0.1778, 0.2371, 0.3162, 0.4217, 0.5623, 0.7499, 1.0, 1.3335, 1.7783, 2.3714, 3.1623, 4.217, 5.6234, 7.4989, 10.0, 13.3352, 17.7828, 23.7137, 31.6228, 42.1697, 56.2341, 74.9894, 100.0], "counts": [0, 0, 0, 0, 0, 0, 0, 0, 0, 0, 25, 219, 1499, 4855, 8696, 9101, 7778, 5694, 5050, 3378, 1470, 2143, 1064, 0, 0, 0, 0, 0, 0, 0, 0, 0]}, "logit_lens": {"promoted": [[" ag", 0.359], ["t", 0.347], [" please", 0.319], [" course", 0.311], ["ti", 0.301], [" enough", 0.3], [" of", 0.298], [" thank", 0.298], [" let", 0.288], ["ention", 0.286]], "suppressed": [[" working", 0.216], [" doing", 0.209], [" cleaning", 0.174], [" cross", 0.173], [" moving", 0.165], [" mat", 0.164], ["igh", 0.162], ["ip", 0.161], [" on", 0.161], [" round", 0.159]]}, "examples": [{"tokens": [" it", ".", " He", " asked", " his", " mom", ",", " \"", "Can", " I", " have", " a", " lemon", ",", " please", "?\"", "\n", "\n", "His", " mom", " said", ",", " \"", "Yes", ",", " but", " you", " must", " ask", " the", " owner", " of", " the"], "acts": [0.0, 0.0, 0.0, 0.0, 0.0, 0.0, 0.0, 0.0, 0.0, 0.0, 0.0, 0.0, 0.0, 2.3108, 0.0, 0.0, 0.0, 0.0, 0.0, 0.0, 0.0, 0.5795, 0.0, 2.7189, 7.3675, 3.9109, 0.0, 0.0, 0.0, 0.0, 0.0, 0.0, 0.0], "max_pos": 24, "max_act": 7.3672}, {"tokens": [" I", " take", " a", " nap", "?\"", " Her", " mom", " said", ",", " \"", "Yes", ",", " Lily", ".", " You", " can", " go", " to", " your", " room"], "acts": [0.0, 0.0, 0.0, 0.0, 0.0, 0.0, 0.0, 0.0, 0.0, 0.0, 3.4821, 7.2064, 1.057, 2.7834, 0.6082, 1.4061, 0.0, 0.0, 0.0, 0.0], "max_pos": 11, "max_act": 7.207}, {"tokens": [" a", " run", ".", "\n", "\n", "The", " girl", " asked", " her", " mom", ",", " \"", "Can", " I", " go", " for", " a", " run", "?\"", " Mom", " said", ",", " \"", "Yes", ",", " but", " be", " careful", ".\"", "\n", "\n", "So", " off"], "acts": [0.0, 0.0, 0.0, 0.0, 0.0, 0.0, 0.0, 0.0, 0.0, 0.0, 0.0, 0.0, 0.0, 0.0, 0.0, 0.0, 0.0, 0.0, 0.0, 0.0, 0.0, 0.0, 0.4683, 2.7053, 7.203, 3.7803, 0.9317, 0.0, 0.8035, 0.0, 0.0, 0.0, 0.0], "max_pos": 24, "max_act": 7.2031}, {"tokens": [" pot", ".", " \n", "\n", "\"", "Can", " I", " mix", " it", " with", " a", " spoon", "?\"", " the", " little", " boy", " asked", " his", " mommy", ".", "\n", "\n", "\"", "Yes", ",", " you", " can", " mix", " it", "!\"", " his", " mommy", " said"], "acts": [0.0, 0.0, 0.0, 0.0, 0.0, 0.0, 0.0, 0.0, 0.0, 0.0, 0.0, 0.0, 0.0, 0.0, 0.0, 0.0, 0.0, 0.0, 0.0, 0.0, 0.0, 0.0, 0.0, 2.4783, 7.195, 3.2123, 2.5058, 0.0, 0.0, 0.5575, 0.0, 0.0, 0.5983], "max_pos": 24, "max_act": 7.1953}, {"tokens": [" mom", ",", " \"", "Can", " we", " get", " ice", " cream", " from", " the", " free", "z", "er", ",", " please", "?\"", "\n", "\n", "His", " mom", " said", ",", " \"", "Yes", ",", " Tom", "!", " But", " first", ",", " you", " have", " to"], "acts": [0.0, 0.0, 0.0, 0.0, 0.0, 0.0, 0.0, 0.0, 0.0, 0.0, 0.0, 0.0, 0.0, 1.2528, 0.0, 0.0, 0.0, 0.0, 0.0, 0.0, 0.0, 0.4495, 0.0, 2.72, 7.1911, 0.8549, 2.7021, 2.2916, 0.0, 2.0058, 0.0, 0.0, 0.0], "max_pos": 24, "max_act": 7.1914}, {"tokens": [" She", " asks", " her", " mom", " if", " she", " can", ".", "\n", "\n", "\"", "Yes", ",", " you", " can", ",", " but", " be", " careful", ",\"", " her"], "acts": [0.0, 0.0, 0.0, 0.0, 0.0, 0.0, 0.0, 0.0, 0.0, 0.0, 0.0, 2.2989, 7.1508, 3.9137, 2.9593, 3.5504, 2.5337, 0.0, 0.0, 0.0, 0.0], "max_pos": 12, "max_act": 7.1523}, {"tokens": [" said", ",", " \"", "It", "'s", " so", " pretty", "!", " Can", " I", " try", " it", " on", "?\"", "\n", "\n", "Her", " mom", " said", ",", " \"", "Yes", ",", " of", " course", "!", " That", " would", " be", " very", " special"], "acts": [0.0, 0.0, 0.0, 0.0, 0.0, 0.0, 0.0, 0.0, 0.0, 0.0, 0.0, 0.0, 0.0, 0.0, 0.0, 0.0, 0.0, 0.0, 0.0, 0.3236, 0.0, 2.1414, 7.1125, 2.3081, 2.0504, 1.9273, 0.0, 0.0, 0.0, 0.0, 0.0], "max_pos": 22, "max_act": 7.1133}, {"tokens": [" The", " little", " girl", " smiled", " when", " she", " saw", " it", " and", " asked", " her", " dad", ",", " \"", "Can", " I", " eat", " it", "?\".", " He", " said", ",", " \"", "Yes", ",", " go", " ahead", " and", " enjoy", "\".", " \n", "\n", "She"], "acts": [0.0, 0.0, 0.0, 0.0, 0.0, 0.0, 0.0, 0.0, 0.0, 0.0, 0.0, 0.0, 0.0, 0.0, 0.0, 0.0, 0.0, 0.0, 0.0, 0.0, 0.4015, 0.6, 0.7277, 2.7806, 7.0943, 1.0306, 0.0, 1.0004, 0.0, 0.0, 0.0, 0.0, 0.0], "max_pos": 24, "max_act": 7.0938}, {"tokens": ["W", "ould", " you", " like", " some", " cake", "?\"", " he", " asked", ".", " \n", "\n", "The", " little", " girl", " was", " very", " excited", ".", " She", " said", ",", " \"", "Yes", ",", " please", "!\"", " She", " sat", " down", " next", " to", " the"], "acts": [0.0, 0.0, 0.0, 0.0, 0.0, 0.0, 0.0, 0.0, 0.0, 0.0, 0.0, 0.0, 0.0, 0.0, 0.0, 0.0, 0.0, 0.0, 0.5019, 0.0, 0.8821, 0.371, 1.3716, 3.0299, 7.0804, 1.9578, 1.7557, 0.8821, 0.0, 0.0, 0.0, 0.0, 0.0], "max_pos": 24, "max_act": 7.082}, {"tokens": [" her", " mom", ",", " \"", "Can", " I", " have", " the", " bright", " yellow", " ap", "r", "on", ",", " please", "?\"", " T", "ina", "'s", " mom", " said", ",", " \"", "Yes", ",", " you", " can", " have", " the", " bright", " yellow", " ap", "r"], "acts": [0.0, 0.0, 0.0, 0.0, 0.0, 0.0, 0.0, 0.0, 0.0, 0.0, 0.0, 0.0, 0.0, 1.8295, 0.0, 0.0, 0.0, 0.0, 0.0, 0.0, 0.0, 0.0, 0.0, 2.5133, 7.0831, 2.6459, 2.4483, 0.0, 0.0, 0.0, 0.0, 0.0, 0.0], "max_pos": 24, "max_act": 7.082}, {"tokens": [".", " \"", "It", "'s", " for", " su", "pper", ".\"", " \"", "Can", " I", " help", "?\"", " asked", " M", "ich", "a", "el", ".", " Mama", " said", ",", " \"", "Yes", ",", " you", " can", " help", ".\"", " She", " showed", " him", " how"], "acts": [0.0, 0.0, 0.0, 0.0, 0.0, 0.0, 0.0, 0.0, 0.0, 0.0, 0.0, 0.0, 0.0, 0.0, 0.0, 0.0, 0.0, 0.0, 0.0, 0.0, 0.6695, 0.9575, 0.844, 2.6263, 7.0633, 3.2723, 2.3153, 0.0, 0.0, 0.0, 0.0, 0.0, 0.0], "max_pos": 24, "max_act": 7.0625}, {"tokens": [" a", " man", " and", " a", " girl", ".", " The", " girl", " said", ",", " \"", "Dad", ",", " can", " we", " go", " fast", "?\"", " The", " man", " said", ",", " \"", "Yes", ",", " we", " can", " go", " fast", ".\"", "\n", "\n", "As"], "acts": [0.0, 0.0, 0.0, 0.0, 0.0, 0.0, 0.0, 0.0, 0.0, 0.0, 0.0, 0.0, 0.0, 0.0, 0.0, 0.0, 0.0, 0.0, 0.0, 0.0, 0.0, 0.0, 0.0, 2.9189, 7.0272, 3.7258, 2.3736, 0.0, 0.0, 0.0, 0.0, 0.0, 0.0], "max_pos": 24, "max_act": 7.0273}]}