{"id": 957, "density": 0.0164875, "max_act": 9.0859375, "hist": {"edges": [0.01, 0.0133, 0.0178, 0.0237, 0.0316, 0.0422, 0.0562, 0.075, 0.1, 0.1334, 0.1778, 0.2371, 0.3162, 0.4217, 0.5623, 0.7499, 1.0, 1.3335, 1.7783, 2.3714, 3.1623, 4.217, 5.6234, 7.4989, 10.0, 13.3352, 17.7828, 23.7137, 31.6228, 42.1697, 56.2341, 74.9894, 100.0], "counts": [0, 0, 0, 0, 0, 0, 0, 0, 0, 0, 0, 19, 277, 2034, 6856, 12168, 12211, 10336, 8191, 5880, 4296, 2367, 1092, 223, 0, 0, 0, 0, 0, 0, 0, 0]}, "logit_lens": {"promoted": [[" shout", 0.354], [" cheer", 0.327], [" forth", 0.322], [" laugh", 0.301], [" cheered", 0.297], [" smile", 0.295], [" giggle", 0.287], [" scream", 0.278], [" giggled", 0.278], [" shouted", 0.277]], "suppressed": [[" wor", 0.209], [" from", 0.203], ["b", 0.2], [" okay", 0.189], [" po", 0.188], ["ince", 0.188], ["ri", 0.187], ["dge", 0.185], ["it", 0.176], [" alone", 0.172]]}, "examples": [{"tokens": ["So", " Mum", " and", " Dad", " put", " their", " swimming", " costum", "es", " on", " and", " went", " in", " the", " warm", " ocean", ".", " They", " swam", " and", " splashed", " around", ",", " laughing", " and", " having", " fun", ".", "\n", "\n", "After", " a", " while"], "acts": [0.0, 0.0, 0.0, 0.0, 0.0, 0.0, 0.0, 0.0, 0.0, 0.0, 0.0, 0.0, 0.0, 0.0, 0.0, 0.0, 0.0, 0.0, 0.0, 1.8247, 0.0, 0.0, 1.9455, 0.0, 9.088, 0.0, 0.0, 0.5912, 0.0, 0.0, 0.0, 0.0, 0.0], "max_pos": 24, "max_act": 9.0859}, {"tokens": [" Jane", "'s", " face", ".", "\n", "\n", "Then", " Jane", " and", " Joe", " would", " go", " back", " to", " the", " open", " field", "s", ".", " They", " would", " run", " and", " laugh", " and", " giggle", ".", " Jane", " and", " Joe", " were", " the", " best"], "acts": [0.0, 0.0, 0.0, 0.3719, 0.0, 0.0, 0.0, 0.0, 0.0, 0.0, 0.0, 0.0, 0.0, 0.0, 0.0, 0.0, 0.0, 0.0, 0.0, 0.0, 0.0, 0.0, 2.9349, 0.0, 8.8735, 0.0, 0.851, 0.0, 0.6946, 0.0, 0.0, 0.0, 0.0], "max_pos": 24, "max_act": 8.875}, {"tokens": [" extra", " careful", ".", "\n", "\n", "Mama", " and", " the", " ", "V", "o", "lcano", " B", "aby", " had", " so", " much", " fun", " together", ".", " They", " played", ",", " laughed", " and", " jo", "ked", ".", " Mama", " even", " taught", " the", " baby"], "acts": [0.0, 0.0, 0.0, 0.0, 0.0, 0.0, 0.0, 0.0, 0.0, 0.0, 0.0, 0.0, 0.0, 0.0, 0.0, 0.0, 0.0, 0.0, 0.0, 0.0, 0.0, 0.0, 2.7962, 0.0, 8.7006, 0.0, 0.0, 0.0, 0.0, 0.0, 0.0, 0.0, 0.0], "max_pos": 24, "max_act": 8.7031}, {"tokens": [" had", " a", " fun", " time", " playing", " sack", " race", ".", " They", " laughed", " and", " giggled", " as", " they", " hopped", " around", " in", " their", " sack"], "acts": [0.0, 0.0, 0.0, 0.0, 0.0, 0.0, 0.0, 0.0, 0.0, 0.0, 8.7023, 0.0, 1.6182, 0.0, 0.0, 0.0, 0.0, 0.0, 0.0], "max_pos": 10, "max_act": 8.7031}, {"tokens": ["<|endoftext|>", "Once", " upon", " a", " time", " there", " was", " a", " little", " girl", " who", " loved", " to", " play", ".", " She", " loved", " to", " run", " and", " jump", ",", " and", " laugh", " and", " sing", ".", " She", " was", " so", " playful", "!", "\n"], "acts": [0.0, 0.0, 0.0, 0.0, 0.0, 0.0, 0.0, 0.0, 0.0, 0.0, 0.0, 0.0, 0.0, 0.0, 0.0, 0.0, 0.0, 0.0, 0.0, 2.377, 0.0, 0.9604, 1.927, 0.0, 8.6607, 0.0, 0.0, 0.0, 0.0, 0.0, 0.0, 0.0, 0.0], "max_pos": 24, "max_act": 8.6641}, {"tokens": [" loved", " to", " make", " people", " laugh", ".", " Every", " day", ",", " he", " would", " tell", " a", " joke", " to", " his", " friends", " and", " family", ".", " They", " would", " all", " laugh", " and", " clap", ",", " and", " it", " made", " Tim", " very", " happy"], "acts": [0.0, 0.0, 0.0, 0.0, 0.0, 0.0, 0.0, 0.0, 0.0, 0.0, 0.0, 0.0, 0.0, 0.0, 0.0, 0.0, 0.0, 2.5149, 0.0, 0.0, 0.0, 0.0, 0.0, 0.0, 8.5634, 0.0, 2.1887, 3.9911, 0.0, 0.0, 0.0, 0.0, 0.0], "max_pos": 24, "max_act": 8.5625}, {"tokens": ["s", " and", " play", " games", " together", ".", " C", "ind", "y", " especially", " liked", " to", " play", " tag", " with", " her", " brothers", " and", " sister", "s", ".", " They", " would", " laugh", " and", " smile", " and", " it", " made", " C", "ind", "y", " so"], "acts": [0.0, 1.3439, 0.0, 0.0, 0.0, 0.0, 0.0, 0.0, 0.0, 0.0, 0.0, 0.0, 0.0, 0.0, 0.0, 0.0, 0.0, 2.6586, 0.0, 0.0, 0.0, 0.872, 0.0, 0.942, 8.5525, 0.0, 8.0822, 0.0, 0.0, 0.0, 0.0, 0.0, 0.0], "max_pos": 24, "max_act": 8.5547}, {"tokens": [".", " They", " grew", " many", " plants", ",", " inc", "l", "ud", "ing", " her", "b", "s", " like", " b", "as", "il", " and", " min", "t", ".", " They", " would", " laugh", " and", " sing", " while", " they", " water", "ed", " the", " plants", "."], "acts": [0.0, 0.0, 0.0, 0.0, 0.0, 0.0, 0.0, 0.0, 0.0, 0.0, 0.0, 0.0, 0.0, 0.0, 0.0, 0.0, 0.0, 0.0, 0.0, 0.0, 0.0, 0.0, 0.0, 0.0, 8.5147, 0.0, 0.0, 0.0, 0.0, 0.0, 0.0, 0.0, 0.0], "max_pos": 24, "max_act": 8.5156}, {"tokens": [" sit", " on", " the", " grass", " and", " play", " with", " their", " cars", ".", " They", " make", " them", " race", ",", " cra", "sh", ",", " and", " hon", "k", ".", " They", " laugh", " and", " talk", ".", " They", " have", " fun", ".", " They", " are"], "acts": [0.0, 0.0, 0.0, 0.0, 0.0, 0.0, 0.0, 0.0, 0.0, 0.0, 0.0, 0.0, 0.0, 0.0, 0.7162, 0.0, 0.0, 0.0, 0.0, 0.0, 0.0, 0.0, 0.0, 0.0, 8.4836, 0.0, 0.0, 0.6116, 0.0, 0.0, 0.0, 0.0, 0.0], "max_pos": 24, "max_act": 8.4844}, {"tokens": [" food", ",", " and", " lots", " of", " fun", " things", " to", " play", " with", ".", "\n", "\n", "The", " family", " was", " so", " happy", "!", " They", " ran", " around", ",", " laughed", " and", " made", " number", " of", " jokes", ".", "\n", "\n", "While"], "acts": [0.0, 0.0, 0.0, 0.0, 0.0, 0.0, 0.0, 0.0, 0.0, 0.0, 0.0, 0.0, 0.0, 0.0, 0.0, 0.0, 0.0, 0.0, 0.0, 0.0, 0.0, 0.0, 2.2575, 0.0, 8.4735, 0.0, 0.0, 0.0, 0.0, 0.0, 0.0, 0.0, 0.0], "max_pos": 24, "max_act": 8.4766}, {"tokens": [" they", " would", " stret", "ch", " out", " in", " their", " front", " yard", " and", " wait", " for", " the", " sun", " to", " go", " down", ".", " They", " would", " lay", " there", " and", " laugh", " and", " play", ".", " \n", "\n", "One", " day", " the", " boy"], "acts": [0.0, 0.0, 0.0, 0.0, 0.0, 0.0, 0.0, 0.0, 0.0, 1.1706, 0.0, 0.0, 0.0, 0.0, 0.0, 0.0, 0.0, 0.0, 0.0, 0.0, 0.0, 0.0, 2.6307, 0.0, 8.4301, 0.0, 0.4166, 0.0, 0.0, 0.0, 0.0, 0.0, 0.0], "max_pos": 24, "max_act": 8.4297}, {"tokens": ["s", ".", "\n", "\n", "C", "ind", "y", " and", " her", " family", " enjoyed", " their", " visit", "s", " together", " and", " it", " made", " them", " so", " happy", ".", " They", " laughed", " and", " smiled", ",", " and", " it", " made", " C", "ind", "y"], "acts": [0.0, 0.0, 0.0, 0.0, 0.0, 0.0, 0.0, 0.0, 0.0, 0.0, 0.0, 0.0, 0.0, 0.0, 0.0, 2.6417, 0.0, 0.0, 0.0, 0.0, 0.0, 0.0, 1.1899, 0.0, 8.4173, 0.0, 1.7875, 2.7465, 0.0, 0.0, 0.0, 0.0, 0.0], "max_pos": 24, "max_act": 8.4141}]}