{"id": 965, "density": 0.0232515, "max_act": 7.3828125, "hist": {"edges": [0.01, 0.0133, 0.0178, 0.0237, 0.0316, 0.0422, 0.0562, 0.075, 0.1, 0.1334, 0.1778, 0.2371, 0.3162, 0.4217, 0.5623, 0.7499, 1.0, 1.3335, 1.7783, 2.3714, 3.1623, 4.217, 5.6234, 7.4989, 10.0, 13.3352, 17.7828, 23.7137, 31.6228, 42.1697, 56.2341, 74.9894, 100.0], "counts": [0, 0, 0, 0, 0, 0, 0, 0, 0, 15, 269, 1262, 3120, 9254, 19558, 22983, 18016, 9722, 4372, 2485, 1176, 642, 132, 0, 0, 0, 0, 0, 0, 0, 0, 0]}, "logit_lens": {"promoted": [[" think", 0.238], [" really", 0.237], [" loved", 0.235], [" wear", 0.221], [" thought", 0.213], [" very", 0.212], [" want", 0.207], [" didn", 0.206], [" lose", 0.204], [" sad", 0.201]], "suppressed": [["ext", 0.319], [" Then", 0.271], [" cast", 0.269], [" tow", 0.262], [" shapes", 0.26], [" clapping", 0.255], [" teacher", 0.252], [" seek", 0.245], [" creatures", 0.243], [" pieces", 0.241]]}, "examples": [{"tokens": [" off", " the", " tree", " and", " started", " to", " carry", " it", " home", ".", " As", " he", " was", " walking", ",", " he", " saw", " other", " things", " in", " the", " woods", " that", " made", " him", " happy", " -", " like", " a", " butterfly", ",", " a", " bird"], "acts": [0.0, 0.0, 0.0, 0.0, 0.0, 0.0, 0.0, 0.0, 0.0, 0.0, 0.0, 0.0, 0.0, 0.0, 0.0, 0.0, 0.0, 0.0, 0.0, 0.0, 0.0, 0.0, 0.7836, 0.9033, 7.3835, 0.0, 0.0, 0.0, 0.0, 0.0, 0.0, 0.0, 0.0], "max_pos": 24, "max_act": 7.3828}, {"tokens": [" \"", "How", " can", " you", " teach", " me", " to", " be", " happy", "?\"", "\n", "\n", "The", " farmer", " replied", ",", " \"", "You", " need", " to", " find", " something", " that", " makes", " you", " happy", ".", " F", "or", " ex", "amp", "le", ","], "acts": [0.0, 0.0, 0.0, 0.0, 0.0, 0.0, 0.0, 0.0, 0.0, 0.0, 0.0, 0.0, 0.0, 0.0, 0.0, 0.0, 0.0, 0.0, 0.0, 0.0, 0.0, 0.0, 1.1528, 1.1133, 7.3517, 1.0894, 0.0, 0.0, 0.0, 0.0, 0.0, 0.0, 0.0], "max_pos": 24, "max_act": 7.3516}, {"tokens": [" loved", " to", " explore", " the", " world", " around", " him", ".", " One", " day", ",", " Tom", " was", " walking", " around", " in", " the", " park", " when", " he", " saw", " something", " that", " made", " him", " curious", ".", " It", " was", " a", " strange", " sight", " in"], "acts": [0.0, 0.0, 0.0, 0.0, 0.0, 0.0, 0.0, 0.0, 0.0, 0.0, 0.0, 0.0, 0.0, 0.0, 0.0, 0.0, 0.0, 0.0, 0.0, 1.291, 0.0, 0.0, 0.0, 0.9707, 7.0744, 0.0, 0.0, 0.6197, 0.0, 0.0, 0.0, 0.0, 0.0], "max_pos": 24, "max_act": 7.0742}, {"tokens": ["Every", " time", " he", " returned", " home", ",", " he", " was", " always", " excited", " to", " find", " something", " new", ".", " He", " often", " found", " strange", " places", " and", " things", " that", " made", " him", " happy", ".", " One", " day", ",", " he", " decided", " to"], "acts": [0.0, 0.0, 0.0, 0.0, 0.0, 0.0, 0.0, 0.0, 0.0, 0.0, 0.0, 0.0, 0.0, 0.0, 0.0, 0.0, 0.0, 0.0, 0.0, 0.0, 0.0, 0.0, 1.4238, 0.0, 7.0292, 0.0, 0.0, 0.0, 0.0, 0.0, 0.0, 0.0, 0.0], "max_pos": 24, "max_act": 7.0273}, {"tokens": [" you", "'ll", " have", " a", " pink", " balloon", ".", " And", " many", " other", " things", " that", " make", " you", " happy", ".\"", "<|endoftext|>", "Lily", " liked", " to", " play", " with"], "acts": [0.0, 0.0, 0.0, 0.0, 0.0, 0.0, 0.0, 0.0, 0.0, 0.0, 0.0, 1.7387, 1.3921, 7.007, 0.0, 0.0, 0.0, 0.0, 0.0, 0.0, 0.0, 0.0], "max_pos": 13, "max_act": 7.0078}, {"tokens": [" pink", ",", " and", " I", " love", " it", "!\"", "\n", "\n", "The", " moral", " of", " the", " story", " is", " that", " it", "'s", " important", " to", " choose", " things", " that", " make", " you", " happy", ".", "<|endoftext|>", "Once", " upon", " a", " time", ","], "acts": [0.0, 0.0, 0.0, 1.0621, 0.0, 0.0, 0.0, 0.0, 0.0, 0.0, 0.0, 0.0, 0.0, 0.0, 0.0, 0.0, 0.0, 0.0, 0.0, 0.0, 0.0, 0.0, 1.068, 1.218, 7.0036, 0.0, 0.0, 0.0, 0.0, 0.0, 0.0, 0.0, 0.0], "max_pos": 24, "max_act": 7.0039}, {"tokens": [" Tom", " was", " very", " curious", " and", " ran", " around", " the", " garden", " with", " his", " friends", ".", " One", " day", ",", " Tom", " saw", " something", " in", " the", " garden", " that", " made", " him", " stop", ".", " It", " was", " a", " ghost", "!", " Tom"], "acts": [0.0, 0.0, 0.0, 0.0, 0.0, 0.0, 0.0, 0.0, 0.0, 0.0, 0.0, 0.0, 0.0, 0.0, 0.0, 0.0, 0.0, 0.0, 0.0, 0.0, 0.0, 0.0, 0.7716, 0.9681, 6.9218, 0.0, 0.0, 0.0, 0.0, 0.0, 0.0, 0.0, 0.3672], "max_pos": 24, "max_act": 6.9219}, {"tokens": [" bag", " and", " set", " out", ".", "\n", "\n", "He", " tra", "ve", "led", " far", " and", " wide", ",", " but", " he", " couldn", "'t", " find", " ber", "ry", " that", " made", " him", " happy", ".", " He", " wanted", " to", " give", " up", ","], "acts": [0.0, 0.0, 0.0, 0.0, 0.0, 0.0, 0.0, 0.0, 0.0, 0.0, 0.0, 0.0, 0.0, 0.0, 0.0, 0.0, 0.6208, 0.0, 0.0, 0.0, 0.0, 0.0, 1.0753, 0.5689, 6.8248, 0.0, 0.0, 0.0, 0.0, 0.0, 0.0, 0.0, 0.0], "max_pos": 24, "max_act": 6.8242}, {"tokens": [" smiled", " again", " and", " said", ",", " \"", "Yes", ",", " of", " course", " you", " can", ".", " It", "'s", " ok", " to", " hope", " for", " all", " the", " things", " that", " make", " you", " happy", ",", " and", " for", " anything", " you", " dream", " of"], "acts": [0.0, 0.0, 0.0, 0.0, 0.0, 0.0, 0.0, 0.0, 0.0, 0.0, 0.0, 0.0, 0.0, 0.0, 0.0, 0.0, 0.0, 0.0, 0.0, 0.0, 0.0, 0.0, 1.3302, 0.8811, 6.8013, 0.0, 0.0, 0.0, 0.0, 0.0, 2.1592, 0.0, 0.0], "max_pos": 24, "max_act": 6.8008}, {"tokens": [" soar", " and", " circle", " around", " over", " the", " land", ".", "\n", "\n", "One", " day", ",", " the", " bird", " flew", " and", " flew", " until", " he", " saw", " something", " that", " made", " him", " stop", ".", " He", " saw", " a", " long", " neck", " with"], "acts": [0.0, 0.0, 0.0, 0.0, 0.0, 0.0, 0.0, 0.0, 0.0, 0.0, 0.0, 0.0, 0.0, 0.0, 0.0, 0.0, 0.0, 0.0, 0.0, 1.0174, 0.0, 0.0, 0.0, 0.6349, 6.7956, 0.0, 0.0, 0.0, 0.0, 0.0, 0.0, 0.0, 0.0], "max_pos": 24, "max_act": 6.7969}, {"tokens": [".", "<|endoftext|>", "Once", " upon", " a", " time", ",", " there", " was", " a", " bird", " named", " Tweetie", ".", " Tweetie", " had", " a", " special", " symbol", " on", " his", " feathers", " that", " made", " him", " feel", " very", " proud", ".", " He", " loved", " to", " show"], "acts": [0.0, 0.0, 0.0, 0.0, 0.0, 0.0, 0.0, 0.0, 0.0, 0.0, 0.0, 0.0, 0.0, 0.0, 1.0451, 0.0, 0.0, 0.0, 0.0, 0.0, 0.6927, 0.0, 0.6153, 0.8454, 6.7775, 0.8703, 0.9119, 0.0, 0.0, 0.0, 0.0, 0.0, 0.0], "max_pos": 24, "max_act": 6.7773}, {"tokens": ["ired", ".", " He", " was", " so", " excited", " for", " his", " adventures", "!", " One", " day", ",", " as", " he", " was", " flying", " by", ",", " he", " spotted", " something", " that", " made", " him", " slow", " down", ".", "\n", "\n", "It", " was", " a"], "acts": [0.0, 0.0, 0.0, 0.0, 0.0, 0.0, 0.0, 0.0, 0.0, 0.0, 0.0, 0.0, 0.0, 0.0, 0.0, 0.0, 0.0, 0.0, 0.0, 0.0, 0.0, 0.0, 0.0, 0.5524, 6.7644, 0.0, 0.0, 0.0, 0.0, 0.0, 0.0, 0.0, 0.0], "max_pos": 24, "max_act": 6.7656}]}