{"id": 975, "density": 0.0184655, "max_act": 7.0078125, "hist": {"edges": [0.01, 0.0133, 0.0178, 0.0237, 0.0316, 0.0422, 0.0562, 0.075, 0.1, 0.1334, 0.1778, 0.2371, 0.3162, 0.4217, 0.5623, 0.7499, 1.0, 1.3335, 1.7783, 2.3714, 3.1623, 4.217, 5.6234, 7.4989, 10.0, 13.3352, 17.7828, 23.7137, 31.6228, 42.1697, 56.2341, 74.9894, 100.0], "counts": [0, 0, 0, 0, 0, 0, 0, 0, 0, 0, 39, 518, 1960, 7162, 14629, 17287, 12892, 8934, 5073, 3036, 1553, 699, 80, 0, 0, 0, 0, 0, 0, 0, 0, 0]}, "logit_lens": {"promoted": [["lp", 0.36], ["llo", 0.273], ["llow", 0.268], ["ack", 0.267], [" helped", 0.261], [" live", 0.257], ["ot", 0.254], ["et", 0.252], [" fixed", 0.244], [" worked", 0.242]], "suppressed": [["ily", 0.253], [" bel", 0.218], ["ement", 0.217], [" pl", 0.212], ["ings", 0.211], [" repe", 0.192], [" quite", 0.192], [" jar", 0.185], [" from", 0.185], [" ben", 0.184]]}, "examples": [{"tokens": [" their", " dad", " said", ",", " hug", "g", "ing", " them", ".", " \"", "This", " is", " Max", ".", " He", " is", " not", " a", " bad", " dog", ".", " He", " just"], "acts": [0.0, 0.0, 0.0, 0.0, 0.0, 0.0, 0.0, 0.0, 0.0, 0.4541, 0.0, 0.0, 1.6872, 1.8218, 7.0065, 0.0, 0.0, 0.0, 0.0, 0.0, 0.0, 4.9805, 2.1867], "max_pos": 14, "max_act": 7.0078}, {"tokens": [".", " She", " missed", " her", " dad", ".", "\n", "\n", "She", " hugged", " Lily", " and", " Tom", " and", " said", ",", " \"", "This", " suit", " belonged", " to", " your", " grandpa", ".", " He", " was", " a", " very", " jolly", " and", " kind", " man", "."], "acts": [0.0, 0.0, 0.0, 0.0, 0.0, 0.0, 0.0, 0.0, 0.0, 0.0, 0.0, 0.0, 0.0, 0.0, 0.0, 0.0, 0.0, 0.0, 0.0, 0.0, 0.0, 0.0, 1.3702, 1.8493, 6.6878, 0.6301, 0.8438, 0.0, 0.0, 0.0, 0.0, 0.0, 1.1679], "max_pos": 24, "max_act": 6.6875}, {"tokens": [" stupid", "!\"", "\n", "\n", "Mom", " scold", "ed", " Sara", " and", " said", ",", " \"", "Sara", ",", " that", "'s", " not", " nice", ".", " Ben", " is", " your", " brother", " and", " he", " wanted", " to", " help", ".", " He", " made", " a", " mistake"], "acts": [0.0, 0.0, 0.0, 0.0, 0.0, 0.0, 0.0, 0.0, 0.0, 0.0, 0.0, 0.0, 0.0, 0.0, 0.0, 0.0, 0.0, 0.0, 0.0, 2.3074, 0.0, 0.0, 0.0, 1.0868, 6.6501, 0.0, 0.0, 0.0, 0.0, 3.138, 0.0, 0.0, 0.0], "max_pos": 24, "max_act": 6.6484}, {"tokens": [" licked", " their", " faces", ".", " They", " giggled", " and", " st", "ro", "ked", " its", " fur", ".", "\n", "\n", "\"", "Hello", ",", " kids", ".", " This", " is", " Max", ".", " He", "'s", " very", " friendly", ",\"", " the", " man", " said", "."], "acts": [0.0, 0.0, 0.0, 0.0, 0.0, 0.0, 0.0, 0.0, 0.0, 0.0, 0.0, 0.0, 0.0, 0.0, 0.0, 0.0, 0.0, 0.0, 0.0, 0.0, 0.0, 0.0, 1.715, 0.7871, 6.5203, 0.0, 0.0, 0.0, 0.0, 0.0, 0.0, 0.0, 0.0], "max_pos": 24, "max_act": 6.5195}, {"tokens": [" to", " help", " her", " friend", ".", " She", " waved", " her", " sword", " and", " said", ",", " \"", "L", "e", "ave", " him", " alone", "!", " He", " is", " my", " guard", " and", " he", " is", " nice", "!\"", "\n", "\n", "The", " other", " kids"], "acts": [0.0, 0.0, 0.0, 0.0, 0.0, 0.0, 0.0, 0.0, 0.0, 0.0, 0.0, 0.0, 0.0, 0.0, 0.0, 0.7689, 1.3991, 0.0, 0.0, 4.7705, 0.0, 0.0, 0.0, 1.9963, 6.5078, 0.0, 0.0, 0.0, 0.0, 0.0, 0.0, 0.0, 0.0], "max_pos": 24, "max_act": 6.5078}, {"tokens": [" with", " a", " big", " smile", " and", " a", " hat", ".", " He", " was", " holding", " Lily", " in", " his", " arms", ".", "\n", "\n", "\"", "That", "'s", " my", " dad", ".", " He", " li", "ves", " far", " away", " now", ".", " He", " work"], "acts": [0.0, 0.0, 0.0, 0.0, 0.0, 0.0, 0.0, 0.0, 1.4229, 0.0, 0.0, 0.0, 0.0, 0.0, 0.0, 0.0, 0.0, 0.0, 0.0, 0.0, 0.0, 0.0, 1.7363, 2.0991, 6.4863, 0.0, 0.0, 0.0, 0.0, 0.0, 0.0, 4.8975, 0.0], "max_pos": 24, "max_act": 6.4844}, {"tokens": [" gave", " him", " some", " medicine", " and", " a", " treat", ".", "\n", "\n", "\"", "Max", " is", " very", " sick", ",\"", " the", " v", "eter", "in", "arian", " said", ".", " \"", "He", " needs", " a", " lot", " of", " rest", " and", " love", "."], "acts": [0.0, 0.0, 0.0, 0.0, 0.0, 0.0, 0.0, 0.0, 0.0, 0.0, 0.0, 1.6119, 0.0, 0.0, 0.0, 0.0, 0.0, 0.0, 0.0, 0.0, 0.0, 0.0, 0.0, 0.908, 6.4714, 0.0, 0.0, 0.0, 0.0, 0.0, 0.0, 0.0, 0.0], "max_pos": 24, "max_act": 6.4727}, {"tokens": [" owner", ".", " He", " was", " looking", " for", " him", ".", "\n", "\n", "\"", "Sorry", ",", " kids", "!\"", " the", " man", " said", ".", " \"", "This", " is", " Rex", ".", " He", " is", " very", " playful", ",", " but", " he", " does", " not"], "acts": [0.0, 0.0, 1.6552, 0.0, 0.0, 0.0, 0.0, 0.0, 0.0, 0.0, 0.0, 0.0, 0.0, 0.0, 0.0, 0.0, 0.0, 0.0, 0.0, 0.787, 0.0, 0.0, 1.7375, 1.6141, 6.4618, 0.0, 0.0, 0.0, 0.0, 0.0, 4.1954, 0.0, 0.0], "max_pos": 24, "max_act": 6.4609}, {"tokens": ["\n", "\n", "\"", "Hey", ",", " stop", " that", "!", " Your", " dog", " is", " not", " allowed", " to", " chase", " the", " wild", " animals", "!\"", " the", " mom", " said", ".", " \"", "He", " could", " hurt", " them", " or", " their", " ba", "b", "ies"], "acts": [0.0, 0.0, 0.0, 0.0, 0.0, 0.0, 0.0, 0.0, 0.0, 1.9933, 0.0, 0.0, 0.0, 0.0, 0.0, 0.0, 0.0, 0.9752, 0.0, 0.0, 0.0, 0.0, 0.0, 0.6947, 6.4551, 0.7312, 0.0, 0.0, 0.0, 0.0, 0.0, 0.0, 0.0], "max_pos": 24, "max_act": 6.4531}, {"tokens": [" it", " and", " felt", " its", " fur", ".", " She", " loved", " it", ".", "\n", "\n", "\"", "His", " name", " is", " Snow", "y", ",\"", " her", " dad", " said", ".", " \"", "He", " is", " your", " new", " friend", ".", " You", " can", " play"], "acts": [0.0, 0.0, 0.0, 0.0, 0.0, 0.0, 0.0, 0.0, 0.0, 0.0, 0.0, 0.0, 0.0, 0.0, 0.0, 0.0, 0.0, 1.2704, 0.0, 0.0, 0.0, 0.0, 0.0, 1.3263, 6.4153, 0.0, 0.0, 0.0, 1.0196, 1.4599, 1.1229, 0.0, 0.0], "max_pos": 24, "max_act": 6.4141}, {"tokens": [",", " he", " is", " just", " curious", ".", "\n", "\n", "\"", "Don", "'t", " worry", ",", " kids", ",", " Rex", " is", " harmless", ",\"", " their", " mom", " says", ".", " \"", "He", " just", " wants", " to", " say", " hello", ".", " He", " won"], "acts": [0.0, 2.1964, 0.0, 0.0, 0.0, 0.0, 0.0, 0.0, 0.0, 0.0, 0.0, 0.0, 0.0, 0.0, 0.0, 2.1059, 0.0, 0.0, 0.0, 0.0, 0.0, 0.0, 0.0, 0.8774, 6.3974, 1.8749, 0.0, 0.0, 0.0, 0.0, 0.0, 3.701, 0.0], "max_pos": 24, "max_act": 6.3984}, {"tokens": [" touch", " his", " things", ".", " They", " are", " very", " old", " and", " fragile", ".\"", " Anna", " said", ",", " looking", " at", " a", " picture", " of", " a", " smiling", " man", ".", " \"", "He", " looks", " nice", ".", " I", " wish", " we", " met", " him"], "acts": [0.0, 0.0, 0.0, 0.0, 2.0401, 0.0, 0.0, 0.0, 0.0, 0.0, 0.0, 0.0, 0.0, 0.0, 0.0, 0.0, 0.0, 0.0, 0.0, 0.0, 0.0, 0.0, 0.0, 0.6237, 6.3987, 1.562, 0.0, 0.0, 0.0, 0.0, 0.0, 0.0, 1.0205], "max_pos": 24, "max_act": 6.3984}]}