{"id": 0, "density": 0.0181095, "max_act": 6.75390625, "hist": {"edges": [0.01, 0.0133, 0.0178, 0.0237, 0.0316, 0.0422, 0.0562, 0.075, 0.1, 0.1334, 0.1778, 0.2371, 0.3162, 0.4217, 0.5623, 0.7499, 1.0, 1.3335, 1.7783, 2.3714, 3.1623, 4.217, 5.6234, 7.4989, 10.0, 13.3352, 17.7828, 23.7137, 31.6228, 42.1697, 56.2341, 74.9894, 100.0], "counts": [0, 0, 0, 0, 0, 0, 0, 0, 0, 1, 3, 79, 656, 3291, 9955, 15476, 14727, 11866, 8462, 4916, 2436, 540, 30, 0, 0, 0, 0, 0, 0, 0, 0, 0]}, "logit_lens": {"promoted": [[" different", 0.17], [" pieces", 0.162], [" the", 0.157], [" half", 0.153], [" size", 0.141], [" shapes", 0.139], [" wood", 0.136], [" more", 0.135], [" two", 0.134], [" to", 0.134]], "suppressed": [["hy", 0.344], ["erp", 0.344], ["ass", 0.336], [" ac", 0.334], [" dr", 0.332], ["ise", 0.328], [" birthday", 0.318], [" stom", 0.317], ["bb", 0.316], [" jo", 0.316]]}, "examples": [{"tokens": [" all", ".", "<|endoftext|>", "Anna", " and", " Ben", " like", " to", " play", " with", " paper", ".", " They", " can", " make", " many", " things", " with", " paper", ".", " They", " can", " fold", " paper", " into", " hats", ",", " boats", ",", " plan", "es", " and", " animals"], "acts": [0.0, 0.0, 0.0, 0.0, 0.0, 0.0, 0.0, 0.0, 0.0, 0.0, 0.0, 0.0, 0.0, 0.0, 0.0, 0.0, 0.0, 3.7303, 0.0, 0.0, 0.0, 0.0, 0.0, 0.0, 6.753, 0.0, 0.0, 0.0, 0.0, 0.0, 0.0, 0.0, 0.0], "max_pos": 24, "max_act": 6.7539}, {"tokens": [",", " then", " she", " ar", "r", "anged", " the", " blocks", " into", " a", " bowl", " shape", ".", " She", " put", " the", " blocks"], "acts": [0.0, 0.0, 0.0, 0.0, 0.0, 1.0923, 0.0, 0.0, 6.6092, 0.0, 0.0, 0.0, 0.0, 0.0, 0.0, 0.0, 0.0], "max_pos": 8, "max_act": 6.6094}, {"tokens": [" \n", "\n", "When", " they", " got", " to", " class", ",", " the", " teacher", " gave", " them", " each", " a", " piece", " of", " paper", " and", " showed", " them", " how", " to", " fold", " it", " into"], "acts": [0.0, 0.0, 0.0, 0.0, 0.0, 0.0, 0.0, 0.0, 0.0, 0.0, 0.0, 0.0, 0.0, 0.0, 0.0, 0.0, 0.0, 0.0, 0.0, 0.0, 0.9895, 0.9067, 0.0, 0.0, 6.4855], "max_pos": 24, "max_act": 6.4844}, {"tokens": [" lucky", " to", " have", " each", " other", ".\"", "<|endoftext|>", "Anna", " and", " Ben", " are", " twins", ".", " They", " like", " to", " play", " with", " paper", ".", " They", " can", " fold", " paper", " into", " many", " shapes", ".", " They", " can", " make", " hats", ","], "acts": [0.0, 0.0, 0.0, 0.0, 0.0, 0.0, 0.0, 0.0, 0.0, 0.0, 0.0, 0.0, 0.0, 0.0, 0.0, 0.0, 0.0, 0.0, 0.0, 0.0, 0.0, 0.0, 0.0, 0.0, 6.3014, 0.0, 0.0, 0.0, 0.0, 0.0, 0.8227, 0.0, 0.0], "max_pos": 24, "max_act": 6.3008}, {"tokens": [" decided", " to", " follow", " the", " little", " girl", ".", " Everywhere", " the", " girl", " went", ",", " R", "u", "bb", "er", " followed", " and", " watched", " as", " she", " fold", "ed", " things", " into", " magical", " shapes", ".", "\n", "\n", "The", " girl", " and"], "acts": [0.0, 0.0, 0.0, 0.0, 0.0, 0.0, 0.0, 0.0, 0.0, 0.0, 0.0, 0.0, 0.0, 0.0, 0.0, 0.0, 0.0, 0.0, 0.0, 0.0, 0.0, 0.0, 1.2924, 0.0, 6.2647, 0.0, 0.0, 0.0, 0.0, 0.0, 0.0, 0.0, 0.0], "max_pos": 24, "max_act": 6.2656}, {"tokens": ["\n", "\n", "The", " other", " bird", " thought", " this", " was", " a", " great", " idea", " and", " began", " to", " help", " with", " the", " fold", "ing", ".", " They", " fold", "ed", " it", " into", " an", " int", "ric", "ate", " pattern", ".", "\n", "\n"], "acts": [0.0, 0.0, 0.0, 0.0, 0.0, 0.0, 0.0, 0.0, 0.0, 0.0, 0.0, 0.0, 0.0, 0.0, 0.0, 2.9034, 0.0, 0.0, 2.7154, 0.0, 0.0, 0.0, 1.0358, 0.0, 6.1367, 0.6757, 0.0, 0.0, 0.0, 0.0, 0.0, 0.0, 0.0], "max_pos": 24, "max_act": 6.1367}, {"tokens": [" make", " a", " coll", "age", " with", " pictures", " from", " a", " mag", "az", "ine", ".", " They", " collect", "ed", " pictures", " of", " happy", " people", " and", " animals", " and", " cut", " them", " into", " shapes", ".", " N", "ext", ",", " they", " got", " some"], "acts": [0.0, 0.0, 0.0, 0.0, 4.0592, 0.0, 2.5469, 0.0, 0.0, 0.0, 0.0, 0.0, 0.0, 0.0, 0.0, 0.0, 1.1747, 0.0, 0.0, 0.0, 0.0, 0.0, 0.0, 0.0, 6.051, 0.0, 0.0, 0.0, 0.0, 0.0, 0.0, 0.0, 0.0], "max_pos": 24, "max_act": 6.0508}, {"tokens": [".", " One", " day", ",", " her", " mom", " gifted", " her", " a", " beautiful", " paper", " to", " fold", ".", " Lily", " was", " so", " happy", " and", " excited", " to", " fold", " the", " paper", " into", " a", " pretty", " shape", ".", " She", " worked", " hard", " and"], "acts": [0.0, 0.0, 0.0, 0.0, 0.0, 0.0, 0.0, 0.0, 0.0, 0.0, 0.0, 0.0, 0.0, 0.0, 0.0, 0.0, 0.0, 0.0, 0.0, 0.0, 0.0, 0.0, 0.0, 0.0, 6.0503, 0.0, 0.0, 0.0, 0.0, 0.0, 0.0, 0.0, 0.0], "max_pos": 24, "max_act": 6.0508}, {"tokens": [" organized", " it", " so", " it", " didn", "'t", " get", " mixed", " up", ".", " N", "ext", ",", " he", " tid", "ied", " up", " his", " bed", " and", " ar", "r", "anged", " everything", " into", " a", " neat", " pile", ".", " Then", " he", " made", " sure"], "acts": [0.0, 0.0, 0.0, 0.0, 0.0, 0.0, 0.0, 0.0, 1.2401, 0.0, 0.0, 0.0, 0.0, 0.0, 0.0, 0.0, 0.0, 0.0, 0.0, 0.0, 0.0, 0.0, 0.0, 0.0, 5.9986, 0.0, 0.0, 0.0, 0.0, 0.0, 0.0, 0.0, 0.0], "max_pos": 24, "max_act": 6.0}, {"tokens": [" make", " shapes", " with", " the", " fire", ".", " He", " can", " put", " the", " fire"], "acts": [0.0, 0.0, 5.9718, 1.3396, 0.0, 0.0, 0.0, 0.0, 0.0, 0.0, 0.0], "max_pos": 2, "max_act": 5.9727}, {"tokens": [" great", " picture", " of", " a", " flower", " with", " many", " colors", ".", "\n", "\n", "After", " she", " finished", ",", " her", " mommy", " showed", " her", " how", " to", " fold", " the", " paper", " into", " a", " card", ".", " Lily", " was"], "acts": [0.0, 0.0, 0.0, 0.0, 0.0, 2.759, 0.0, 0.0, 0.0, 0.0, 0.0, 0.0, 0.0, 0.0, 0.0, 0.0, 0.0, 0.0, 0.0, 0.0, 0.0, 0.0, 0.0, 0.0, 5.9611, 0.0, 0.0, 0.0, 0.0, 0.0], "max_pos": 24, "max_act": 5.9609}, {"tokens": [" cut", " the", " on", "ion", ".", " She", " was", " fa", "sc", "in", "ated", " by", " the", " way", " the", " on", "ion", " changed", ",", " from", " being", " whole", " to", " cut", " into", " small", " pieces", ".", " Gra", "ce", " was", " so", " pleased"], "acts": [0.0, 0.0, 2.5596, 0.0, 0.0, 0.0, 0.0, 0.0, 0.0, 0.0, 0.0, 0.0, 0.0, 0.0, 0.0, 0.0, 0.0, 0.0, 0.0, 1.1928, 0.0, 0.0, 1.1676, 0.0, 5.911, 0.0, 0.0, 0.0, 0.0, 0.0, 0.0, 0.0, 0.0], "max_pos": 24, "max_act": 5.9102}]}