{"id": 1002, "density": 0.03096175, "max_act": 9.828125, "hist": {"edges": [0.01, 0.0133, 0.0178, 0.0237, 0.0316, 0.0422, 0.0562, 0.075, 0.1, 0.1334, 0.1778, 0.2371, 0.3162, 0.4217, 0.5623, 0.7499, 1.0, 1.3335, 1.7783, 2.3714, 3.1623, 4.217, 5.6234, 7.4989, 10.0, 13.3352, 17.7828, 23.7137, 31.6228, 42.1697, 56.2341, 74.9894, 100.0], "counts": [0, 0, 0, 0, 0, 0, 0, 0, 0, 0, 18, 227, 1195, 4229, 10529, 14944, 14903, 12079, 10772, 11536, 14552, 18004, 10185, 674, 0, 0, 0, 0, 0, 0, 0, 0]}, "logit_lens": {"promoted": [[" fun", 0.262], [" boring", 0.224], [" okay", 0.221], [" easy", 0.209], [" like", 0.202], [" difficult", 0.202], [" OK", 0.2], [" tough", 0.197], [" ok", 0.194], [" soft", 0.19]], "suppressed": [["ries", 0.361], ["ng", 0.357], [" noises", 0.304], ["dom", 0.302], ["ney", 0.3], ["d", 0.294], [" finger", 0.293], ["ve", 0.292], ["ibb", 0.287], ["ars", 0.286]]}, "examples": [{"tokens": ["ff", "ort", "s", " to", " catch", " her", " blanket", ",", " Daisy", " couldn", "'t", " grab", " it", " in", " time", ".", " She", " was", " so", " upset", " that", " her", " journey", " might", " be", " ruined", ".", " Daisy", " tr", "ud", "ged", " along", ","], "acts": [0.0, 0.0, 0.0, 0.0, 0.0, 0.0, 0.0, 0.0, 0.0, 0.0, 0.0, 0.0, 0.0, 0.0, 0.0, 0.0, 0.0, 0.0, 0.0, 0.0, 0.0, 0.0, 0.0, 2.3651, 9.8299, 0.0, 0.0, 0.0, 0.0, 0.0, 0.0, 0.0, 0.0], "max_pos": 24, "max_act": 9.8281}, {"tokens": [" be", " gone", " for", " a", " while", ".", " \n", "\n", "Tom", " had", " learned", " a", " valuable", " lesson", " from", " his", " mom", ":", " don", "'t", " worry", " even", " if", " something", " is", " gone", " for", " a", " while", ".", " It", " will", " r"], "acts": [5.7189, 0.0, 0.0, 0.0, 1.2656, 0.0, 0.0, 0.0, 0.0, 0.0, 0.0, 0.0, 0.0, 0.0, 0.0, 0.0, 0.0, 0.0, 0.0, 0.0, 0.0, 0.0, 0.0, 1.1773, 9.6084, 1.7394, 0.0, 0.0, 2.0583, 0.0, 0.0, 1.2862, 0.8202], "max_pos": 24, "max_act": 9.6094}, {"tokens": [" and", " eating", " yummy", " food", ".", " Lily", " felt", " so", " happy", " that", " she", " was", " invited", " to", " the", " party", ".", "\n", "\n", "E", "ven", " though", " the", " sky", " was", " still", " gloomy", ",", " Lily", " and", " her", " friends", " had"], "acts": [0.0, 0.0, 0.0, 0.0, 0.0, 0.0, 0.0, 0.0, 0.0, 0.0, 0.0, 0.7467, 0.0, 0.0, 0.0, 0.0, 0.0, 0.0, 0.0, 0.0, 0.0, 0.0, 0.0, 0.0, 9.5207, 6.3857, 0.0, 0.0, 0.0, 0.0, 0.0, 0.0, 0.5011], "max_pos": 24, "max_act": 9.5234}, {"tokens": [" many", " birds", "?\"", "\n", "\n", "Joe", " thought", " for", " a", " second", ",", " and", " then", " his", " face", " lit", " up", ".", " He", " had", " realized", " that", " the", " sky", " was", " full", " of", " wonderful", " birds", ".", " \n", "\n", "Mum"], "acts": [0.0, 0.0, 0.0, 0.0, 0.0, 0.0, 0.0, 0.0, 0.0, 0.0, 0.0, 0.0, 0.0, 0.0, 0.0, 0.0, 0.0, 0.0, 0.0, 0.0, 0.0, 0.0, 0.0, 0.0, 9.4692, 0.0, 2.5434, 0.0, 0.0, 0.0, 0.0, 0.0, 0.0], "max_pos": 24, "max_act": 9.4688}, {"tokens": [" the", " box", ",", " it", " was", " too", " heavy", " to", " carry", ".", " But", "ter", "i", " learnt", " an", " important", " lesson", " that", " day", ":", " that", " spicy", " things", " can", " be", " very", " delicious", ",", " but", " also", " very", " difficult", " to"], "acts": [0.0, 0.0, 0.0, 0.0, 5.9712, 3.4786, 0.0, 0.0, 0.0, 0.0, 0.0, 0.0, 0.0, 0.0, 0.0, 0.0, 0.0, 0.0, 0.9237, 0.0, 0.0, 0.0, 0.0, 3.1138, 9.3377, 5.3264, 0.0, 0.9805, 1.4912, 0.0, 0.0, 0.0, 0.0], "max_pos": 24, "max_act": 9.3359}, {"tokens": [" our", " food", " in", " the", " fridge", " so", " it", " stay", "s", " fresh", " and", " safe", " to", " eat", ".\"", "\n", "\n", "Lily", " learned", " that", " sometimes", " her", " food", " might", " be", " cold", ",", " but", " it", "'s", " for", " a", " good"], "acts": [0.0, 0.0, 0.0, 0.0, 0.0, 0.0, 0.0, 2.7232, 3.7017, 0.0, 0.0, 0.0, 0.0, 0.0, 0.0, 0.0, 0.0, 0.0, 0.0, 0.0, 0.0, 0.0, 0.0, 1.8347, 9.3308, 0.0, 0.8683, 1.9513, 0.9938, 6.6827, 0.0, 0.0, 0.0], "max_pos": 24, "max_act": 9.3281}, {"tokens": [" a", " time", ",", " there", " was", " a", " small", " girl", " named", " Le", "a", "h", ".", " She", " was", " not", " feeling", " very", " happy", " that", " day", " because", " the", " sky", " was", " gloomy", ".", " \n", "\n", "L", "e", "a", "h"], "acts": [0.0, 0.0, 0.0, 0.0, 0.0, 0.0, 0.0, 0.0, 0.0, 0.0, 0.0, 0.0, 0.0, 0.0, 0.0, 0.0, 0.0, 0.0, 0.0, 0.0, 0.0, 0.0, 0.0, 0.0, 9.311, 0.0, 0.0, 0.0, 0.0, 0.0, 0.0, 0.0, 0.0], "max_pos": 24, "max_act": 9.3125}, {"tokens": [" and", " went", " outside", ".", " She", " rode", " her", " bike", " slowly", " and", " carefully", ".", " She", " enjoyed", " the", " sun", " and", " the", " b", "ree", "ze", ".", " The", " sky", " was", " clear", " and", " blue", ".", " She", " felt", " happy", " and"], "acts": [0.0, 0.0, 0.0, 0.0, 0.0, 0.0, 0.0, 0.0, 0.0, 0.0, 0.0, 0.0, 0.0, 0.0, 0.0, 0.0, 0.0, 0.0, 0.0, 0.0, 0.0, 0.0, 0.0, 0.0, 9.2887, 0.0, 2.9211, 0.7825, 0.0, 0.0, 0.0, 0.0, 0.0], "max_pos": 24, "max_act": 9.2891}, {"tokens": [" friends", ",", " Bob", " and", " Sally", ".", " They", " were", " playing", " outside", " when", " they", " felt", " a", " warm", " feeling", ".", " It", " was", " very", " hot", " and", " the", " sky", " was", " turn", "ing", " from", " blue", " to", " gray", ".", " Bob"], "acts": [0.0, 0.0, 0.0, 0.0, 0.0, 0.0, 0.0, 0.0, 0.0, 0.0, 0.0, 0.0, 0.8841, 0.0, 0.0, 0.0, 0.0, 0.0, 5.5479, 4.1406, 0.0, 0.7302, 0.0, 0.0, 9.2846, 2.3555, 3.5159, 0.0, 0.0, 2.3777, 0.0, 0.0, 0.0], "max_pos": 24, "max_act": 9.2812}, {"tokens": ["!\u00e2\u20ac", " \n", "\n", "His", " dad", " smiled", " and", " gave", " Joe", " a", " hug", ".", " He", " said", " \u00e2\u20ac\u0153", "That", " looks", " great", "!", " Now", " the", " dark", " night", " sky", " is", " even", " more", " beautiful", ".", "<|endoftext|>", "One", " hot", " day"], "acts": [0.0, 0.0, 0.0, 0.0, 0.0, 0.0, 0.0, 0.0, 0.0, 0.0, 0.0, 0.0, 0.0, 0.0, 0.0, 0.0, 5.1471, 0.0, 0.0, 0.0, 0.0, 0.0, 0.0, 0.0, 9.2461, 6.6255, 6.5668, 0.0, 0.0, 0.0, 0.0, 0.0, 0.0], "max_pos": 24, "max_act": 9.2422}, {"tokens": ["The", " fun", " that", " Jack", " and", " Alex", " had", " with", " the", " chicken", " that", " day", " gave", " them", " a", " valuable", " lesson", ".", " They", " learnt", " that", " even", " if", " something", " looks", " strange", " and", " funny", ",", " it", " can", " still", " be"], "acts": [0.0, 0.0, 0.0, 0.0, 0.0, 0.0, 0.0, 0.0, 0.0, 0.0, 0.0, 0.8442, 0.0, 0.0, 0.0, 0.0, 0.0, 0.0, 0.0, 0.0, 0.0, 0.0, 0.0, 1.2994, 9.2016, 0.0, 2.1009, 0.0, 0.986, 0.0, 1.2237, 0.0, 6.0067], "max_pos": 24, "max_act": 9.2031}, {"tokens": [" \n", "\n", "The", " moral", " of", " the", " story", " is", ":", " never", " touch", " something", " you", " don", "'t", " know", ".", " It", " might", " be", " dangerous", ".", "<|endoftext|>", "There", " were", " two", " very", " good"], "acts": [0.0, 0.0, 0.0, 0.0, 0.0, 0.0, 0.0, 0.0, 0.0, 0.0, 0.0, 0.0, 0.0, 0.0, 0.0, 0.0, 0.0, 0.0, 0.0, 9.1781, 0.0, 0.0, 0.0, 0.0, 0.0, 0.0, 0.0, 0.0], "max_pos": 19, "max_act": 9.1797}]}