{"id": 1005, "density": 0.02137975, "max_act": 7.8984375, "hist": {"edges": [0.01, 0.0133, 0.0178, 0.0237, 0.0316, 0.0422, 0.0562, 0.075, 0.1, 0.1334, 0.1778, 0.2371, 0.3162, 0.4217, 0.5623, 0.7499, 1.0, 1.3335, 1.7783, 2.3714, 3.1623, 4.217, 5.6234, 7.4989, 10.0, 13.3352, 17.7828, 23.7137, 31.6228, 42.1697, 56.2341, 74.9894, 100.0], "counts": [0, 0, 0, 0, 0, 0, 0, 0, 0, 3, 11, 180, 1343, 6746, 14761, 17861, 15005, 11175, 7364, 4859, 3614, 2107, 484, 6, 0, 0, 0, 0, 0, 0, 0, 0]}, "logit_lens": {"promoted": [[" became", 0.316], [" spent", 0.292], [" walked", 0.287], [" sister", 0.268], [" eventually", 0.249], ["oo", 0.247], [" ever", 0.242], [" continued", 0.24], [" walk", 0.239], [" soon", 0.235]], "suppressed": [[" sure", 0.29], ["uc", 0.26], [" wagged", 0.251], [" believe", 0.231], [" want", 0.227], ["az", 0.225], [" surprise", 0.22], [" warned", 0.216], [" sign", 0.212], [" hurts", 0.203]]}, "examples": [{"tokens": [" open", ".", " The", " bear", " was", " so", " happy", " and", " thanked", " the", " rabbit", " for", " his", " help", ".", " From", " that", " day", " forward", ",", " the", " bear", " and", " the", " rabbit", " were", " the", " best", " of", " friends", ".", "<|endoftext|>", "Once"], "acts": [0.0, 0.0, 0.0, 0.0, 0.0, 0.0, 0.0, 0.0, 0.0, 0.0, 0.0, 0.0, 0.0, 0.0, 0.0, 0.0, 1.6852, 0.71, 0.0, 0.0, 0.0, 0.8373, 1.5111, 0.0, 7.8975, 3.8941, 0.0, 3.2086, 0.0, 1.4212, 0.0, 0.0, 0.0], "max_pos": 24, "max_act": 7.8984}, {"tokens": ["\n", "The", " fox", " nodded", " and", " said", ":", " \"", "Of", " course", ".", " We", " can", " share", " it", "!\"", " \n", "\n", "So", ",", " the", " fox", " and", " the", " rabbit", " shared", " the", " heavy", " stone", " until", " they", " arrived", " at"], "acts": [0.0, 0.0, 0.0, 0.0, 0.9714, 0.0, 0.0, 0.0, 0.0, 0.0, 0.0, 0.0, 0.0, 0.0, 0.0, 0.0, 0.0, 0.0, 1.5045, 0.0, 0.0, 0.8149, 1.0121, 0.0, 7.6595, 0.0, 0.0, 0.0, 0.0, 0.0, 1.9271, 0.0, 0.0], "max_pos": 24, "max_act": 7.6602}, {"tokens": [" fairy", " was", " right", ".", " He", " agreed", " to", " share", " the", " magical", " box", " with", " her", ".", " \n", "\n", "From", " then", " on", ",", " the", " dragon", " and", " the", " fairy", " shared", " the", " treasure", ",", " and", " everyone", " in", " the"], "acts": [0.0, 0.0, 0.0, 0.0, 0.0, 0.0, 0.0, 0.0, 0.0, 0.0, 0.0, 0.0, 0.0, 0.0, 0.0, 0.0, 0.0, 0.8983, 0.0, 0.0, 0.0, 0.0, 1.392, 0.0, 7.6424, 0.0, 0.0, 0.0, 2.3942, 2.8352, 1.1059, 0.0, 0.0], "max_pos": 24, "max_act": 7.6406}, {"tokens": [" mouth", ".", " The", " mouse", " was", " so", " happy", " and", " thanked", " the", " owl", " for", " its", " help", ".", " From", " that", " day", " on", ",", " the", " mouse", " and", " the", " owl", " became", " good", " friends", ".", " And", " all", " the", " animals"], "acts": [0.0, 0.0, 0.0, 0.0, 0.0, 0.0, 0.0, 0.4496, 0.0, 0.0, 0.9654, 0.0, 0.0, 0.0, 0.0, 0.0, 2.0422, 0.7468, 0.0, 0.0, 0.0, 1.0979, 1.7586, 0.9511, 7.5967, 2.0106, 0.0, 1.5452, 1.0607, 0.918, 2.9598, 0.0, 0.0], "max_pos": 24, "max_act": 7.5977}, {"tokens": ["'s", " take", " a", " nap", " together", ".", " I", " know", " a", " great", " spot", " in", " the", " sh", "ade", ".\"", " \n", "\n", "So", " Timmy", " and", " the", " t", "ur", "key", " went", " off", " to", " find", " a", " cool", " spot", "."], "acts": [0.7218, 0.0, 0.0, 0.0, 0.0, 0.0, 0.0, 0.0, 0.0, 0.0, 0.0, 0.0, 0.0, 0.0, 0.0, 0.0, 0.0, 0.0, 1.1915, 0.0, 1.2799, 0.0, 0.0, 0.0, 7.5507, 1.6261, 0.0, 0.0, 0.0, 0.0, 0.0, 0.0, 0.0], "max_pos": 24, "max_act": 7.5508}, {"tokens": [",", " they", " found", " the", " way", " out", " of", " the", " j", "ail", " and", " back", " to", " the", " jungle", ".", " From", " then", " on", ",", " the", " elephant", " and", " the", " mouse", " were", " good", " friends", " and", " went", " on", " many", " adventures"], "acts": [0.0, 1.9048, 0.0, 0.0, 0.0, 0.0, 0.0, 0.0, 0.0, 0.0, 0.0, 0.555, 0.0, 0.0, 0.0, 0.0, 0.0, 0.0, 0.0, 0.0, 0.0, 0.0, 1.3076, 1.4915, 7.5354, 3.6141, 0.0, 1.1624, 4.3706, 1.7315, 0.0, 0.0, 0.0], "max_pos": 24, "max_act": 7.5352}, {"tokens": ["\n", "The", " fox", " and", " the", " rabbit", " then", " said", " goodbye", " and", " went", " their", " separ", "ate", " ways", ".", " From", " then", " on", ",", " the", " fox", " and", " the", " rabbit", " were", " always", " happy", " to", " share", " with", " each", " other"], "acts": [0.0, 0.0, 0.0, 1.204, 0.0, 6.8706, 2.6386, 0.0, 0.0, 1.9487, 1.6768, 0.0, 0.0, 0.0, 0.0, 0.0, 0.0, 0.0, 0.0, 0.0, 0.0, 0.7908, 1.2445, 0.0, 7.4003, 3.8921, 0.0, 0.0, 0.0, 0.0, 0.0, 0.0, 1.5438], "max_pos": 24, "max_act": 7.3984}, {"tokens": [" that", " could", " re", "ve", "al", " secret", "s", " and", " help", " him", " talk", " to", " his", " friends", ".", " From", " that", " day", " on", ",", " the", " bear", " and", " the", " bird", " talked", " on", " the", " phone", " every", " day", ".", "<|endoftext|>"], "acts": [0.0, 0.0, 0.0, 0.0, 0.0, 0.0, 0.0, 0.0, 0.0, 0.0, 0.0, 0.0, 0.0, 0.8631, 0.0, 0.0, 1.8715, 0.7232, 0.0, 0.0, 0.0, 0.6341, 1.2642, 0.0, 7.3709, 0.0, 0.0, 0.0, 0.0, 0.0, 0.8309, 0.5231, 0.0], "max_pos": 24, "max_act": 7.3711}, {"tokens": [" and", " the", " two", " of", " them", " enjoyed", " their", " time", " together", " in", " the", " lovely", " place", ".", " \n", "\n", "The", " little", " mouse", " and", " the", " harmless", " t", "ur", "key", " stayed", " friends", " forever", ",", " and", " they", " were", " happy"], "acts": [0.0, 0.0, 4.4953, 0.0, 2.2568, 0.0, 0.0, 0.0, 0.8167, 0.0, 0.0, 0.0, 0.0, 0.0, 0.0, 0.0, 0.0, 0.0, 0.0, 0.9132, 0.0, 2.2489, 0.0, 0.0, 7.3367, 0.0, 1.2783, 0.0, 1.8194, 2.2232, 3.0924, 1.7703, 0.0], "max_pos": 24, "max_act": 7.3359}, {"tokens": [".\"", " Fin", " bl", "ushed", " and", " said", ",", " \"", "Thank", " you", ",", " you", "'re", " too", " kind", "!\"", " From", " that", " day", " on", ",", " Fin", " and", " the", " crab", " became", " good", " friends", " and", " always", " looked", " out", " for"], "acts": [0.0, 0.0, 0.0, 0.0, 0.8776, 0.0, 0.438, 0.0, 0.0, 0.0, 0.0, 0.0, 0.0, 0.0, 0.0, 0.0, 0.0, 2.1748, 1.3816, 0.8201, 0.0, 1.1038, 2.2226, 0.0, 7.3195, 2.4219, 0.0, 1.526, 5.3951, 0.0, 0.0, 0.0, 0.0], "max_pos": 24, "max_act": 7.3203}, {"tokens": [" to", " keep", " him", " warm", ".", " The", " lion", " was", " very", " grateful", " and", " thanked", " the", " bird", ".", " From", " that", " day", " on", ",", " the", " lion", " and", " the", " bird", " became", " good", " friends", " and", " the", " lion", " never", " forgot"], "acts": [0.0, 0.0, 0.0, 0.0, 0.0, 0.0, 0.0, 0.0, 0.0, 0.0, 0.0, 0.0, 0.0, 0.4294, 0.0, 0.0, 1.8776, 0.6593, 0.0, 0.0, 0.0, 0.0, 1.5033, 0.6582, 7.2789, 1.7398, 0.0, 1.195, 4.732, 0.0, 1.1671, 0.0, 0.0], "max_pos": 24, "max_act": 7.2773}, {"tokens": [" again", "\".", " And", " so", " the", " little", " bird", " repe", "ated", " the", " same", " gentle", " song", " over", " and", " over", " again", ".", "\n", "\n", "The", " lion", " and", " the", " bird", " became", " good", " friends", ",", " and", " every", " morning", " the"], "acts": [0.0, 0.0, 0.0, 1.1844, 0.0, 0.0, 0.8636, 0.0, 0.0, 0.0, 0.0, 0.0, 0.0, 0.0, 0.0, 0.0, 0.0, 0.0, 0.0, 0.0, 0.0, 0.0, 1.7396, 0.8784, 7.2719, 1.09, 0.0, 1.8981, 2.4626, 2.8332, 0.0, 0.0, 0.0], "max_pos": 24, "max_act": 7.2734}]}