{"id": 1018, "density": 0.06134925, "max_act": 7.08203125, "hist": {"edges": [0.01, 0.0133, 0.0178, 0.0237, 0.0316, 0.0422, 0.0562, 0.075, 0.1, 0.1334, 0.1778, 0.2371, 0.3162, 0.4217, 0.5623, 0.7499, 1.0, 1.3335, 1.7783, 2.3714, 3.1623, 4.217, 5.6234, 7.4989, 10.0, 13.3352, 17.7828, 23.7137, 31.6228, 42.1697, 56.2341, 74.9894, 100.0], "counts": [0, 0, 0, 0, 0, 0, 0, 0, 0, 5, 218, 1898, 7686, 21355, 40936, 53110, 47871, 33214, 19727, 11057, 6079, 2116, 125, 0, 0, 0, 0, 0, 0, 0, 0, 0]}, "logit_lens": {"promoted": [[" everywhere", 0.272], [" happen", 0.27], ["ers", 0.267], [" set", 0.251], ["D", 0.229], ["ator", 0.219], ["ions", 0.21], ["gy", 0.208], [" end", 0.202], [" start", 0.202]], "suppressed": [[" careful", 0.278], ["uggled", 0.278], ["ven", 0.265], ["itting", 0.258], [" years", 0.246], ["ix", 0.243], ["cu", 0.237], [" pain", 0.237], ["ching", 0.237], [" rub", 0.235]]}, "examples": [{"tokens": [" and", " Ben", " cannot", " go", " outside", ".", " He", " is", " sad", " and", " bored", ".", " He", " looks", " at", " his", " motorcycle", " through", " the", " window", " and", " wishes", " the", " rain", " would", " stop", ".", " He", " asks", " his", " mom", ",", " \""], "acts": [0.0, 0.0, 0.0, 0.0, 0.0, 0.0, 0.0, 0.0, 0.0, 0.0, 0.0, 0.0, 0.0, 0.0, 0.0, 0.0, 0.0, 0.0, 0.0, 0.0, 0.0, 0.0, 0.0, 0.0, 7.0806, 1.4728, 0.0, 0.0, 0.0, 0.0, 0.4891, 0.0, 0.0], "max_pos": 24, "max_act": 7.082}, {"tokens": [" moon", " had", " made", " him", " very", " happy", ".", "<|endoftext|>", "A", " boy"], "acts": [0.0, 6.8954, 2.2564, 0.9822, 0.0, 0.0, 0.0, 0.0, 0.0, 0.0], "max_pos": 1, "max_act": 6.8945}, {"tokens": [" are", " ruined", ".", " Everything", " is", " ruined", ".\"", "\n", "\n", "She", " lay", " down", " on", " her", " bed", " and", " closed", " her", " eyes", ".", " She", " wished", " the", " rain", " would", " stop", " and", " the", " d", "a", "is", "ies", " would"], "acts": [2.882, 0.0, 0.0, 0.0, 0.9344, 0.0, 0.0, 0.0, 0.0, 0.0, 0.0, 0.0, 0.0, 0.0, 0.0, 0.0, 0.0, 0.0, 0.0, 0.0, 0.0, 0.0, 0.0, 0.0, 6.8722, 1.3762, 2.6564, 0.0, 0.0, 0.0, 0.0, 0.0, 4.9556], "max_pos": 24, "max_act": 6.8711}, {"tokens": [" comfort", " him", ",", " but", " he", " was", " too", " angry", ".", " John", " just", " wanted", " his", " birthday", " back", ",", " but", " it", " was", " too", " late", ".", " His", " birthday", " had", " end", "ed", " in", " dis", "ast", "er", ".", "<|endoftext|>"], "acts": [0.0, 0.0, 0.0, 0.0, 0.0, 0.6572, 0.0, 0.0, 0.0, 0.0, 0.0, 0.0, 0.0, 0.0, 1.9718, 0.0, 0.0, 0.0, 0.9654, 1.1082, 0.0, 0.0, 0.0, 0.0, 6.7765, 0.0, 0.0, 0.0, 0.0, 0.0, 0.0, 0.0, 0.0], "max_pos": 24, "max_act": 6.7773}, {"tokens": [" knew", " the", " op", "era", " had", " changed", " them", " in", " some", " special", " way", ".", "<|endoftext|>"], "acts": [1.6637, 0.0, 0.0, 1.3226, 6.7573, 0.0, 0.0, 1.085, 0.0, 0.0, 1.0863, 0.0, 0.0], "max_pos": 4, "max_act": 6.7578}, {"tokens": [" never", " play", " with", " the", " magic", " wand", " again", "!\"", " They", " went", " to", " dry", " themselves", " and", " find", " something", " else", " to", " do", ".", " They", " hoped", " the", " rain", " would", " stop", " soon", ".", "<|endoftext|>", "Lily", " loved", " to", " draw"], "acts": [0.0, 0.0, 0.0, 0.0, 0.0, 0.0, 0.0, 0.0, 0.0, 0.0, 0.0, 0.0, 0.0, 0.0, 0.0, 0.0, 0.0, 0.0, 0.0, 0.0, 0.0, 0.0, 0.0, 0.0, 6.5455, 1.5606, 0.8124, 0.0, 0.0, 0.0, 0.0, 0.0, 0.0], "max_pos": 24, "max_act": 6.5469}, {"tokens": [" rid", " of", " him", " when", " I", " cleaned", " your", " room", ".\"", "\n", "\n", "Lily", " was", " very", " upset", " and", " realized", " that", " sometimes", ",", " things", " that", " seem", " bad", " can", " act", "ually", " be", " good", ".", " From", " that", " day"], "acts": [0.0, 0.0, 0.0, 0.0, 0.0, 0.0, 0.0, 0.0, 0.0, 0.0, 0.0, 0.0, 0.0, 0.0, 0.0, 0.0, 0.0, 0.0, 0.0, 0.0, 0.0, 0.0, 0.0, 0.0, 6.5131, 1.3482, 3.3668, 2.2354, 0.0, 0.0, 0.0, 0.0, 0.0], "max_pos": 24, "max_act": 6.5117}, {"tokens": [" it", " was", " too", " late", ",", " the", " gas", " had", " already", " taken", " its", " to", "ll", " on", " the", " little"], "acts": [0.0, 1.0808, 0.0, 0.0, 0.0, 0.0, 0.0, 6.5027, 4.4125, 0.0, 0.0, 0.0, 0.0, 0.0, 0.0, 0.0], "max_pos": 7, "max_act": 6.5039}, {"tokens": [" scary", "!\"", " But", " Jim", "'s", " sister", " in", "sist", "ed", ",", " \"", "It", " will", " be", " fun", "!", " I", "'ll", " be", " with", " you", " and", " nothing", " bad", " will", " happen", "!\"", "\n", "\n", "D", "es", "p", "ite"], "acts": [0.0, 0.0, 0.0, 0.0, 0.0, 0.0, 0.0, 0.0, 0.0, 0.0, 0.0, 0.0, 2.0351, 0.0, 0.0, 0.0, 0.0, 0.0, 0.0, 0.0, 0.0, 0.0, 0.0, 0.0, 6.3941, 1.3364, 0.0, 0.0, 0.0, 0.0, 0.0, 0.0, 0.0], "max_pos": 24, "max_act": 6.3945}, {"tokens": [",", " you", " can", " have", " a", " party", ",", " but", " it", " must", " be", " a", " weird", " party", ".\"", "\n", "\n", "Lucy", " thought", " about", " what", " a", " weird", " party", " would", " be", " like", ".", " She", " decided", " to", " have", " a"], "acts": [0.0, 0.0, 0.0, 0.0, 0.0, 0.0, 0.0, 0.0, 0.0, 0.0, 0.0, 0.0, 0.0, 0.0, 0.0, 0.0, 0.0, 0.0, 0.0, 0.0, 0.0, 0.0, 0.0, 0.0, 6.3679, 3.1816, 0.8885, 0.0, 0.0, 0.0, 0.0, 0.0, 0.0], "max_pos": 24, "max_act": 6.3672}, {"tokens": [" up", " high", " on", " the", " roof", ",", " but", " they", " both", " enjoyed", " counting", ".", " And", " they", " kept", " counting", " the", " roof", " every", " day", " until", " the", " s", "ummer", " was", " over", ".", "<|endoftext|>", "Once", " upon", " a", " time", ","], "acts": [0.0, 0.0, 0.0, 0.0, 0.0, 0.0, 0.0, 0.0, 0.0, 0.0, 0.0, 0.0, 0.0, 0.0, 0.0, 0.0, 0.0, 0.0, 0.802, 0.0, 0.0, 0.0, 0.0, 0.0, 6.3672, 2.8, 0.0, 0.0, 0.0, 0.0, 0.0, 0.0, 0.3937], "max_pos": 24, "max_act": 6.3672}, {"tokens": [" he", " could", " not", " stop", " thinking", " about", " the", " apple", ".", " He", " wanted", " to", " open", " it", " so", " badly", ".", " He", " thought", ",", " \"", "Maybe", " nothing", " bad", " will", " happen", " if", " I", " open", " it", " just", " a", " little"], "acts": [0.0, 0.0, 0.0, 0.0, 0.0, 0.0, 0.0, 0.0, 0.0, 0.0, 0.0, 0.0, 0.0, 0.0, 0.0, 0.0, 0.0, 0.0, 0.7299, 0.0, 0.0, 0.0, 0.0, 0.0, 6.2821, 1.3809, 0.8781, 0.0, 0.0, 0.0, 0.0, 0.0, 0.0], "max_pos": 24, "max_act": 6.2812}]}