{"id": 1035, "density": 0.01200575, "max_act": 7.296875, "hist": {"edges": [0.01, 0.0133, 0.0178, 0.0237, 0.0316, 0.0422, 0.0562, 0.075, 0.1, 0.1334, 0.1778, 0.2371, 0.3162, 0.4217, 0.5623, 0.7499, 1.0, 1.3335, 1.7783, 2.3714, 3.1623, 4.217, 5.6234, 7.4989, 10.0, 13.3352, 17.7828, 23.7137, 31.6228, 42.1697, 56.2341, 74.9894, 100.0], "counts": [0, 0, 0, 0, 0, 0, 0, 0, 0, 0, 18, 221, 1880, 5402, 8186, 8627, 7944, 5696, 3837, 2889, 1740, 1364, 219, 0, 0, 0, 0, 0, 0, 0, 0, 0]}, "logit_lens": {"promoted": [["ash", 0.334], [" laug", 0.297], [" moms", 0.288], ["zed", 0.284], [" stir", 0.275], ["ze", 0.274], [" bubbles", 0.273], [" thunder", 0.272], ["ment", 0.268], [" Mommy", 0.265]], "suppressed": [[" new", 0.255], [".", 0.24], ["ight", 0.226], [" should", 0.225], [" will", 0.209], ["est", 0.207], [" good", 0.198], [" old", 0.196], [" leg", 0.195], [" of", 0.189]]}, "examples": [{"tokens": [" She", " is", " angry", ".", " She", " has", " found", " them", ".", "\n", "\n", "\"", "Lily", "!", " Tom", "!", " What", " are", " you", " doing", " here", "?", " You", " are", " very", " naughty", ".", " You", " should", " not"], "acts": [0.0, 0.0, 0.0, 0.0, 0.0, 0.0, 0.0, 0.0, 0.0, 0.0, 0.0, 3.9236, 0.0, 6.1994, 0.0, 6.5656, 1.6189, 0.0, 0.0, 0.0, 0.0, 7.2967, 0.0, 0.0, 0.0, 0.0, 3.5195, 0.0, 0.0, 0.0], "max_pos": 21, "max_act": 7.2969}, {"tokens": [" Lily", " and", " Tom", ".", " She", " is", " not", " happy", ".", " She", " is", " angry", ".", "\n", "\n", "\"", "Lily", " and", " Tom", ",", " what", " are", " you", " doing", "?", " Why", " are", " you", " making", " such", " a", " noise", "?"], "acts": [0.0, 0.0, 0.0, 0.5665, 0.0, 0.0, 0.0, 0.0, 0.0, 0.0, 0.0, 0.0, 0.0, 0.0, 0.0, 3.7396, 0.0, 0.0, 0.0, 0.9461, 1.3769, 0.0, 0.0, 0.0, 7.2166, 1.3674, 1.4236, 0.0, 0.0, 0.0, 0.0, 0.0, 6.7985], "max_pos": 24, "max_act": 7.2148}, {"tokens": [" is", " worried", " and", " angry", ".", " She", " shouts", ".", "\n", "\n", "\"", "Ben", " and", " Lily", ",", " what", " are", " you", " doing", "?", " You", " made", " a", " big", " mess", " with", " your", " lab"], "acts": [0.0, 0.0, 0.0, 0.0, 0.0, 0.0, 0.8825, 0.0, 0.0, 0.0, 4.6718, 0.0, 0.0, 0.0, 0.9148, 1.4408, 0.0, 0.0, 0.0, 7.2035, 0.0, 0.0, 0.0, 0.0, 0.0, 0.0, 0.0, 0.0], "max_pos": 19, "max_act": 7.2031}, {"tokens": [".", "\n", "\n", "\"", "Tom", " and", " Anna", ",", " what", " are", " you", " doing", "?", " You", " are", " making", " a", " big", " mess", ".", " This"], "acts": [0.0, 0.0, 0.0, 1.1078, 0.0, 0.0, 0.0, 0.0, 0.0, 0.0, 0.0, 0.0, 6.9941, 0.0, 0.0, 0.0, 0.0, 0.0, 0.0, 3.1176, 0.0], "max_pos": 12, "max_act": 6.9922}, {"tokens": [" Tom", " and", " Lily", " behind", " the", " bush", ".", "\n", "\n", "\"", "Tom", ",", " Lily", ",", " what", " are", " you", " doing", "?", " You", " are", " in", " big", " trouble", "!", " Come", " here", " right", " now", "!\"", " she", " shouted", "."], "acts": [0.0, 0.0, 0.0, 0.0, 0.0, 0.0, 0.0, 0.0, 0.0, 2.0822, 0.0, 0.0, 0.0, 0.0, 0.7088, 0.0, 0.0, 0.0, 6.8148, 0.0, 0.0, 0.0, 0.0, 0.0, 6.889, 0.0, 0.0, 0.0, 0.0, 0.0, 0.0, 0.0, 0.0], "max_pos": 24, "max_act": 6.8906}, {"tokens": [" She", " opened", " the", " door", " and", " saw", " the", " mess", " in", " the", " living", " room", ".", " She", " was", " very", " angry", ".", "\n", "\n", "\"", "Ben", "!", " Lily", "!", " What", " have", " you", " done", "?\"", " she", " shouted", "."], "acts": [0.0, 0.0, 0.0, 0.0, 0.0, 0.0, 0.0, 0.0, 0.0, 0.0, 0.0, 0.0, 0.5151, 0.0, 0.0, 0.0, 0.0, 0.6126, 0.0, 0.0, 3.9683, 0.0, 5.8903, 0.0, 6.8521, 1.5199, 0.0, 0.0, 0.0, 0.8729, 0.0, 0.0, 0.0], "max_pos": 24, "max_act": 6.8516}, {"tokens": [" they", " made", ".", " He", " shouted", " at", " them", " and", " told", " them", " to", " stop", ".", "\n", "\n", "\"", "Tom", " and", " Lily", ",", " what", " are", " you", " doing", "?", " You", " are", " was", "ting", " the", " o", "il", " and"], "acts": [0.0, 0.0, 0.0, 0.0, 0.0, 0.8116, 0.0, 0.0, 1.1974, 0.0, 0.0, 3.25, 0.0, 0.0, 0.0, 3.2853, 0.0, 0.0, 0.0, 1.247, 1.6412, 0.0, 0.0, 0.0, 6.8474, 0.0, 0.0, 0.0, 0.0, 0.0, 0.0, 0.0, 0.0], "max_pos": 24, "max_act": 6.8477}, {"tokens": [" doll", ".", " She", " sees", " the", " water", " and", " the", " clothes", " on", " the", " floor", ".", "\n", "\n", "\"", "What", " are", " you", " doing", ",", " Tom", " and", " Lily", "?", " Why", " are", " you", " making", " such", " a", " mess", "?\""], "acts": [0.0, 0.0, 0.0, 0.0, 0.0, 0.0, 0.0, 0.0, 0.0, 0.0, 0.0, 0.0, 0.0, 0.0, 0.0, 1.4752, 0.0, 0.0, 0.0, 0.0, 1.7686, 0.0, 0.0, 0.0, 6.7705, 0.995, 0.0, 0.0, 0.0, 0.0, 0.0, 0.0, 0.0], "max_pos": 24, "max_act": 6.7695}, {"tokens": [" and", " Ben", " and", " shouted", " at", " them", ".", "\n", "\n", "\"", "Hey", ",", " you", " kids", "!", " What", " are", " you", " doing", " here", "?", " This", " is", " our", " boat", ",", " not", " yours", "!"], "acts": [0.0, 0.0, 0.0, 0.0, 0.0, 0.0, 0.0, 0.0, 0.0, 3.8508, 2.5526, 0.0, 0.0, 0.0, 5.6178, 0.0, 0.0, 0.0, 0.0, 0.0, 6.7693, 0.0, 0.0, 0.0, 0.0, 0.0, 0.0, 0.0, 6.5244], "max_pos": 20, "max_act": 6.7695}, {"tokens": [" happy", ".", " She", " sees", " the", " red", " car", " in", " two", " pieces", ".", " Tom", " and", " Sam", " broke", " it", ".", "\n", "\n", "\"", "What", " are", " you", " doing", "?", " Why", " did", " you", " break", " the", " car", "?\"", " Mom"], "acts": [0.0, 0.0, 0.0, 0.0, 0.0, 0.0, 0.0, 0.0, 0.0, 0.0, 0.0, 0.0, 0.0, 0.0, 0.0, 0.0, 0.0, 0.0, 0.0, 1.4303, 0.0, 0.0, 0.0, 0.0, 6.7645, 1.2642, 0.0, 0.0, 0.0, 0.0, 0.0, 0.4585, 0.0], "max_pos": 24, "max_act": 6.7656}, {"tokens": [".", " He", " scold", "ed", " them", ".", "\n", "\n", "\"", "You", " are", " bad", " kids", "!", " You", " sto", "le", " my", " milk", "!", " You", " made", " a", " mess", "!", " You", " have", " to", " pay", " for", " the", " milk", "!\""], "acts": [0.0, 0.0, 0.0, 0.0, 0.0, 0.0, 0.0, 0.0, 3.538, 0.0, 0.0, 0.0, 0.0, 5.6869, 0.0, 0.0, 0.0, 0.0, 0.0, 6.3576, 0.0, 0.0, 0.0, 0.0, 6.7261, 0.0, 0.0, 0.0, 0.0, 0.0, 0.0, 0.0, 1.1971], "max_pos": 24, "max_act": 6.7266}, {"tokens": [" not", " happy", ".", " She", " saw", " the", " bag", " and", " the", " toys", " and", " said", ":", "\n", "\n", "\"", "Tim", ",", " Sam", ",", " what", " are", " you", " doing", "?", " The", "se", " toys", " are", " not", " yours", ".", " They"], "acts": [0.0, 0.0, 0.0, 0.0, 0.0, 0.0, 0.0, 0.0, 0.0, 0.0, 0.0, 0.0, 0.0, 0.0, 0.0, 2.073, 0.0, 0.0, 0.0, 0.0, 0.7443, 0.0, 0.0, 0.0, 6.6602, 0.0, 0.0, 0.0, 0.0, 0.0, 0.0, 1.4679, 0.0], "max_pos": 24, "max_act": 6.6602}]}