{"id": 1043, "density": 0.01235625, "max_act": 7.16796875, "hist": {"edges": [0.01, 0.0133, 0.0178, 0.0237, 0.0316, 0.0422, 0.0562, 0.075, 0.1, 0.1334, 0.1778, 0.2371, 0.3162, 0.4217, 0.5623, 0.7499, 1.0, 1.3335, 1.7783, 2.3714, 3.1623, 4.217, 5.6234, 7.4989, 10.0, 13.3352, 17.7828, 23.7137, 31.6228, 42.1697, 56.2341, 74.9894, 100.0], "counts": [0, 0, 0, 0, 0, 0, 0, 0, 0, 1, 6, 80, 683, 2802, 7421, 10387, 9071, 6577, 3809, 2818, 2234, 2097, 1439, 0, 0, 0, 0, 0, 0, 0, 0, 0]}, "logit_lens": {"promoted": [[" names", 0.303], [" pray", 0.293], [" questions", 0.27], [" ask", 0.261], [" wrong", 0.233], [" owl", 0.229], ["Tim", 0.224], [" question", 0.224], [" coins", 0.22], [" what", 0.218]], "suppressed": [[" caught", 0.275], [" rolled", 0.26], ["ue", 0.259], [" balance", 0.254], ["ore", 0.252], ["ub", 0.243], ["irt", 0.243], [" its", 0.236], [" especially", 0.233], [" landed", 0.231]]}, "examples": [{"tokens": [" was", " a", " little", " girl", " who", " wanted", " to", " go", " on", " a", " big", " adventure", ".", " She", " had", " to", " pack", " all", " her", " things", " so", " she", " asked", " her", " mom", " for", " help", ".", "\n", "\n", "\u00e2\u20ac\u0153", "Mom", ","], "acts": [0.0, 0.0, 0.0, 0.0, 0.0, 0.0, 0.0, 0.0, 0.0, 0.0, 0.0, 0.0, 0.0, 0.0, 0.0, 0.0, 0.0, 0.0, 0.0, 0.0, 0.0, 0.0, 0.0, 4.1668, 7.1696, 0.0, 0.0, 0.0, 0.0, 0.0, 0.0, 0.0, 0.0], "max_pos": 24, "max_act": 7.168}, {"tokens": [" One", " day", ",", " she", " saw", " an", " ad", "ver", "t", "ise", "ment", " for", " a", " new", " toy", " store", " open", "ing", " in", " town", ".", " She", " asked", " her", " mommy", " to", " take", " her", " there", ",", " but", " her", " mommy"], "acts": [0.0, 0.0, 0.0, 0.0, 0.0, 0.0, 0.0, 0.0, 0.0, 0.0, 0.0, 0.0, 0.0, 0.0, 0.0, 0.0, 0.0, 0.0, 0.0, 0.0, 0.0, 0.0, 0.0, 4.0471, 7.13, 0.0, 0.0, 1.0687, 0.5192, 0.0, 0.0, 0.0, 0.0], "max_pos": 24, "max_act": 7.1289}, {"tokens": [" box", ",", " the", " daughter", " was", " amazed", " to", " find", " a", " special", " counting", " game", " with", " many", " colorful", " number", " cu", "b", "es", ".", " She", " quickly", " asked", " her", " father", " to", " help", " her", " put", " the", " numbers", " together", "."], "acts": [0.0, 0.0, 0.0, 0.0, 0.0, 0.0, 0.0, 0.0, 0.0, 0.0, 0.0, 0.0, 0.0, 0.0, 0.0, 0.0, 0.0, 0.0, 0.0, 0.0, 0.0, 0.0, 0.3966, 2.5637, 7.0754, 0.0, 0.0, 0.0, 0.0, 0.0, 0.0, 0.0, 0.0], "max_pos": 24, "max_act": 7.0742}, {"tokens": [" them", ".", "<|endoftext|>", "Once", " upon", " a", " time", ",", " there", " was", " a", " famous", " girl", " who", " wanted", " to", " go", " on", " an", " adventure", ".", " She", " asked", " her", " mom", " if", " she", " could", " borrow", " her", " bike", ",", " so"], "acts": [0.0, 0.0, 0.0, 0.0, 0.0, 0.0, 0.0, 0.0, 0.0, 0.0, 0.0, 0.0, 0.0, 0.0, 0.0, 0.0, 0.4796, 0.0, 0.0, 0.0, 0.0, 0.0, 0.0, 4.1793, 7.0357, 0.0, 0.0, 0.0, 0.0, 0.0, 0.0, 0.0, 0.0], "max_pos": 24, "max_act": 7.0352}, {"tokens": [" a", " time", ",", " there", " was", " a", " girl", " named", " Lucy", ".", " She", " was", " feeling", " very", " weak", " and", " needed", " something", " to", " drink", ".", " She", " asked", " her", " mom", ",", " \"", "Can", " I", " have", " some", " water", ","], "acts": [0.0, 0.0, 0.0, 0.0, 0.0, 0.0, 0.0, 0.0, 0.0, 0.0, 0.0, 0.0, 0.0, 0.0, 0.0, 0.0, 0.0, 0.0, 0.0, 0.0, 0.0, 0.0, 0.0, 3.9665, 7.0252, 0.0, 0.0, 0.0, 0.0, 0.0, 0.0, 0.0, 0.0], "max_pos": 24, "max_act": 7.0234}, {"tokens": [" there", " was", " a", " little", " girl", " named", " Lily", ".", " Lily", " was", " very", " tired", " and", " needed", " a", " nap", ".", " She", " asked", " her", " mommy", " if", " she", " could", " nap", " under", " the", " big", " tree"], "acts": [0.0, 0.0, 0.0, 0.0, 0.0, 0.0, 0.0, 0.0, 0.0, 0.0, 0.0, 0.0, 0.0, 0.0, 0.0, 0.0, 0.0, 0.0, 0.0, 4.216, 6.9947, 0.0, 0.0, 0.0, 0.0, 0.0, 0.0, 0.0, 0.0], "max_pos": 20, "max_act": 6.9961}, {"tokens": [" someone", " say", " about", " ", "X", "-", "ray", "s", ".", " Jane", " had", " no", " idea", " what", " an", " ", "X", "-", "ray", " was", " so", " she", " asked", " her", " mom", " what", " it", " was", ".", " Jane", "\u00e2\u20ac\u2122", "s", " mom"], "acts": [0.0, 0.0, 0.0, 0.0, 0.0, 0.0, 0.0, 0.0, 0.0, 0.0, 0.0, 0.0, 0.0, 0.0, 0.0, 0.0, 0.0, 1.1466, 0.0, 0.0, 0.0, 0.0, 0.0, 3.6456, 6.997, 0.0, 0.0, 0.0, 0.0, 0.0, 0.0, 0.0, 0.0], "max_pos": 24, "max_act": 6.9961}, {"tokens": [" the", " ocean", ".", " It", " was", " really", " cool", ".", "\n", "\n", "Jo", "ey", " and", " his", " friends", " wanted", " to", " go", " camp", "ing", ".", " They", " asked", " their", " parents", " if", " they", " could", " go", " and", " their", " parents", " said"], "acts": [0.0, 0.0, 0.0, 0.0, 0.0, 0.0, 0.0, 0.0, 0.0, 0.0, 0.0, 0.0, 0.0, 0.0, 0.0, 0.0, 0.0, 0.0, 0.0, 0.0, 0.0, 0.0, 0.0, 3.9427, 6.9699, 0.0, 1.248, 0.8573, 0.9332, 0.0, 0.0, 1.4865, 0.0], "max_pos": 24, "max_act": 6.9688}, {"tokens": ["Once", " upon", " a", " time", ",", " there", " was", " a", " little", " girl", " named", " Mar", "ia", "h", " who", " wanted", " to", " find", " a", " job", ".", " She", " asked", " her", " mom", " about", " it", ",", " and", " her", " mom", " told", " her"], "acts": [0.0, 0.0, 0.0, 0.0, 0.0, 0.0, 0.0, 0.0, 0.0, 0.0, 0.0, 0.0, 0.0, 0.0, 0.0, 0.0, 0.0, 0.0, 0.0, 0.0, 0.0, 0.0, 0.0, 3.9715, 6.9591, 0.0, 0.0, 0.0, 0.0, 0.0, 0.7382, 0.0, 1.428], "max_pos": 24, "max_act": 6.9609}, {"tokens": [" a", " ve", "il", " had", " been", " left", " behind", "!", " She", " could", " not", " stop", " looking", " at", " it", " and", " wanted", " to", " know", " more", ".", " She", " asked", " her", " parents", " to", " explain", " the", " ve", "il", " to", " her", "."], "acts": [0.0, 0.0, 0.0, 0.0, 0.0, 0.0, 0.0, 0.0, 0.0, 0.0, 0.0, 0.0, 0.0, 0.0, 0.0, 0.0, 0.0, 0.0, 0.0, 0.0, 0.0, 0.0, 0.0, 3.7756, 6.9582, 0.6898, 0.0, 0.6722, 1.9471, 1.2432, 0.0, 1.2163, 0.0], "max_pos": 24, "max_act": 6.957}, {"tokens": [" coming", " from", " a", " distant", " place", ".", " She", " wanted", " to", " move", " her", " body", " to", " the", " be", "at", " of", " the", " music", ",", " so", " she", " asked", " her", " mommy", " if", " they", " could", " go", " there", ".", "\n", "\n"], "acts": [0.0, 0.0, 0.0, 0.0, 0.0, 0.0, 0.0, 0.0, 0.0, 0.0, 0.0, 0.0, 0.0, 0.0, 0.0, 0.0, 0.0, 0.0, 0.0, 0.0, 0.0, 0.0, 0.0, 3.7301, 6.9509, 0.0, 0.0, 0.0, 0.7137, 0.0, 0.0, 0.0, 0.0], "max_pos": 24, "max_act": 6.9492}, {"tokens": [" in", " her", " backyard", " that", " she", " played", " on", " all", " the", " time", ".", " One", " day", ",", " she", " had", " an", " even", " better", " idea", ".", " She", " asked", " her", " mom", " to", " take", " her", " to", " the", " beach", " to", " try"], "acts": [0.0, 0.0, 0.0, 0.0, 0.0, 0.0, 0.0, 0.0, 0.0, 0.0, 0.0, 0.0, 0.0, 0.0, 0.0, 0.0, 0.0, 0.0, 0.0, 0.0, 0.0, 0.0, 0.0, 3.6816, 6.9444, 0.0, 0.0, 0.9421, 0.0, 0.0, 0.0, 0.0, 0.0], "max_pos": 24, "max_act": 6.9453}]}