{"id": 1053, "density": 0.03732525, "max_act": 8.1640625, "hist": {"edges": [0.01, 0.0133, 0.0178, 0.0237, 0.0316, 0.0422, 0.0562, 0.075, 0.1, 0.1334, 0.1778, 0.2371, 0.3162, 0.4217, 0.5623, 0.7499, 1.0, 1.3335, 1.7783, 2.3714, 3.1623, 4.217, 5.6234, 7.4989, 10.0, 13.3352, 17.7828, 23.7137, 31.6228, 42.1697, 56.2341, 74.9894, 100.0], "counts": [0, 0, 0, 0, 0, 0, 0, 0, 0, 2, 21, 177, 1256, 5681, 14752, 23558, 26453, 23649, 17997, 14680, 12297, 7368, 1401, 9, 0, 0, 0, 0, 0, 0, 0, 0]}, "logit_lens": {"promoted": [["'s", 0.486], ["\u00e2\u20ac\u2122", 0.375], ["'", 0.294], ["hood", 0.292], [" comp", 0.26], ["ty", 0.221], [" head", 0.213], ["dom", 0.203], [" hand", 0.199], [" b", 0.188]], "suppressed": [["ased", 0.265], [" truth", 0.265], ["ase", 0.262], [" \"", 0.258], ["ubby", 0.251], ["ened", 0.239], ["en", 0.237], [" Suddenly", 0.232], ["ten", 0.229], [" haircut", 0.228]]}, "examples": [{"tokens": ["\n", "\n", "She", " took", " out", " a", " small", " thing", " with", " a", " tube", " and", " put", " it", " in", " her", " ears", ".", " She", " put", " the", " other", " end", " on", " Ben", "'s", " chest", ".", " She", " said", ",", " \"", "Can"], "acts": [0.0, 0.0, 0.0, 0.0, 0.0, 0.0, 0.0, 0.0, 0.0, 0.0, 0.0, 0.0, 0.0, 0.0, 0.0, 0.7428, 0.0, 0.0, 0.0, 0.0, 0.0, 0.0, 0.0, 0.0, 8.1615, 2.0123, 0.0, 0.0, 0.0, 0.0, 0.0, 0.0, 0.0], "max_pos": 24, "max_act": 8.1641}, {"tokens": [" the", " animals", ".", " Anna", " and", " Ben", " had", " fun", " feed", "ing", " and", " pet", "ting", " them", ".", " They", " laughed", " when", " the", " goat", " n", "ibb", "led", " on", " Ben", "'s", " shirt", " and", " when", " the", " duck", " qu", "ack"], "acts": [0.0, 0.0, 0.0, 0.0, 0.0, 0.0, 0.0, 0.0, 0.0, 0.0, 0.0, 0.0, 0.0, 0.0, 0.0, 0.0, 0.0, 0.0, 0.0, 0.0, 0.0, 0.0, 0.0, 0.0, 7.9311, 0.6054, 0.0, 0.0, 0.0, 0.0, 0.0, 0.0, 0.0], "max_pos": 24, "max_act": 7.9297}, {"tokens": ["o", "co", ".", " B", "ad", " puppy", ".", " You", " cannot", " do", " that", ".", " You", " have", " to", " be", " gentle", " and", " polite", ".", " You", " have", " to", " respect", " Max", ".", " He", " is", " old", " and", " needs", " rest", "."], "acts": [0.0, 0.0, 0.0, 0.0, 0.0, 1.5359, 0.0, 0.8139, 0.0, 0.0, 0.0, 0.0, 0.0, 0.0, 0.0, 0.0, 0.0, 0.0, 0.0, 0.0, 0.0, 0.0, 0.0, 0.0, 7.8212, 0.0, 1.8909, 0.0, 0.0, 0.0, 0.0, 0.0, 0.0], "max_pos": 24, "max_act": 7.8203}, {"tokens": [" to", " enjoy", " books", " and", " to", " respect", " Grandma", ".", " They", " learned", " that", " sometimes", ",", " the", " best"], "acts": [0.0, 0.0, 0.0, 0.0, 0.0, 0.0, 7.8126, 0.0, 0.0, 0.0, 0.0, 0.0, 0.0, 0.0, 0.0], "max_pos": 6, "max_act": 7.8125}, {"tokens": ["\n", "\n", "He", " put", " the", " hat", " on", " Ben", "'s", " head", ".", " Ben", " looked", " at", " himself", " in"], "acts": [0.0, 0.0, 0.0, 0.0, 0.0, 0.0, 0.0, 7.7818, 1.6786, 0.0, 0.0, 0.0, 0.0, 0.0, 0.741, 0.0], "max_pos": 7, "max_act": 7.7812}, {"tokens": ["os", "ity", " and", " disappo", "in", "t", "ment", ".", " They", " wanted", " to", " see", " what", " was", " inside", ",", " but", " they", " knew", " they", " had", " to", " respect", " their", " grandpa", "'s", " secret", ".", "\n", "\n", "\"", "Can", " we"], "acts": [0.0, 0.0, 0.0, 0.0, 0.0, 0.0, 0.0, 0.0, 0.0, 0.0, 0.0, 0.0, 0.0, 0.0, 0.0, 0.0, 0.0, 0.0, 0.0, 0.0, 0.0, 0.0, 0.0, 1.0646, 7.6554, 1.7978, 0.0, 0.0, 0.0, 0.0, 0.0, 0.0, 0.0], "max_pos": 24, "max_act": 7.6562}, {"tokens": [" sail", "or", " locked", " Lila", " in", " his", " cabin", ".", " He", " took", " her", " bag"], "acts": [0.0, 1.9709, 0.0, 7.6235, 0.0, 0.0, 0.0, 0.0, 0.0, 0.0, 0.0, 0.0], "max_pos": 3, "max_act": 7.625}, {"tokens": [".", " A", " dog", " had", " run", " behind", " Ben", " and", " lifted", " his", " leg", " on", " the", " slide", ".", " It", " looked", " like", " the", " dog", " was", " pee", "ing", " on", " Ben", "'s", " head", "!", "\n", "\n", "They", " all", " gasped"], "acts": [0.0, 0.0, 0.0, 0.0, 0.0, 0.0, 6.0598, 0.0, 0.0, 0.0, 0.0, 0.0, 0.0, 0.0, 0.0, 0.0, 0.0, 0.0, 0.0, 1.651, 0.0, 0.0, 0.0, 0.0, 7.5949, 1.3466, 0.0, 0.0, 0.0, 0.0, 0.0, 0.0, 0.0], "max_pos": 24, "max_act": 7.5938}, {"tokens": [" on", " his", " arm", ".", " Lily", " wanted", " to", " help", " Ben", " heal", ".", " She", " got", " a", " band", "-", "aid", " from", " her", " mommy", " and", " put", " it", " on", " Ben", "'s", " arm", ".", " Ben", " stopped", " crying", " and", " smiled"], "acts": [0.0, 1.2397, 0.0, 0.0, 0.0, 0.6042, 0.0, 0.0, 3.8858, 0.0, 0.0, 0.0, 0.0, 0.0, 0.0, 0.0, 0.0, 0.0, 0.0, 4.3481, 0.0, 0.0, 0.0, 0.0, 7.5415, 2.4387, 0.0, 0.0, 0.0, 0.0, 0.0, 0.0, 0.0], "max_pos": 24, "max_act": 7.543}, {"tokens": [" dog", " heard", " his", " owner", "'s", " whistle", " and", " let", " go", " of", " Ben", ".", " He", " ran", " back", " to", " the", " man", ","], "acts": [1.984, 0.0, 0.0, 2.6807, 0.0, 0.0, 0.0, 0.0, 0.0, 0.0, 7.4944, 0.0, 0.0, 0.0, 0.0, 0.0, 0.0, 3.7854, 0.0], "max_pos": 10, "max_act": 7.4961}, {"tokens": [" Lily", " said", ",", " \"", "No", ",", " it", " is", " not", " mine", ".", " But", " I", " think", " I", " saw", " it", " on", " Ben", "'s", " hand", " yes", "ter", "day", ".\"", " Tim", " was"], "acts": [3.0744, 0.0, 0.0, 0.0, 0.0, 0.0, 0.0, 0.0, 0.0, 0.0, 0.0, 0.0, 0.0, 0.0, 0.0, 0.0, 0.0, 0.0, 7.4847, 1.2962, 0.0, 0.0, 0.0, 0.0, 0.0, 0.0, 0.0], "max_pos": 18, "max_act": 7.4844}, {"tokens": [" started", " to", " st", "ro", "ke", " the", " seal", ".", " He", " talked", " to", " it", " and", " felt", " very", " happy", ".", " The", " seal", " felt", " calm", " too", " and", " enjoyed", " Jack", "'s", " gentle", " touch", ".", "\n", "\n", "After", " a"], "acts": [0.0, 0.0, 0.0, 0.0, 0.0, 0.0, 2.5545, 0.0, 0.0, 0.0, 0.0, 0.0, 0.0, 0.0, 0.0, 0.0, 0.0, 0.0, 0.0, 0.0, 0.0, 0.0, 0.0, 0.0, 7.4796, 1.1554, 0.0, 0.0, 0.0, 0.0, 0.0, 0.0, 0.0], "max_pos": 24, "max_act": 7.4805}]}