{"id": 1078, "density": 0.06238875, "max_act": 6.13671875, "hist": {"edges": [0.01, 0.0133, 0.0178, 0.0237, 0.0316, 0.0422, 0.0562, 0.075, 0.1, 0.1334, 0.1778, 0.2371, 0.3162, 0.4217, 0.5623, 0.7499, 1.0, 1.3335, 1.7783, 2.3714, 3.1623, 4.217, 5.6234, 7.4989, 10.0, 13.3352, 17.7828, 23.7137, 31.6228, 42.1697, 56.2341, 74.9894, 100.0], "counts": [0, 0, 0, 0, 0, 0, 0, 0, 0, 7, 150, 910, 4783, 19630, 46017, 59796, 50721, 34196, 19997, 9728, 3192, 418, 10, 0, 0, 0, 0, 0, 0, 0, 0, 0]}, "logit_lens": {"promoted": [[" swing", 0.393], [" swings", 0.386], [" slide", 0.334], [" bench", 0.279], [" swinging", 0.253], [" playground", 0.248], [" sandbox", 0.246], [" ice", 0.24], [" slides", 0.234], [" park", 0.227]], "suppressed": [[" kissed", 0.34], [" brush", 0.33], [" added", 0.326], [" cooked", 0.312], ["Mama", 0.309], [" Tweety", 0.303], [" Grandpa", 0.298], ["ob", 0.296], [" mouse", 0.295], [" rubbed", 0.29]]}, "examples": [{"tokens": [" the", " park", ".", " Lily", " was", " so", " excited", " to", " go", " to", " the", " park", " and", " play", " on", " the", " swings", " and", " slide", ".", " \n", "\n", "When", " they"], "acts": [0.0, 2.3118, 0.0, 1.2838, 0.7658, 1.2161, 1.0876, 0.0, 2.2346, 0.0, 4.2456, 0.0, 1.8834, 2.4451, 2.4771, 6.136, 0.0, 1.4766, 1.1901, 0.0, 0.5399, 0.0, 0.0, 0.0], "max_pos": 15, "max_act": 6.1367}, {"tokens": [" Lily", ".", " She", " loved", " going", " to", " the", " park", " to", " play", " on", " the", " swings", " and", " slide", ".", " One", " day", ",", " her"], "acts": [0.0, 0.0, 0.0, 0.0, 0.0, 0.0, 0.0, 0.0, 2.9568, 2.3667, 2.0829, 6.0773, 0.0, 1.566, 0.0, 0.0, 1.4837, 0.0, 0.3026, 1.506], "max_pos": 11, "max_act": 6.0781}, {"tokens": [" went", " to", " the", " park", " with", " her", " mommy", ".", " She", " was", " playing", " on", " the", " swings", " when", " she", " noticed", " her", " jacket", " was", " missing"], "acts": [0.0, 0.0, 0.0, 0.0, 0.0, 3.3472, 0.0, 0.0, 0.0, 0.0, 3.0197, 2.0476, 6.0372, 1.1642, 0.5871, 0.0, 0.0, 2.7637, 0.0, 0.9277, 0.0], "max_pos": 12, "max_act": 6.0391}, {"tokens": [" his", " mommy", " told", " him", " they", " were", " going", " to", " spend", " the", " day", " at", " the", " park", ".", " Timmy", " loved", " the", " park", " because", " he", " could", " play", " on", " the", " swings", " and", " slide", ".", "\n", "\n", "As", " they"], "acts": [0.0, 0.0, 0.0, 0.0, 0.0, 0.0, 0.0, 0.0, 0.0, 0.0, 0.0, 0.0, 0.0, 0.0, 0.0, 0.0, 1.0457, 4.3966, 0.0, 0.7085, 0.0, 2.2789, 2.1548, 1.7011, 5.9008, 0.0, 2.064, 0.0, 0.0, 0.0, 0.0, 0.0, 0.0], "max_pos": 24, "max_act": 5.9023}, {"tokens": [" Sam", " who", " loved", " to", " play", " with", " him", ".", " One", " day", ",", " Tim", " and", " Sam", " went", " to", " the", " park", " to", " play", ".", " They", " played", " on", " the", " swings", ",", " the", " slide", ",", " and", " the", " sees"], "acts": [0.0, 0.0, 0.0, 0.0, 0.0, 0.0, 0.0, 0.0, 0.0, 0.0, 0.0, 0.0, 0.6711, 0.0, 0.0, 0.0, 1.1579, 0.0, 3.0189, 2.1267, 0.0, 0.6189, 2.8134, 2.0081, 5.8507, 1.0202, 1.4612, 4.8536, 0.0, 1.3209, 1.2669, 4.5748, 0.0], "max_pos": 24, "max_act": 5.8516}, {"tokens": [",", " Tim", " went", " to", " the", " park", " with", " his", " mom", ".", " He", " played", " on", " the", " swings", " and", " the", " slide", ",", " but", " when", " it"], "acts": [0.0, 0.0, 0.0, 0.0, 1.2762, 0.0, 0.6568, 3.5105, 0.0, 0.0, 0.0, 3.0658, 2.307, 5.8132, 1.2646, 1.6945, 4.6131, 0.7893, 1.5005, 0.6588, 0.0, 0.0], "max_pos": 13, "max_act": 5.8125}, {"tokens": [" Lily", " went", " to", " the", " park", " with", " her", " mom", ".", " She", " played", " on", " the", " swings", " and", " the", " slide", ",", " but", " then", " she"], "acts": [0.0, 0.0, 0.0, 1.3045, 0.0, 0.8191, 3.113, 0.0, 0.0, 0.0, 2.995, 2.286, 5.6478, 1.1395, 1.6328, 4.588, 0.6645, 1.4726, 0.0, 0.0, 0.0], "max_pos": 12, "max_act": 5.6484}, {"tokens": [" They", " liked", " to", " play", " and", " laugh", " together", ".", "\n", "\n", "One", " day", ",", " Sue", " and", " Tom", " went", " to", " the", " park", ".", " They", " played", " on", " the", " swings", " and", " the", " slide", ".", " They", " were", " hungry"], "acts": [0.0, 0.0, 0.0, 0.0, 0.0, 0.0, 0.0, 0.0, 0.0, 0.0, 0.0, 0.0, 0.0, 0.0, 0.0, 0.0, 0.0, 0.0, 1.3182, 0.0, 0.0, 0.5499, 2.6428, 2.0674, 5.6425, 0.0, 1.5865, 4.8991, 0.0, 0.0, 0.636, 0.7441, 1.8471], "max_pos": 24, "max_act": 5.6406}, {"tokens": [" loved", " to", " go", " to", " the", " park", " with", " her", " mom", " and", " dad", ".", " One", " sunny", " day", ",", " they", " went", " to", " the", " park", " to", " play", " on", " the", " swings", " and", " slide", ".", " Lily", " was", " so", " excited"], "acts": [0.0, 0.0, 0.0, 0.0, 0.4396, 0.0, 0.0, 2.3339, 0.0, 0.0, 0.0, 0.0, 0.0, 1.2721, 0.0, 0.0, 0.0, 0.8072, 0.0, 3.2249, 0.0, 2.8835, 1.6557, 2.0541, 5.6271, 0.0, 1.7619, 0.0, 0.0, 0.0, 0.6659, 1.4509, 1.4219], "max_pos": 24, "max_act": 5.6289}, {"tokens": [" the", " park", ".", "\n", "\n", "At", " the", " park", " he", " saw", " the", " sees", "a", "w", ".", " He", " jumped", " on", " and"], "acts": [0.0, 2.3118, 0.0, 0.0, 0.0, 0.0, 4.1645, 1.1724, 1.501, 2.9574, 5.626, 0.9016, 1.3314, 0.0, 0.0, 1.15, 3.0387, 1.6492, 0.0], "max_pos": 10, "max_act": 5.625}, {"tokens": [" sometimes", ".", " One", " day", ",", " Lily", " and", " R", "os", "ie", " went", " to", " the", " park", " to", " play", ".", " \n", "\n", "Lily", " wanted", " to", " play", " on", " the", " swings", ",", " but", " R", "os", "ie", " wanted", " to"], "acts": [0.0, 0.0, 0.0, 0.0, 0.0, 0.0, 0.4563, 0.0, 0.0, 0.0, 0.0, 0.0, 0.5133, 0.0, 2.5872, 1.3941, 0.0, 0.0, 0.0, 0.0, 0.6751, 1.4268, 1.5768, 1.3325, 5.5222, 0.0, 1.2236, 0.425, 0.0, 0.0, 0.0, 0.8163, 1.4015], "max_pos": 24, "max_act": 5.5234}, {"tokens": [" they", " were", " going", " to", " the", " park", ".", "\n", "\n", "Lily", " was", " excited", " to", " play", " on", " the", " swings", ".", " Max", " was", " excited", " to", " play", " with"], "acts": [0.0, 0.0, 0.0, 0.0, 0.0, 0.0, 0.0, 0.0, 0.0, 0.0, 0.5757, 0.909, 0.0, 1.7895, 1.2888, 5.504, 0.8648, 1.1708, 0.0, 0.7257, 1.4905, 1.1107, 1.9581, 0.6959], "max_pos": 15, "max_act": 5.5039}]}