{"id": 107, "density": 0.053106, "max_act": 4.84375, "hist": {"edges": [0.01, 0.0133, 0.0178, 0.0237, 0.0316, 0.0422, 0.0562, 0.075, 0.1, 0.1334, 0.1778, 0.2371, 0.3162, 0.4217, 0.5623, 0.7499, 1.0, 1.3335, 1.7783, 2.3714, 3.1623, 4.217, 5.6234, 7.4989, 10.0, 13.3352, 17.7828, 23.7137, 31.6228, 42.1697, 56.2341, 74.9894, 100.0], "counts": [0, 0, 0, 0, 0, 0, 0, 0, 0, 7, 136, 1165, 5816, 18587, 31611, 39128, 40942, 38806, 26300, 8908, 991, 27, 0, 0, 0, 0, 0, 0, 0, 0, 0, 0]}, "logit_lens": {"promoted": [[" Then", 0.305], ["Then", 0.301], [" Eventually", 0.295], ["Suddenly", 0.293], [" Finally", 0.292], [" next", 0.288], ["ret", 0.283], ["Just", 0.27], [" Suddenly", 0.264], ["But", 0.255]], "suppressed": [[" bought", 0.27], [" hid", 0.22], ["ouse", 0.219], [" needed", 0.215], [" he", 0.212], [" us", 0.208], [" baby", 0.206], [" helped", 0.196], [" she", 0.191], ["cy", 0.187]]}, "examples": [{"tokens": [" They", " t", "ug", " and", " push", " and", " shout", ".", " They", " are", " so", " loud", " that", " they", " do", " not"], "acts": [0.0, 0.0, 0.0, 0.0, 0.0, 0.0, 0.0, 4.8446, 0.0, 0.0, 0.0, 0.0, 0.0, 0.0, 0.0, 0.0], "max_pos": 7, "max_act": 4.8438}, {"tokens": [" your", " toy", " truck", "!\"", "\n", "\n", "They", " started", " to", " arg", "ue", " and", " fight", " over", " their", " toys", ".", " They", " pulled", " and", " t", "ugged", " and", " shouted", ".", " They", " did", " not", " notice", " that", " the", " scale", " and"], "acts": [0.0, 0.0, 0.0, 0.0, 0.0, 0.0, 0.0, 0.0, 0.0, 0.0, 0.0, 0.0, 0.0, 0.0, 0.0, 0.0, 2.965, 0.0, 0.0, 0.0, 0.0, 0.0, 0.0, 0.0, 4.821, 0.0, 0.7235, 0.74, 0.0, 0.0, 0.0, 0.0, 0.0], "max_pos": 24, "max_act": 4.8203}, {"tokens": [" says", ".", " He", " holds", " the", " hammer", " tight", ".", "\n", "\n", "They", " start", " to", " fight", " over", " the", " hammer", ".", " They", " pull", " and", " push", " and", " shout", ".", "\n", "\n", "\"", "Stop", "!\"", " their", " dad", " says"], "acts": [0.0, 0.0, 0.0, 0.0, 0.0, 0.0, 0.0, 0.0, 0.0, 0.0, 0.0, 0.0, 0.0, 0.0, 0.0, 0.0, 0.0, 1.8422, 0.0, 0.0, 0.0, 0.0, 0.0, 0.0, 4.5741, 0.0, 1.587, 0.0, 0.0, 0.0, 0.0, 0.0, 0.0], "max_pos": 24, "max_act": 4.5742}, {"tokens": [" the", " town", ".", "\n", "\n", "The", " hill", " was", " very", " big", ".", " She", " started", " to", " climb", " and", " it", " seemed", " so", " much", " further", " than", " she", " thought", ".", " She", " was", " getting", " tired", ",", " but", " kept", " going"], "acts": [0.0, 0.0, 1.1017, 0.0, 0.0, 0.0, 0.0, 0.0, 0.0, 0.0, 0.0, 0.0, 0.0, 0.0, 0.0, 0.0, 0.0, 0.0, 0.0, 0.0, 0.0, 0.0, 0.0, 0.0, 4.5536, 0.4782, 0.0, 0.0, 0.0, 0.0, 0.0, 0.0, 0.0], "max_pos": 24, "max_act": 4.5547}, {"tokens": ["They", " both", " try", " to", " add", " their", " blocks", " to", " each", " other", "'s", " blocks", ".", " They", " start", " to", " fight", ".", " They", " pull", " and", " push", " and", " shout", ".", "\n", "\n", "\"", "Stop", " it", ",", " stop", " it"], "acts": [0.0, 0.0, 0.0, 0.0, 0.0, 0.0, 0.0, 0.0, 0.0, 0.0, 0.0, 0.0, 1.2474, 0.0, 0.0, 0.0, 0.0, 2.6836, 0.0, 0.0, 0.0, 0.0, 0.0, 0.0, 4.4814, 0.0, 1.2453, 0.0, 0.0, 0.0, 0.0, 0.0, 0.0], "max_pos": 24, "max_act": 4.4805}, {"tokens": [" fight", ".", " Lily", " wants", " to", " play", " with", " the", " doll", " and", " Ben", " wants", " to", " play", " with", " the", " car", ".", " They", " yell", " and", " pull", " and", " cry", ".", "\n", "\n", "Mom", " comes", " and", " says", ",", " \""], "acts": [0.0, 1.7486, 0.0, 0.0, 0.0, 0.0, 0.0, 0.0, 0.0, 0.0, 0.0, 0.0, 0.0, 0.0, 0.0, 0.0, 0.0, 2.4638, 0.0, 0.0, 0.0, 0.0, 0.0, 0.0, 4.4678, 0.9426, 1.8756, 0.0, 0.0, 0.0, 0.0, 0.0, 0.0], "max_pos": 24, "max_act": 4.4688}, {"tokens": [" Ben", " shouted", ".", "\n", "\n", "Lily", " and", " Ben", " started", " to", " fight", " over", " the", " blocks", ".", " They", " pulled", " and", " pushed", " and", " yelled", " at", " each", " other", ".", " They", " did", " not", " notice", " that", " their", " towers", " were"], "acts": [0.0, 0.0, 0.0, 0.0, 0.0, 0.0, 0.0, 0.0, 0.0, 0.0, 0.0, 0.0, 0.0, 0.0, 2.0056, 0.0, 0.0, 0.0, 0.0, 0.0, 0.0, 0.0, 0.0, 0.7883, 4.4536, 0.0, 0.0, 0.0, 0.0, 0.0, 0.0, 0.0, 0.0], "max_pos": 24, "max_act": 4.4531}, {"tokens": ["nder", " the", " tree", ",", " they", " arg", "ued", " and", " arg", "ued", ".", " \n", "\n", "Suddenly", ",", " an", " attractive", " butterfly", " flew"], "acts": [0.0, 0.0, 0.0, 0.0, 0.0, 0.0, 0.0, 0.0, 0.0, 0.0, 4.4488, 1.0443, 1.9214, 0.0, 0.0, 0.0, 0.0, 0.0, 0.0], "max_pos": 10, "max_act": 4.4492}, {"tokens": [" to", " climb", " the", " tree", ".", " Lily", " and", " Tom", " pushed", " him", " back", " and", " tried", " to", " stop", " him", ".", " They", " shouted", " and", " cried", " and", " f", "ought", ".", "\n", "\n", "But", " the", " new", " boy", " was", " bigger"], "acts": [0.0, 0.0, 0.0, 0.0, 2.2572, 0.0, 0.0, 0.0, 0.0, 0.0, 0.0, 0.0, 0.0, 0.0, 0.0, 0.0, 3.0586, 0.0, 0.0, 0.0, 0.0, 0.0, 0.0, 0.0, 4.4221, 0.9976, 1.5381, 0.8447, 0.0, 0.0, 0.0, 0.0, 0.0], "max_pos": 24, "max_act": 4.4219}, {"tokens": [" a", " time", " there", " were", " two", " friends", ",", " Molly", " and", " Ben", ".", " Molly", " wanted", " to", " give", " something", " special", " to", " Ben", ".", " She", " thought", " and", " thought", ".", " Finally", " she", " had", " a", " great", " idea", ".", " She"], "acts": [0.0, 0.0, 0.0, 0.0, 0.0, 0.0, 0.0, 0.0, 0.0, 0.0, 0.0, 0.0, 0.0, 0.0, 0.0, 0.0, 0.0, 0.0, 0.0, 1.7029, 0.0, 0.0, 0.0, 0.0, 4.3879, 0.0, 0.0, 0.0, 0.0, 0.0, 0.0, 1.6721, 0.0], "max_pos": 24, "max_act": 4.3867}, {"tokens": [" to", " hold", " them", " tight", ".", "\n", "\n", "They", " start", " to", " fight", " over", " the", " blue", " m", "ittens", ".", " They", " pull", " and", " t", "ug", " and", " shout", ".", " They", " fall", " on", " the", " snow", ".", " The", " blue"], "acts": [0.0, 0.0, 0.0, 0.0, 2.1941, 0.5584, 0.8657, 0.0, 0.0, 0.0, 0.0, 0.0, 0.0, 0.0, 0.0, 0.0, 1.5787, 0.0, 0.0, 0.0, 0.0, 0.0, 0.0, 0.0, 4.3738, 0.0, 0.0, 0.0, 0.0, 0.0, 2.1188, 0.0, 0.0], "max_pos": 24, "max_act": 4.375}, {"tokens": ["ie", " was", " very", " excited", ".", " He", " had", " a", " new", " puppy", " and", " it", " needed", " a", " name", ".", " So", ",", " he", " thought", " and", " thought", " and", " thought", ".", " He", " couldn", "'t", " decide", " and", " then", " he", " had"], "acts": [0.0, 0.0, 0.0, 0.0, 0.6053, 0.0, 0.0, 0.0, 0.0, 0.0, 0.0, 0.0, 0.0, 0.0, 0.0, 0.8613, 0.0, 0.0, 0.0, 0.0, 0.0, 0.0, 0.0, 0.0, 4.3717, 0.0, 0.0, 0.0, 0.0, 0.0, 0.0, 0.0, 0.0], "max_pos": 24, "max_act": 4.3711}]}