{"id": 1090, "density": 0.013904, "max_act": 7.68359375, "hist": {"edges": [0.01, 0.0133, 0.0178, 0.0237, 0.0316, 0.0422, 0.0562, 0.075, 0.1, 0.1334, 0.1778, 0.2371, 0.3162, 0.4217, 0.5623, 0.7499, 1.0, 1.3335, 1.7783, 2.3714, 3.1623, 4.217, 5.6234, 7.4989, 10.0, 13.3352, 17.7828, 23.7137, 31.6228, 42.1697, 56.2341, 74.9894, 100.0], "counts": [0, 0, 0, 0, 0, 0, 0, 0, 0, 3, 34, 264, 951, 3169, 6628, 10053, 11891, 8956, 5111, 3358, 3199, 1683, 315, 1, 0, 0, 0, 0, 0, 0, 0, 0]}, "logit_lens": {"promoted": [[" matter", 0.419], ["ach", 0.347], ["ough", 0.344], ["irst", 0.336], ["ady", 0.336], [" After", 0.332], ["ould", 0.327], ["par", 0.327], ["issors", 0.327], ["ext", 0.325]], "suppressed": [["re", 0.158], ["ou", 0.145], [" set", 0.141], [" who", 0.14], [" gre", 0.137], [" little", 0.13], [".", 0.129], ["qu", 0.128], [" app", 0.127], ["ce", 0.117]]}, "examples": [{"tokens": [" spir", "it", " smiled", " and", " said", ",", " \u00e2\u20ac\u0153", "F", "ake", " things", " are", " made", " of", " m", "ater", "i", "al", " good", "s", " like", " toys", " or", " clothes", ".", " R", "e", "al", " things", " come", " from", " your", " heart", ","], "acts": [1.6603, 0.0, 0.0, 0.0, 0.0, 0.0, 0.0, 1.4212, 0.0, 0.0, 0.0, 0.0, 0.0, 0.0, 0.0, 0.0, 0.0, 0.0, 0.0, 0.0, 0.0, 0.0, 0.0, 0.0, 7.6831, 2.1754, 1.9468, 0.0, 0.0, 0.0, 0.0, 0.0, 0.0], "max_pos": 24, "max_act": 7.6836}, {"tokens": [" n", "at", "ur", "al", " to", " feel", " scared", " when", " we", " do", " something", " new", ".", " But", " I", " am", " here", " to", " help", " you", " if", " you", " fall", ".", " R", "e", "ady", " to", " try", " again", "?\"", "\n", "\n"], "acts": [0.0, 0.0, 0.0, 0.0, 0.0, 0.0, 0.0, 0.0, 0.0, 0.0, 0.0, 0.0, 0.0, 1.2405, 0.0, 0.0, 0.0, 0.0, 0.0, 0.0, 0.0, 0.0, 0.0, 0.0, 7.384, 2.1044, 1.0138, 0.0, 0.0, 0.0, 0.0, 0.0, 0.0], "max_pos": 24, "max_act": 7.3828}, {"tokens": [" or", " what", " is", " the", " we", "ather", ",", " or", " if", " there", " is", " a", " fire", ",", " or", " a", " new", " animal", ",", " or", " anything", " like", " that", ".", " N", "e", "w", "s", " is", " in", " the", " paper", ","], "acts": [0.0, 0.0, 0.0, 0.0, 0.0, 0.0, 0.0, 0.0, 0.0, 0.0, 0.0, 0.0, 0.0, 0.0, 0.0, 0.0, 0.0, 0.0, 0.0, 0.0, 0.0, 0.0, 0.0, 0.0, 7.363, 2.6888, 0.9256, 1.1539, 0.0, 0.0, 0.0, 0.0, 0.0], "max_pos": 24, "max_act": 7.3633}, {"tokens": [" okay", ".", " You", " can", " take", " your", " time", ",", " and", " as", " long", " as", " you", " try", " your", " hard", "est", ",", " you", "'re", " still", " being", " loyal", ".", " Tr", "ust", " me", " -", " good", " things", " come", " to", " those"], "acts": [0.0, 0.0, 0.0, 0.0, 0.0, 0.0, 0.0, 0.0, 0.0, 1.5759, 0.0, 0.0, 0.0, 0.0, 0.0, 0.0, 0.0, 0.0, 0.0, 0.0, 0.0, 0.0, 0.0, 0.0, 7.3237, 3.2375, 0.0, 0.0, 2.7343, 0.0, 0.0, 0.0, 0.0], "max_pos": 24, "max_act": 7.3242}, {"tokens": ["\n", "\"", "Can", " we", " ride", " them", "?\"", " Lily", " asked", ".", "\n", "\n", "\"", "Maybe", " another", " day", ",", " when", " you", " are", " older", " and", " bigger", ".", " R", "id", "ing", " h", "ors", "es", " is", " fun", ","], "acts": [0.0, 0.0, 0.0, 0.0, 0.0, 0.0, 0.0, 0.0, 0.0, 0.0, 0.0, 0.0, 0.0, 0.0, 0.0, 0.0, 0.0, 0.0, 0.0, 0.0, 0.0, 0.0, 0.0, 0.0, 7.2899, 3.3475, 1.2033, 0.0, 0.0, 0.0, 0.0, 0.0, 0.0], "max_pos": 24, "max_act": 7.2891}, {"tokens": [" grow", ".\"", "\n", "\n", "The", " moral", " of", " the", " story", " is", ":", " Don", "'t", " ju", "dge", " others", " by", " their", " app", "ear", "ance", " or", " speed", ".", " R", "es", "p", "ect", " and", " app", "re", "ci", "ate"], "acts": [0.0, 0.0, 0.0, 0.0, 0.0, 0.0, 0.0, 0.0, 0.0, 0.0, 0.0, 1.9234, 0.0, 0.0, 0.0, 0.0, 0.0, 0.0, 0.0, 0.0, 0.0, 0.0, 0.0, 0.0, 7.2339, 2.7217, 2.5693, 0.0, 0.0, 0.0, 0.0, 0.0, 0.0], "max_pos": 24, "max_act": 7.2344}, {"tokens": ["Her", " mom", " smiled", " and", " said", ",", " \"", "You", "'re", " right", ",", " M", "illie", "!", " You", " can", " use", " the", " blocks", " to", " build", " a", " bridge", ".", " R", "em", "ember", ",", " it", "'s", " important", " to", " always"], "acts": [0.0, 0.0, 0.0, 0.0, 0.0, 0.0, 0.0, 0.0, 0.0, 0.0, 0.0, 0.0, 0.0, 0.0, 0.0, 0.0, 0.0, 0.0, 0.0, 0.0, 0.0, 0.0, 0.0, 0.0, 7.1518, 3.0797, 0.0, 0.0, 0.0, 0.0, 0.0, 0.0, 0.0], "max_pos": 24, "max_act": 7.1523}, {"tokens": ["\"", "B", "ec", "ause", " we", " touched", " the", " mail", ".", " And", " the", " mail", " is", " dirty", ".", " And", " we", " don", "'t", " want", " to", " get", " sick", ".", " R", "ight", ",", " Ben", "?\"", " Anna", " says", ",", " smart"], "acts": [0.0, 1.2468, 2.9546, 0.0, 0.0, 0.0, 0.0, 0.0, 0.0, 0.8983, 0.0, 0.0, 0.0, 0.0, 0.0, 1.2835, 0.0, 0.0, 0.0, 0.0, 0.0, 0.0, 0.0, 0.0, 7.0983, 2.7047, 0.0, 0.0, 0.0, 0.0, 0.0, 0.0, 0.0], "max_pos": 24, "max_act": 7.0977}, {"tokens": [",", " but", " you", " should", " never", " bake", " without", " an", " ad", "ult", ".", " B", "aking", " can", " be", " dangerous", " if", " you", " don", "'t", " watch", " the", " oven", ".", " N", "ext", " time", ",", " ask", " your", " mom", " or", " dad"], "acts": [0.0, 0.0, 0.0, 0.0, 0.0, 0.0, 0.0, 0.0, 0.0, 0.0, 0.0, 5.4504, 1.995, 0.0, 0.0, 0.0, 0.0, 0.0, 0.0, 0.0, 0.0, 0.0, 0.0, 0.0, 7.0937, 0.0, 0.0, 1.0214, 0.0, 0.0, 0.0, 0.0, 0.0], "max_pos": 24, "max_act": 7.0938}, {"tokens": ["No", ",", " you", " have", " to", " go", " to", " school", ".", " S", "chool", " is", " good", " for", " you", ".", " You", " learn", " new", " things", " and", " make", " friends", ".", " R", "el", "ax", "ing", " and", " being", " lazy", " are", " for"], "acts": [0.0, 0.0, 0.0, 0.0, 0.0, 0.0, 0.0, 0.0, 0.0, 4.2552, 0.0, 0.0, 0.0, 0.0, 0.0, 0.0, 0.0, 0.0, 0.0, 0.0, 0.0, 0.0, 0.0, 0.0, 7.0512, 2.728, 0.0, 0.0, 0.0, 0.0, 0.0, 0.0, 0.0], "max_pos": 24, "max_act": 7.0508}, {"tokens": [" you", " to", " be", " careful", ".\"", " He", " hugged", " her", " and", " said", ",", " \"", "We", " love", " you", ",", " and", " we", " want", " you", " to", " stay", " safe", ".", " R", "em", "ember", ",", " it", "'s", " always", " good", " to"], "acts": [0.0, 0.0, 0.0, 0.0, 0.0, 0.0, 0.0, 0.0, 0.0, 0.0, 0.0, 0.0, 0.0, 0.0, 0.0, 0.0, 0.0, 0.0, 0.0, 0.0, 0.0, 0.0, 0.0, 0.0, 7.0448, 3.0193, 0.0, 0.0, 0.0, 0.0, 0.0, 0.0, 0.0], "max_pos": 24, "max_act": 7.043}, {"tokens": [" careful", ".", " The", " puddle", " is", " dirty", " and", " can", " make", " you", " sick", ".", " And", " you", " can", " get", " hurt", " if", " you", " sl", "ip", " and", " fall", ".", " N", "ext", " time", ",", " play", " somewhere", " else", ".\"", "\n"], "acts": [0.0, 0.0, 0.0, 0.0, 0.0, 0.0, 0.0, 0.0, 0.0, 0.0, 0.0, 0.0, 0.6943, 0.5906, 0.0, 0.0, 0.0, 0.0, 0.0, 0.0, 0.0, 0.0, 0.0, 0.0, 7.014, 0.0, 0.0, 0.9924, 0.0, 0.0, 0.0, 0.0, 0.0], "max_pos": 24, "max_act": 7.0156}]}