{"id": 1110, "density": 0.02000575, "max_act": 9.734375, "hist": {"edges": [0.01, 0.0133, 0.0178, 0.0237, 0.0316, 0.0422, 0.0562, 0.075, 0.1, 0.1334, 0.1778, 0.2371, 0.3162, 0.4217, 0.5623, 0.7499, 1.0, 1.3335, 1.7783, 2.3714, 3.1623, 4.217, 5.6234, 7.4989, 10.0, 13.3352, 17.7828, 23.7137, 31.6228, 42.1697, 56.2341, 74.9894, 100.0], "counts": [0, 0, 0, 0, 0, 0, 0, 0, 0, 2, 95, 667, 1654, 4300, 8481, 13316, 9879, 7546, 6884, 7215, 6831, 7534, 4926, 693, 0, 0, 0, 0, 0, 0, 0, 0]}, "logit_lens": {"promoted": [[" made", 0.321], [" sparkled", 0.313], [" cost", 0.305], [" reminded", 0.299], [" sounded", 0.292], [" means", 0.281], [" fit", 0.273], [" was", 0.27], ["ither", 0.265], [" seemed", 0.264]], "suppressed": [[" pray", 0.256], ["en", 0.249], ["appy", 0.247], [" friends", 0.246], [" sne", 0.246], [" who", 0.24], [" listen", 0.239], ["e", 0.229], [" feet", 0.226], [" foot", 0.225]]}, "examples": [{"tokens": [".", " The", " delicious", " smell", " made", " him", " smile", " and", " he", " took", " a", " bite", " of", " one", " of", " the", " cookies", ".", " It", " was", " so", " yummy", " that", " the", " sail", "or", " wanted"], "acts": [0.0, 0.0, 0.0, 0.0, 0.0, 0.0, 0.0, 0.0, 0.0, 0.0, 0.0, 0.0, 0.0, 0.0, 0.0, 0.0, 0.0, 0.0, 9.7351, 0.0, 0.0, 0.0, 0.0, 0.0, 0.0, 0.0, 0.0], "max_pos": 18, "max_act": 9.7344}, {"tokens": [" in", " his", " new", " costum", "e", ".", " It", " was", " a", " bright", ",", " co", "sy", " out", "f"], "acts": [0.0, 0.0, 0.0, 0.0, 0.0, 0.0, 9.6902, 0.0, 0.0, 0.0, 0.0, 0.0, 0.0, 0.0, 0.0], "max_pos": 6, "max_act": 9.6875}, {"tokens": [" closed", " her", " eyes", " and", " imagined", " something", " special", ".", " \n", "\n", "When", " she", " opened", " her", " eyes", ",", " she", " had", " made", " a", " castle", " with", " rocks", ".", " It", " was", " tall", " and", " sparkly", " and", " she", " was", " very"], "acts": [0.0, 0.0, 0.0, 0.0, 0.0, 0.0, 0.0, 0.0, 0.0, 0.0, 0.6471, 0.0, 0.0, 0.0, 0.0, 0.0, 0.0, 0.0, 0.0, 0.0, 0.0, 0.0, 0.0, 0.0, 9.6824, 0.0, 0.0, 1.5124, 0.0, 1.7198, 0.0, 0.0, 0.0], "max_pos": 24, "max_act": 9.6797}, {"tokens": [" loved", " to", " paint", " with", " her", " fingers", " and", " make", " pretty", " pictures", ".", " One", " day", ",", " she", " painted", " a", " big", " heart", " with", " lots", " of", " colors", ".", " It", " made", " her", " feel", " happy", ".", "\n", "\n", "But"], "acts": [0.0, 0.0, 0.0, 0.0, 0.0, 0.0, 0.0, 0.0, 0.0, 0.0, 0.0, 0.0, 0.0, 0.0, 0.0, 0.0, 0.0, 0.0, 0.0, 0.0, 0.0, 0.0, 0.0, 0.0, 9.6733, 0.0, 0.0, 0.0, 0.0, 0.0, 0.0, 0.0, 0.0], "max_pos": 24, "max_act": 9.6719}, {"tokens": [" loved", " exploring", " and", " had", " lots", " of", " adventures", ".", "\n", "\n", "One", " day", ",", " Daisy", "'s", " Mommy", " gave", " her", " a", " very", " special", " g", "ear", ".", " It", " was", " a", " delicate", " g", "ear", " made", " of", " wood"], "acts": [0.0, 0.0, 0.0, 0.0, 0.0, 0.0, 0.0, 0.0, 0.0, 0.0, 0.0, 0.0, 0.0, 0.0, 0.0, 0.0, 0.0, 0.0, 0.0, 0.0, 0.0, 0.0, 0.0, 0.0, 9.6017, 0.5332, 0.0, 0.0, 0.0, 0.0, 0.0, 0.0, 0.0], "max_pos": 24, "max_act": 9.6016}, {"tokens": [" Sue", ".", " Sue", " loved", " to", " play", " with", " her", " toy", " blocks", ".", " One", " sunny", " day", ",", " she", " made", " a", " big", " stack", " with", " her", " blocks", ".", " It", " was", " as", " tall", " as", " her", "!", "\n", "\n"], "acts": [0.0, 0.0, 0.0, 0.0, 0.0, 0.0, 0.0, 0.0, 0.0, 0.0, 0.0, 0.0, 0.0, 0.0, 0.0, 0.0, 0.0, 0.0, 0.0, 0.0, 0.0, 0.0, 0.0, 0.0, 9.6009, 1.0022, 0.0, 0.0, 0.0, 0.0, 0.0, 0.0, 0.0], "max_pos": 24, "max_act": 9.6016}, {"tokens": [" something", " amazing", ".", " His", " dad", " had", " finished", " his", " cake", ".", " It", " was", " big", " and", " very", " colourful", ".", " Jack", " smiled"], "acts": [0.0, 0.0, 0.0, 0.0, 0.0, 0.0, 0.0, 0.0, 0.0, 0.0, 9.5765, 0.0, 0.0, 1.6303, 0.0, 0.0, 0.0, 0.0, 0.0], "max_pos": 10, "max_act": 9.5781}, {"tokens": ["als", ",", " especially", " when", " her", " mom", " cooked", " her", " favorite", " food", ".", " One", " day", ",", " Lily", "'s", " mom", " made", " a", " brilliant", " meal", " for", " her", ".", " It", " was", " so", " yummy", " that", " Lily", " wanted", " to", " eat"], "acts": [0.0, 0.0, 0.0, 0.0, 0.0, 0.0, 0.0, 0.0, 0.0, 0.0, 0.0, 0.0, 0.0, 0.0, 0.0, 0.0, 0.0, 0.0, 0.0, 0.0, 0.0, 0.7747, 0.0, 0.0, 9.5059, 0.5336, 0.0, 0.0, 0.0, 0.0, 0.0, 0.0, 0.0], "max_pos": 24, "max_act": 9.5078}, {"tokens": [" One", " day", ",", " she", " prin", "ted", " something", " very", " special", ".", " It", " was", " a", " big", " surprise", " for", " everyone", ".", "\n"], "acts": [0.0, 0.0, 0.0, 0.0, 0.0, 0.0, 0.0, 0.0, 0.0, 0.0, 9.4551, 0.0, 0.0, 0.0, 0.0, 0.0, 0.0, 0.0, 0.0], "max_pos": 10, "max_act": 9.4531}, {"tokens": [" bottle", " of", " per", "fu", "me", " that", " her", " mom", " gave", " her", ".", " Lily", " loved", " the", " smell", " of", " the", " per", "fu", "me", ".", " It", " was", " a", " smell", " she", " did", " not", " know", " before"], "acts": [0.0, 0.0, 0.0, 0.0, 0.0, 3.1389, 0.0, 0.0, 0.0, 0.0, 0.0, 0.0, 0.0, 0.0, 0.0, 0.0, 0.0, 0.0, 0.0, 0.0, 0.0, 9.3967, 0.0, 0.0, 0.0, 0.0, 0.0, 0.0, 0.0, 0.0], "max_pos": 21, "max_act": 9.3984}, {"tokens": [" special", ".", " It", " was", " hidden", " in", " the", " ground", ".", " He", " dug", " with", " his", " hands", " and", " soon", " he", " held", " something", " in", " his", " hands", ".", " It", " was", " round", " and", " smooth", ",", " and", " it", " was"], "acts": [0.0, 0.0, 6.159, 0.0, 0.0, 0.0, 0.0, 0.0, 0.0, 0.0, 0.0, 0.0, 0.0, 0.0, 0.0, 0.0, 0.0, 0.0, 0.0, 0.0, 0.0, 0.0, 0.0, 9.3914, 0.0, 0.0, 1.3159, 0.0, 0.0, 0.6305, 5.9927, 0.0], "max_pos": 23, "max_act": 9.3906}, {"tokens": [" up", " the", " p", "ou", "ch", " and", " spr", "ink", "led", " some", " salt", " over", " his", " fur", ".", " It", " sh", "ined", "!", "\n", "\n", "\"", "Look", " at"], "acts": [0.0, 0.0, 0.0, 0.0, 0.0, 0.0, 0.0, 0.0, 0.0, 0.0, 0.0, 0.0, 0.0, 0.0, 0.0, 9.3822, 0.0, 0.0, 0.0, 0.0, 0.0, 0.0, 0.0, 0.0], "max_pos": 15, "max_act": 9.3828}]}