{"id": 1120, "density": 0.02305, "max_act": 5.79296875, "hist": {"edges": [0.01, 0.0133, 0.0178, 0.0237, 0.0316, 0.0422, 0.0562, 0.075, 0.1, 0.1334, 0.1778, 0.2371, 0.3162, 0.4217, 0.5623, 0.7499, 1.0, 1.3335, 1.7783, 2.3714, 3.1623, 4.217, 5.6234, 7.4989, 10.0, 13.3352, 17.7828, 23.7137, 31.6228, 42.1697, 56.2341, 74.9894, 100.0], "counts": [0, 0, 0, 0, 0, 0, 0, 0, 0, 1, 36, 422, 1758, 6671, 14851, 19456, 17130, 13079, 9243, 5819, 3213, 518, 3, 0, 0, 0, 0, 0, 0, 0, 0, 0]}, "logit_lens": {"promoted": [[" Please", 0.371], [" I", 0.321], [" Can", 0.304], ["self", 0.269], [" Thank", 0.269], [" my", 0.265], ["ked", 0.262], [" you", 0.249], ["ill", 0.246], ["ank", 0.244]], "suppressed": [[" yourself", 0.251], [" themselves", 0.227], ["ul", 0.208], [" right", 0.203], [" each", 0.185], [" five", 0.183], [" Max", 0.182], [" lead", 0.182], [" called", 0.175], [" perm", 0.173]]}, "examples": [{"tokens": [" asked", " the", " bald", " man", " why", " he", " was", " crying", ".", "\n", "\n", "The", " bald", " man", " said", " to", " Mar", "v", "in", ",", " \"", "I", "'m", " crying", " because", " I", "'m", " sad", ".", " I", " don", "'t", " have"], "acts": [0.0, 0.0, 0.0, 0.0, 0.0, 0.0, 0.0, 0.0, 0.0, 0.0, 0.0, 0.0, 0.0, 0.0, 0.0, 0.0, 0.0, 0.0, 0.0, 0.0, 0.0, 0.0, 0.0, 1.4787, 5.7938, 1.255, 0.0, 1.5343, 4.097, 1.8802, 0.727, 0.0, 2.2738], "max_pos": 24, "max_act": 5.793}, {"tokens": [" and", " asked", ",", " \"", "Why", " are", " you", " sad", "?\"", " \n", "\n", "The", " person", " wiped", " away", " their", " tears", " and", " said", ",", " \"", "I", " am", " sad", " because", " I", " didn", "'t", " do", " something", " very", " hard", ".\""], "acts": [0.0, 0.0, 0.0, 0.0, 0.0, 0.7222, 0.0, 0.0, 0.0, 0.0, 0.0, 0.0, 0.0, 0.0, 0.0, 0.0, 0.0, 0.0, 0.0, 0.0, 0.8335, 0.0, 0.0, 1.2891, 5.6764, 1.364, 0.7063, 0.0, 0.0, 0.6189, 0.0, 0.0, 0.0], "max_pos": 24, "max_act": 5.6758}, {"tokens": [" lonely", " tree", " and", " said", ",", " \"", "Hello", ",", " tree", "!", " Why", " are", " you", " so", " sad", "?\"", " The", " tree", " replied", ",", " \"", "I", " am", " lonely", " because", " I", " have", " no", " friends", ".\"", "\n", "\n"], "acts": [0.0, 0.0, 0.0, 0.0, 0.0, 0.0, 0.0, 0.0, 0.0, 0.6209, 0.0, 0.8599, 0.0, 0.0, 0.0, 0.0, 0.0, 0.0, 0.0, 0.0, 0.8395, 0.0, 0.0, 1.2449, 5.6425, 1.67, 2.6881, 1.5044, 1.235, 0.0, 0.0, 0.0], "max_pos": 24, "max_act": 5.6406}, {"tokens": [" curious", " and", " excited", ".", " \n", "\n", "The", " boy", " said", ",", " \u00e2\u20ac\u0153", "What", " happened", "?\u00e2\u20ac", "\n", "\n", "The", " tree", " answered", ",", " \u00e2\u20ac\u0153", "I", " lit", " up", " because", " you", " touched", " me", ".\u00e2\u20ac", " \n", "\n", "The", " boy"], "acts": [0.0, 0.0, 0.0, 0.0, 0.0, 0.0, 0.0, 0.0, 0.0, 0.0, 0.0, 0.0, 0.0, 0.0, 0.0, 0.0, 0.0, 0.0, 0.0, 0.0, 0.0, 0.0, 1.4357, 1.0885, 5.5549, 1.3401, 0.8957, 0.0, 0.0, 0.0, 0.0, 0.0, 0.0], "max_pos": 24, "max_act": 5.5547}, {"tokens": [" so", " he", " decided", " to", " help", ".", " Jack", " asked", " the", " frog", " what", " was", " wrong", ".", " \n", "\n", "The", " frog", " said", ",", " \"", "I", " am", " sad", " because", " I", " want", " to", " splash", " around", " in", " the", " lake"], "acts": [0.0, 0.0, 0.0, 0.0, 0.0, 0.0, 0.0, 0.0, 0.0, 0.0, 0.0, 0.0, 0.0, 0.0, 0.0, 0.0, 0.0, 0.0, 0.0, 0.0, 0.0, 0.0, 0.0, 1.2413, 5.5429, 1.3267, 0.985, 0.0, 1.485, 1.3613, 2.1665, 0.0, 0.0], "max_pos": 24, "max_act": 5.543}, {"tokens": [" The", " boy", " asked", " him", " why", " he", " was", " carrying", " the", " co", "pper", " bucket", ".", " He", " said", ",", " \"", "I", " am", " bring", "ing", " it", " back", " home", " because", " I", " filled", " it", " up", ".\"", " The", " other", " boy"], "acts": [0.0, 0.0, 0.0, 0.0, 0.0, 0.0, 0.0, 0.0, 0.0, 0.0, 0.0, 0.0, 0.0, 0.0, 0.0, 0.0, 0.0, 0.0, 0.0, 0.0, 0.0, 0.0, 0.0, 0.0, 5.5113, 1.1368, 2.0877, 0.0, 0.9567, 0.0, 0.0, 0.0, 0.0], "max_pos": 24, "max_act": 5.5117}, {"tokens": [" young", " boy", " wasn", "'t", " laughing", " anymore", ".", " When", " the", " pirate", " asked", " why", ",", " the", " young", " boy", " replied", ",", " \u00e2\u20ac\u0153", "I", "\u00e2\u20ac\u2122", "m", " not", " laughing", " because", " your", " jokes", " are", "n", "\u00e2\u20ac\u2122", "t", " nice", ".\u00e2\u20ac"], "acts": [0.0, 0.0, 0.0, 0.0, 0.0, 0.0, 0.0, 0.0, 0.0, 0.0, 0.0, 0.0, 0.0, 0.0, 0.0, 0.0, 0.0, 0.0, 0.0, 0.0, 0.0, 0.0, 0.0, 1.6727, 5.4767, 0.0, 0.0, 1.0925, 0.9967, 0.0, 0.0, 1.2171, 0.0], "max_pos": 24, "max_act": 5.4766}, {"tokens": [" visit", " him", ".", " The", " bird", " asked", ",", " \"", "Why", " are", " you", " so", " grumpy", "?\"", "\n", "\n", "The", " bear", " replied", ",", " \"", "I", " am", " grumpy", " because", " my", " favorite", " honey", " tree", " is", " shaking", " too", " much"], "acts": [0.0, 0.0, 0.0, 0.0, 0.0, 0.0, 0.0, 0.0, 0.0, 0.799, 0.0, 0.0, 0.0, 0.0, 0.0, 0.0, 0.0, 0.0, 0.0, 0.0, 0.0, 0.0, 0.0, 1.2415, 5.4618, 0.9415, 1.0411, 1.0063, 0.9015, 1.4475, 0.9365, 0.0, 0.0], "max_pos": 24, "max_act": 5.4609}, {"tokens": ["\n", "A", " little", " bird", " saw", " Lily", " and", " flew", " down", ".", " \"", "Why", " are", " you", " dancing", "?\"", " asked", " the", " bird", ".", " \"", "I", " am", " excited", " because", " I", " found", " this", " big", " bush", "!\"", " said", " Lily"], "acts": [0.0, 0.0, 0.0, 0.0, 0.0, 0.0, 0.0, 0.0, 0.0, 0.0, 0.0, 0.0, 0.7642, 0.0, 0.0, 0.0, 0.5624, 0.0, 0.0, 0.0, 0.0, 0.0, 0.0, 0.7672, 5.4116, 1.2051, 1.748, 1.4402, 1.31, 0.0, 0.0, 0.0, 0.0], "max_pos": 24, "max_act": 5.4102}, {"tokens": [",", " silly", " boy", "!", " What", " are", " you", " doing", "?\"", " It", " was", " his", " friend", ",", " Bobby", ".", " \"", "I", "'m", " playing", " in", " the", " sh", "ade", " because", " it", "'s", " too", " hot", ",\"", " Timmy", " said", "."], "acts": [0.0, 0.0, 0.0, 0.0, 0.0, 0.0, 0.0, 0.0, 0.0, 1.1203, 0.5014, 0.0, 0.0, 0.0, 0.0, 0.0, 0.0, 0.0, 0.0, 0.9542, 2.4279, 1.3371, 0.0, 0.0, 5.4006, 2.2303, 1.6046, 0.0, 0.0, 0.0, 0.0, 0.0, 0.0], "max_pos": 24, "max_act": 5.4023}, {"tokens": [" dad", ",", " I", "'m", " sorry", ".", " I", " just", " wanted", " to", " give", " Max", " some", " peanut", "s", ".", " I", " like", " peanut", "s", ".", " I", " like", " Max", ".", " I", " did", " not", " mean", " to", " do", " something", " bad"], "acts": [0.0, 1.5252, 0.0, 0.0, 0.5922, 4.222, 1.7171, 2.0421, 3.1815, 0.0, 2.3755, 1.6963, 0.0, 0.0, 0.0, 4.3233, 1.9293, 2.8019, 1.9123, 2.2162, 5.2733, 2.376, 2.9235, 3.067, 5.3891, 2.6125, 1.2298, 0.0, 2.0592, 0.0, 0.8015, 1.1955, 2.2218], "max_pos": 24, "max_act": 5.3906}, {"tokens": [" was", " that", " bad", " noise", "?\"", " \n", "\n", "The", " lion", " looked", " over", " and", " said", ",", " \"", "That", " was", " me", " roar", "ing", "!", " I", "'m", " mad", " because", " you", "'re", " in", " my", " yard", ",", " get", " out"], "acts": [0.0, 0.0, 0.0, 0.0, 0.0, 0.6926, 0.0, 0.0, 0.0, 0.0, 0.0, 0.0, 0.0, 0.0, 0.0, 0.526, 0.0, 0.0, 0.0, 0.0, 2.7977, 0.0, 0.0, 2.3555, 5.383, 1.7692, 0.0, 0.883, 0.0, 0.7066, 1.4526, 0.0, 0.6688], "max_pos": 24, "max_act": 5.3828}]}