{"id": 1121, "density": 0.05613575, "max_act": 4.17578125, "hist": {"edges": [0.01, 0.0133, 0.0178, 0.0237, 0.0316, 0.0422, 0.0562, 0.075, 0.1, 0.1334, 0.1778, 0.2371, 0.3162, 0.4217, 0.5623, 0.7499, 1.0, 1.3335, 1.7783, 2.3714, 3.1623, 4.217, 5.6234, 7.4989, 10.0, 13.3352, 17.7828, 23.7137, 31.6228, 42.1697, 56.2341, 74.9894, 100.0], "counts": [0, 0, 0, 0, 0, 0, 0, 0, 0, 1, 45, 1081, 6492, 24249, 49237, 59856, 47034, 24854, 8759, 2386, 549, 0, 0, 0, 0, 0, 0, 0, 0, 0, 0, 0]}, "logit_lens": {"promoted": [[" started", 0.304], [" began", 0.249], [" snee", 0.237], ["dy", 0.237], ["ek", 0.226], [" sl", 0.222], [" slid", 0.22], [" starts", 0.217], ["ning", 0.213], [" accidentally", 0.206]], "suppressed": [["unk", 0.29], ["ail", 0.257], [" nest", 0.257], [" cage", 0.255], ["os", 0.25], [" home", 0.25], [" seeds", 0.222], [" Tweety", 0.221], [" pad", 0.22], [" farm", 0.216]]}, "examples": [{"tokens": [" the", " room", ".", " \"", "You", " look", " so", " pretty", ",\"", " said", " her", " mom", ".", " \"", "Thank", " you", ",\"", " replied", " Lily", ".", "\n", "\n", "Suddenly", ",", " Lily", "'s", " wise", " old", " cat", ",", " Mr", ".", " Whiskers"], "acts": [0.0, 0.7739, 0.0, 0.0, 0.8213, 0.0, 0.87, 0.0, 0.0, 0.0, 0.0, 1.1856, 0.0, 0.0, 0.0, 0.0, 0.0, 0.0, 1.3802, 0.0, 0.0, 0.0, 0.0, 0.0, 4.177, 2.9819, 2.3567, 1.4173, 2.53, 0.0, 1.2635, 0.0, 2.5159], "max_pos": 24, "max_act": 4.1758}, {"tokens": ["\n", "\"", "Yes", ",", " Lily", ".", " Do", "g", "s", " love", " to", " chew", " on", " b", "ones", ",\"", " replied", " her", " mommy", ".", "\n", "\n", "Suddenly", ",", " Lily", "'s", " tummy", " started", " to", " grow", "l", ".", " \""], "acts": [0.0, 0.0, 0.0, 0.0, 1.2135, 0.0, 0.5656, 1.0342, 0.8518, 0.0, 0.0, 0.0, 0.0, 0.0, 0.0, 0.0, 0.0, 0.0, 0.0, 0.0, 0.0, 0.0, 0.0, 0.0, 4.1526, 2.5498, 2.0691, 0.0, 0.0, 1.1148, 0.0, 0.0, 0.8291], "max_pos": 24, "max_act": 4.1523}, {"tokens": [" garden", " and", " laughing", " with", " delight", ".", " His", " mommy", " was", " follow", "ing", " him", " clo", "sely", ",", " watching", " him", " with", " love", ".", "\n", "\n", "Suddenly", ",", " Tommy", " heard", " a", " strange", " noise", " -", " the", " sound", " of"], "acts": [0.0, 0.0, 0.0, 0.0, 0.0, 0.0, 0.0, 0.6128, 0.0, 0.0, 0.0, 0.0, 0.0, 0.0, 0.0, 0.0, 0.9075, 0.0, 0.0, 0.0, 0.0, 0.0, 0.0, 0.0, 4.1427, 1.7462, 0.0, 0.0, 0.0, 0.0, 0.0, 0.0, 0.0], "max_pos": 24, "max_act": 4.1445}, {"tokens": [" Lily", " ran", " to", " the", " swings", " and", " started", " to", " swing", " back", " and", " forth", ".", " She", " was", " having", " so", " much", " fun", "!", "\n", "\n", "Suddenly", ",", " Lily", "'s", " mommy", " called", " her", " to", " come", " and", " eat"], "acts": [1.9266, 0.5362, 0.0, 0.8058, 0.0, 0.0, 0.0, 0.0, 0.0, 0.0, 0.0, 0.0, 0.0, 0.0, 0.5946, 0.0, 0.0, 0.0, 0.0, 0.0, 0.0, 0.0, 0.0, 0.0, 4.1413, 2.8695, 2.2139, 0.0, 1.3734, 0.0, 0.0, 0.0, 0.0], "max_pos": 24, "max_act": 4.1406}, {"tokens": [" the", " slide", " and", " the", " sees", "a", "w", ".", " They", " had", " a", " lot", " of", " fun", " and", " laughed", " a", " lot", ".", "\n", "\n", "But", " then", ",", " Lily", " smelled", " something", " bad", ".", " It", " was", " gas", "."], "acts": [0.0, 0.0, 0.0, 0.0, 0.0, 0.0, 0.0, 0.0, 0.0, 0.0, 0.0, 0.0, 0.0, 0.0, 0.0, 0.0, 0.0, 1.5848, 0.0, 0.0, 0.0, 0.0, 0.0, 0.0, 4.1184, 2.1305, 0.0, 0.0, 0.0, 0.8321, 0.9553, 0.0, 0.0], "max_pos": 24, "max_act": 4.1172}, {"tokens": ["i", " came", " running", " and", " licked", " the", " cream", ".", " Lily", " smiled", " and", " watched", " M", "im", "i", " enjoy", " the", " treat", ".", "\n", "\n", "But", " then", ",", " Lily", " saw", " something", " strange", ".", " M", "im", "i", "'s"], "acts": [1.4669, 0.0, 0.0, 0.0, 0.0, 0.0, 0.0, 0.0, 1.2382, 0.0, 0.0, 0.0, 0.0, 0.0, 1.0131, 0.0, 0.0, 0.0, 0.0, 0.0, 0.0, 0.0, 0.0, 0.0, 4.1149, 2.0141, 0.0, 0.0, 0.0, 0.0, 0.0, 1.9636, 0.701], "max_pos": 24, "max_act": 4.1133}, {"tokens": ["ft", " and", " her", " dad", " pushed", " her", " into", " the", " water", ".", " Lily", " laughed", " and", " ra", "ised", " her", " arms", " up", " high", ".", " \n", "\n", "Suddenly", ",", " Lily", " saw", " a", " big", " fish", " in", " the", " water", "."], "acts": [0.0, 0.0, 0.0, 1.6218, 0.0, 0.0, 0.0, 0.0, 0.0, 0.0, 1.106, 1.0336, 0.0, 0.0, 0.0, 0.0, 0.0, 0.0, 0.0, 0.0, 0.0, 0.0, 0.0, 0.0, 4.0418, 1.7838, 1.1623, 0.0, 0.8604, 0.0, 0.0, 0.0, 0.0], "max_pos": 24, "max_act": 4.043}, {"tokens": [" and", " sat", " down", " to", " read", " it", ".", " She", " read", " it", " out", " loud", " so", " her", " mom", " could", " hear", " it", " too", ".", " \n", "\n", "Suddenly", ",", " Lily", "'s", " friend", " Timmy", " came", " in", ".", " He", " asked"], "acts": [0.0, 0.0, 0.0, 0.0, 0.0, 0.0, 0.0, 0.0, 0.0, 0.0, 0.0, 0.0, 0.0, 0.0, 0.7253, 0.0, 0.0, 0.0, 0.0, 0.0, 0.0, 0.0, 0.0, 0.0, 3.9951, 1.9519, 2.9482, 2.213, 0.9713, 0.0, 0.0, 0.0, 0.9499], "max_pos": 24, "max_act": 3.9941}, {"tokens": [" the", " leaves", ".", " They", " jumped", " and", " laughed", " and", " threw", " leaves", " in", " the", " air", ".", " They", " felt", " happy", " and", " warm", ".", "\n", "\n", "But", " then", " Ben", " saw", " something", " shiny", " in", " the", " fire", " p", "it"], "acts": [0.0, 0.0, 0.0, 0.0, 0.0, 0.0, 0.0, 0.0, 0.0, 0.0, 0.0, 0.0, 0.0, 0.0, 0.0, 0.0, 0.0, 1.0376, 0.0, 0.0, 0.0, 0.0, 0.0, 0.0, 3.9941, 1.7748, 0.0, 0.0, 0.0, 0.0, 0.0, 0.0, 0.0], "max_pos": 24, "max_act": 3.9941}, {"tokens": [" squee", "ze", " it", " into", " the", " bowl", ".", " The", " juice", " went", " into", " the", " bowl", ",", " and", " Lily", " was", " happy", ".", "\n", "\n", "Just", " then", ",", " Lily", "'s", " dog", ",", " Max", ",", " came", " into", " the"], "acts": [0.0, 0.0, 0.0, 0.0, 0.0, 0.0, 0.0, 0.0, 0.0, 0.0, 0.0, 0.0, 0.0, 0.0, 0.0, 1.4893, 0.0, 0.0, 0.0, 0.0, 0.0, 0.0, 0.0, 0.0, 3.9761, 2.54, 2.4733, 0.0, 3.4832, 2.443, 1.7793, 0.0, 0.0], "max_pos": 24, "max_act": 3.9766}, {"tokens": [" of", " rocks", " and", " water", ".", " Lily", " liked", " to", " throw", " rocks", " in", " the", " c", "ree", "k", " and", " watch", " them", " splash", ".", "\n", "\n", "Suddenly", ",", " Lily", " heard", " a", " noise", ".", " She", " looked", " around", " and"], "acts": [0.0, 0.0, 0.0, 0.0, 0.0, 0.3597, 0.0, 0.0, 0.0, 0.0, 0.0, 0.0, 0.0, 0.0, 0.0, 0.0, 0.0, 0.0, 0.0, 0.0, 0.0, 0.0, 0.0, 0.0, 3.9353, 1.4122, 0.0, 0.0, 0.0, 0.0, 0.0, 0.0, 0.0], "max_pos": 24, "max_act": 3.9355}, {"tokens": ["!\"", " Ben", " says", ".", "\n", "\n", "\"", "Wow", ",", " Ben", ",", " you", " are", " so", " brave", "!\"", " Anna", " says", ".", "\n", "\n", "But", " then", ",", " Ben", " swings", " too", " high", " and", " falls", " off", ".", " He"], "acts": [0.0, 1.1548, 0.6832, 0.7143, 0.0, 0.0, 0.5786, 0.0, 0.0, 0.8053, 0.7598, 1.1585, 0.5284, 0.7874, 0.0, 0.0, 0.8592, 0.628, 0.7796, 0.0, 0.0, 0.0, 0.0, 0.0, 3.9323, 1.8173, 1.43, 0.0, 1.4963, 0.0, 0.0, 0.0, 0.0], "max_pos": 24, "max_act": 3.9316}]}