{"id": 1147, "density": 0.013919, "max_act": 8.3359375, "hist": {"edges": [0.01, 0.0133, 0.0178, 0.0237, 0.0316, 0.0422, 0.0562, 0.075, 0.1, 0.1334, 0.1778, 0.2371, 0.3162, 0.4217, 0.5623, 0.7499, 1.0, 1.3335, 1.7783, 2.3714, 3.1623, 4.217, 5.6234, 7.4989, 10.0, 13.3352, 17.7828, 23.7137, 31.6228, 42.1697, 56.2341, 74.9894, 100.0], "counts": [0, 0, 0, 0, 0, 0, 0, 0, 0, 0, 5, 123, 1375, 5074, 8709, 8918, 6785, 5269, 4279, 4435, 5408, 4208, 802, 286, 0, 0, 0, 0, 0, 0, 0, 0]}, "logit_lens": {"promoted": [[" do", 0.266], [" take", 0.258], [" look", 0.253], [" eye", 0.243], [" I", 0.242], [" by", 0.235], ["elt", 0.228], [" pick", 0.224], [" There", 0.223], [" those", 0.22]], "suppressed": [["ens", 0.283], ["eter", 0.272], ["il", 0.266], ["ir", 0.235], ["er", 0.226], [" forever", 0.226], ["l", 0.214], ["um", 0.213], ["ul", 0.209], ["ad", 0.209]]}, "examples": [{"tokens": [" a", " big", " cake", ",", " a", " big", " dog", ",", " and", " a", " big", " smile", ".", "\n", "\n", "\"", "Look", ",", " Tom", ",", " this", " is", " a", " big", " building", ".", " It", " is"], "acts": [0.0, 0.0, 0.0, 0.0, 0.0, 0.0, 0.0, 0.7602, 0.0, 0.0, 0.0, 0.0, 0.0, 0.0, 0.0, 0.0, 0.0, 4.9628, 0.0, 8.335, 0.0, 0.0, 0.0, 0.0, 0.0, 0.4747, 0.0, 0.0], "max_pos": 19, "max_act": 8.3359}, {"tokens": [" fish", ".", " They", " wanted", " to", " see", " the", " fish", " better", ",", " so", " they", " went", " closer", " to", " the", " water", ".", "\n", "\n", "\"", "Look", ",", " Mia", ",", " that", " fish", " is", " blue", "!\"", " Tom", " said", ","], "acts": [0.0, 0.0, 0.0, 0.0, 0.0, 0.0, 0.0, 0.0, 0.0, 0.0, 0.0, 0.0, 0.0, 0.0, 0.0, 0.0, 0.0, 0.0, 0.0, 0.0, 0.0, 0.0, 4.6554, 0.0, 8.2555, 0.0, 0.0, 0.0, 0.0, 0.3379, 0.0, 0.0, 0.0], "max_pos": 24, "max_act": 8.2578}, {"tokens": [".", " They", " run", " and", " jump", " and", " laugh", ".", " They", " see", " a", " big", " bush", " with", " red", " berries", ".", " Tom", " says", ",", " \"", "Look", ",", " Anna", ",", " yummy", " berries", "!\"", " He", " picks", " some", " and", " puts"], "acts": [0.0, 0.0, 0.0, 0.0, 0.0, 0.0, 0.0, 0.0, 0.0, 0.0, 0.0, 0.0, 0.0, 0.0, 0.0, 0.0, 0.0, 0.0, 1.0093, 0.0, 0.9799, 0.0, 4.8052, 0.0, 8.2566, 0.0, 0.0, 0.0, 0.0, 0.8789, 0.0, 0.0, 0.0], "max_pos": 24, "max_act": 8.2578}, {"tokens": [" the", " new", " things", ".", " They", " saw", " a", " road", ",", " a", " car", ",", " a", " dog", ",", " a", " house", ".", "\n", "\n", "\"", "Look", ",", " Mia", ",", " a", " dog", "!\"", " Tim", " said", ".", " He", " ran"], "acts": [0.0, 0.0, 0.0, 0.0, 0.0, 0.0, 0.0, 0.0, 0.0, 0.0, 0.0, 0.0, 0.0, 0.0, 0.0, 0.0, 0.0, 0.0, 0.0, 0.0, 0.0, 0.0, 5.0867, 0.0, 8.2472, 0.0, 0.0, 0.3903, 0.0, 0.0, 0.0, 0.0, 0.0], "max_pos": 24, "max_act": 8.25}, {"tokens": ["es", ".", " They", " liked", " to", " load", " their", " trucks", " with", " sand", " and", " drive", " them", " over", " the", " bo", "ards", ".", "\n", "\n", "\"", "Look", ",", " Lily", ",", " I", " can", " load", " more", " sand", " than", " you", "!\""], "acts": [0.0, 0.0, 0.0, 0.0, 0.0, 0.0, 0.0, 0.0, 0.0, 0.0, 0.0, 0.0, 0.0, 0.0, 0.0, 0.0, 0.0, 0.0, 0.0, 0.0, 0.0, 0.0, 4.7636, 0.0, 8.1504, 0.0, 0.0, 0.0, 0.0, 0.0, 0.0, 0.0, 0.0], "max_pos": 24, "max_act": 8.1484}, {"tokens": [" They", " have", " many", " colors", " of", " blocks", ":", " red", ",", " blue", ",", " yellow", ",", " green", ",", " and", " more", ".", "\n", "\n", "\"", "Look", ",", " Anna", ",", " I", " made", " a", " big", " tower", "!\"", " Ben", " says"], "acts": [0.0, 0.0, 0.0, 0.0, 0.0, 0.0, 2.4017, 0.0, 1.0089, 0.0, 0.0, 0.0, 1.2409, 0.0, 1.7904, 0.0, 0.0, 0.0, 0.0, 0.0, 0.0, 0.0, 4.8726, 0.0, 8.1406, 0.0, 0.6155, 0.0, 0.0, 0.0, 0.3796, 0.0, 0.0], "max_pos": 24, "max_act": 8.1406}, {"tokens": [" pond", " with", " many", " ducks", ".", " Lily", " liked", " the", " ducks", ".", " She", " wanted", " to", " feed", " them", " some", " bread", ".", "\n", "\n", "\"", "Look", ",", " Ben", ",", " pretty", " ducks", "!\"", " Lily", " said", ".", " She", " took"], "acts": [0.0, 0.0, 0.0, 0.0, 0.0, 0.0, 0.0, 0.0, 0.0, 0.0, 0.0, 0.0, 0.0, 0.0, 0.0, 0.0, 0.0, 0.0, 0.0, 0.0, 0.0, 0.0, 4.4863, 0.0, 8.111, 0.0, 0.0, 0.0, 0.0, 0.0, 0.0, 0.0, 0.0], "max_pos": 24, "max_act": 8.1094}, {"tokens": ["\n", "\"", "Wow", ",", " Lily", ",", " what", " are", " you", " doing", "?\"", " her", " mom", " asked"], "acts": [0.0, 0.0, 0.0, 4.779, 0.0, 8.1044, 2.8436, 0.0, 0.0, 0.0, 0.0, 0.0, 0.0, 0.0], "max_pos": 5, "max_act": 8.1016}, {"tokens": [" threw", " the", " ball", " and", " caught", " it", ",", " and", " they", " made", " the", " duck", " flo", "at", " and", " qu", "ack", ".", "\n", "\n", "\"", "Look", ",", " Anna", ",", " I", " can", " spin", " in", " the", " water", "!\"", " Ben"], "acts": [0.0, 0.0, 0.0, 0.0, 0.0, 0.0, 0.0, 0.0, 0.0, 0.0, 0.0, 0.0, 0.0, 0.0, 0.0, 0.0, 0.0, 0.0, 0.0, 0.0, 0.0, 0.0, 4.1678, 0.0, 8.0791, 0.0, 0.0, 0.0, 0.0, 0.0, 0.0, 0.0, 0.0], "max_pos": 24, "max_act": 8.0781}, {"tokens": [" their", " sand", "c", "ast", "le", ".", " They", " made", " the", " sand", "c", "ast", "le", " very", " big", " and", " strong", ".", "\n", "\n", "\"", "Look", ",", " Lily", ",", " I", " found", " a", " shiny", " pebble", "!\"", " Tim", " said"], "acts": [0.0, 0.0, 0.0, 0.0, 0.0, 0.0, 0.0, 0.0, 0.0, 0.0, 0.0, 0.0, 0.0, 0.0, 0.0, 0.0, 0.0, 0.0, 0.0, 0.0, 0.0, 0.0, 4.7193, 0.0, 8.0745, 0.0, 1.636, 0.0, 0.0, 0.0, 0.4883, 0.0, 0.0], "max_pos": 24, "max_act": 8.0781}, {"tokens": ["es", ".", " They", " have", " mask", "s", " and", " cap", "es", ".", " They", " run", " and", " jump", " in", " the", " park", ".", "\n", "\n", "\"", "Look", ",", " Tom", ",", " a", " bad", " gu", "y", "!\"", " L", "en", "a"], "acts": [0.0, 0.0, 0.0, 0.0, 0.0, 0.0, 0.0, 0.0, 0.0, 0.0, 0.0, 0.0, 0.0, 0.0, 0.0, 0.0, 0.0, 0.0, 0.0, 0.0, 0.0, 0.0, 4.577, 0.0, 8.0741, 0.0, 0.0, 0.0, 0.0, 0.9031, 0.0, 0.0, 0.0], "max_pos": 24, "max_act": 8.0703}, {"tokens": [" new", " package", ".", " He", " opens", " it", " and", " sees", " a", " big", " red", " car", ".", " He", " is", " very", " happy", ".", "\n", "\n", "\"", "Look", ",", " Sam", ",", " I", " have", " a", " new", " car", "!\"", " Tom", " says"], "acts": [0.0, 0.0, 0.0, 0.0, 0.0, 0.0, 0.0, 0.6084, 0.0, 0.0, 0.0, 0.0, 0.0, 0.0, 0.0, 0.0, 0.0, 0.0, 0.0, 0.0, 0.0, 0.0, 4.5323, 0.0, 8.0664, 0.0, 0.0, 0.0, 0.0, 0.0, 0.4815, 0.0, 0.0], "max_pos": 24, "max_act": 8.0625}]}