{"id": 1145, "density": 0.00505425, "max_act": 7.52734375, "hist": {"edges": [0.01, 0.0133, 0.0178, 0.0237, 0.0316, 0.0422, 0.0562, 0.075, 0.1, 0.1334, 0.1778, 0.2371, 0.3162, 0.4217, 0.5623, 0.7499, 1.0, 1.3335, 1.7783, 2.3714, 3.1623, 4.217, 5.6234, 7.4989, 10.0, 13.3352, 17.7828, 23.7137, 31.6228, 42.1697, 56.2341, 74.9894, 100.0], "counts": [0, 0, 0, 0, 0, 0, 0, 0, 0, 0, 0, 7, 110, 712, 2018, 3229, 4213, 4255, 2010, 728, 1207, 1141, 586, 1, 0, 0, 0, 0, 0, 0, 0, 0]}, "logit_lens": {"promoted": [["ver", 0.453], [" they", 0.295], ["ever", 0.258], [" behind", 0.257], [" he", 0.256], ["nt", 0.247], ["ot", 0.246], ["al", 0.233], ["ared", 0.233], ["st", 0.23]], "suppressed": [[" spr", 0.283], [" chose", 0.245], ["ooped", 0.244], [" skipped", 0.234], [" especially", 0.234], ["itter", 0.233], [" butter", 0.228], [" harder", 0.223], ["pl", 0.214], ["oop", 0.214]]}, "examples": [{"tokens": [" and", " shop", "s", " and", " cart", "s", " and", " people", ".", " They", " heard", " many", " noises", " and", " smell", "s", " and", " colors", ".", " They", " looked", " for", " the", " place", " where", " they", " could", " sell", " the", " pig", ".", "\n", "\n"], "acts": [0.0, 0.0, 0.0, 0.0, 0.0, 0.0, 0.0, 0.0, 0.0, 0.0, 0.0, 0.0, 0.0, 0.0, 0.0, 0.0, 0.0, 0.0, 0.0, 0.0, 0.0, 0.0, 0.0, 4.1555, 7.5293, 0.0, 0.0, 0.0, 0.0, 0.0, 0.0, 0.0, 0.0], "max_pos": 24, "max_act": 7.5273}, {"tokens": [",", " but", " no", " one", " knew", ".", " Z", "oomy", " felt", " sad", " and", " decided", " to", " keep", " looking", ".", "\n", "\n", "Z", "oomy", " went", " to", " the", " park", " where", " many", " kids", " played", ".", " Z", "oomy", " saw", " a"], "acts": [0.0, 0.0, 0.0, 0.0, 0.0, 0.0, 0.0, 0.0, 0.0, 0.0, 0.0, 0.0, 0.0, 0.0, 0.0, 0.0, 0.0, 0.0, 0.0, 0.0, 0.0, 0.0, 0.0, 0.0, 7.3721, 0.0, 0.0, 0.0, 0.0, 0.0, 0.0, 0.0, 0.0], "max_pos": 24, "max_act": 7.3711}, {"tokens": [" She", " looked", " for", " a", " dark", " place", " where", " no", " one", " would", " notice", " her", " shadow", ".", " She"], "acts": [0.0, 0.0, 0.0, 0.0, 0.0, 5.138, 7.3223, 0.0, 0.0, 0.0, 0.0, 0.0, 0.0, 0.0, 0.0], "max_pos": 6, "max_act": 7.3242}, {"tokens": [" said", ".", "\n", "\n", "They", " arrived", " at", " the", " air", "port", " and", " checked", " in", " their", " bags", ".", " They", " followed", " the", " sign", "s", " to", " the", " gate", " where", " their", " plane", " was", " waiting", ".", " They", " saw", " many"], "acts": [0.0, 0.0, 0.0, 0.0, 0.0, 0.0, 0.0, 0.0, 0.0, 0.0, 0.0, 0.0, 0.0, 0.0, 0.0, 0.0, 0.0, 0.0, 0.0, 0.0, 0.0, 0.0, 0.0, 0.0, 7.308, 0.8345, 0.0, 0.0, 0.0, 0.0, 0.0, 0.0, 0.0], "max_pos": 24, "max_act": 7.3086}, {"tokens": [" One", " of", " her", " favorite", " things", " to", " imag", "ine", " was", " a", " secret", ".", " Sarah", " dreamed", " of", " a", " secret", " place", " she", " could", " go", ".", " Some", "where", " where", " no", " one", " else", " would", " know", ".", "\n", "\n"], "acts": [0.0, 0.0, 0.0, 0.0, 0.0, 0.0, 0.0, 0.0, 0.0, 0.0, 0.0, 0.0, 0.0, 0.0, 0.0, 0.0, 0.0, 5.0459, 0.0, 0.0, 0.0, 0.0, 0.0, 3.1281, 7.276, 0.0, 0.0, 0.0, 0.0, 0.0, 0.0, 0.0, 0.0], "max_pos": 24, "max_act": 7.2773}, {"tokens": [" and", " thanked", " the", " per", "fu", "me", " for", " un", "iting", " everyone", " together", ".", " From", " then", " on", ",", " the", " princess", " spread", " the", " magical", " per", "fu", "me", " where", "ver", " she", " went", ",", " un", "iting", " people", " together"], "acts": [0.0, 0.0, 0.0, 0.0, 0.0, 0.0, 0.0, 0.0, 0.0, 0.0, 0.0, 0.0, 0.0, 0.0, 0.0, 0.0, 0.0, 0.0, 0.0, 0.0, 0.0, 0.0, 0.0, 0.0, 7.2219, 0.0, 0.0, 0.0, 0.0, 0.0, 0.0, 0.0, 0.0], "max_pos": 24, "max_act": 7.2227}, {"tokens": [" Spot", "'s", " leash", " tightly", " so", " he", " wouldn", "'t", " fall", ".", " Finally", ",", " they", " made", " it", " to", " a", " little", " ca", "f", "\ufffd", "\ufffd", "\ufffd", "\ufffd", " where", " Timmy", "'s", " mommy", " was", " waiting", " for", " them", "."], "acts": [0.0, 0.0, 0.0, 0.0, 0.0, 0.0, 0.0, 0.0, 0.0, 0.0, 0.0, 0.0, 0.0, 0.0, 0.0, 0.0, 0.0, 0.0, 0.0, 0.0, 0.0, 0.0, 0.0, 0.0, 7.1864, 0.0, 0.0, 0.0, 0.0, 0.0, 0.0, 0.0, 0.0], "max_pos": 24, "max_act": 7.1875}, {"tokens": [" about", " the", " soft", "ness", " of", " the", " baby", "'s", " skin", " and", " the", " clear", " blue", " sky", " above", " them", ".", " \n", "\n", "They", " walked", " to", " the", " swing", " where", " Mommy", " took", " the", " baby", " in", " her", " arms", "."], "acts": [0.0, 0.0, 0.0, 0.0, 0.0, 0.0, 0.0, 0.0, 0.0, 0.0, 0.0, 0.0, 0.0, 0.0, 0.0, 0.0, 0.0, 0.0, 0.0, 0.0, 0.0, 0.0, 0.0, 0.0, 7.183, 0.0, 0.0, 0.0, 0.0, 0.0, 0.0, 0.0, 0.0], "max_pos": 24, "max_act": 7.1836}, {"tokens": [" orange", " thanked", " the", " little", " boy", " for", " showing", " him", " the", " way", ".", " He", " was", " no", " longer", " grumpy", " and", " was", " now", " free", " to", " spin", " and", " turn", " where", "ver", " he", " wanted", ".", "<|endoftext|>", "Once", " there", " was"], "acts": [0.0, 0.0, 0.0, 0.0, 0.0, 0.0, 0.0, 0.0, 0.0, 0.9231, 0.0, 0.0, 0.0, 0.0, 0.0, 0.0, 0.0, 0.0, 0.0, 0.0, 0.0, 0.0, 0.0, 0.0, 7.1622, 0.0, 0.0, 0.0, 0.0, 0.0, 0.0, 0.0, 0.0], "max_pos": 24, "max_act": 7.1641}, {"tokens": [" where", " he", " could", " play", " forever", "!", " Joe", " was", " so"], "acts": [7.1498, 0.0, 0.0, 0.0, 0.0, 0.0, 0.0, 0.0, 0.0], "max_pos": 0, "max_act": 7.1484}, {"tokens": [" where", " everyone", " was", " kind", " and", " grateful", " for", " each", " other"], "acts": [7.1498, 0.0, 0.0, 0.0, 0.0, 0.0, 0.0, 0.0, 0.0], "max_pos": 0, "max_act": 7.1484}, {"tokens": [" where", " he", " could", " learn", " new", " things", ".", "<|endoftext|>", "Once"], "acts": [7.1498, 0.0, 0.0, 0.0, 0.0, 0.0, 0.0, 0.0, 0.0], "max_pos": 0, "max_act": 7.1484}]}