{"id": 1142, "density": 0.05241675, "max_act": 8.859375, "hist": {"edges": [0.01, 0.0133, 0.0178, 0.0237, 0.0316, 0.0422, 0.0562, 0.075, 0.1, 0.1334, 0.1778, 0.2371, 0.3162, 0.4217, 0.5623, 0.7499, 1.0, 1.3335, 1.7783, 2.3714, 3.1623, 4.217, 5.6234, 7.4989, 10.0, 13.3352, 17.7828, 23.7137, 31.6228, 42.1697, 56.2341, 74.9894, 100.0], "counts": [0, 0, 0, 0, 0, 0, 0, 0, 2, 28, 254, 1457, 2590, 6201, 14939, 26878, 32308, 31891, 29518, 27188, 23844, 10032, 2437, 100, 0, 0, 0, 0, 0, 0, 0, 0]}, "logit_lens": {"promoted": [[".", 0.426], [" now", 0.387], ["!", 0.382], [" because", 0.369], [" when", 0.349], [" -", 0.331], [";", 0.317], [" again", 0.315], [" than", 0.315], [" today", 0.287]], "suppressed": [["ying", 0.322], ["ins", 0.299], ["ies", 0.287], ["ions", 0.281], [" rid", 0.276], [" your", 0.27], ["ture", 0.261], [" our", 0.251], ["ces", 0.246], ["ec", 0.23]]}, "examples": [{"tokens": [" and", " snacks", ".", " One", " day", ",", " they", " found", " a", " jar", " of", " jam", " in", " the", " for", "t", ".", " It", " was", " red", " and", " shiny", " and", " looked", " yummy", ".", "\n", "\n", "\"", "Can", " we", " eat", " the"], "acts": [0.0, 0.0, 0.0, 0.0, 0.0, 0.0, 0.0, 0.0, 0.0, 0.0, 0.0, 0.0, 0.0, 0.0, 0.0, 0.0, 0.0, 0.0, 0.0, 1.9732, 0.0, 5.1727, 0.0, 0.0, 8.8587, 0.0, 0.0, 0.0, 0.0, 0.0, 0.0, 0.0, 0.0], "max_pos": 24, "max_act": 8.8594}, {"tokens": [" was", " a", " little", " girl", " who", " loved", " to", " explore", ".", " One", " day", " she", " opened", " the", " door", " of", " her", " dad", "'s", " office", ".", " Everything", " looked", " so", " strange", ".", " She", " saw", " lots", " of", " things", " and", " it"], "acts": [0.0, 0.0, 0.0, 1.7649, 0.0, 0.0, 0.0, 0.0, 0.0, 0.0, 0.0, 0.0, 0.0, 0.0, 1.2614, 0.0, 0.0, 0.0, 0.0, 1.1186, 0.0, 0.0, 0.0, 0.0, 8.7908, 0.0, 0.0, 0.0, 0.0, 0.0, 0.5696, 0.0, 0.0], "max_pos": 24, "max_act": 8.7891}, {"tokens": [" very", " weak", " and", " looked", " dead", ".", " J", "ac", "ob", " was", " sad", " and", " scared"], "acts": [0.0, 4.7679, 0.0, 0.0, 8.7296, 0.0, 0.0, 0.0, 0.0, 0.0, 2.7008, 0.0, 4.1537], "max_pos": 4, "max_act": 8.7266}, {"tokens": [" ending", " left", " Timmy", " and", " his", " mommy", " sad", ".", "<|endoftext|>", "One", " day", ",", " Sam", " found", " a", " new", " min", "t", ".", " It", " was", " shiny", " and", " looked", " delicious", ".", " He", " couldn", "'t", " wait", " to", " taste", " it"], "acts": [0.0, 0.0, 0.0, 0.0, 0.0, 0.0, 0.0, 0.0, 0.0, 0.0, 0.6818, 0.0, 0.0, 0.0, 0.0, 0.0, 0.0, 0.0, 0.0, 0.0, 0.0, 3.1993, 0.0, 0.0, 8.5707, 0.0, 0.0, 0.0, 0.0, 0.0, 0.0, 0.0, 1.0526], "max_pos": 24, "max_act": 8.5703}, {"tokens": ["\"", " to", " her", " mommy", ".", " \n", "\n", "Then", ",", " her", " mommy", " gave", " her", " a", " lollipop", ".", " It", " was", " red", " and", " round", " and", " looked", " very", " yummy", ".", " Lily", " was", " so", " happy", " and", " smiled", " a"], "acts": [0.0, 0.0, 0.0, 0.0, 0.0, 0.0, 0.0, 0.0, 0.0, 0.0, 0.0, 0.0, 0.0, 0.0, 0.0, 0.0, 0.0, 0.0, 1.3185, 0.0, 2.4568, 0.0, 0.0, 0.0, 8.5021, 0.0, 0.0, 0.0, 0.0, 3.8423, 0.0, 0.0, 0.0], "max_pos": 24, "max_act": 8.5}, {"tokens": ["ies", " and", " worm", "s", ".", "\n", "\n", "One", " day", ",", " the", " frog", " found", " a", " pepper", "!", " It", " was", " pink", ",", " round", " and", " looked", " so", " yummy", ".", " The", " frog", " carefully", " took", " it", " in", " its"], "acts": [0.0, 0.0, 0.0, 0.0, 0.0, 0.0, 0.0, 0.0, 0.0, 0.0, 0.0, 0.0, 0.0, 0.0, 0.0, 0.0, 0.0, 0.0, 1.6632, 0.0, 1.5963, 0.0, 0.0, 0.0, 8.4338, 0.0, 0.0, 0.0, 0.0, 0.0, 0.0, 0.0, 0.0], "max_pos": 24, "max_act": 8.4375}, {"tokens": [" outside", " playing", " in", " the", " garden", " when", " he", " noticed", " something", " funny", ".", " He", " saw", " a", " shoe", "!", " It", " was", " red", " and", " shiny", " and", " looked", " very", " interesting", ".", " \n", "\n", "He", " went", " to", " pick", " it"], "acts": [0.0, 0.535, 0.0, 0.0, 0.0, 0.0, 0.0, 0.0, 0.0, 3.8244, 0.0, 0.0, 0.0, 0.0, 0.0, 0.0, 0.0, 0.0, 2.0171, 0.0, 4.5674, 0.0, 0.0, 0.0, 8.4399, 0.0, 0.0, 0.0, 0.0, 0.0, 0.0, 0.0, 0.0], "max_pos": 24, "max_act": 8.4375}, {"tokens": ["The", " man", " gave", " his", " friend", " the", " salad", " and", " his", "f", "riend", " was", " very", " excited", ".", " It", " was", " so", " big", " and", " looked", " delicious", "!", " He", " thanked", " the", " generous", " man", " for", " the"], "acts": [0.0, 0.0, 0.0, 0.0, 0.0, 0.0, 0.0, 0.0, 0.0, 0.0, 0.0, 0.0, 0.0, 4.7272, 0.0, 0.0, 0.0, 0.0, 1.804, 0.0, 0.0, 8.3407, 0.0, 0.0, 0.0, 0.0, 0.0, 0.0, 0.0, 0.0], "max_pos": 21, "max_act": 8.3438}, {"tokens": [" in", " the", " park", ".", " One", " day", ",", " they", " saw", " a", " shiny", " gem", " on", " the", " ground", ".", " It", " was", " red", " and", " sparkly", " and", " looked", " very", " pretty", ".", " They", " both", " wanted", " to", " have", " it", ","], "acts": [0.0, 0.0, 0.0, 0.0, 0.0, 0.0, 0.0, 0.0, 0.0, 0.0, 0.0, 0.0, 0.0, 0.0, 0.0, 0.0, 0.0, 0.0, 1.4172, 0.0, 5.9823, 0.0, 0.0, 0.0, 8.3226, 0.0, 0.0, 0.0, 0.0, 0.0, 0.0, 0.0, 0.0], "max_pos": 24, "max_act": 8.3203}, {"tokens": [" only", " made", " him", " stronger", ".", "<|endoftext|>", "Once", " upon", " a", " time", " there", " was", " a", " wet", " tomato", ".", " It", " was", " red", " and", " juicy", " and", " looked", " so", " lovely", " in", " the", " sun", ".", "\n", "\n", "One", " day"], "acts": [1.1087, 0.0, 0.0, 1.0765, 0.0, 0.0, 0.4034, 0.0, 0.0, 0.0, 0.0, 0.0, 0.0, 0.0, 0.0, 0.0, 0.0, 0.0, 2.0065, 0.0, 5.1752, 0.0, 0.0, 0.0, 8.318, 0.0, 0.0, 0.0, 0.4405, 0.0, 0.0, 0.0, 0.0], "max_pos": 24, "max_act": 8.3203}, {"tokens": [" cool", " and", " ref", "re", "s", "hing", ".", "\n", "\n", "The", " rain", " eventually", " stopped", " and", " the", " sun", " came", " out", ".", " Everything", " was", " so", " sparkly", " and", " colourful", ".", " What", " a", " silly", " sight", "!", " N", "an"], "acts": [4.8112, 0.0, 1.4382, 0.0, 0.0, 1.8811, 0.0, 0.0, 0.0, 0.0, 0.0, 1.2364, 0.6897, 0.0, 0.0, 0.0, 0.0, 0.927, 0.0, 0.0, 1.3773, 0.0, 7.019, 0.0, 8.2143, 0.0, 0.0, 0.0, 0.0, 0.0, 0.0, 0.0, 0.0], "max_pos": 24, "max_act": 8.2109}, {"tokens": [".", " When", " they", " were", " done", ",", " Lucy", " looked", " around", " her", " room", " with", " a", " big", " smile", " on", " her", " face", ".", " It", " looked", " so", " cute", " and", " colorful", "!", " She", " was", " so", " happy", " she", " and", " her"], "acts": [0.0, 0.0, 0.0, 0.0, 0.0, 0.0, 0.0, 0.0, 0.0, 0.0, 0.0, 0.0, 0.0, 0.0, 0.0, 0.0, 0.0, 0.0, 0.0, 0.0, 0.0, 0.0, 5.5648, 0.0, 8.1962, 0.0, 0.0, 0.0, 0.0, 3.2088, 0.0, 0.0, 0.0], "max_pos": 24, "max_act": 8.1953}]}