{"id": 1143, "density": 0.05517075, "max_act": 4.96875, "hist": {"edges": [0.01, 0.0133, 0.0178, 0.0237, 0.0316, 0.0422, 0.0562, 0.075, 0.1, 0.1334, 0.1778, 0.2371, 0.3162, 0.4217, 0.5623, 0.7499, 1.0, 1.3335, 1.7783, 2.3714, 3.1623, 4.217, 5.6234, 7.4989, 10.0, 13.3352, 17.7828, 23.7137, 31.6228, 42.1697, 56.2341, 74.9894, 100.0], "counts": [0, 0, 0, 0, 0, 0, 0, 0, 2, 31, 305, 2095, 9757, 29385, 43833, 42293, 33120, 24474, 18897, 12715, 3711, 65, 0, 0, 0, 0, 0, 0, 0, 0, 0, 0]}, "logit_lens": {"promoted": [[" So", 0.276], ["ine", 0.264], [" notice", 0.258], ["u", 0.242], ["Max", 0.242], ["ned", 0.234], ["So", 0.229], ["ara", 0.223], ["ue", 0.223], [" Max", 0.222]], "suppressed": [[" again", 0.289], [" too", 0.267], ["fter", 0.26], [" grew", 0.246], ["ent", 0.24], ["ier", 0.217], [" sure", 0.217], [" ever", 0.214], [" hair", 0.213], [" van", 0.213]]}, "examples": [{"tokens": [" but", " it", " was", " also", " very", " spoiled", ".", " The", " d", "aisy", " always", " wanted", " more", " sun", " and", " more", " rain", ",", " even", " when", " it", " had", " enough", ".", "\n", "\n", "One", " day", ",", " a", " kind", " bee", " came"], "acts": [0.0, 0.0, 0.0, 0.0, 0.0, 0.0, 1.1148, 0.0, 0.0, 0.0, 0.0, 0.0, 0.0, 0.0, 0.0, 0.0, 0.0, 0.0, 0.0, 0.0, 0.0, 0.0, 0.0, 1.1408, 4.97, 3.8919, 0.754, 1.365, 1.2228, 0.0, 0.0, 0.0, 0.0], "max_pos": 24, "max_act": 4.9688}, {"tokens": [" and", " strong", ",", " but", " the", " cher", "ry", " tree", " was", " small", " and", " weak", ".", " The", " cher", "ry", " tree", " was", " envious", " of", " the", " big", " trees", ".", "\n", "\n", "One", " day", ",", " the", " cher", "ry", " tree"], "acts": [0.0, 0.0, 0.0, 0.0, 0.0, 0.0, 0.0, 0.0, 0.0, 0.0, 0.0, 0.0, 1.3067, 0.0, 0.0, 0.0, 0.0, 0.0, 0.0, 1.3724, 0.0, 0.0, 0.0, 1.841, 4.9162, 4.1159, 1.3054, 1.4599, 0.9772, 0.0, 0.0, 0.0, 0.0], "max_pos": 24, "max_act": 4.918}, {"tokens": [" bite", " of", " the", " toast", ".", " But", " the", " toast", " was", " very", " hard", " and", " not", " yummy", ".", " Mia", " felt", " sad", " because", " she", " wanted", " yummy", " toast", ".", "\n", "\n", "Mia", "'s", " brother", ",", " Tom", ",", " saw"], "acts": [0.0, 0.0, 0.0, 0.0, 0.8714, 0.0, 0.0, 0.0, 0.0, 0.0, 0.0, 0.0, 0.0, 0.0, 1.3599, 0.0, 0.0, 0.0, 0.0, 0.0, 0.0, 0.0, 0.0, 1.9981, 4.9152, 4.5537, 0.0, 0.0, 0.0, 0.0, 0.0, 0.0, 0.0], "max_pos": 24, "max_act": 4.9141}, {"tokens": [" The", " comet", " was", " not", " shiny", " and", " bright", " like", " the", " other", " comet", "s", ".", " It", " was", " sad", " because", " it", " wanted", " to", " be", " pretty", " too", ".", "\n", "\n", "Then", ",", " a", " little", " bird", " saw", " the"], "acts": [0.0, 0.0, 0.0, 0.0, 0.0, 0.0, 0.0, 0.0, 0.0, 0.0, 0.0, 0.0, 1.3291, 0.0, 0.0, 0.0, 0.0, 0.0, 0.0, 0.0, 0.0, 0.0, 0.0, 2.2757, 4.8642, 4.5232, 3.1527, 1.7395, 0.0, 0.0, 0.0, 0.0, 0.0], "max_pos": 24, "max_act": 4.8633}, {"tokens": [" her", " favorite", " crayon", ",", " the", " red", " one", ",", " was", " dry", " and", " broken", ".", " She", " felt", " sad", " and", " didn", "'t", " know", " what", " to", " do", ".", "\n", "\n", "Mia", " went", " to", " her", " mom", " and", " said"], "acts": [0.0, 0.0, 0.0, 0.0, 0.0, 0.0, 0.0, 0.0, 0.0, 0.0, 0.0, 0.0, 1.1522, 0.0, 0.0, 0.0, 0.0, 0.0, 0.0, 0.0, 0.0, 0.0, 0.0, 1.7668, 4.6979, 4.4398, 0.0, 0.0, 0.0, 0.0, 0.0, 0.0, 0.0], "max_pos": 24, "max_act": 4.6992}, {"tokens": [" the", " sky", " like", " the", " other", " balloons", ".", " It", " tried", " and", " tried", ",", " but", " it", " did", " not", " succeed", ".", " The", " black", " balloon", " felt", " sad", ".", "\n", "\n", "One", " day", ",", " a", " little", " boy", " saw"], "acts": [0.0, 0.0, 0.0, 0.0, 0.0, 0.0, 0.9336, 0.0, 0.0, 0.0, 0.0, 0.0, 0.0, 0.0, 0.0, 0.0, 0.0, 0.8694, 0.0, 0.0, 0.0, 0.0, 0.0, 1.9353, 4.6863, 4.367, 0.6608, 1.1567, 1.6257, 0.0, 0.0, 0.0, 0.0], "max_pos": 24, "max_act": 4.6875}, {"tokens": [" The", " bird", " had", " hurt", " its", " wing", " and", " couldn", "'t", " fly", ".", " N", "ut", "ty", " felt", " sad", " for", " the", " bird", " and", " wanted", " to", " help", ".", "\n", "\n", "N", "ut", "ty", " tried", " to", " lift", " the"], "acts": [0.0, 0.0, 0.0, 0.0, 0.0, 0.0, 0.0, 0.0, 0.0, 0.0, 1.2815, 0.0, 0.0, 0.0, 0.0, 0.0, 0.0, 0.0, 0.0, 0.0, 0.0, 0.0, 0.0, 1.3785, 4.6009, 3.8963, 0.0, 0.0, 0.0, 0.0, 0.0, 0.0, 0.0], "max_pos": 24, "max_act": 4.6016}, {"tokens": [" lived", " under", " a", " rock", " where", " it", " could", " hide", " from", " the", " sun", ".", " The", " ugly", " bug", " liked", " to", " po", "ke", " things", " with", " its", " nose", ".", "\n", "\n", "One", " day", ",", " the", " ugly", " bug", " met"], "acts": [0.0, 0.0, 0.0, 0.0, 0.0, 0.0, 0.0, 0.0, 0.0, 0.0, 0.0, 1.1313, 0.0, 0.0, 0.0, 0.0, 0.0, 0.0, 0.0, 0.0, 0.6111, 0.0, 0.0, 1.1174, 4.5871, 3.9167, 0.7749, 1.5577, 1.7712, 0.0, 0.0, 0.0, 0.0], "max_pos": 24, "max_act": 4.5859}, {"tokens": [" red", " and", " liked", " to", " roll", " on", " the", " floor", ".", " But", " the", " ball", " had", " no", " friends", " to", " play", " with", ".", " It", " felt", " very", " sad", ".", "\n", "\n", "One", " day", ",", " a", " little", " girl", " came"], "acts": [0.0, 0.0, 0.0, 0.0, 0.0, 0.0, 0.0, 0.0, 0.955, 0.8069, 0.0, 0.0, 0.0, 0.0, 0.0, 0.0, 0.0, 0.0, 0.6186, 0.0, 0.0, 0.0, 0.0, 1.4776, 4.5808, 3.9868, 0.6247, 1.3739, 1.419, 0.0, 0.0, 0.0, 0.0], "max_pos": 24, "max_act": 4.582}, {"tokens": [" yard", ".", " One", " day", ",", " Max", " found", " a", " shiny", " gem", ".", " It", " was", " very", " pretty", ".", " Max", " wanted", " to", " keep", " it", " safe", ".", "\n", "\n", "Max", " was", " a", " sleepy", " dog", ".", " He", " took"], "acts": [0.0, 0.9339, 0.0, 0.7446, 1.3004, 0.0, 0.0, 0.0, 0.0, 0.0, 0.6978, 0.0, 0.0, 0.0, 0.0, 1.2285, 0.0, 0.0, 0.0, 0.0, 0.0, 0.0, 1.6259, 4.1152, 4.5767, 0.0, 0.0, 0.0, 0.0, 0.0, 1.4266, 0.0, 0.0], "max_pos": 24, "max_act": 4.5781}, {"tokens": [" together", ".", " It", " was", " not", " pretty", ",", " it", " was", " ugly", ".", " The", " spaghetti", " wanted", " to", " be", " separ", "ate", ",", " not", " all", " mixed", " up", ".", "\n", "\n", "One", " day", ",", " a", " nice", " girl", " named"], "acts": [0.0, 1.2986, 0.0, 0.0, 0.0, 0.0, 0.0, 0.0, 0.0, 0.0, 1.042, 0.0, 0.0, 0.0, 0.0, 0.0, 0.0, 0.0, 0.0, 0.0, 0.0, 0.0, 0.0, 1.5666, 4.5733, 4.1495, 0.6494, 1.4804, 1.7225, 0.0, 0.0, 0.0, 0.0], "max_pos": 24, "max_act": 4.5742}, {"tokens": [" a", " little", " ugly", " flower", ".", " All", " the", " other", " flowers", " were", " pretty", " and", " colorful", ",", " but", " this", " flower", " was", " not", ".", " It", " felt", " sad", ".", "\n", "\n", "One", " sunny", " day", ",", " a", " friendly", " bee"], "acts": [0.0, 0.0, 0.0, 0.0, 0.8592, 0.0, 0.0, 0.0, 0.0, 0.0, 0.0, 0.0, 0.0, 0.0, 0.0, 0.0, 0.0, 0.0, 0.0, 0.7582, 0.0, 0.0, 0.0, 1.7251, 4.5706, 3.9369, 0.6913, 0.0, 1.1117, 0.9947, 0.0, 0.0, 0.0], "max_pos": 24, "max_act": 4.5703}]}