{"id": 1160, "density": 0.0416855, "max_act": 4.33203125, "hist": {"edges": [0.01, 0.0133, 0.0178, 0.0237, 0.0316, 0.0422, 0.0562, 0.075, 0.1, 0.1334, 0.1778, 0.2371, 0.3162, 0.4217, 0.5623, 0.7499, 1.0, 1.3335, 1.7783, 2.3714, 3.1623, 4.217, 5.6234, 7.4989, 10.0, 13.3352, 17.7828, 23.7137, 31.6228, 42.1697, 56.2341, 74.9894, 100.0], "counts": [0, 0, 0, 0, 0, 0, 0, 0, 0, 11, 136, 1203, 6976, 21627, 33969, 36171, 31612, 21159, 10260, 3250, 366, 2, 0, 0, 0, 0, 0, 0, 0, 0, 0, 0]}, "logit_lens": {"promoted": [["At", 0.329], [" hours", 0.305], [" At", 0.275], [" though", 0.268], ["ting", 0.268], [" but", 0.247], [" anymore", 0.242], [" rain", 0.236], [" every", 0.235], [" Whenever", 0.228]], "suppressed": [[" crawled", 0.311], ["af", 0.236], ["ho", 0.23], [" listened", 0.229], ["en", 0.224], ["ope", 0.22], [" woke", 0.215], [" dra", 0.205], ["ic", 0.205], [" walked", 0.205]]}, "examples": [{"tokens": [" a", " ghost", " inside", "!", " The", " ghost", " was", " very", " friendly", " and", " they", " became", " friends", ".", " They", " played", " together", " and", " had", " lots", " of", " fun", ".", " The", " little", " boy", " was", " not", " scared", " of", " the"], "acts": [0.0, 0.0, 0.0, 0.7884, 0.0, 0.0, 0.0, 0.0, 0.0, 0.0, 0.0, 0.0, 0.0, 2.2687, 0.0, 0.0, 0.0, 0.0, 1.3924, 0.0, 0.0, 0.0, 4.332, 1.6703, 0.0, 0.0, 0.0, 0.0, 0.0, 0.0, 0.0], "max_pos": 22, "max_act": 4.332}, {"tokens": [" the", " little", " girl", " skipped", " around", " the", " house", ".", " They", " played", " tag", " and", " hide", " and", " seek", ".", " They", " laughed", " and", " had", " a", " lot", " of", " fun", ".", "\n", "\n", "In", " the", " end", ",", " the", " thief"], "acts": [0.0, 0.0, 0.0, 0.0, 0.0, 0.0, 0.0, 2.0479, 0.0, 0.0, 0.0, 1.0206, 0.0, 0.0, 0.0, 3.2994, 0.0, 0.8509, 0.9006, 2.1695, 0.7468, 0.0, 0.0, 0.0, 4.2423, 2.672, 4.0141, 0.0, 0.0, 0.8225, 0.0, 0.0, 0.0], "max_pos": 24, "max_act": 4.2422}, {"tokens": [" ran", " right", " up", " to", " the", " bear", ".", " The", " bear", " and", " the", " bunny", " had", " so", " much", " fun", "!", " They", " ran", " and", " laughed", " and", " danced", " together", ".", " \n", "\n", "The", " bear", " was", " so", " happy", " he"], "acts": [0.0, 0.0, 0.0, 0.0, 0.0, 0.0, 0.8701, 0.0, 0.0, 0.0, 0.0, 0.0, 0.0, 0.0, 0.0, 0.0, 2.795, 0.0, 0.0, 0.0, 0.0, 0.0, 0.0, 0.4709, 4.0983, 2.0609, 3.0078, 0.0, 0.0, 0.0, 0.0, 0.0, 0.0], "max_pos": 24, "max_act": 4.0977}, {"tokens": [" ", "\n", "The", " two", " of", " them", " became", " the", " best", " of", " friends", ".", " They", " played", " games", " together", " and", " had", " fun", ".", " ", "\n", "The", " bug", " was", " no", " longer", " lonely"], "acts": [0.0, 0.0, 0.0, 0.0, 0.0, 0.0, 0.0, 0.0, 0.0, 0.0, 0.0, 2.2307, 0.0, 0.0, 0.0, 0.7415, 0.0, 1.4907, 0.0, 4.0922, 1.5954, 3.6312, 0.8878, 0.0, 0.0, 0.0, 0.0, 0.0], "max_pos": 19, "max_act": 4.0938}, {"tokens": [" too", "!", "\n", "\n", "The", " whale", " and", " the", " little", " girl", " spent", " the", " day", " having", " lots", " of", " fun", ".", " They", " played", " tag", " and", " blew", " bubbles", ".", " The", " whale", " showed", " off", " its", " tricks", " and", " the"], "acts": [0.0, 0.7599, 0.7478, 0.9959, 0.0, 0.0, 0.0, 0.0, 0.0, 0.0, 0.0, 0.0, 0.0, 0.0, 0.0, 0.0, 0.0, 3.124, 0.0, 0.0, 0.0, 0.0, 0.0, 0.0, 4.0399, 0.0, 0.0, 0.0, 0.0, 0.0, 0.0, 0.0, 0.0], "max_pos": 24, "max_act": 4.0391}, {"tokens": [" The", " friends", " were", " so", " excited", " to", " meet", " their", " mysterious", " new", " friends", ".", " They", " spent", " the", " whole", " day", " together", ",", " playing", " games", " and", " having", " fun", ".", " \n", "\n", "The", " two", " friends", " had", " made", " a"], "acts": [0.0, 0.0, 0.0, 0.0, 0.0, 0.0, 0.0, 0.0, 0.0, 0.0, 0.0, 1.6221, 0.0, 0.0, 0.0, 0.0, 0.0, 0.0, 0.0, 0.0, 0.0, 0.0, 1.3007, 0.0, 4.0405, 2.3687, 3.6467, 0.0, 0.0, 0.0, 0.0, 0.0, 0.0], "max_pos": 24, "max_act": 4.0391}, {"tokens": [" them", " sw", "ung", " on", " the", " swing", " together", " while", " the", " sun", " was", " set", "ting", " in", " the", " sky", ".", " They", " laughed", " and", " talked", " and", " had", " fun", ".", " Toby", " and", " the", " little", " girl", " sw", "ung", " higher"], "acts": [0.0, 0.0, 0.0, 0.0, 0.0, 0.0, 0.0, 0.0, 0.0, 0.0, 0.0, 0.0, 0.0, 0.0, 0.0, 0.0, 1.5173, 0.0, 0.0, 0.0, 0.0, 0.0, 1.2117, 0.0, 4.0368, 0.0, 0.0, 0.0, 0.0, 0.0, 0.0, 0.0, 0.0], "max_pos": 24, "max_act": 4.0352}, {"tokens": [" and", " the", " board", " was", " even", " happier", ".", " The", " bear", " and", " the", " rabbit", " played", " all", " day", ".", " They", " chased", " each", " other", " and", " hopped", " around", " together", ".", "\n", "\n", "At", " the", " end", " of", " the", " day"], "acts": [0.0, 0.0, 0.0, 0.0, 0.0, 0.0, 0.9727, 0.6657, 0.0, 0.0, 0.0, 0.0, 0.0, 0.0, 0.0, 3.4228, 0.0, 0.0, 0.0, 0.0, 0.9435, 0.0, 0.0, 0.9356, 3.9476, 2.4514, 3.323, 0.9847, 0.0, 0.0, 0.0, 0.0, 0.8775], "max_pos": 24, "max_act": 3.9473}, {"tokens": [" the", " morning", " walking", " and", " playing", " together", ".", " They", " chased", " each", " other", " around", " the", " trees", " and", " laughed", " and", " had", " so", " much", " fun", ".", " Jack", " smiled", " as", " he", " looked", " up", " at", " the"], "acts": [0.0, 0.0, 0.0, 0.0, 0.0, 0.9214, 2.3849, 0.0, 0.0, 0.0, 0.0, 0.0, 0.0, 0.0, 0.0, 0.0, 0.0, 1.5923, 0.0, 0.0, 0.0, 3.9407, 0.0, 1.5123, 0.0, 0.0, 0.0, 0.0, 0.0, 0.0], "max_pos": 21, "max_act": 3.9414}, {"tokens": [" the", " puppy", " were", " so", " happy", " to", " find", " each", " other", ".", " They", " ran", " and", " played", " around", " the", " river", ",", " chasing", " each", " other", " and", " having", " fun", ".", " The", " puppy", " followed", " the", " little", " boy", " everywhere", " and"], "acts": [0.0, 0.0, 0.0, 0.0, 0.0, 0.0, 0.0, 0.0, 0.0, 1.6722, 0.0, 0.0, 0.0, 0.0, 0.0, 0.0, 0.0, 0.0, 0.0, 0.0, 0.0, 0.0, 0.0, 0.0, 3.9017, 0.0, 0.0, 0.0, 0.0, 0.0, 0.0, 0.0, 0.0], "max_pos": 24, "max_act": 3.9023}, {"tokens": [" thanked", " the", " little", " bird", ".", " From", " that", " day", " on", ",", " the", " little", " hippo", " and", " the", " little", " bird", " became", " friends", " and", " played", " together", " every", " day", ".", "<|endoftext|>", "Once", " upon", " a", " time", ",", " there", " was"], "acts": [0.0, 0.0, 0.0, 0.0, 1.6324, 0.0, 0.0, 0.0, 0.0, 0.0, 0.0, 0.0, 0.0, 0.0, 0.0, 0.0, 0.0, 0.0, 0.0, 0.0, 0.0, 0.0, 0.0, 0.0, 3.8797, 0.0, 0.0, 0.0, 0.0, 0.0, 0.0, 0.0, 0.0], "max_pos": 24, "max_act": 3.8789}, {"tokens": ["ped", " and", " sett", "led", " in", " the", " tree", ".", " The", " tree", " and", " the", " bird", " were", " friends", ".", " They", " played", " and", " ate", " jam", " together", " every", " day", ".", "\n", "\n", "S", "l", "ow", "ly", ",", " the"], "acts": [0.0, 0.0, 0.0, 0.0, 0.0, 0.0, 0.0, 0.0, 0.0, 0.0, 0.0, 0.0, 0.0, 0.0, 0.0, 2.488, 0.0, 0.0, 0.0, 0.0, 0.0, 0.0, 0.0, 0.9276, 3.8743, 2.155, 3.0436, 0.8087, 0.0, 0.0, 0.0, 0.0, 0.0], "max_pos": 24, "max_act": 3.875}]}