{"id": 1169, "density": 0.0156295, "max_act": 8.0234375, "hist": {"edges": [0.01, 0.0133, 0.0178, 0.0237, 0.0316, 0.0422, 0.0562, 0.075, 0.1, 0.1334, 0.1778, 0.2371, 0.3162, 0.4217, 0.5623, 0.7499, 1.0, 1.3335, 1.7783, 2.3714, 3.1623, 4.217, 5.6234, 7.4989, 10.0, 13.3352, 17.7828, 23.7137, 31.6228, 42.1697, 56.2341, 74.9894, 100.0], "counts": [0, 0, 0, 0, 0, 0, 0, 0, 0, 0, 1, 64, 1032, 5241, 10496, 12030, 10994, 8660, 5952, 3987, 2164, 1322, 565, 10, 0, 0, 0, 0, 0, 0, 0, 0]}, "logit_lens": {"promoted": [[" knows", 0.288], ["ith", 0.27], ["o", 0.269], ["an", 0.263], [" comfort", 0.26], ["re", 0.249], [" knew", 0.249], [" kiss", 0.247], ["ent", 0.244], ["round", 0.242]], "suppressed": [[" time", 0.303], ["ately", 0.252], ["ventually", 0.236], ["ail", 0.234], [" away", 0.233], [" else", 0.23], [" enough", 0.229], ["led", 0.217], [" Eventually", 0.214], [" sle", 0.207]]}, "examples": [{"tokens": [" get", " angry", " and", " sad", ".", " They", " start", " to", " cry", ".", " They", " cry", " very", " loud", ".", "\n", "\n", "Mom", " hears", " them", " and", " comes", " outside", ".", " She", " sees", " them", " crying", " by", " the", " van", ".", "\n"], "acts": [0.0, 0.0, 0.0, 0.0, 0.0, 1.2858, 0.0, 0.0, 0.0, 0.0, 1.7859, 0.0, 0.0, 0.0, 0.0, 0.0, 0.0, 0.0, 0.0, 0.0, 2.0115, 0.0, 0.0, 1.4811, 8.0219, 1.2504, 0.0, 0.0, 0.0, 0.0, 0.0, 0.8497, 0.0], "max_pos": 24, "max_act": 8.0234}, {"tokens": [" we", " broke", " the", " window", ".", " We", " are", " in", " trouble", ",\"", " they", " said", ".", "\n", "\n", "They", " heard", " a", " voice", ".", " It", " was", " Mom", ".", " She", " came", " into", " the", " room", ".", " She", " saw", " the"], "acts": [0.0, 0.0, 0.0, 0.0, 0.0, 0.0, 0.0, 0.0, 0.0, 0.0, 0.0, 0.0, 0.0, 0.0, 0.0, 1.6267, 0.0, 0.0, 0.0, 0.0, 1.9102, 0.0, 0.0, 1.059, 7.9972, 0.0, 0.0, 0.0, 0.0, 0.655, 7.701, 0.0, 0.0], "max_pos": 24, "max_act": 7.9961}, {"tokens": [",", " we", " are", " sorry", "!\"", " they", " say", ".", " \"", "We", " broke", " the", " sock", "!\"", "\n", "\n", "Mom", " comes", " in", " and", " sees", " the", " sock", ".", " She", " is", " not", " angry", ".", " She", " smiles", " and", " hugs"], "acts": [0.0, 0.0, 0.0, 0.0, 0.0, 0.0, 0.0, 0.0, 0.0, 0.0, 0.0, 0.0, 0.0, 0.0, 0.0, 0.9609, 0.7182, 0.0, 0.0, 2.1153, 0.0, 0.0, 0.0, 0.7768, 7.8864, 0.0, 0.0, 0.0, 0.0, 7.2916, 0.0, 1.5653, 0.0], "max_pos": 24, "max_act": 7.8867}, {"tokens": ["!\"", "\n", "\n", "Their", " mom", " heard", " them", " and", " came", " to", " the", " garage", ".", " She", " saw", " the", " ra", "c", "c", "oon", " and", " sh"], "acts": [0.0, 0.0, 0.0, 0.0, 0.0, 0.0, 0.0, 2.4452, 0.0, 1.5788, 0.0, 0.0, 0.0, 7.8059, 0.0, 0.0, 0.0, 0.0, 0.0, 0.0, 1.3041, 0.0], "max_pos": 13, "max_act": 7.8047}, {"tokens": [" play", " anymore", ".", " They", " sit", " on", " the", " floor", " and", " look", " at", " the", " broken", " car", ".", "\n", "\n", "Mom", " comes", " in", " and", " sees", " them", ".", " She", " sees", " the", " broken", " car", " and", " the", " empty", " box"], "acts": [0.0, 0.0, 0.0, 0.0, 0.0, 0.0, 0.0, 0.0, 0.6835, 0.0, 0.0, 0.0, 0.0, 0.0, 0.0, 0.0, 0.0, 0.0, 0.0, 0.0, 1.9049, 0.0, 0.0, 1.6319, 7.7976, 1.2002, 0.0, 0.0, 0.0, 1.0549, 0.0, 0.0, 0.0], "max_pos": 24, "max_act": 7.7969}, {"tokens": [" each", " other", "'s", " cards", " and", " shout", ".", " They", " are", " angry", " and", " sad", ".", "\n", "\n", "Mom", " hears", " the", " noise", " and", " comes", " to", " see", ".", " She", " is", " confused", ".", " She", " asks", ",", " \"", "Why"], "acts": [0.0, 0.0, 0.0, 0.0, 0.0, 0.0, 0.0, 1.1634, 0.0, 0.0, 0.0, 0.0, 0.0, 0.0, 0.0, 0.823, 0.0, 0.0, 0.0, 2.2289, 0.0, 1.6035, 0.0, 0.7072, 7.7109, 0.0, 0.0, 0.0, 6.5039, 0.0, 0.0, 0.0, 0.0], "max_pos": 24, "max_act": 7.7109}, {"tokens": ["!\"", " he", " cried", ".", " \"", "This", " cake", " is", " bad", "!", " It", " hurts", "!\"", "\n", "\n", "Mom", " heard", " them", " and", " came", " to", " the", " kitchen", ".", " She", " saw", " the", " bowl", ",", " the", " jar", " and", " the"], "acts": [0.0, 0.6466, 0.0, 0.0, 0.0, 0.0, 0.0, 0.0, 0.0, 0.0, 0.0, 0.0, 0.0, 0.0, 0.0, 0.0, 0.0, 0.0, 1.4847, 0.0, 1.1623, 0.0, 0.0, 1.0463, 7.6682, 0.6827, 0.0, 0.0, 1.0878, 0.0, 0.0, 0.7897, 0.0], "max_pos": 24, "max_act": 7.668}, {"tokens": [" angry", " and", " impatient", ".", " They", " do", " not", " want", " to", " share", ".", "\n", "\n", "Their", " mom", " hears", " them", " and", " comes", " to", " the", " living", " room", ".", " She", " sees", " them", " fighting", " over", " the", " doll", ".", "\n"], "acts": [0.0, 0.0, 0.0, 0.0, 1.71, 0.0, 0.0, 0.0, 0.0, 0.0, 0.0, 0.0, 0.0, 0.0, 0.0, 0.0, 0.0, 2.1006, 0.0, 1.6531, 0.0, 0.0, 0.0, 0.6585, 7.5795, 1.2296, 0.0, 0.0, 0.0, 0.0, 0.0, 0.5446, 0.0], "max_pos": 24, "max_act": 7.5781}, {"tokens": ["Help", "!\"", " Tom", " cried", ".", "\n", "\n", "\"", "Help", "!\"", " Sue", " cried", ".", "\n", "\n", "They", " heard", " a", " voice", ".", " It", " was", " Mom", ".", " She", " was", " looking", " for", " them", ".", "\n", "\n", "\""], "acts": [0.0, 0.0, 0.0, 0.0, 0.0, 0.0, 0.0, 0.0, 0.0, 0.0, 0.0, 0.0, 0.0, 0.0, 0.0, 0.9469, 0.0, 0.0, 0.0, 0.0, 1.8302, 0.0, 0.0, 1.5891, 7.5546, 0.0, 0.0, 0.0, 0.0, 0.0, 0.0, 0.0, 0.0], "max_pos": 24, "max_act": 7.5547}, {"tokens": [" to", " play", " anymore", ".", " They", " turn", " away", " from", " each", " other", ".", "\n", "\n", "Mom", " hears", " the", " noise", " and", " comes", " to", " see", " what", " happened", ".", " She", " sees", " the", " broken", " block", " and", " the", " un", "h"], "acts": [0.0, 0.0, 0.0, 0.0, 0.0, 0.0, 0.0, 0.0, 0.0, 0.0, 0.0, 0.0, 0.0, 0.0, 0.0, 0.0, 0.0, 1.7311, 0.0, 1.6137, 0.0, 0.0, 0.0, 0.0, 7.4796, 0.8937, 0.0, 0.0, 0.0, 1.1618, 0.0, 0.0, 0.0], "max_pos": 24, "max_act": 7.4805}, {"tokens": [" Tom", " screamed", ".", " They", " felt", " pain", ".", " They", " ran", " back", " to", " Mom", ".", " They", " cried", " and", " cried", ".", "\n", "\n", "Mom", " saw", " them", ".", " She", " saw", " the", " bl", "ood", ".", " She", " saw", " the"], "acts": [0.0, 0.0, 0.0, 2.7668, 0.0, 0.0, 0.0, 2.3221, 0.0, 0.0, 0.0, 0.0, 0.0, 3.3729, 0.0, 0.0, 0.0, 0.0, 0.0, 0.0, 0.0, 0.0, 0.0, 1.2997, 7.4612, 0.0, 0.0, 0.0, 0.0, 0.0, 6.9469, 0.0, 0.0], "max_pos": 24, "max_act": 7.4609}, {"tokens": [" toy", ".", " They", " don", "'t", " know", " what", " to", " do", ".", "\n", "\n", "They", " hear", " Sara", "'s", " mom", " come", ".", " She", " sees", " the", " broken", " toy", " and", " the", " crying", " kids"], "acts": [0.0, 0.0, 0.0, 0.0, 0.0, 0.0, 0.0, 0.0, 0.0, 0.0, 0.0, 0.0, 0.5913, 0.0, 0.0, 0.0, 0.0, 0.0, 0.0, 7.4407, 0.0, 0.0, 0.0, 0.0, 0.847, 0.0, 0.0, 0.0], "max_pos": 19, "max_act": 7.4414}]}