{"id": 1171, "density": 0.00503875, "max_act": 7.6953125, "hist": {"edges": [0.01, 0.0133, 0.0178, 0.0237, 0.0316, 0.0422, 0.0562, 0.075, 0.1, 0.1334, 0.1778, 0.2371, 0.3162, 0.4217, 0.5623, 0.7499, 1.0, 1.3335, 1.7783, 2.3714, 3.1623, 4.217, 5.6234, 7.4989, 10.0, 13.3352, 17.7828, 23.7137, 31.6228, 42.1697, 56.2341, 74.9894, 100.0], "counts": [0, 0, 0, 0, 0, 0, 0, 0, 0, 0, 6, 28, 123, 794, 2320, 3156, 2494, 2182, 1805, 2139, 1831, 1989, 1284, 4, 0, 0, 0, 0, 0, 0, 0, 0]}, "logit_lens": {"promoted": [[" after", 0.258], [" tears", 0.257], ["stairs", 0.241], [" high", 0.238], [" early", 0.237], [" seeds", 0.233], ["f", 0.221], ["work", 0.214], [" tasted", 0.212], [" books", 0.21]], "suppressed": [["omet", 0.352], ["en", 0.332], ["ail", 0.307], ["ime", 0.3], [" out", 0.258], ["ark", 0.255], ["i", 0.255], ["th", 0.246], ["az", 0.244], ["ect", 0.243]]}, "examples": [{"tokens": [" clean", " up", " this", " box", " and", " then", " we", " can", " read", " a", " story", " together", "?\"", "\n", "\n", "Lila", " and", " Ben", " agreed", ".", " They", " cleaned", " up", " their", " box", " and", " went", " inside", " with", " Mom", "."], "acts": [0.0, 6.4515, 0.0, 0.0, 1.6012, 0.0, 0.0, 0.0, 0.0, 0.0, 0.0, 0.0, 0.0, 0.0, 0.0, 0.0, 0.0, 0.0, 0.0, 0.0, 0.0, 0.0, 7.6964, 0.0, 0.0, 1.0545, 0.0, 0.0, 0.0, 0.0, 0.0], "max_pos": 22, "max_act": 7.6953}, {"tokens": ["'s", " okay", ",\"", " said", " the", " store", " owner", ".", " \"", "A", "c", "c", "ident", "s", " happen", ".\"", "\n", "\n", "Ben", " cleaned", " up", " the", " honey", " and", " bought", " a", " new", " jar", "."], "acts": [0.0, 0.0, 0.0, 0.0, 0.0, 0.0, 0.0, 0.0, 0.0, 0.0, 0.0, 0.0, 0.0, 0.0, 0.0, 0.0, 0.0, 0.0, 0.0, 0.0, 7.5377, 0.0, 0.0, 0.0, 0.0, 0.0, 0.0, 0.0, 0.0], "max_pos": 20, "max_act": 7.5391}, {"tokens": [" off", " the", " clothes", " and", " put", " them", " back", " in", " the", " box", ".", " They", " fold", " them", " neat", "ly", " and", " tape", " the", " box", ".", " They", " also", " pick", " up", " the", " paper", " and", " the", " tape", " from", " the", " floor"], "acts": [0.0, 0.0, 0.0, 0.0, 0.0, 0.0, 0.0, 0.0, 0.0, 0.0, 0.0, 0.0, 0.0, 0.0, 0.0, 1.1222, 1.5751, 0.0, 0.0, 0.0, 0.0, 0.0, 0.0, 0.0, 7.5068, 0.0, 0.0, 1.6341, 0.0, 0.0, 0.0, 0.0, 0.0], "max_pos": 24, "max_act": 7.5078}, {"tokens": [" to", " go", " home", ",", " Lily", " went", " to", " pick", " up", " her", " purse", ",", " but", " it", " broke", " into", " many"], "acts": [0.0, 0.0, 0.0, 0.0, 0.0, 0.0, 0.0, 0.0, 7.5039, 0.0, 0.0, 0.0, 0.0, 0.0, 0.0, 0.0, 0.0], "max_pos": 8, "max_act": 7.5039}, {"tokens": [" make", " sure", " they", " are", " clean", " too", ".", " Then", " you", " can", " play", " with", " them", " again", ".\"", "\n", "\n", "Lily", " nodded", ".", " She", " started", " to", " clean", " up", " her", " room", ".", " She", " put", " away", " her", " toys"], "acts": [0.0, 0.0, 0.0, 0.0, 0.0, 0.0, 0.0, 0.0, 0.0, 0.0, 0.0, 0.0, 0.0, 0.0, 0.0, 0.0, 0.0, 0.0, 0.0, 0.0, 0.0, 0.0, 0.0, 0.0, 7.4947, 1.0541, 0.8114, 0.0, 0.0, 0.0, 2.8271, 0.0, 0.0], "max_pos": 24, "max_act": 7.4961}, {"tokens": [" a", " cup", " of", " warm", " milk", " with", " her", ".", " She", " used", " the", " spoon", " to", " clean", " up", " the", " living", " room", ",", " making", " sure", " to", " get"], "acts": [0.0, 0.0, 0.0, 0.0, 0.0, 0.0, 0.0, 0.0, 0.0, 0.0, 0.0, 0.0, 0.0, 0.0, 7.4977, 1.029, 0.0, 0.0, 0.0, 0.0, 0.0, 0.0, 0.0], "max_pos": 14, "max_act": 7.4961}, {"tokens": ["ed", " the", " me", "ch", "an", "ic", ".", " \n", "\n", "The", " next", " day", ",", " Timmy", " went", " to", " pick", " up", " his", " bike", ".", " It", " was", " fixed", " and", " looked"], "acts": [0.0, 0.0, 0.0, 0.0, 0.0, 0.0, 0.0, 0.0, 0.0, 0.0, 0.0, 0.0, 0.0, 0.0, 0.0, 0.0, 0.0, 7.4481, 0.0, 0.0, 0.0, 0.0, 0.0, 0.0, 0.0, 0.0], "max_pos": 17, "max_act": 7.4492}, {"tokens": [" sorry", ",", " s", "ir", ".\"", " They", " start", " to", " clean", " up", " the", " mess", " and", " wait", " for", " their", " parents", "."], "acts": [0.0, 0.0, 0.0, 0.0, 0.0, 0.0, 0.0, 0.0, 0.0, 7.4093, 0.0, 0.0, 1.0526, 0.0, 0.0, 0.0, 0.0, 0.0], "max_pos": 9, "max_act": 7.4102}, {"tokens": [" was", " told", " to", " pick", " up", " all", " the", " dis", "hes", " from", " the", " table", ".", "\n", "\n", "Mia", " walked", " to", " the", " table", " and", " began", " to", " pick", " up", " all", " the", " dis", "hes", ".", " Then", " she", " thought"], "acts": [0.0, 0.0, 0.0, 0.0, 6.6115, 0.0, 0.0, 0.0, 0.0, 0.0, 0.0, 0.0, 0.0, 0.0, 0.0, 0.0, 0.0, 0.0, 0.0, 0.0, 0.0, 0.0, 0.0, 0.0, 7.3939, 0.0, 1.5146, 0.0, 0.0, 0.0, 0.0, 0.0, 0.0], "max_pos": 24, "max_act": 7.3945}, {"tokens": ["Tom", " and", " Lily", " sighed", ".", " They", " knew", " their", " mom", " was", " right", ".", " They", " put", " their", " tools", " back", " in", " the", " box", " and", " started", " to", " pick", " up", " the", " wood", " and", " card", "board", ".", " They", " were"], "acts": [0.0, 0.0, 0.0, 0.0, 0.0, 0.0, 0.0, 0.0, 0.0, 0.0, 0.0, 0.0, 0.0, 0.0, 0.0, 0.0, 0.0, 0.0, 0.0, 0.0, 0.0, 0.0, 0.0, 0.0, 7.392, 0.8364, 0.0, 1.3267, 0.0, 0.0, 0.0, 0.0, 0.0], "max_pos": 24, "max_act": 7.3906}, {"tokens": [" seem", " to", " mind", " R", "ick", "y", "'s", " hugs", " or", " pat", "s", ".", "\n", "\n", "One", " day", " when", " R", "ick", "y", " went", " outside", " to", " pick", " up", " the", " bull", ",", " he", " saw", " something", " different", "."], "acts": [0.0, 0.0, 0.0, 0.0, 0.0, 0.0, 0.0, 0.0, 0.0, 0.0, 0.0, 0.0, 0.0, 0.0, 0.0, 0.0, 0.0, 0.0, 0.0, 0.0, 0.0, 0.0, 0.0, 0.0, 7.3805, 1.2934, 0.0, 0.0, 0.0, 0.0, 0.0, 0.0, 0.0], "max_pos": 24, "max_act": 7.3789}, {"tokens": [" most", " useful", " tools", " you", " have", ".", " You", " can", " use", " them", " to", " pick", " up", " your", " toys", ",", " to", " sor", "t", " them", " by"], "acts": [0.0, 0.0, 0.0, 0.0, 0.0, 0.0, 0.0, 0.0, 0.0, 0.0, 0.0, 0.0, 7.3473, 0.0, 0.0, 0.0, 0.0, 0.0, 0.0, 0.0, 0.0], "max_pos": 12, "max_act": 7.3477}]}