{"id": 1185, "density": 0.0051975, "max_act": 7.828125, "hist": {"edges": [0.01, 0.0133, 0.0178, 0.0237, 0.0316, 0.0422, 0.0562, 0.075, 0.1, 0.1334, 0.1778, 0.2371, 0.3162, 0.4217, 0.5623, 0.7499, 1.0, 1.3335, 1.7783, 2.3714, 3.1623, 4.217, 5.6234, 7.4989, 10.0, 13.3352, 17.7828, 23.7137, 31.6228, 42.1697, 56.2341, 74.9894, 100.0], "counts": [0, 0, 0, 0, 0, 0, 0, 0, 0, 0, 3, 34, 205, 1079, 2126, 2699, 2705, 2376, 1981, 1591, 2184, 2288, 1511, 8, 0, 0, 0, 0, 0, 0, 0, 0]}, "logit_lens": {"promoted": [[" happened", 0.282], [" of", 0.248], [" else", 0.235], [" animal", 0.226], [" forth", 0.222], ["ately", 0.213], ["get", 0.209], [":", 0.209], ["key", 0.201], ["ag", 0.2]], "suppressed": [["ve", 0.304], ["und", 0.289], ["ving", 0.28], [" well", 0.276], ["ins", 0.265], ["ide", 0.263], [" welcome", 0.258], [" nicely", 0.247], [" tidy", 0.246], [" love", 0.238]]}, "examples": [{"tokens": [" that", " moved", ".", " One", " day", ",", " he", " was", " running", " around", " and", " he", " noticed", " something", " really", " special", ".", "\n", "\n", "The", " kitten", " asked", ",", " \"", "What", "'s", " that", "?\"", "\n", "\n", "His", " mom", " answered"], "acts": [0.0, 0.0, 0.0, 0.0, 0.0, 0.0, 0.0, 0.0, 0.0, 0.0, 0.0, 0.0, 0.0, 0.0, 0.0, 0.0, 0.0, 0.0, 0.0, 0.0, 0.0, 0.0, 0.0, 2.2224, 7.8265, 0.0, 0.0, 0.0, 0.0, 0.0, 0.0, 0.0, 0.0], "max_pos": 24, "max_act": 7.8281}, {"tokens": [" so", " much", " that", " she", " asked", " S", "ophie", ",", " \"", "What", " is", " ve", "l", "v", "et", "?\"", " S", "ophie"], "acts": [0.0, 0.0, 0.0, 0.0, 0.0, 0.0, 0.0, 0.0, 2.0274, 7.8186, 0.0, 0.0, 0.0, 0.0, 0.0, 0.0, 0.0, 0.0], "max_pos": 9, "max_act": 7.8203}, {"tokens": [" saw", " many", " other", " animals", " outside", " making", " a", " lot", " of", " noise", ".", "\n", "\n", "The", " lady", "b", "ird", " asked", ",", " \"", "What", " are", " you", " doing", "?\"", "\n", "\n", "One", " of"], "acts": [0.0, 0.0, 0.0, 0.0, 0.0, 0.0, 0.0, 0.0, 0.0, 0.0, 0.0, 0.0, 0.0, 0.0, 0.0, 0.0, 0.0, 0.0, 0.0, 2.5138, 7.7929, 0.0, 0.0, 0.0, 0.0, 0.0, 0.0, 0.0, 0.0], "max_pos": 20, "max_act": 7.793}, {"tokens": [" saw", " something", " exciting", " -", " it", " was", " a", " thin", " man", " with", " a", " funny", " hat", ",", " shoot", "ing", " something", ".", " \n", "\n", "John", " asked", ",", " \"", "What", " you", " doing", ",", " Dad", "?\"", "\n", "\n", "\""], "acts": [0.0, 0.0, 0.8274, 0.0, 0.0, 0.0, 0.0, 0.0, 0.0, 0.0, 0.0, 0.0, 0.0, 0.0, 0.0, 0.0, 0.0, 0.0, 0.0, 0.0, 0.0, 0.0, 0.0, 1.9964, 7.6738, 0.0, 0.0, 0.0, 0.0, 0.0, 0.0, 0.0, 0.0], "max_pos": 24, "max_act": 7.6758}, {"tokens": [" parents", ",", " \"", "What", " was", " that", "!\"", " ", "\n", "Her", " dad", " answered"], "acts": [0.0, 0.0, 0.0, 7.5916, 0.0, 0.0, 0.0, 0.0, 0.0, 0.0, 0.0, 0.0], "max_pos": 3, "max_act": 7.5898}, {"tokens": ["\n", "\n", "The", " dinosaur", " asked", " the", " rabbit", ",", " \"", "What", " are", " you", " doing", "?\".", "\n", "\n", "The", " rabbit"], "acts": [0.0, 0.0, 0.0, 0.0, 0.0, 0.0, 0.0, 0.0, 1.9314, 7.5468, 0.0, 0.0, 0.0, 0.0, 0.0, 0.0, 0.0, 0.0], "max_pos": 9, "max_act": 7.5469}, {"tokens": [" looked", " around", " and", " asked", ",", " \"", "What", " can", " I", " play", " with", ",", " Mom", " ", "?\""], "acts": [0.0, 0.0, 0.0, 0.0, 0.0, 1.466, 7.5336, 0.0, 0.0, 0.0, 0.0, 0.0, 0.0, 0.0, 0.0], "max_pos": 6, "max_act": 7.5352}, {"tokens": [" cave", ",", " he", " noticed", " something", " strange", ".", " There", " was", " a", " little", " boy", " hiding", " there", "!", "\n", "\n", "The", " person", " asked", " the", " boy", ",", " \"", "What", " are", " you", " doing", " here", "?\".", " The", " boy", " said"], "acts": [0.0, 0.0, 0.0, 0.0, 0.0, 0.0, 0.0, 0.0, 0.0, 0.0, 0.0, 0.0, 0.0, 0.0, 0.0, 0.0, 0.0, 0.0, 1.3335, 0.0, 0.0, 0.0, 0.0, 1.8198, 7.5039, 0.0, 0.0, 0.0, 0.0, 0.0, 0.0, 0.0, 0.0], "max_pos": 24, "max_act": 7.5039}, {"tokens": [" have", " a", " special", " thing", " that", " can", " make", " your", " scary", " dream", " go", " away", ".\"", "\n", "\n", "Jane", " was", " curious", ",", " so", " she", " asked", ",", " \"", "What", " is", " it", "?\"", " Her", " mommy", " answered", ",", " \""], "acts": [0.0, 0.0, 0.0, 4.8951, 0.0, 0.0, 0.0, 0.0, 0.0, 0.0, 0.0, 0.0, 0.0, 0.0, 0.0, 0.0, 0.0, 0.0, 0.0, 0.0, 0.0, 0.0, 0.0, 2.3676, 7.4965, 0.0, 0.0, 0.0, 0.0, 0.0, 0.0, 0.0, 0.0], "max_pos": 24, "max_act": 7.4961}, {"tokens": [" was", " only", " 3", " years", " old", ",", " but", " he", " was", " smiling", " brightly", ".", " \n", "\n", "The", " angel", " was", " curious", ",", " so", " she", " asked", ",", " \"", "What", " made", " you", " think", " I", " was", " an", " angel", "?\""], "acts": [0.0, 0.0, 0.0, 0.0, 0.0, 0.0, 0.0, 0.0, 0.0, 0.0, 0.0, 0.0, 0.0, 0.0, 0.0, 0.0, 0.0, 0.0, 0.0, 0.0, 0.0, 0.0, 0.0, 2.3495, 7.4944, 0.0, 0.0, 0.0, 0.0, 0.0, 0.0, 0.0, 0.0], "max_pos": 24, "max_act": 7.4961}, {"tokens": [",", " \"", "What", " are", " you", " doing", "?\"", "\n", "\n", "The", " clown"], "acts": [0.0, 0.0, 7.4951, 0.0, 0.0, 0.0, 0.0, 0.0, 0.0, 0.0, 0.0], "max_pos": 2, "max_act": 7.4961}, {"tokens": [",", " \"", "What", " is", " the", " secret", " of", " living", " a", " happy", " life"], "acts": [0.0, 0.0, 7.4951, 0.0, 0.0, 0.0, 0.0, 0.0, 0.0, 0.0, 0.0], "max_pos": 2, "max_act": 7.4961}]}