{"id": 1210, "density": 0.0073195, "max_act": 7.74609375, "hist": {"edges": [0.01, 0.0133, 0.0178, 0.0237, 0.0316, 0.0422, 0.0562, 0.075, 0.1, 0.1334, 0.1778, 0.2371, 0.3162, 0.4217, 0.5623, 0.7499, 1.0, 1.3335, 1.7783, 2.3714, 3.1623, 4.217, 5.6234, 7.4989, 10.0, 13.3352, 17.7828, 23.7137, 31.6228, 42.1697, 56.2341, 74.9894, 100.0], "counts": [0, 0, 0, 0, 0, 0, 0, 0, 0, 0, 4, 47, 409, 1379, 2276, 3418, 3468, 2862, 3181, 6302, 3399, 2099, 433, 1, 0, 0, 0, 0, 0, 0, 0, 0]}, "logit_lens": {"promoted": [[" hands", 0.369], [" themselves", 0.323], ["ers", 0.301], ["er", 0.282], [" himself", 0.279], [" You", 0.279], [" their", 0.266], [" his", 0.265], [" onto", 0.261], ["<", 0.26]], "suppressed": [[" trouble", 0.257], [" done", 0.248], ["m", 0.247], ["av", 0.245], [" birthday", 0.242], [" end", 0.235], ["arn", 0.228], ["on", 0.223], [" problem", 0.22], [" open", 0.219]]}, "examples": [{"tokens": ["They", " keep", " playing", " and", " guess", "ing", " until", " they", " run", " out"], "acts": [0.0, 7.7472, 1.0823, 0.0, 0.0, 0.0, 0.0, 0.0, 0.0, 0.0], "max_pos": 1, "max_act": 7.7461}, {"tokens": [" and", " walked", " away", ".", "\n", "\n", "Timmy", "'s", " mom", " saw", " him", " put", " his", " wallet", " down", " and", " she", " told", " him", ",", " \"", "Timmy", ",", " always", " keep", " your", " wallet", " with", " you", ".", " You", " don", "'t"], "acts": [0.0, 0.0, 0.0, 0.0, 0.0, 0.0, 0.0, 0.0, 0.0, 0.0, 0.0, 2.5692, 0.0, 0.0, 0.0, 0.0, 0.0, 0.0, 0.0, 0.0, 0.0, 0.0, 0.0, 0.0, 7.0307, 0.0, 0.0, 1.2631, 0.0, 0.4351, 0.0, 0.0, 0.0], "max_pos": 24, "max_act": 7.0312}, {"tokens": [" puppy", " finished", " their", " walk", " safely", ".", " Sarah", " learned", " that", " a", " leash", " is", " very", " not", " only", " to", " keep", " her", " pup", " safe", ",", " but", " to", " also", " keep", " her", " safe", " too", ".", "<|endoftext|>", "Once", " upon", " a"], "acts": [0.0, 0.0, 0.0, 0.0, 0.0, 0.0, 0.0, 0.0, 0.0, 0.0, 0.0, 0.0, 0.0, 0.0, 0.0, 0.0, 5.6532, 0.0, 0.0, 0.0, 0.0, 0.0, 0.0, 0.0, 6.9505, 0.6672, 0.0, 0.0, 0.0, 0.0, 0.0, 0.0, 0.0], "max_pos": 24, "max_act": 6.9492}, {"tokens": [" hug", " Sn", "ap", " and", " put", " it", " back", " in", " the", " box", ".", " They", " decide", " to", " keep", " it", " as", " their", " pet", ".", " They", " also", " keep", " some", " sn", "ap", "s", " to", " play", " with", "."], "acts": [0.0, 0.0, 0.0, 0.0, 3.4437, 0.0, 0.0, 0.0, 0.0, 0.0, 0.0, 0.0, 0.0, 0.0, 6.323, 0.0, 0.0, 0.0, 0.0, 0.0, 0.0, 0.0, 6.8791, 0.0, 0.0, 0.0, 0.0, 0.0, 0.6678, 0.0, 0.0], "max_pos": 22, "max_act": 6.8789}, {"tokens": [" to", " stop", " playing", ".", " They", " ign", "ore", " Mom", " and", " keep", " playing", ".", "\n", "\n", "\"", "Anna", ",", " Ben"], "acts": [0.0, 0.0, 0.0, 0.0, 0.0, 0.0, 0.0, 0.0, 0.0, 6.8272, 0.0, 0.0, 0.0, 0.0, 0.0, 0.0, 0.0, 0.0], "max_pos": 9, "max_act": 6.8281}, {"tokens": [" to", " the", " rad", "io", " while", " I", " clean", "?\"", "\n", "\n", "Mommy", " thought", " for", " a", " moment", " and", " then", " said", ",", " \"", "Okay", ",", " but", " just", " keep", " it", " at", " a", " low", " vo", "l", "um", "e"], "acts": [0.0, 0.0, 0.0, 0.0, 0.0, 0.0, 0.0, 0.0, 0.0, 0.0, 0.0, 0.0, 0.0, 0.0, 0.0, 0.0, 0.0, 0.0, 0.0, 0.0, 0.0, 0.0, 0.0, 0.0, 6.81, 0.0, 1.0843, 0.0, 0.0, 0.0, 0.0, 0.0, 0.0], "max_pos": 24, "max_act": 6.8086}, {"tokens": [" keep", " it", ".", " His", " mom", " said", " they", " could", " take"], "acts": [6.8008, 0.0, 0.0, 0.0, 0.0, 0.0, 0.0, 0.0, 0.0], "max_pos": 0, "max_act": 6.8008}, {"tokens": [" keep", " encou", "rag", "ing", " others", ".", " She", " knew", " she"], "acts": [6.8008, 1.9809, 0.0, 0.0, 0.0, 0.0, 0.0, 0.0, 0.0], "max_pos": 0, "max_act": 6.8008}, {"tokens": [" keep", " exploring", " the", " ancient", " world", " and", " never", " give", " up"], "acts": [6.8008, 0.0, 0.0, 0.0, 0.0, 0.0, 0.0, 0.0, 0.0], "max_pos": 0, "max_act": 6.8008}, {"tokens": [" keep", " working", " hard", ",", " your", " mus", "c", "les", " will"], "acts": [6.8008, 0.0, 0.0, 0.0, 0.0, 0.0, 0.0, 0.0, 0.0], "max_pos": 0, "max_act": 6.8008}, {"tokens": [" keep", " going", ".", " \n", "\n", "P", "ret", "ty", " soon"], "acts": [6.8008, 0.0, 0.0, 0.0, 0.0, 0.0, 0.0, 0.0, 0.0], "max_pos": 0, "max_act": 6.8008}, {"tokens": [" keep", " a", " part", " of", " the", " cute", " prize", ".", "<|endoftext|>"], "acts": [6.8008, 0.0, 0.0, 0.0, 0.0, 0.0, 0.0, 0.0, 0.0], "max_pos": 0, "max_act": 6.8008}]}