{"id": 1220, "density": 0.06983625, "max_act": 6.48828125, "hist": {"edges": [0.01, 0.0133, 0.0178, 0.0237, 0.0316, 0.0422, 0.0562, 0.075, 0.1, 0.1334, 0.1778, 0.2371, 0.3162, 0.4217, 0.5623, 0.7499, 1.0, 1.3335, 1.7783, 2.3714, 3.1623, 4.217, 5.6234, 7.4989, 10.0, 13.3352, 17.7828, 23.7137, 31.6228, 42.1697, 56.2341, 74.9894, 100.0], "counts": [0, 0, 0, 0, 0, 0, 0, 0, 0, 6, 89, 862, 6740, 27960, 54503, 60506, 48072, 32820, 21378, 13876, 7881, 4368, 284, 0, 0, 0, 0, 0, 0, 0, 0, 0]}, "logit_lens": {"promoted": [["ous", 0.304], [" wish", 0.283], [" impatient", 0.28], [" didn", 0.277], [" Where", 0.276], [" bored", 0.261], ["orry", 0.26], [" dec", 0.257], [" tired", 0.255], [" hadn", 0.254]], "suppressed": [[" were", 0.297], [" are", 0.257], [" is", 0.251], ["Be", 0.248], ["oo", 0.232], ["ice", 0.229], [" was", 0.229], ["in", 0.227], ["ren", 0.212], [" Be", 0.211]]}, "examples": [{"tokens": ["!", " You", " are", " a", " bad", " girl", "!", " You", " have", " to", " clean", " it", " up", " right", " now", "!\"", "\n", "\n", "Lily", " felt", " scared", " and", " sad", ".", " She", " did", " not", " mean", " to", " make", " her", " mom", " angry"], "acts": [0.0, 0.0, 0.0, 0.0, 0.0, 0.0, 0.0, 1.441, 0.7967, 0.0, 0.0, 0.0, 0.0, 0.0, 0.0, 0.0, 0.0, 0.0, 0.0, 0.0, 0.0, 4.7471, 0.0, 2.0822, 6.4869, 2.1456, 2.873, 0.0, 0.803, 0.0, 1.4706, 0.0, 0.0], "max_pos": 24, "max_act": 6.4883}, {"tokens": [" it", ".", " He", " ran", " so", " fast", " that", ",", " p", "oof", "!", " The", " sock", " disappeared", ".", "\n", "\n", "F", "r", "ank", " was", " very", " confused", ".", " He", " started", " thinking", " about", " where", " the", " sock", " had", " gone"], "acts": [0.0, 0.0, 0.0, 0.0, 0.0, 0.0, 0.0, 0.9375, 0.0, 0.0, 0.0, 0.0, 0.9161, 0.0, 0.0, 0.0, 0.0, 0.0, 0.0, 0.0, 0.0, 0.0, 0.0, 2.4326, 6.4301, 2.7775, 1.6538, 1.7375, 0.8462, 0.0, 0.0, 0.0, 0.0], "max_pos": 24, "max_act": 6.4297}, {"tokens": [" or", " Max", ".", " You", " could", " get", " sick", ".", " Why", " did", " you", " take", " them", " without", " asking", "?\"", "\n", "\n", "Lily", " felt", " scared", " and", " sad", ".", " She", " did", " not", " know", " the", " nuts", " were", " for", " the"], "acts": [0.0, 0.0, 0.0, 0.0, 0.0, 0.0, 0.0, 0.0, 0.0, 0.0, 0.0, 0.0, 0.0, 0.0, 0.0, 0.0, 0.0, 0.0, 0.0, 0.0, 0.0, 4.8515, 0.0, 2.0996, 6.4052, 2.2832, 2.7701, 1.511, 0.0, 0.0, 0.0, 0.0, 0.0], "max_pos": 24, "max_act": 6.4062}, {"tokens": [" she", " lost", " her", " sun", "g", "l", "ass", "es", ".", " She", " was", " very", " sad", ".", " She", " looked", " everywhere", " and", " asked", " her", " mom", ",", " but"], "acts": [0.0, 0.0, 0.0, 0.0, 0.0, 0.0, 0.0, 0.0, 0.0, 0.0, 0.8136, 0.4634, 0.0, 0.7782, 6.3898, 2.1133, 0.0, 0.0, 0.0, 0.0, 0.0, 0.0, 0.0], "max_pos": 14, "max_act": 6.3906}, {"tokens": [" very", " sad", " and", " missed", " Max", " very", " much", ".", "<|endoftext|>", "Once", " upon"], "acts": [1.0458, 1.1407, 6.3757, 1.5623, 0.0, 0.0, 0.0, 0.0, 0.0, 0.0, 0.0], "max_pos": 2, "max_act": 6.375}, {"tokens": [" very", " sad", " and", " angry", ".", " She", " said", ",", " \"", "Hey", ","], "acts": [1.0458, 1.1407, 6.3757, 1.7203, 0.0, 4.8179, 1.8304, 0.0, 1.1713, 0.0, 0.0], "max_pos": 2, "max_act": 6.375}, {"tokens": [" very", " sad", " and", " scared", ".", " Lily", " said", ",", " \"", "We", " should"], "acts": [1.0458, 1.1407, 6.3757, 1.7363, 0.0, 1.3616, 1.5794, 0.0, 0.8987, 0.8082, 0.0], "max_pos": 2, "max_act": 6.375}, {"tokens": ["\n", "\n", "A", "v", "a", " was", " sad", ".", " She", " thought", " to", " herself", ",", " \"", "p", "er", "h"], "acts": [0.0, 0.0, 0.0, 0.0, 0.0, 0.0, 0.0, 2.2652, 6.3675, 1.5973, 1.0908, 0.0, 0.0, 1.6224, 0.0, 0.0, 0.0], "max_pos": 8, "max_act": 6.3672}, {"tokens": [" let", " out", " a", " huge", " yawn", " and", " quickly", " threw", " the", " w", "ool", " away", ".", "\n", "\n", "The", " little", " l", "am", "b", " was", " so", " sad", ".", " He", " looked", " around", " for", " something", " else", " fun", " to", " play"], "acts": [0.0, 0.0, 0.0, 0.0, 0.0, 0.0, 1.0368, 0.0, 0.0, 0.0, 0.0, 0.0, 0.0, 0.0, 0.0, 0.0, 0.0, 0.0, 0.0, 0.0, 0.0, 0.0, 0.0, 2.0837, 6.3377, 2.2451, 0.0, 0.0, 0.0, 0.0, 0.0, 0.9635, 0.0], "max_pos": 24, "max_act": 6.3359}, {"tokens": ["\n", "Sue", " is", " confused", " and", " sad", ".", " She", " does", " not", " know", " what", " a", " li", "c", "en"], "acts": [0.0, 0.0, 0.0, 0.0, 5.1095, 1.2254, 2.3873, 6.3304, 3.2042, 3.0557, 1.8499, 0.0, 0.0, 0.0, 0.0, 0.0], "max_pos": 7, "max_act": 6.332}, {"tokens": [" the", " car", " eng", "ines", " started", " to", " roar", " and", " both", " cars", " started", " to", " move", ".", " Amy", " was", " very", " confused", ".", " She", " watched", " as", " the", " cars", " moved", " out", " of", " the"], "acts": [0.0, 0.0, 0.0, 0.0, 0.0, 0.0, 0.0, 0.0, 0.0, 0.0, 0.0, 0.0, 0.0, 0.0, 0.0, 0.0, 0.0, 0.0, 0.9734, 6.3313, 1.2788, 1.194, 0.0, 0.0, 0.0, 0.0, 0.0, 0.0], "max_pos": 19, "max_act": 6.332}, {"tokens": [" that", " her", " dress", " had", " a", " hole", " in", " it", ".", " She", " was", " so", " sad", ".", " She", " wanted", " to", " fix", " the", " hole", ",", " so", " she"], "acts": [0.0, 0.0, 0.0, 0.0, 0.0, 0.0, 0.0, 0.0, 0.0, 0.0, 0.6103, 0.0, 0.0, 1.0999, 6.3327, 2.5743, 2.5044, 0.0, 0.0, 0.0, 0.0, 0.0, 1.2278], "max_pos": 14, "max_act": 6.332}]}