{"id": 122, "density": 0.19829125, "max_act": 7.1953125, "hist": {"edges": [0.01, 0.0133, 0.0178, 0.0237, 0.0316, 0.0422, 0.0562, 0.075, 0.1, 0.1334, 0.1778, 0.2371, 0.3162, 0.4217, 0.5623, 0.7499, 1.0, 1.3335, 1.7783, 2.3714, 3.1623, 4.217, 5.6234, 7.4989, 10.0, 13.3352, 17.7828, 23.7137, 31.6228, 42.1697, 56.2341, 74.9894, 100.0], "counts": [0, 0, 0, 0, 0, 0, 0, 0, 0, 3, 48, 806, 8003, 36974, 93623, 149597, 175741, 161319, 108954, 46908, 9907, 1171, 111, 0, 0, 0, 0, 0, 0, 0, 0, 0]}, "logit_lens": {"promoted": [["be", 0.36], [" ple", 0.356], ["llow", 0.314], ["rel", 0.311], ["ocked", 0.31], [" vill", 0.3], ["ors", 0.298], ["Y", 0.296], ["orry", 0.293], ["ye", 0.29]], "suppressed": [["?\"", 0.189], ["?\".", 0.131], ["?", 0.123], [" one", 0.107], [" because", 0.094], [".", 0.092], [" for", 0.085], [",", 0.081], ["?\u00e2\u20ac", 0.081], [" -", 0.08]]}, "examples": [{"tokens": [" fun", ".", " They", " are", " happy", ".", "<|endoftext|>", "Lily", " and", " Ben", " are", " friends", ".", " They", " like", " to", " play", " with", " card", "board", ".", " They", " make", " houses", ",", " cars", ",", " and", " rocket", "s", " with", " card", "board"], "acts": [1.4487, 2.2461, 1.6519, 1.4727, 0.4284, 2.5758, 0.0, 0.0, 0.0, 0.0, 0.0, 0.0, 1.7021, 0.9462, 1.6794, 0.0, 1.7059, 1.3722, 0.0, 0.0, 0.7549, 1.3423, 0.4174, 0.0, 7.1966, 0.8131, 3.0018, 3.1894, 0.0, 0.0, 0.0, 0.0, 0.0], "max_pos": 24, "max_act": 7.1953}, {"tokens": ["The", " cat", " and", " the", " dog", " played", " with", " the", " net", " all", " day", ".", " They", " jumped", " over", " it", " and", " ran", " around", " it", ".", " The", " sun", " started", " to", " go", " down", " and", " it", " was", " time", " to", " go"], "acts": [1.4733, 1.4145, 2.3541, 1.3387, 2.231, 0.8758, 0.0, 0.0, 0.0, 3.7216, 0.0, 0.0, 0.0, 0.0, 0.0, 0.0, 0.0, 0.0, 0.0, 0.0, 0.0, 0.0, 1.7102, 2.5012, 6.9527, 3.5596, 1.1477, 2.0177, 0.0, 0.0, 0.0, 0.0, 0.0], "max_pos": 24, "max_act": 6.9531}, {"tokens": [" was", " very", " obedient", ".", " It", " followed", " Lily", " everywhere", " she", " went", ".", " They", " played", " together", " all", " day", " long", ".", "\n", "\n", "As", " the", " sun", " started", " to", " set", ",", " Lily", " knew", " it", " was", " time", " to"], "acts": [0.0, 1.388, 1.2651, 0.0, 0.0, 1.2946, 0.0, 1.4839, 5.1661, 0.0, 0.0, 0.0, 0.6772, 1.1364, 3.5663, 0.0, 0.0, 0.8579, 0.7988, 1.0654, 2.0077, 1.4285, 2.4695, 2.2364, 6.8191, 0.9258, 0.0, 0.0, 0.0, 0.0, 0.0, 0.0, 0.0], "max_pos": 24, "max_act": 6.8203}, {"tokens": [" was", " f", "art", "her", " than", " they", " thought", ".", " They", " walked", " and", " walked", ",", " but", " they", " did", " not", " reach", " the", " bottom", ".", " The", " sun", " started", " to", " go", " down", " and", " the", " sky", " turned", " red", " and"], "acts": [0.0, 0.0, 1.9271, 1.9348, 0.0, 0.0, 0.0, 0.0, 0.0, 0.0, 3.181, 0.0, 0.0, 0.0, 0.0, 0.0, 0.0, 0.6957, 0.8004, 0.0, 0.0, 0.0, 1.8802, 2.6592, 6.6887, 3.4751, 1.5843, 1.8697, 0.0, 0.5795, 0.0, 0.0, 0.0], "max_pos": 24, "max_act": 6.6875}, {"tokens": [" had", " so", " much", " fun", ".", " She", " played", " with", " her", " ball", " and", " her", " doll", ".", " She", " ran", " and", " laughed", " all", " day", ".", " The", " sun", " began", " to", " set", " and", " it", " was", " time", " to", " go", " home"], "acts": [0.0, 2.3501, 1.1245, 0.0, 0.0, 0.0, 0.8952, 0.977, 1.2206, 0.0, 0.0, 0.5611, 0.7377, 0.0, 0.0, 0.0, 3.2765, 0.0, 2.893, 0.0, 0.0, 0.5405, 2.3402, 2.4718, 6.6758, 1.513, 1.4331, 0.0, 0.4722, 0.0, 0.668, 0.0, 0.0], "max_pos": 24, "max_act": 6.6758}, {"tokens": [" and", " put", " it", " on", " his", " finger", ".", " It", " was", " too", " big", " for", " him", ",", " but", " he", " liked", " it", ".", "\n", "\n", "\"", "Where", " do", " you", " think", " it", " came", " from", "?\"", " Lily", " wondered", "."], "acts": [0.6428, 0.0, 1.1632, 1.519, 0.9349, 0.0, 0.0, 0.9132, 0.0, 1.9315, 1.1581, 0.8437, 0.0, 0.0, 0.0, 0.0, 0.0, 0.0, 0.0, 0.0, 0.0, 1.5093, 2.7259, 3.6007, 6.6212, 2.9024, 0.0, 2.2126, 0.0, 0.0, 0.0, 1.8092, 0.0], "max_pos": 24, "max_act": 6.6211}, {"tokens": ["<|endoftext|>", "Tom", " and", " Mia", " liked", " to", " play", " with", " blocks", ".", " They", " had", " many", " blocks", " of", " different", " colors", " and", " shapes", ".", " They", " could", " make", " towers", ",", " houses", ",", " cars", ",", " and", " animals", " with", " their"], "acts": [0.0, 0.0, 0.0, 0.0, 0.8352, 0.0, 1.8929, 1.6185, 0.0, 0.884, 1.3817, 0.0, 2.5473, 1.7407, 1.5482, 0.0, 0.0, 4.6588, 0.0, 1.1026, 2.2151, 0.4865, 0.0, 1.1938, 6.4872, 1.2558, 4.7059, 1.3903, 2.6646, 2.724, 0.9812, 0.0, 0.0], "max_pos": 24, "max_act": 6.4883}, {"tokens": [" using", " the", " hose", " and", " made", " an", " even", " bigger", " puddle", ".", " They", " splashed", " and", " laughed", " in", " the", " water", ".", "\n", "\n", "As", " the", " sun", " began", " to", " set", ",", " Tim", " and", " Amy", " were", " tired", " but"], "acts": [0.8951, 1.0763, 1.4073, 0.0, 0.0, 0.5881, 2.5033, 0.9533, 0.0, 0.0, 0.0, 0.0, 3.2014, 0.0, 0.0, 2.429, 0.0, 0.0, 0.8642, 0.8325, 2.0935, 1.8103, 2.8907, 2.0842, 6.4896, 0.8327, 0.0, 0.0, 1.1139, 0.0, 0.0, 0.0, 0.0], "max_pos": 24, "max_act": 6.4883}, {"tokens": [" garden", ".", " The", " worm", " was", " so", " peaceful", " and", " gentle", ",", " it", " made", " Lily", " feel", " calm", " and", " happy", ".", "\n", "\n", "When", " the", " sun", " started", " to", " set", ",", " it", " was", " time", " for", " Lily", " to"], "acts": [0.0, 0.0, 1.0609, 1.2672, 0.0, 2.6998, 1.1347, 0.0, 0.84, 0.0, 0.0, 0.9777, 1.5807, 0.9869, 1.2539, 0.0, 0.0, 0.0, 0.6021, 0.0, 0.668, 1.8475, 3.3121, 2.1934, 6.3842, 0.0, 0.0, 0.0, 0.0, 0.0, 0.0, 0.0, 0.0], "max_pos": 24, "max_act": 6.3828}, {"tokens": [" threw", " a", " ball", " and", " the", " dog", " ran", " to", " catch", " it", ".", " They", " played", " together", " for", " a", " while", ".", "\n", "\n", "As", " the", " sun", " started", " to", " set", ",", " it", " was", " time", " for", " Lily", " to"], "acts": [0.0, 0.0, 0.6031, 0.0, 0.0, 0.0, 0.0, 0.0, 0.0, 0.0, 0.0, 0.0, 0.0, 0.0, 1.0564, 0.9904, 0.0, 0.0, 0.9659, 0.9724, 1.8414, 1.343, 2.4032, 2.1565, 6.3843, 0.0, 0.0, 0.0, 0.0, 0.0, 0.0, 0.0, 0.0], "max_pos": 24, "max_act": 6.3828}, {"tokens": [" play", " tag", " instead", ".", " Emily", " agreed", " and", " they", " had", " a", " lot", " of", " fun", " running", " around", " the", " park", ".", " They", " played", " until", " the", " sun", " started", " to", " set", " and", " it", " was", " time", " to", " go", " home"], "acts": [0.0, 0.0, 0.0, 0.0, 0.0, 0.0, 0.0, 0.0, 0.0, 1.3805, 2.7777, 0.9619, 0.0, 0.0, 0.0, 2.625, 0.0, 0.0, 0.0, 0.5683, 0.0, 1.2446, 1.5671, 1.871, 6.3589, 0.0, 0.0, 0.0, 0.8176, 0.0, 0.0, 0.0, 0.0], "max_pos": 24, "max_act": 6.3594}, {"tokens": [" balloon", " pop", ".", " Timmy", " listened", " to", " his", " mom", " and", " made", " sure", " to", " hold", " onto", " the", " balloon", " tightly", ".", "\n", "\n", "As", " the", " sun", " began", " to", " set", ",", " Timmy", "'s", " mom", " noticed", " that", " he"], "acts": [0.0, 0.0, 0.0, 0.0, 0.0, 0.0, 0.9389, 0.5838, 0.0, 0.0, 0.0, 0.0, 0.6612, 0.0, 0.8776, 0.0, 0.0, 0.0, 0.3566, 0.0, 1.0993, 1.4504, 2.6647, 1.6616, 6.3578, 0.0, 0.0, 0.0, 0.0, 0.0, 0.0, 0.0, 0.0], "max_pos": 24, "max_act": 6.3594}]}