{"id": 1227, "density": 0.011059, "max_act": 7.46875, "hist": {"edges": [0.01, 0.0133, 0.0178, 0.0237, 0.0316, 0.0422, 0.0562, 0.075, 0.1, 0.1334, 0.1778, 0.2371, 0.3162, 0.4217, 0.5623, 0.7499, 1.0, 1.3335, 1.7783, 2.3714, 3.1623, 4.217, 5.6234, 7.4989, 10.0, 13.3352, 17.7828, 23.7137, 31.6228, 42.1697, 56.2341, 74.9894, 100.0], "counts": [0, 0, 0, 0, 0, 0, 0, 0, 0, 0, 3, 64, 526, 2467, 5618, 7623, 7093, 5547, 4298, 3173, 1999, 4349, 1476, 0, 0, 0, 0, 0, 0, 0, 0, 0]}, "logit_lens": {"promoted": [[" home", 0.344], ["fore", 0.287], ["time", 0.285], ["amed", 0.28], ["bb", 0.273], [" of", 0.261], [" name", 0.249], [" asleep", 0.246], ["!\"", 0.24], [" few", 0.24]], "suppressed": [["ations", 0.296], ["ions", 0.27], ["ence", 0.241], ["um", 0.225], [" ways", 0.223], ["el", 0.219], [" mill", 0.211], [" TV", 0.211], ["on", 0.201], ["ren", 0.198]]}, "examples": [{"tokens": [",", " because", " you", " adm", "itt", "ed", " your", " mistake", " and", " said", " sorry", ".", " Come", " on", ",", " let", "'s", " go", " and", " play", " with", " the", " ducks", ".", " They", " are"], "acts": [0.0, 0.0, 0.0, 0.0, 0.0, 0.0, 0.0, 0.0, 0.0, 0.0, 0.0, 0.0, 2.4559, 0.0, 0.0, 0.0, 0.0, 7.4674, 0.0, 2.7372, 0.0, 0.0, 0.0, 0.0, 0.0, 0.0], "max_pos": 17, "max_act": 7.4688}, {"tokens": [" and", " says", " it", " is", " okay", ".", " But", " for", " now", ",", " you", " have", " to", " stay", " away", " from", " the", " dog", ".", " Come", " on", ",", " let", "'s", " go", " home", " and", " play", " with", " Max", ".", " Max", " is"], "acts": [0.0, 0.0, 0.0, 0.0, 0.0, 0.0, 0.0, 0.0, 0.0, 0.0, 0.0, 0.0, 0.0, 1.396, 0.0, 0.0, 0.0, 0.0, 0.0, 1.7614, 0.0, 0.0, 0.0, 0.0, 7.4489, 0.0, 0.0, 1.852, 0.0, 0.0, 0.0, 0.0, 0.0], "max_pos": 24, "max_act": 7.4492}, {"tokens": [" that", " sounds", " exciting", ".", " Can", " we", " watch", " it", " s", "omed", "ay", "?\"", " Lila", " asks", ".", "\n", "\n", "\"", "Maybe", ".", " But", " now", " we", " should", " go", " and", " play", " with", " the", " other", " animals", ".", " They"], "acts": [0.0, 0.0, 0.0, 0.0, 0.0, 0.0, 0.0, 0.0, 0.0, 0.0, 0.0, 0.0, 0.0, 0.0, 0.0, 0.0, 0.0, 0.0, 0.0, 0.0, 0.0, 0.0, 0.0, 0.0, 7.3957, 0.0, 2.3737, 0.0, 0.0, 0.0, 0.0, 0.0, 0.0], "max_pos": 24, "max_act": 7.3945}, {"tokens": [" them", " or", " lose", " them", ".", " Then", " I", " can", "'t", " help", " the", " man", " who", " was", " hurt", ".", " Please", ",", " let", " go", " of", " my", " bag", "!\"", " Lisa", " said", ".", "\n"], "acts": [0.0, 0.0, 0.0, 0.0, 0.0, 0.0, 0.0, 0.0, 0.0, 0.0, 0.0, 0.0, 0.0, 0.0, 0.0, 0.0, 0.0, 0.0, 0.0, 7.3656, 0.0, 0.0, 0.0, 0.0, 0.0, 0.0, 0.0, 0.0], "max_pos": 19, "max_act": 7.3672}, {"tokens": ["Mommy", ",", " I", " want", " to", " eat", " something", ",\"", " said", " Lily", ".", "\n", "\n", "\"", "Okay", ",", " let", "'s", " go", " to", " the", " kitchen", " and", " find", " something", " yummy", " to"], "acts": [0.0, 0.0, 0.0, 0.0, 0.0, 0.0, 0.0, 0.0, 0.0, 0.0, 0.0, 0.0, 0.0, 0.0, 0.0, 0.0, 0.0, 0.0, 7.36, 0.0, 0.0, 0.0, 0.0, 0.0, 0.0, 0.0, 0.0], "max_pos": 18, "max_act": 7.3594}, {"tokens": [" story", ".", " She", " was", " not", " happy", ".", " She", " said", " they", " should", " not", " take", " things", " that", " are", " not", " their", "s", ".", " She", " said", " they", " should", " go", " back", " and", " say", " sorry", " to", " the", " man", "."], "acts": [0.0, 0.0, 0.0, 0.0, 0.0, 0.0, 0.0, 0.0, 0.0, 0.0, 0.0, 0.0, 0.0, 0.0, 0.0, 0.0, 0.0, 0.0, 0.0, 0.0, 0.0, 0.0, 0.0, 0.0, 7.3505, 1.5263, 0.0, 0.0, 1.4414, 0.0, 0.0, 0.0, 0.0], "max_pos": 24, "max_act": 7.3516}, {"tokens": ["'t", " want", " to", " go", " just", " yet", ".", "\n", "\n", "The", " owner", " became", " very", " impatient", ".", " He", " said", ",", " \"", "Come", " on", ",", " let", "'s", " go", "!", " We", " don", "'t", " have", " all", " day", "!\u00e2\u20ac"], "acts": [0.0, 0.0, 0.0, 5.168, 0.0, 0.0, 0.0, 0.0, 0.0, 0.0, 0.0, 0.0, 0.0, 0.0, 0.0, 0.0, 0.0, 0.0, 0.0, 3.2124, 0.0, 0.0, 0.0, 0.0, 7.3437, 0.0, 0.0, 0.6005, 0.7356, 0.0, 0.0, 0.0, 0.0], "max_pos": 24, "max_act": 7.3438}, {"tokens": [" It", " belonged", " in", " the", " zoo", ".", "\n", "\n", "\"", "Come", " on", ",", " children", ",", " let", "'s", " go", " and", " tell", " the", " park", " keep", "er", ".", " He"], "acts": [0.0, 0.0, 0.0, 0.0, 0.0, 0.0, 0.0, 0.0, 0.0, 3.0473, 0.0, 0.0, 0.0, 0.0, 0.0, 0.0, 7.3337, 0.0, 0.0, 0.0, 0.0, 0.0, 0.0, 0.0, 0.0], "max_pos": 16, "max_act": 7.332}, {"tokens": ["'s", " mom", " s", "igh", "s", ".", " She", " is", " not", " angry", ",", " but", " she", " is", " worried", ".", "\n", "\n", "\"", "Come", " on", ",", " let", "'s", " go", " home", ",\"", " she", " says", ".", " \"", "I", " will"], "acts": [0.0, 0.0, 0.0, 0.0, 0.0, 0.0, 0.0, 0.0, 0.0, 0.0, 0.0, 0.0, 0.0, 0.0, 0.0, 0.0, 0.0, 0.0, 0.0, 2.9225, 0.0, 0.0, 0.0, 0.0, 7.3175, 0.0, 0.0, 0.0, 0.0, 0.0, 0.0, 0.0, 0.0], "max_pos": 24, "max_act": 7.3164}, {"tokens": [" I", " have", " my", " hat", ".", " It", " will", " protect", " us", " from", " the", " sun", " and", " the", " rain", " and", " the", " birds", ".", " Come", " on", ",", " let", "'s", " go", ".\"", "\n", "\n", "Lily", " agreed", ".", " She", " said"], "acts": [0.0, 0.0, 0.0, 0.0, 0.0, 0.0, 0.0, 0.0, 0.0, 0.0, 0.0, 0.0, 0.0, 0.0, 0.0, 0.0, 0.0, 0.0, 0.0, 1.4507, 0.0, 0.0, 0.0, 0.0, 7.2331, 0.0, 0.0, 0.0, 0.0, 0.0, 0.0, 0.0, 0.0], "max_pos": 24, "max_act": 7.2344}, {"tokens": [" felt", " bad", " for", " the", " kids", ".", " He", " took", " the", " dog", " away", " and", " said", ",", " \"", "Come", " on", ",", " R", "o", "ver", ",", " let", "'s", " go", " home", ".", " You", "'", "ve", " had", " enough", ".\""], "acts": [0.0, 0.0, 0.0, 0.0, 0.0, 0.0, 0.0, 0.0, 0.0, 0.0, 0.0, 0.0, 0.0, 0.0, 0.0, 3.5223, 0.0, 0.0, 0.0, 0.0, 0.0, 0.0, 0.0, 0.0, 7.2105, 0.0, 0.0, 0.0, 0.0, 0.0, 0.0, 0.0, 0.0], "max_pos": 24, "max_act": 7.2109}, {"tokens": [" it", " is", " time", " to", " go", " home", ".", " Come", " on", ",", " let", "'s", " go", ".\"", "\n", "\n", "Anna", " and", " Ben", " say", ","], "acts": [0.0, 0.0, 0.0, 0.0, 5.8027, 0.0, 0.0, 2.3987, 0.0, 0.0, 0.0, 0.0, 7.2045, 0.0, 0.0, 0.0, 0.0, 0.0, 0.0, 0.0, 0.0], "max_pos": 12, "max_act": 7.2031}]}