{"id": 123, "density": 0.0269045, "max_act": 7.8203125, "hist": {"edges": [0.01, 0.0133, 0.0178, 0.0237, 0.0316, 0.0422, 0.0562, 0.075, 0.1, 0.1334, 0.1778, 0.2371, 0.3162, 0.4217, 0.5623, 0.7499, 1.0, 1.3335, 1.7783, 2.3714, 3.1623, 4.217, 5.6234, 7.4989, 10.0, 13.3352, 17.7828, 23.7137, 31.6228, 42.1697, 56.2341, 74.9894, 100.0], "counts": [0, 0, 0, 0, 0, 0, 0, 0, 0, 0, 6, 89, 1201, 6511, 14492, 18540, 17810, 14692, 14017, 12456, 5752, 1646, 400, 6, 0, 0, 0, 0, 0, 0, 0, 0]}, "logit_lens": {"promoted": [[" that", 0.466], [" they", 0.392], [" then", 0.335], [" nobody", 0.331], [" this", 0.329], [" he", 0.284], [" nothing", 0.278], [" enough", 0.27], [" she", 0.256], [" maybe", 0.243]], "suppressed": [[" welcome", 0.337], [" idea", 0.33], ["ces", 0.284], [" comp", 0.282], [" resc", 0.274], ["ree", 0.268], [" brave", 0.264], [" hig", 0.261], ["und", 0.259], ["ination", 0.258]]}, "examples": [{"tokens": ["or", "ming", " back", " together", ".", " \n", "\n", "The", " two", " friends", " were", " so", " frustrated", ",", " they", " just", " gave", " up", " and", " went", " home", ".", "\n", "\n", "And", " that", " was", " the", " end", " of", " the", " unique", " pow"], "acts": [0.0, 0.0, 0.0, 0.0, 0.0, 0.0, 0.0, 0.0, 0.0, 0.0, 0.0, 0.0, 0.0, 0.0, 0.0, 1.1669, 0.0, 0.0, 0.0, 0.0, 0.0, 0.0, 0.0, 0.0, 7.8195, 0.0, 0.0, 0.0, 0.0, 0.0, 0.0, 0.0, 0.0], "max_pos": 24, "max_act": 7.8203}, {"tokens": ["ered", " their", " house", ",", " they", " were", " always", " very", " happy", " that", " the", " or", "n", "am", "ent", " was", " still", " hang", "ing", " there", ".", " \n", "\n", "And", " the", " family", " were", " always", " happy", " because", " it", " meant"], "acts": [0.0, 0.0, 0.0, 0.0, 0.0, 0.0, 0.0, 0.0, 0.8531, 0.0, 0.0, 0.0, 0.0, 0.0, 0.0, 0.0, 0.0, 0.0, 0.0, 0.0, 0.0, 0.0, 0.0, 7.6165, 0.0, 0.0, 0.0, 0.0, 1.2778, 0.0, 0.0, 0.0], "max_pos": 23, "max_act": 7.6172}, {"tokens": [" see", " it", " again", " soon", ".", " Then", " they", " decided", " to", " walk", " home", " together", ",", " cl", "ing", "in", " to", " their", " life", " jack", "ets", ".", " \n", "\n", "And", " they", " all", " lived", " happily", " ever", " after", ".", " The"], "acts": [0.0, 0.0, 0.0, 0.7688, 0.0, 0.5715, 0.0, 1.3433, 0.0, 0.0, 0.0, 0.0, 0.0, 0.0, 0.0, 0.0, 0.0, 0.0, 0.0, 0.0, 0.0, 0.0, 0.0, 0.0, 7.5599, 0.0, 0.0, 0.0, 0.0, 0.0, 0.0, 0.0, 0.0], "max_pos": 24, "max_act": 7.5586}, {"tokens": [" to", " snee", "ze", ".", " Eventually", ",", " he", " got", " so", " used", " to", " it", " that", " he", " just", " laughed", " and", " continued", " with", " his", " adventure", ".", " \n", "\n", "And", " that", "'s", " how", " the", " little", " kitten", " learned", " to"], "acts": [0.0, 0.0, 0.0, 0.0, 0.0, 0.0, 0.0, 0.0, 0.0, 0.0, 0.0, 0.0, 0.0, 0.0, 0.0, 0.0, 0.0, 1.0755, 0.0, 0.0, 0.0, 0.0, 0.0, 0.0, 7.5443, 0.0, 0.0, 0.0, 0.0, 0.0, 0.0, 0.0, 0.0], "max_pos": 24, "max_act": 7.543}, {"tokens": [" hopped", " away", ",", " but", " the", " man", " kept", " working", ".", " He", " kept", " working", " until", " the", " sun", " set", ",", " and", " all", " was", " quiet", ".", " \n", "\n", "And", " that", " is", " the", " story", " of", " the", " strong", " man"], "acts": [0.0, 0.0, 0.0, 3.2408, 0.0, 0.0, 0.0, 0.0, 0.0, 0.0, 0.0, 0.0, 0.0, 0.0, 0.0, 0.0, 0.4759, 3.669, 0.0, 0.0, 0.0, 0.0, 0.0, 0.0, 7.5302, 0.0, 0.0, 0.0, 0.0, 0.0, 0.0, 0.0, 0.0], "max_pos": 24, "max_act": 7.5312}, {"tokens": [" laughed", " and", " said", ",", " \u00e2\u20ac\u0153", "That", " was", " so", " much", " fun", "!", " Let", "\u00e2\u20ac\u2122", "s", " go", " back", " to", " the", " theater", " again", " soon", "!\u00e2\u20ac", " \n", "\n", "And", " that", "'s", " how", " Be", "a", " made", " a", " special"], "acts": [0.0, 0.4748, 0.0, 0.0, 0.0, 0.0, 0.0, 0.0, 0.0, 0.0, 0.0, 0.0, 0.0, 0.0, 0.0, 0.0, 0.0, 0.0, 0.0, 0.0, 0.0, 0.0, 0.0, 0.0, 7.5096, 0.0, 0.0, 0.0, 0.0, 0.0, 0.0, 0.0, 0.0], "max_pos": 24, "max_act": 7.5078}, {"tokens": [" and", " still", " couldn", "'t", " succeed", ".", " \n", "\n", "And", "y", " was", " very", " sad", ".", " He", " had", " not"], "acts": [0.0, 0.0, 0.0, 0.0, 0.0, 0.0, 0.0, 0.0, 7.4963, 0.0, 0.0, 0.0, 0.0, 0.0, 0.0, 0.0, 0.0], "max_pos": 8, "max_act": 7.4961}, {"tokens": [" excited", " -", " their", " plan", " had", " worked", "!", " They", " danced", " and", " sang", " and", " laughed", " like", " never", " before", ".", " \n", "\n", "And", " from", " that", " day", ",", " the", " bigger", " and", " better"], "acts": [0.0, 0.0, 0.0, 0.0, 0.0, 0.0, 0.0, 0.0, 0.0, 0.0, 0.0, 1.077, 0.0, 0.0, 0.0, 0.0, 0.0, 0.0, 0.0, 7.4885, 4.337, 0.0, 0.0, 0.0, 0.0, 0.0, 0.0, 0.0], "max_pos": 19, "max_act": 7.4883}, {"tokens": [" louder", " and", " louder", ".", " Eventually", ",", " Mommy", " had", " to", " take", " it", " away", " and", " put", " the", " kn", "ot", " back", " in", " its", " place", ".", "\n", "\n", "And", " Jenny", " learned", " her", " lesson", " -", " not", " to", " repl"], "acts": [0.0, 0.0, 0.0, 0.0, 0.0, 0.0, 0.0, 0.0, 0.0, 0.0, 0.0, 0.0, 0.6812, 0.0, 0.0, 0.0, 0.0, 0.0, 0.0, 0.0, 0.0, 0.0, 0.0, 0.0, 7.4902, 0.0, 0.9261, 0.0, 0.0, 1.6321, 0.0, 0.0, 0.0], "max_pos": 24, "max_act": 7.4883}, {"tokens": [" one", " would", " ign", "ore", " her", ".", "\n", "\n", "And", " they", " all", " lived", " happily", " ever", " after", "!", "<|endoftext|>"], "acts": [0.0, 0.0, 0.0, 0.0, 0.0, 0.0, 0.0, 0.0, 7.4533, 0.0, 0.0, 0.0, 0.0, 0.0, 0.0, 0.0, 0.0], "max_pos": 8, "max_act": 7.4531}, {"tokens": [".", " It", " was", " content", " to", " spend", " its", " days", " sl", "i", "pping", " around", " and", " making", " new", " friends", ".", " \n", "\n", "And", " they", " all", " lived", " happily", " ever", " after", ".", " The"], "acts": [0.0, 0.0, 0.0, 0.0, 0.0, 0.0, 0.0, 0.0, 0.0, 0.0, 0.0, 0.0, 0.0, 0.0, 0.0, 0.0, 0.0, 0.0, 0.0, 7.425, 0.0, 0.0, 0.0, 0.0, 0.0, 0.0, 0.0, 0.0], "max_pos": 19, "max_act": 7.4258}, {"tokens": [" flut", "ter", "ed", " around", " him", ",", " enjoying", " the", " moment", ".", "\n", "\n", "And", "y", "'s", " mom", " was", " filled", " with", " pr", "ide"], "acts": [0.0, 0.0, 0.0, 0.0, 0.0, 0.0, 0.0, 0.0, 0.0, 0.0, 0.0, 0.0, 7.4142, 0.0, 0.0, 0.0, 0.0, 0.0, 0.0, 0.0, 0.0], "max_pos": 12, "max_act": 7.4141}]}