{"id": 1233, "density": 0.0189065, "max_act": 6.84765625, "hist": {"edges": [0.01, 0.0133, 0.0178, 0.0237, 0.0316, 0.0422, 0.0562, 0.075, 0.1, 0.1334, 0.1778, 0.2371, 0.3162, 0.4217, 0.5623, 0.7499, 1.0, 1.3335, 1.7783, 2.3714, 3.1623, 4.217, 5.6234, 7.4989, 10.0, 13.3352, 17.7828, 23.7137, 31.6228, 42.1697, 56.2341, 74.9894, 100.0], "counts": [0, 0, 0, 0, 0, 0, 0, 0, 0, 0, 6, 90, 570, 2072, 5870, 10950, 11113, 8691, 9419, 12409, 10655, 3595, 186, 0, 0, 0, 0, 0, 0, 0, 0, 0]}, "logit_lens": {"promoted": [[" such", 0.201], [" is", 0.195], [" wasn", 0.181], [" was", 0.171], [" didn", 0.169], [" makes", 0.166], [" lot", 0.158], [" can", 0.154], [" around", 0.154], [" the", 0.149]], "suppressed": [["ent", 0.39], ["less", 0.382], [" bloom", 0.357], ["board", 0.357], ["ire", 0.351], ["ll", 0.346], ["et", 0.34], ["nn", 0.34], ["orn", 0.33], ["ac", 0.33]]}, "examples": [{"tokens": ["\n", "P", "eter", " continued", " to", " test", " himself", " and", " learn", " new", " things", ".", " He", " enjoyed", " the", " feeling", " of", " being", " ch", "all", "en", "ged", " and", " test", "ing", " his", " sk", "ill", "s", ".", " With", " practice", ","], "acts": [0.0, 0.0, 0.0, 0.0, 0.0, 0.0, 0.0, 0.0, 0.0, 0.0, 0.0, 0.0, 0.0, 0.0, 0.0, 0.0, 0.0, 3.7161, 0.0, 0.0, 0.0, 0.0, 0.0, 0.0, 6.8481, 0.0, 0.0, 0.0, 0.0, 0.0, 0.0, 1.5972, 0.0], "max_pos": 24, "max_act": 6.8477}, {"tokens": [" breath", ".", " She", " wiped", " it", " with", " a", " towel", " and", " put", " it", " away", ".", " Lily", " and", " Max", " had", " so", " much", " fun", " playing", " together", " and", " test", "ing", " their", " flute", " sk", "ill", "s", ".", "<|endoftext|>", "Once"], "acts": [0.0, 0.0, 0.0, 0.9826, 0.0, 0.0, 0.0, 0.0, 0.0, 0.0, 0.0, 0.0, 0.0, 0.0, 0.0, 0.0, 0.0, 0.0, 0.0, 0.0, 3.1952, 0.8529, 0.0, 0.0, 6.7557, 0.0, 0.0, 0.0, 0.0, 0.0, 0.0, 0.0, 0.0], "max_pos": 24, "max_act": 6.7539}, {"tokens": [" mom", " was", " so", " happy", " and", " gave", " her", " a", " big", " hug", ".", " From", " that", " day", " on", ",", " Lily", " learned", " to", " be", " more", " careful", " when", " chew", "ing", " gum", ".", " She", " also", " learned", " that", " it", "'s"], "acts": [0.0, 0.0, 0.0, 0.0, 0.0, 0.0, 0.0, 0.0, 0.0, 0.0, 0.0, 0.0, 0.0, 0.0, 0.0, 0.0, 0.0, 0.0, 0.0, 0.0, 0.0, 0.0, 0.0, 2.0577, 6.7353, 0.0, 0.0, 0.0, 0.0, 0.0, 0.0, 0.0, 0.0], "max_pos": 24, "max_act": 6.7344}, {"tokens": [" She", " thinks", " sk", "i", "pping", " is", " fun", ".", "\n", "\n", "One", " day", ","], "acts": [0.0, 0.0, 0.0, 0.0, 6.6906, 0.0, 0.0, 0.0, 0.0, 0.0, 0.0, 0.0, 0.0], "max_pos": 4, "max_act": 6.6914}, {"tokens": ["You", " are", " silly", ",", " Lily", ".", " Cl", "ot", "hes", " are", " for", " wearing", ",", " not", " for", " organ", "iz", "ing", ".", " Come", " on", ",", " join", " me", "!\"", " He"], "acts": [0.0, 0.0, 0.0, 0.0, 0.0, 0.0, 0.0, 0.0, 0.0, 0.0, 0.0, 1.3627, 0.0, 0.0, 0.0, 2.2688, 0.0, 6.6619, 0.0, 0.0, 0.0, 0.0, 0.0, 0.0, 0.0, 0.0], "max_pos": 17, "max_act": 6.6602}, {"tokens": [" shadow", " l", "ur", "king", " behind", " a", " tree", ".", "\n", "\n", "Lily", " felt"], "acts": [0.0, 0.0, 0.0, 6.6598, 0.0, 0.0, 0.0, 0.0, 0.0, 0.0, 0.0, 0.0], "max_pos": 3, "max_act": 6.6602}, {"tokens": [".", " She", " smiled", " and", " said", ",", " \"", "You", " are", " very", " good", " che", "f", "s", " ind", "e", "ed", ".", " And", " very", " good", " at", " organ", "iz", "ing", " too", ".", " I", "'m", " proud", " of", " you", ".\""], "acts": [0.0, 0.0, 0.0, 0.0, 0.0, 0.0, 0.0, 0.0, 0.0, 0.0, 0.0, 0.0, 0.0, 0.0, 0.0, 0.0, 0.0, 0.0, 0.0, 0.0, 0.0, 0.0, 2.1855, 0.0, 6.6519, 0.0, 0.0, 0.0, 0.0, 0.0, 0.0, 0.0, 0.0], "max_pos": 24, "max_act": 6.6523}, {"tokens": [" about", ",\"", " her", " mom", " explained", ".", "\n", "\n", "Lily", " was", " excited", " to", " learn", " something", " new", ",", " but", " she", " couldn", "'t", " stop", " thinking", " about", " ra", "cing", " with", " her", " friends", ".", " After", " the", " l", "ect"], "acts": [0.0, 0.0, 0.0, 0.0, 0.0, 0.0, 0.0, 0.0, 0.0, 0.0, 0.0, 0.0, 0.0, 0.0, 0.0, 0.0, 0.0, 0.0, 0.0, 0.0, 0.0, 0.9494, 0.0, 0.0, 6.6339, 0.0, 0.0, 0.0, 0.0, 0.0, 0.0, 0.0, 0.0], "max_pos": 24, "max_act": 6.6328}, {"tokens": [" be", " friends", ".", " The", " rabbit", " smiled", " and", " said", " \"", "y", "es", "\".", " \n", "\n", "After", " that", " day", ",", " they", " were", " always", " playing", " and", " test", "ing", " new", " things", " together", ".", " ", "\n", "Their", " friendship"], "acts": [0.0, 0.0, 0.0, 0.0, 0.0, 0.0, 0.0, 0.0, 0.0, 0.0, 0.0, 0.0, 0.0, 0.0, 0.0, 0.0, 0.0, 0.0, 0.0, 0.0, 0.0, 2.5463, 0.0, 0.0, 6.6013, 0.0, 0.0, 0.0, 0.0, 0.0, 0.0, 0.0, 0.0], "max_pos": 24, "max_act": 6.6016}, {"tokens": [".", " She", " was", " so", " proud", " of", " Lily", " for", " organ", "iz", "ing", " her", " toys", "!", " Her", " mom", " gave", " her", " a"], "acts": [0.0, 0.0, 0.0, 0.0, 0.0, 0.0, 0.0, 0.0, 2.4454, 0.0, 6.5756, 0.0, 0.0, 0.0, 0.0, 0.0, 0.0, 0.0, 0.0], "max_pos": 10, "max_act": 6.5742}, {"tokens": [",", " Lily", " organized", " everything", " she", " could", " and", " practiced", " s", "ig", "ning", " her", " name", ".", " She", " felt", " proud", " of", " herself", " and", " knew", " that", " organ", "iz", "ing", " and", " learning", " new", " things", " can", " make", " life", " eas"], "acts": [0.0, 0.0, 0.0, 0.0, 0.0, 0.0, 0.0, 2.1885, 0.0, 0.0, 3.0907, 0.0, 0.0, 0.0, 0.0, 0.0, 0.0, 0.0, 0.0, 0.0, 0.0, 0.0, 2.8257, 0.0, 6.5417, 0.0, 4.5014, 0.0, 1.1938, 0.0, 0.0, 0.0, 0.0], "max_pos": 24, "max_act": 6.543}, {"tokens": [" and", " held", " it", " in", " his", " hand", ".", " He", " felt", " a", " little", " silly", " carrying", " it", ",", " but", " he", " knew", " that", " his", " mom", " was", " serious", " about", " cleaning", ".", " He", " went", " to", " the", " living", " room", ","], "acts": [0.0, 0.0, 0.0, 0.0, 0.0, 0.0, 0.0, 0.0, 0.0, 0.0, 0.0, 0.0, 2.1124, 0.0, 0.0, 0.0, 0.0, 0.0, 0.0, 0.0, 0.0, 0.0, 0.0, 0.0, 6.4911, 0.0, 0.0, 0.0, 0.0, 0.0, 3.8093, 0.0, 0.0], "max_pos": 24, "max_act": 6.4922}]}