{"id": 1247, "density": 0.02075225, "max_act": 5.3046875, "hist": {"edges": [0.01, 0.0133, 0.0178, 0.0237, 0.0316, 0.0422, 0.0562, 0.075, 0.1, 0.1334, 0.1778, 0.2371, 0.3162, 0.4217, 0.5623, 0.7499, 1.0, 1.3335, 1.7783, 2.3714, 3.1623, 4.217, 5.6234, 7.4989, 10.0, 13.3352, 17.7828, 23.7137, 31.6228, 42.1697, 56.2341, 74.9894, 100.0], "counts": [0, 0, 0, 0, 0, 0, 0, 0, 0, 0, 7, 73, 684, 3454, 10572, 19359, 20068, 13524, 7050, 4410, 3378, 430, 0, 0, 0, 0, 0, 0, 0, 0, 0, 0]}, "logit_lens": {"promoted": [[" birthday", 0.317], [" to", 0.3], ["'s", 0.181], [":", 0.178], ["self", 0.173], [" away", 0.158], [" ride", 0.151], [" money", 0.148], [" help", 0.148], [" party", 0.146]], "suppressed": [[" against", 0.329], ["amed", 0.324], [" forth", 0.315], [" pudd", 0.298], [" frustr", 0.297], [" disappo", 0.296], [" answ", 0.293], ["vel", 0.279], [" pee", 0.277], [" tightly", 0.276]]}, "examples": [{"tokens": [".", " They", " liked", " to", " pretend", " they", " were", " brave", " knight", "s", " and", " princess", "es", ".", " They", " had", " sticks", " for", " we", "ap", "ons", " and", " leaves", " for", " crown", "s", ".", "\n", "\n", "\"", "Look", ",", " Lily"], "acts": [0.0, 0.0, 0.0, 0.0, 0.0, 0.0, 0.0, 0.0, 0.0, 0.0, 0.0, 0.0, 0.0, 0.0, 0.0, 0.0, 0.0, 0.0, 3.9293, 1.5678, 3.868, 0.0, 0.9561, 0.0, 5.3039, 4.5275, 0.0, 0.0, 0.0, 0.0, 0.0, 0.0, 0.0], "max_pos": 24, "max_act": 5.3047}, {"tokens": ["Look", "!", " A", " hole", "!\"", " \n", "\n", "Her", " mom", " came", " outside", " and", " saw", " the", " hole", " too", ".", " \"", "That", "'s", " not", " healthy", " for", " the", " grass", ",\"", " she", " said"], "acts": [0.0, 0.0, 0.0, 0.0, 0.0, 0.0, 0.0, 0.0, 0.0, 0.0, 0.0, 0.0, 0.0, 0.0, 0.0, 0.0, 0.0, 0.0, 0.0, 0.0, 0.0, 0.0, 0.0, 2.8376, 5.2741, 0.0, 0.0, 0.0], "max_pos": 24, "max_act": 5.2734}, {"tokens": [" the", " wrong", " path", ".", "\n", "\n", "It", " was", " time", " for", " the", " batter", "y", " to", " choose", " again", ".", " He", " could", " go"], "acts": [0.0, 0.0, 0.0, 0.0, 0.0, 0.0, 0.0, 0.0, 0.0, 0.0, 1.7181, 5.2296, 3.6364, 0.0, 0.0, 0.0, 0.0, 0.0, 0.0, 0.0], "max_pos": 11, "max_act": 5.2305}, {"tokens": [" will", " clean", " up", ".", " But", " can", " I", " keep", " my", " table", " and", " chair", "s", " and", " my", " box", " and", " blanket", " for", " my", " dolls", "?\"", " Mom", " said", ",", " \"", "Yes", ",", " you"], "acts": [0.0, 0.0, 0.0, 0.0, 0.0, 0.0, 0.0, 0.0, 0.0, 0.0, 0.0, 0.0, 0.0, 0.0, 0.0, 0.8501, 0.0, 0.0, 0.0, 3.7551, 5.1529, 0.0, 0.0, 0.0, 0.0, 0.0, 0.0, 0.0, 0.0], "max_pos": 20, "max_act": 5.1523}, {"tokens": [" said", ",", " \"", "Lily", ",", " what", " did", " you", " do", "?", " This", " is", " not", " candy", ".", " This", " is", " a", " pill", ".", " It", " is", " not", " for", " dolls", ".", " It", " is", " for", " sick", " people", ".", " You"], "acts": [0.0, 0.0, 0.0, 0.0, 0.0, 0.0, 0.0, 0.0, 0.6489, 0.0, 0.0, 0.0, 0.0, 0.0, 0.0, 0.0, 0.0, 0.0, 0.0, 0.0, 0.0, 0.0, 0.0, 0.0, 5.1418, 0.0, 0.0, 0.0, 0.0, 1.4415, 3.1501, 0.0, 0.0], "max_pos": 24, "max_act": 5.1406}, {"tokens": [" He", " realized", " that", " being", " a", " good", " me", "ch", "an", "ic", " was", " not", " only", " about", " fix", "ing", " cars", ",", " but", " also", " about", " car", "ing", " for", " people", ".", "<|endoftext|>", "Ben", " and", " Lily", " were", " playing", " with"], "acts": [0.0, 0.0, 0.0, 0.0, 0.0, 0.0, 0.0, 0.0, 0.0, 0.0, 0.0, 0.0, 0.0, 0.0, 0.0, 0.0, 0.0, 0.0, 0.0, 0.0, 0.0, 2.1898, 0.0, 0.0, 5.1393, 0.0, 0.0, 0.0, 0.0, 0.0, 0.0, 0.0, 0.0], "max_pos": 24, "max_act": 5.1406}, {"tokens": [" and", " Lily", " be", "gged", ".", "\n", "\n", "\"", "Sorry", ",", " kids", ".", " The", " boat", " is", " not", " for", " visit", "ors", ".", " It", "'s", " only", " for", " people", " who", " work", " there", ".", " They", " have", " special", " tools"], "acts": [0.0, 0.0, 0.0, 0.0, 0.0, 0.0, 0.0, 0.0, 0.0, 0.0, 0.0, 0.0, 0.0, 0.0, 0.0, 0.0, 0.0, 0.0, 0.0, 0.0, 0.0, 0.0, 0.0, 0.0, 5.1111, 0.0, 2.1582, 0.0, 0.0, 0.0, 0.0, 0.0, 0.0], "max_pos": 24, "max_act": 5.1094}, {"tokens": [" bad", " for", " bear", "s", ",\"", " Lily", " says", ".", " She", " takes", " the", " cup", " away", " from", " Tom", ".", "\n", "\n", "\"", "Why", " is", " it", " bad", " for", " bear", "s", "?\"", " Tom", " asks", ".", " He", " is", " curious"], "acts": [0.0, 0.0, 4.6018, 4.0514, 0.0, 0.0, 0.0, 0.0, 0.0, 0.0, 0.0, 1.0327, 0.0, 0.0, 1.7012, 0.0, 0.0, 0.0, 0.0, 0.0, 0.0, 0.0, 0.0, 0.0, 5.097, 4.5241, 0.0, 0.0, 0.0, 0.0, 0.0, 0.0, 0.0], "max_pos": 24, "max_act": 5.0977}, {"tokens": [" them", " away", ".", " Lily", " told", " Jack", " that", " it", "'s", " always", " better", " to", " tell", " the", " truth", " and", " take", " resp", "ons", "i", "b", "il", "ity", " for", " mist", "akes", ",", " even", " if", " it", "'s", " scary", "."], "acts": [0.0, 0.0, 0.0, 0.0, 0.0, 0.0, 0.0, 0.0, 0.0, 0.0, 0.9478, 0.0, 0.0, 0.0, 0.0, 0.0, 0.0, 0.0, 1.5438, 0.0, 0.0, 0.0, 0.0, 0.0, 5.0704, 2.9108, 0.0, 0.0, 0.0, 0.0, 0.0, 0.0, 0.0], "max_pos": 24, "max_act": 5.0703}, {"tokens": ["They", " wished", " they", " had", " not", " been", " gre", "ed", "y", " for", " the", " coins", ".", " They", " wished", " they", " had", " listened", " to", " their"], "acts": [0.0, 0.0, 0.0, 0.0, 0.0, 0.0, 0.0, 0.0, 0.0, 0.0, 3.0468, 5.0625, 0.0, 0.0, 0.0, 0.0, 0.0, 0.0, 0.0, 0.0], "max_pos": 11, "max_act": 5.0625}, {"tokens": [" happy", " that", " her", " mom", " liked", " her", " gift", ".", " They", " put", " the", " picture", " on", " the", " fridge", " for", " everyone", " to", " see", ".", "<|endoftext|>", "Once", " upon", " a", " time"], "acts": [0.0, 0.0, 0.0, 0.0, 0.0, 0.0, 0.0, 0.0, 0.0, 0.0, 0.0, 0.0, 0.0, 0.0, 0.0, 0.0, 5.0596, 0.0, 0.0, 0.0, 0.0, 0.0, 0.0, 0.0, 0.0], "max_pos": 16, "max_act": 5.0586}, {"tokens": [" her", " mom", ".", "\n", "\n", "\"", "Look", ",", " Ben", ",", " a", " pretty", " flower", "!\"", " Lily", " said", ".", " \"", "I", " want", " to", " get", " it", " for", " mom", ".", " Can", " you", " help", " me", "?\"", "\n", "\n"], "acts": [0.0, 0.603, 0.0, 0.0, 0.0, 0.0, 0.0, 0.0, 0.0, 0.0, 0.0, 0.0, 0.0, 0.0, 0.0, 0.0, 0.0, 0.0, 0.0, 0.0, 0.0, 0.0, 0.0, 0.0, 5.0542, 0.0, 0.0, 0.0, 0.0, 0.0, 0.0, 0.0, 0.0], "max_pos": 24, "max_act": 5.0547}]}