{"id": 127, "density": 0.0272315, "max_act": 6.16796875, "hist": {"edges": [0.01, 0.0133, 0.0178, 0.0237, 0.0316, 0.0422, 0.0562, 0.075, 0.1, 0.1334, 0.1778, 0.2371, 0.3162, 0.4217, 0.5623, 0.7499, 1.0, 1.3335, 1.7783, 2.3714, 3.1623, 4.217, 5.6234, 7.4989, 10.0, 13.3352, 17.7828, 23.7137, 31.6228, 42.1697, 56.2341, 74.9894, 100.0], "counts": [0, 0, 0, 0, 0, 0, 0, 1, 2, 24, 415, 1464, 2403, 5753, 13137, 23167, 25642, 18894, 10773, 5082, 1397, 728, 44, 0, 0, 0, 0, 0, 0, 0, 0, 0]}, "logit_lens": {"promoted": [[" around", 0.328], ["ey", 0.265], ["w", 0.229], [" open", 0.228], ["ure", 0.224], ["ep", 0.204], ["side", 0.188], ["ek", 0.185], ["f", 0.179], ["or", 0.17]], "suppressed": [[" true", 0.33], [" us", 0.323], [" especially", 0.321], [" favourite", 0.311], [" favorite", 0.309], [" you", 0.309], ["ices", 0.307], ["fully", 0.306], ["ten", 0.306], ["ice", 0.297]]}, "examples": [{"tokens": [",", " there", " was", " a", " little", " boy", " named", " Andy", ".", " He", " loved", " to", " explore", " and", " watch", " the", " world", " around", " him", ".", " Everywhere", " he", " went", ",", " Andy"], "acts": [0.0, 0.0, 0.0, 0.0, 0.0, 0.0, 0.0, 0.0, 0.0, 0.0, 0.0, 0.0, 0.0, 0.0, 0.0, 0.0, 6.1681, 0.0, 1.0531, 0.0, 0.0, 0.0, 0.0, 0.0, 0.0], "max_pos": 16, "max_act": 6.168}, {"tokens": [".", " He", " was", " so", " happy", " he", " ran", " around", " with", " a", " big", " smile", " on", " his", " face", ".", " He", " felt", " like", " he", " had", " just", " painted", " the", " world", ".", "<|endoftext|>", "Once", " upon", " a", " time", ",", " there"], "acts": [0.0, 0.0, 0.0, 0.0, 0.0, 0.0, 0.0, 0.0, 0.0, 0.0, 0.0, 0.0, 0.0, 0.0, 0.0, 0.0, 0.0, 0.0, 0.0, 0.0, 0.0, 0.0, 0.0, 0.0, 6.1599, 0.0, 0.0, 0.0, 0.0, 0.0, 0.0, 0.0, 0.0], "max_pos": 24, "max_act": 6.1602}, {"tokens": [",", " there", " was", " a", " small", " girl", " called", " Sally", ".", " She", " wanted", " to", " see", " the", " big", " world", ",", " but", " her", " mum", " wanted", " to", " pre", "vent"], "acts": [0.0, 0.0, 0.0, 0.0, 0.0, 0.0, 0.9241, 0.0, 0.0, 0.0, 0.0, 0.0, 0.0, 0.0, 0.0, 6.1291, 0.0, 0.0, 0.0, 0.0, 0.0, 0.0, 0.0, 0.0], "max_pos": 15, "max_act": 6.1289}, {"tokens": [".", " She", " decided", " to", " forget", " about", " the", " n", "ation", " that", " ign", "ored", " her", " and", " keep", " exploring", " her", " own", " world", ".", "\n", "\n", "The", " end", ".", "<|endoftext|>", "Mama"], "acts": [0.0, 0.0, 0.0, 0.0, 0.0, 0.0, 0.0, 0.0, 0.0, 0.0, 0.0, 0.0, 0.0, 0.0, 0.0, 0.0, 0.0, 0.0, 6.0434, 0.0, 0.0, 0.0, 0.0, 0.0, 0.0, 0.0, 0.0], "max_pos": 18, "max_act": 6.043}, {"tokens": [" bird", " and", " it", " sang", " a", " beautiful", " song", "!", "\n", "\n", "John", " was", " so", " happy", " that", " he", " was", " able", " to", " get", " out", " and", " hear", " the", " world", "'s", " music", ".", " He", " knew", " he", " was", " lucky"], "acts": [0.0, 0.0, 0.0, 0.0, 0.0, 0.0, 0.0, 0.0, 0.0, 0.0, 0.0, 0.0, 0.0, 0.0, 0.0, 0.0, 0.0, 0.0, 0.0, 0.0, 0.0, 0.0, 0.0, 0.0, 6.0382, 0.0, 1.1932, 0.0, 0.0, 0.0, 0.0, 0.0, 0.0], "max_pos": 24, "max_act": 6.0391}, {"tokens": [" words", " pro", "f", "it", "s", " and", " sk", "ill", "s", ",", " to", " explain", " what", " she", " had", " learnt", ".", " She", " had", " become", " more", " curious", " about", " the", " world", "<|endoftext|>", "Once", " upon", " a", " time", ",", " there", " was"], "acts": [0.0, 0.0, 0.0, 0.0, 0.0, 0.0, 0.0, 0.0, 0.0, 0.0, 0.0, 0.0, 0.0, 0.0, 0.0, 0.0, 0.0, 0.0, 0.0, 0.0, 0.0, 0.0, 0.0, 0.0, 5.9529, 0.0, 0.0, 0.0, 0.0, 0.0, 0.0, 0.2056, 0.0], "max_pos": 24, "max_act": 5.9531}, {"tokens": [" courage", " and", " pr", "ide", ".", " Every", " morning", ",", " she", " would", " wake", " up", " with", " a", " smile", " on", " her", " face", ",", " feeling", " grateful", " for", " the", " beautiful", " world", " around", " her", ".", "<|endoftext|>", "Once", " upon", " a", " time"], "acts": [0.0, 0.0, 0.0, 0.0, 0.0, 0.0, 0.0, 0.0, 0.0, 0.0, 0.0, 0.0, 0.0, 0.0, 0.0, 0.0, 0.0, 0.0, 0.0, 0.0, 0.0, 0.0, 0.0, 0.0, 5.9354, 0.0, 0.0, 0.0, 0.0, 0.0, 0.0, 0.0, 0.0], "max_pos": 24, "max_act": 5.9336}, {"tokens": ["\n", "S", "ince", " then", ",", " the", " girl", " and", " the", " book", "c", "ase", " have", " been", " dancing", " every", " night", ",", " celebr", "ating", " life", " and", " the", " wonderful", " world", " around", " them", ".", " Gra", "ce", " and", " harm", "ony"], "acts": [0.0, 0.0, 0.0, 0.0, 0.0, 0.0, 0.0, 0.0, 0.0, 0.0, 0.0, 0.0, 0.0, 0.0, 0.0, 0.0, 0.0, 0.0, 0.0, 0.0, 2.2016, 0.0, 0.0, 0.0, 5.9117, 0.0, 0.0, 0.0, 0.0, 0.0, 0.0, 0.0, 0.0], "max_pos": 24, "max_act": 5.9102}, {"tokens": [" again", " and", " went", " back", " to", " exam", "ining", " the", " world", " around", " her", ".", "<|endoftext|>", "Once", " upon", " a", " time"], "acts": [0.0, 0.0, 0.0, 0.0, 0.0, 0.0, 0.0, 0.0, 5.8602, 0.0, 0.0, 0.0, 0.0, 0.0, 0.0, 0.0, 0.0], "max_pos": 8, "max_act": 5.8594}, {"tokens": [" keep", "ing", " the", " world", " a", " pretty", " purple", " color", ".", "\n", "\n", "One"], "acts": [0.0, 0.0, 0.0, 5.8489, 0.0, 0.0, 0.0, 0.0, 0.0, 0.0, 0.0, 0.0], "max_pos": 3, "max_act": 5.8477}, {"tokens": ["\n", "\n", "The", " family", " then", " left", " the", " park", ".", " They", " were", " happy", " to", " have", " dis", "cu", "ssed", " nature", " and", " to", " learn", " more", " about", " the", " world", " around", " them", ".", " Jo", "se", " was", " so", " proud"], "acts": [0.0, 0.0, 0.0, 0.0, 0.0, 0.0, 0.0, 2.7288, 0.0, 0.0, 0.0, 0.0, 0.0, 0.0, 0.0, 0.0, 0.0, 4.0468, 0.0, 0.0, 0.0, 0.0, 0.0, 0.0, 5.8398, 0.0, 0.0, 0.0, 0.0, 0.0, 0.0, 0.0, 0.0], "max_pos": 24, "max_act": 5.8398}, {"tokens": [" from", " her", " day", " of", " exam", "ining", " the", " world", " around", " her", ".", " She", " was", " glad", " she", " was"], "acts": [0.0, 0.0, 0.0, 0.0, 1.7357, 0.0, 0.0, 5.8275, 0.0, 0.0, 0.0, 0.0, 0.0, 0.0, 0.0, 0.0], "max_pos": 7, "max_act": 5.8281}]}