{"id": 1281, "density": 0.03744675, "max_act": 6.96484375, "hist": {"edges": [0.01, 0.0133, 0.0178, 0.0237, 0.0316, 0.0422, 0.0562, 0.075, 0.1, 0.1334, 0.1778, 0.2371, 0.3162, 0.4217, 0.5623, 0.7499, 1.0, 1.3335, 1.7783, 2.3714, 3.1623, 4.217, 5.6234, 7.4989, 10.0, 13.3352, 17.7828, 23.7137, 31.6228, 42.1697, 56.2341, 74.9894, 100.0], "counts": [0, 0, 0, 0, 0, 0, 0, 0, 0, 0, 10, 205, 1454, 7000, 20121, 30775, 29265, 22437, 17048, 12341, 7052, 1980, 99, 0, 0, 0, 0, 0, 0, 0, 0, 0]}, "logit_lens": {"promoted": [[" than", 0.348], [" when", 0.301], [" seem", 0.294], [" is", 0.293], [" turns", 0.288], [" something", 0.266], [" especially", 0.266], [" yourself", 0.259], [" as", 0.259], [" things", 0.259]], "suppressed": [[" cudd", 0.275], ["stairs", 0.267], [" late", 0.25], ["bbed", 0.215], ["ter", 0.205], [" again", 0.191], [" Sarah", 0.187], ["sy", 0.187], [" monster", 0.183], ["ur", 0.182]]}, "examples": [{"tokens": [" end", "ed", " up", " dec", "id", "ing", " to", " keep", " it", ".", " \n", "\n", "The", " moral", " of", " the", " story", " is", " to", " always", " take", " time", " to", " think", " things", " through", " and", " make", " dec"], "acts": [0.0, 0.0, 0.0, 0.0, 1.5055, 2.4101, 1.4245, 1.8296, 0.0, 0.0, 0.0, 0.0, 0.0, 0.0, 0.0, 0.0, 2.039, 2.7595, 4.0126, 5.6303, 6.9665, 6.0002, 3.8987, 3.618, 3.8038, 3.0139, 2.797, 4.2021, 2.1716], "max_pos": 20, "max_act": 6.9648}, {"tokens": [" resp", "ons", "i", "b", "il", "ity", " for", " her", " act", "ions", ".", " \n", "\n", "The", " moral", " of", " the", " story", " is", " that", " it", "'s", " important", " to", " take", " resp", "ons", "i", "b", "il", "ity", " and", " not"], "acts": [2.3684, 0.0, 0.0, 0.0, 0.0, 0.0, 1.0362, 0.0, 0.9381, 0.0, 0.0, 0.4091, 0.0, 0.0, 0.0, 0.0, 0.6634, 2.1741, 2.744, 3.2206, 4.7503, 3.4737, 4.9421, 5.1493, 6.9051, 4.5991, 1.9755, 0.0, 0.0, 2.3809, 4.498, 4.8182, 2.3222], "max_pos": 24, "max_act": 6.9062}, {"tokens": [",", " and", " she", " was", " so", " proud", " of", " her", " cre", "ation", ".", "\n", "\n", "The", " moral", " of", " the", " story", " is", " that", " it", " is", " important", " to", " take", " your", " time", " to", " think", " before", " taking", " act", "ion"], "acts": [0.0, 0.0, 0.0, 0.0, 0.0, 0.0, 0.0, 0.0, 0.0, 0.0, 0.0, 0.0, 0.0, 0.4909, 0.0, 0.0, 0.0, 1.6997, 2.4164, 2.8223, 4.4206, 3.4736, 5.0927, 5.0694, 6.8641, 4.8733, 4.4563, 3.2048, 3.474, 3.363, 4.8375, 2.4592, 2.2133], "max_pos": 24, "max_act": 6.8633}, {"tokens": ["The", " moral", " of", " this", " story", " is", " that", " we", " should", " always", " take", " a", " chance", " and", " explore", ",", " even", " if", " it"], "acts": [0.0, 0.0, 0.0, 1.6762, 2.7507, 3.743, 2.8649, 3.4168, 4.271, 5.7189, 6.6822, 5.9008, 5.37, 3.486, 3.5971, 3.8192, 2.8848, 3.4473, 4.8509], "max_pos": 10, "max_act": 6.6836}, {"tokens": [" from", " her", " table", "t", " and", " spend", " more", " time", " playing", " outside", ".", "\n", "\n", "The", " moral", " of", " the", " story", " is", " that", " it", "'s", " important", " to", " take", " break", "s", " from", " scre", "ens", " and", " enjoy", " the"], "acts": [0.0, 0.0, 0.0, 0.0, 0.0, 1.8789, 0.0, 0.0, 0.0, 0.0, 0.0, 0.0, 0.0, 0.0, 0.7834, 0.0, 0.0, 1.8725, 2.4669, 2.9502, 4.571, 3.1184, 4.4222, 4.5846, 6.569, 4.09, 3.5529, 3.3402, 1.941, 2.4046, 2.9874, 3.3127, 1.3167], "max_pos": 24, "max_act": 6.5703}, {"tokens": [" started", " to", " eat", " fruits", " and", " vegetables", " and", " she", " felt", " strong", " and", " happy", ".", " The", " moral", " of", " the", " story", " is", " that", " it", "'s", " important", " to", " take", " care", " of", " your", " heal", "th", " just", " like", " you"], "acts": [0.0, 0.0, 0.0, 0.0, 0.0, 0.0, 0.0, 0.0, 0.0, 0.0, 0.0, 0.0, 0.0, 0.0, 0.0, 0.0, 0.7482, 1.8555, 2.3844, 2.6699, 4.5291, 2.9751, 4.4092, 4.3768, 6.5327, 3.1473, 4.2085, 3.6361, 2.2504, 1.5513, 2.2632, 1.0323, 2.9257], "max_pos": 24, "max_act": 6.5312}, {"tokens": [" finished", " the", " game", " and", " went", " off", " to", " do", " his", " job", ".", "\n", "\n", "The", " moral", " of", " the", " story", " is", " that", " it", " is", " important", " to", " take", " break", "s", " bet", "w", "een", " playing", " and", " doing"], "acts": [0.0, 0.0, 0.0, 0.0, 0.0, 0.0, 0.0, 0.0, 0.0, 0.0, 0.0, 0.0, 0.0, 0.0, 0.0, 0.0, 0.0, 1.7707, 2.2117, 2.7279, 4.3843, 3.401, 4.9609, 4.773, 6.4885, 4.0215, 3.4787, 1.9431, 0.0, 2.369, 2.1524, 2.3909, 3.3949], "max_pos": 24, "max_act": 6.4883}, {"tokens": [" care", " of", " him", " and", " didn", "'t", " let", " him", " get", " ruined", ".", " \n", "\n", "The", " moral", " of", " the", " story", " is", " that", " it", "'s", " important", " to", " take", " care", " of", " the", " things", " we", " love", ",", " even"], "acts": [0.0, 0.0, 0.0, 0.0, 0.701, 0.0, 0.0, 0.0, 0.0, 0.0, 0.0, 0.0, 0.0, 0.0, 0.0, 0.0, 0.0, 1.9727, 2.1267, 2.8092, 4.4218, 2.8214, 4.413, 4.5029, 6.4799, 3.0576, 4.223, 3.3048, 3.717, 3.3414, 4.962, 2.9673, 2.3097], "max_pos": 24, "max_act": 6.4805}, {"tokens": [" days", ",", " Lily", " felt", " much", " better", " and", " was", " able", " to", " play", " with", " her", " friends", " again", ".", " She", " learned", " that", " sometimes", " it", "'s", " important", " to", " take", " care", " of", " yourself", " so", " you", " can", " feel", " better"], "acts": [0.0, 0.0, 0.0, 0.0, 0.0, 0.0, 0.0, 0.0, 0.0, 0.0, 0.0, 0.0, 0.0, 0.0, 0.0, 0.0, 0.0, 0.0, 0.0, 3.0411, 3.8758, 3.2885, 4.1144, 4.7094, 6.449, 3.3776, 3.8489, 4.1185, 1.7011, 2.8287, 3.2359, 2.0408, 2.0799], "max_pos": 24, "max_act": 6.4492}, {"tokens": [" man", ",", " and", " she", " thanked", " him", " again", " before", " he", " left", ".", "\n", "\n", "The", " story", " has", " a", " moral", " value", " -", " it", " is", " important", " to", " always", " behave", " in", " a", " kind", " and", " cour", "t", "e"], "acts": [0.0, 0.0, 0.0, 0.0, 0.0, 0.0, 0.0, 0.0, 0.0, 0.0, 0.0, 0.0, 0.0, 0.0, 0.0, 0.7939, 0.0, 1.1053, 0.0, 1.6955, 2.7595, 3.1621, 5.3086, 5.1929, 6.4142, 3.7047, 3.7707, 2.9224, 3.5178, 3.4278, 1.8059, 1.7505, 2.2907], "max_pos": 24, "max_act": 6.4141}, {"tokens": [" and", " never", " took", " anything", " again", ".", " The", " moral", " of", " the", " story", " is", " that", " it", "'s", " important", " to", " respect", " other", " people", "'s", " things", " and", " not", " take", " them", " without", " perm", "iss", "ion", ".", "<|endoftext|>", "Tom"], "acts": [0.0, 0.7878, 2.2426, 1.6813, 1.044, 0.0, 0.6378, 1.4017, 0.0, 1.0659, 2.2763, 2.6101, 2.8748, 4.8486, 3.2633, 4.5721, 4.746, 4.9397, 4.7734, 4.5734, 4.2565, 3.9498, 5.0248, 2.953, 6.4044, 4.662, 4.0508, 2.1417, 1.7313, 2.6574, 3.5999, 0.0, 0.0], "max_pos": 24, "max_act": 6.4062}, {"tokens": [" how", " Bob", " learned", " a", " valuable", " lesson", ".", " He", " learned", " that", " it", " is", " important", " to", " always", " be", " respectful", " and", " to", " always", " remember", " to", " ask", " before", " taking", " something", " that", " is", " not", " yours", ".", "<|endoftext|>", "One"], "acts": [0.0, 0.0, 0.8289, 0.9281, 0.0, 0.0, 0.0, 0.0, 1.2354, 0.0, 3.2964, 3.0044, 4.7003, 5.1374, 6.1665, 3.8632, 5.5051, 3.6093, 5.5561, 6.3433, 5.7537, 4.38, 5.5448, 4.541, 6.3772, 3.3992, 3.1466, 3.7279, 2.0232, 3.8141, 1.8419, 0.0, 0.0], "max_pos": 24, "max_act": 6.3789}]}