{"id": 1285, "density": 0.0476295, "max_act": 7.0546875, "hist": {"edges": [0.01, 0.0133, 0.0178, 0.0237, 0.0316, 0.0422, 0.0562, 0.075, 0.1, 0.1334, 0.1778, 0.2371, 0.3162, 0.4217, 0.5623, 0.7499, 1.0, 1.3335, 1.7783, 2.3714, 3.1623, 4.217, 5.6234, 7.4989, 10.0, 13.3352, 17.7828, 23.7137, 31.6228, 42.1697, 56.2341, 74.9894, 100.0], "counts": [0, 0, 0, 0, 0, 0, 0, 0, 0, 3, 46, 731, 5859, 23379, 43693, 46624, 33667, 18623, 9042, 4997, 2449, 1299, 106, 0, 0, 0, 0, 0, 0, 0, 0, 0]}, "logit_lens": {"promoted": [[" searched", 0.419], [" couldn", 0.378], [" low", 0.376], [" nowhere", 0.354], [" can", 0.331], [" found", 0.322], [" could", 0.319], [" searching", 0.314], [" spotted", 0.313], [" no", 0.299]], "suppressed": [[" polite", 0.279], ["re", 0.231], [" y", 0.205], [" snee", 0.202], [" obedient", 0.197], ["th", 0.193], [" rever", 0.186], [" pr", 0.182], [" gentle", 0.17], ["ase", 0.168]]}, "examples": [{"tokens": [" searched", " everywhere", " but", " it", " couldn", "'t", " find", " its", " name", " again", "."], "acts": [7.015, 4.4061, 7.056, 3.8619, 2.2493, 2.8696, 1.8951, 0.0, 0.0, 0.0, 1.0682], "max_pos": 2, "max_act": 7.0547}, {"tokens": [" old", ",", " and", " she", " loved", " exploring", ".", "\n", "\n", "One", " day", ",", " Anna", " went", " on", " a", " search", " for", " a", " special", " rock", ".", " She", " searched", " and", " searched", " and", " searched", ",", " but", " she", " couldn", "'t"], "acts": [0.0, 0.0, 0.0, 0.0, 0.0, 0.0, 0.0, 0.0, 0.0, 0.0, 0.0, 0.0, 0.0, 0.0, 0.0, 0.0, 0.0, 0.0, 0.0, 0.0, 0.0, 0.9427, 1.8176, 3.5271, 6.8763, 4.1245, 6.5617, 4.1998, 5.3143, 5.2644, 4.9835, 2.8534, 4.2054], "max_pos": 24, "max_act": 6.875}, {"tokens": [".", " She", " looked", " everywhere", " but", " it", " was", " nowhere", " to", " be", " found", ".", "\n"], "acts": [0.0, 0.0, 1.9023, 3.5471, 6.7015, 3.6531, 3.3569, 0.0, 2.483, 2.4927, 0.0, 1.3558, 0.8632], "max_pos": 4, "max_act": 6.7031}, {"tokens": [".", " She", " looked", " everywhere", " but", " couldn", "'t", " find", " it", ".", "\n", "\n", "Then", ",", " her", " mom", " came", " and", " helped", " her", " look", ".", " They", " searched", " and", " searched", " until", " they", " found", " the", " box", ".", " It"], "acts": [0.8038, 1.5693, 3.2549, 3.3794, 6.5309, 3.4164, 3.9677, 2.295, 1.2095, 1.4967, 1.1285, 1.521, 2.805, 1.5952, 0.0, 0.9154, 0.0, 0.0, 0.0, 0.0, 1.4982, 1.3678, 1.6658, 3.2956, 6.6669, 3.9125, 5.1256, 5.1667, 3.5626, 0.976, 0.9597, 2.0255, 2.24], "max_pos": 24, "max_act": 6.668}, {"tokens": [" boy", " because", " he", " liked", " to", " explore", " outside", ".", " One", " day", ",", " Sam", " went", " to", " the", " forest", " to", " look", " for", " something", " special", ".", " He", " searched", " and", " searched", ",", " until", " he", " finally", " found", " something", " -"], "acts": [0.0, 0.0, 0.0, 0.0, 0.0, 0.0, 0.0, 0.0, 0.0, 0.0, 0.0, 0.0, 0.0, 0.0, 0.0, 0.7491, 0.0, 0.0, 0.0, 0.0, 0.0, 0.7623, 2.1094, 3.2699, 6.6693, 3.9994, 5.314, 4.1433, 5.0526, 3.3992, 2.2299, 0.0, 1.3501], "max_pos": 24, "max_act": 6.668}, {"tokens": [",", " she", " couldn", "'t", " find", " her", " favorite", " teddy", " bear", ".", " She", " looked", " everywhere", ",", " but", " it", " was", " nowhere", " to", " be", " found", ".", " She", " searched", " and", " searched", " until", " she", " finally", " found", " it", " in", " the"], "acts": [0.0, 0.0, 0.0, 0.0, 0.0, 0.0, 0.0, 0.0, 0.0, 0.0, 0.0, 2.4759, 2.8158, 4.2496, 4.8596, 2.347, 2.4826, 0.0, 2.2706, 2.2468, 0.0, 0.9475, 1.4015, 3.1688, 6.6356, 4.042, 4.8409, 5.5678, 3.9136, 2.76, 1.3061, 0.0, 1.2451], "max_pos": 24, "max_act": 6.6367}, {"tokens": [" would", " bring", " him", " good", " l", "uck", ".", "\n", "\n", "So", " every", " day", " Dave", " left", " his", " house", " to", " look", " for", " the", " rock", ".", " He", " searched", " and", " searched", " until", " he", " was", " too", " tired", " to", " look"], "acts": [0.0, 0.0, 0.0, 0.0, 0.0, 0.0, 0.0, 0.0, 0.0, 0.0, 0.0, 0.0, 0.0, 0.0, 0.0, 0.0, 0.4699, 0.0, 0.0, 0.0, 0.0, 0.9161, 2.8201, 3.6755, 6.608, 4.2847, 4.9388, 5.6728, 3.881, 2.3211, 1.1099, 2.0966, 1.6823], "max_pos": 24, "max_act": 6.6094}, {"tokens": [" upset", " that", " she", " ran", " outside", " to", " cry", ".", "\n", "\n", "As", " she", " sat", " outside", ",", " she", " realized", " her", " necklace", " was", " missing", ".", " She", " searched", " and", " searched", " but", " couldn", "'t", " find", " it", ".", " Lily"], "acts": [0.0, 0.0, 0.0, 0.0, 0.0, 0.0, 0.0, 0.0, 0.0, 0.0, 0.0, 0.0, 0.0, 0.0, 0.4658, 0.0, 0.0, 0.0, 0.0, 0.0, 0.0, 0.866, 0.0, 2.6339, 6.4875, 3.5533, 5.6647, 1.9957, 4.0808, 2.3416, 1.061, 1.5258, 0.0], "max_pos": 24, "max_act": 6.4883}, {"tokens": [" how", "ever", ",", " the", " spir", "it", " felt", " very", " uncomfortable", ".", " Everywhere", " it", " went", ",", " something", " felt", " wrong", ".", "\n", "\n", "The", " spir", "it", " searched", " and", " searched", " for", " a", " place", " where", " it", " could", " feel"], "acts": [0.0, 0.0, 0.0, 0.0, 0.0, 0.0, 0.0, 0.0, 0.0, 0.0, 0.0, 1.363, 0.6888, 1.3168, 0.0, 0.0, 0.0, 0.0, 0.0, 0.0, 0.0, 0.0, 0.0, 2.4526, 6.4505, 3.6664, 3.4902, 0.6296, 0.0, 1.5346, 2.0266, 1.5014, 1.4701], "max_pos": 24, "max_act": 6.4492}, {"tokens": ["One", " day", ",", " the", " bell", " went", " missing", ".", " Everyone", " was", " very", " worried", ".", " Where", " could", " it", " have", " gone", "?", "\n", "\n", "The", " people", " searched", " and", " searched", " but", " they", " couldn", "'t", " find", " the", " bell"], "acts": [0.0, 0.0, 0.0, 0.0, 0.0, 0.0, 0.0, 1.181, 0.0, 1.4621, 1.0876, 0.0, 0.9034, 0.0, 1.8589, 1.0628, 0.0, 0.0, 1.44, 0.4519, 0.7296, 0.5975, 0.7128, 3.0864, 6.4417, 3.9059, 6.1, 4.5489, 2.5288, 3.9007, 2.224, 0.5405, 0.0], "max_pos": 24, "max_act": 6.4414}, {"tokens": [" sn", "ail", ",", " had", " a", " small", " sho", "vel", ".", " But", " Bu", "z", "zy", " in", "sist", "ed", " that", " they", " needed", " something", " bigger", ".", " They", " searched", " and", " searched", " until", " they", " found", " a", " big", " bucket", "."], "acts": [0.0, 0.0, 0.0, 0.562, 0.0, 0.0, 0.0, 0.0, 0.0, 0.8037, 0.0, 0.0, 0.0, 0.0, 0.0, 0.0, 0.0, 0.0, 0.0, 0.0, 0.0, 0.0, 0.0, 2.5032, 6.4356, 3.6999, 4.3486, 4.8792, 2.8986, 1.068, 0.8929, 0.0, 0.9465], "max_pos": 24, "max_act": 6.4375}, {"tokens": [" anywhere", ".\"", " \n", "\n", "Lily", " wanted", " to", " help", " her", " mommy", ",", " so", " she", " went", " outside", " to", " look", " for", " the", " red", " ball", ".", " She", " searched", " and", " searched", ",", " but", " she", " couldn", "'t", " find", " it"], "acts": [0.0, 0.0, 0.0, 0.0, 0.0, 1.511, 0.0, 0.0, 0.0, 0.0, 0.9682, 1.2917, 0.4695, 0.5469, 0.0, 0.8317, 1.8907, 1.7017, 0.7999, 0.0, 0.0, 1.6504, 2.7366, 3.8692, 6.4311, 4.4445, 5.2901, 5.2688, 4.6085, 2.421, 3.6154, 2.5184, 1.0396], "max_pos": 24, "max_act": 6.4297}]}