{"id": 1282, "density": 0.03360925, "max_act": 10.640625, "hist": {"edges": [0.01, 0.0133, 0.0178, 0.0237, 0.0316, 0.0422, 0.0562, 0.075, 0.1, 0.1334, 0.1778, 0.2371, 0.3162, 0.4217, 0.5623, 0.7499, 1.0, 1.3335, 1.7783, 2.3714, 3.1623, 4.217, 5.6234, 7.4989, 10.0, 13.3352, 17.7828, 23.7137, 31.6228, 42.1697, 56.2341, 74.9894, 100.0], "counts": [0, 0, 0, 0, 0, 0, 0, 0, 0, 61, 543, 1164, 2179, 6559, 15147, 21160, 21648, 19479, 16357, 11620, 7658, 6061, 3560, 1221, 20, 0, 0, 0, 0, 0, 0, 0]}, "logit_lens": {"promoted": [[" careful", 0.339], [" brave", 0.237], [" happy", 0.237], [" curious", 0.218], [" nice", 0.21], [" kind", 0.202], [" polite", 0.199], [" different", 0.195], [" adventurous", 0.192], ["pl", 0.191]], "suppressed": [[" bell", 0.334], ["ning", 0.294], [" hoop", 0.29], ["z", 0.288], [" pudd", 0.287], [" drum", 0.285], [" lollipop", 0.279], ["row", 0.277], [" tunn", 0.277], [" nowhere", 0.277]]}, "examples": [{"tokens": [" food", " from", " nature", " and", " that", " it", " always", " made", " her", " feel", " good", ".", " She", " was", " also", " careful", " to", " remind", " her", " of", " the", " import", "ance", " of", " being", " kind", " and", " taking", " care", " of", " the", " plan", "et"], "acts": [0.0, 0.0, 0.0, 0.0, 0.0, 0.0, 0.0, 0.0, 0.0, 6.7825, 0.0, 0.0, 0.0, 0.4552, 1.0118, 0.0, 0.0, 0.0, 0.0, 0.0, 0.0, 0.0, 0.0, 0.0, 10.6373, 0.0, 1.7017, 1.6352, 0.8585, 0.0, 0.0, 0.0, 0.0], "max_pos": 24, "max_act": 10.6406}, {"tokens": [" and", " Timmy", " learned", " an", " important", " lesson", " about", " being", " happy", " for", " others", ".", " The", " end", ".", "<|endoftext|>"], "acts": [0.0, 0.0, 0.0, 0.0, 0.0, 0.0, 0.0, 10.542, 0.0, 0.0, 0.0, 0.0, 0.0, 0.0, 0.0, 0.0], "max_pos": 7, "max_act": 10.5391}, {"tokens": ["?", " You", "'re", " so", " slow", "!\"", "\n", "\n", "The", " to", "r", "to", "ise", " replied", ",", " \"", "In", " life", ",", " it", "'s", " not", " always", " about", " being", " fast", ".", " Pat", "ience", ",", " hard", " work", " and"], "acts": [0.0, 0.0, 2.683, 4.0726, 0.0, 0.0, 0.0, 0.0, 0.0, 0.0, 0.0, 0.0, 0.0, 0.0, 0.0, 0.0, 0.0, 2.0248, 0.0, 0.0, 0.0, 1.0063, 0.0, 0.0, 10.5113, 0.0, 0.0, 0.0, 0.0, 0.0, 0.0, 0.0, 0.0], "max_pos": 24, "max_act": 10.5078}, {"tokens": ["The", " moral", " of", " the", " story", " is", " that", " it", "'s", " important", " to", " listen", " to", " the", " advice", " of", " other", " people", ",", " even", " if", " it", " means", " not", " being", " quite", " as", " competitive", ".", "<|endoftext|>", "John", " was", " feeling"], "acts": [0.0, 0.0, 0.0, 0.0, 0.0, 0.0, 0.0, 0.0, 0.0, 0.0, 0.0, 3.2888, 0.0, 0.0, 0.0, 0.0, 0.8874, 0.0, 0.0, 0.0, 0.0, 0.0, 1.4269, 3.5662, 10.4575, 7.0582, 6.272, 0.0, 0.0, 0.0, 0.0, 0.0, 3.9867], "max_pos": 24, "max_act": 10.4609}, {"tokens": [" of", " the", " story", " is", " that", " being", " a", " good", " dan", "cer", " is", " not", " only", " about", " being", " bright", " and", " beautiful", ",", " but", " also", " about", " being"], "acts": [0.0, 0.0, 0.0, 0.0, 0.0, 9.1409, 2.3344, 0.0, 0.0, 0.0, 0.0, 1.3167, 0.0, 0.0, 10.2904, 0.0, 2.4195, 0.0, 0.0, 0.0, 0.0, 0.0, 9.4821], "max_pos": 14, "max_act": 10.2891}, {"tokens": [" the", " race", ",", " they", " both", " felt", " happy", " because", " they", " helped", " each", " other", ".", " The", " moral", " of", " the", " story", " is", " that", " it", "'s", " important", " to", " be", " kind", " and", " help", " others", ",", " even", " if", " it"], "acts": [0.0, 0.0, 0.0, 0.0, 0.0, 4.7091, 0.0, 0.0, 0.0, 0.0, 0.0, 0.0, 0.0, 0.0, 0.0, 0.0, 0.0, 0.0, 0.0, 0.0, 0.0, 0.0, 0.0, 0.0, 10.2798, 0.0, 2.8714, 0.0, 0.0, 0.0, 0.0, 0.0, 0.0], "max_pos": 24, "max_act": 10.2812}, {"tokens": [" go", " home", ".", "\n", "\n", "The", " moral", " of", " the", " story", " is", " that", " being", " lazy", " won", "'t", " get", " you", " very", " far", " in"], "acts": [0.0, 0.0, 0.0, 0.0, 0.0, 0.0, 0.0, 0.0, 0.0, 0.0, 0.0, 0.0, 10.2687, 0.0, 0.0, 0.0, 0.0, 0.0, 2.5489, 0.0, 0.0], "max_pos": 12, "max_act": 10.2656}, {"tokens": [" be", " careful", " when", " taking", " r", "isk", "s", " and", " to", " trust", " yourself", " when", " it", " comes", " to", " making", " dec", "is", "ions", ".", " Al", "ways", " remember", " to", " be", " dependable", "!", "<|endoftext|>", "Once", " upon", " a", " time", " there"], "acts": [9.3357, 0.0, 0.0, 2.0756, 0.0, 0.0, 0.0, 0.0, 1.1947, 2.0638, 0.0, 0.0, 0.0, 0.0, 0.0, 0.0, 0.0, 0.0, 0.0, 0.0, 0.0, 0.0, 0.0, 0.0, 10.2348, 0.9438, 0.0, 0.0, 0.0, 0.0, 0.0, 0.0, 0.0], "max_pos": 24, "max_act": 10.2344}, {"tokens": [" a", " very", " special", " machine", ".", " The", " friends", " had", " a", " great", " time", " playing", " with", " the", " machine", ",", " and", " they", " both", " learned", " an", " important", " lesson", " about", " being", " organized", " and", " helping", " each", " other", ".", "<|endoftext|>", "Once"], "acts": [0.0, 1.747, 0.0, 0.0, 0.0, 0.0, 0.0, 0.0, 0.0, 0.0, 0.0, 0.5736, 0.0, 0.0, 0.0, 0.0, 0.0, 0.0, 0.0, 0.0, 0.0, 0.0, 0.0, 0.0, 10.2018, 0.0, 1.2307, 0.0, 0.0, 0.0, 0.0, 0.0, 0.0], "max_pos": 24, "max_act": 10.2031}, {"tokens": [" down", ".", " They", " both", " enjoyed", " the", " great", " sunshine", " together", " after", " that", ".", "\n", "\n", "The", " moral", " of", " the", " story", " is", " to", " always", " remember", " to", " be", " kind", " to", " others", ".", "<|endoftext|>", "Once", " upon", " a"], "acts": [0.0, 0.0, 0.0, 0.0, 0.0, 0.0, 0.0, 0.0, 0.0, 0.0, 0.0, 0.0, 0.0, 0.0, 0.0, 0.0, 0.0, 0.0, 0.0, 0.0, 0.0, 1.642, 0.0, 1.0274, 10.1648, 0.0, 1.5637, 0.0, 0.0, 0.0, 0.0, 0.0, 0.0], "max_pos": 24, "max_act": 10.1641}, {"tokens": [",", " the", " weird", " party", " was", " a", " big", " hit", ".", " All", " of", " Lucy", "'s", " friends", " had", " a", " great", " time", ",", " and", " they", " learned", " that", " sometimes", " being", " weird", " can", " be", " a", " lot", " of", " fun", "."], "acts": [0.0, 0.0, 0.0, 0.0, 0.0, 0.0, 0.0, 0.0, 0.0, 0.0, 0.0, 0.0, 0.0, 0.0, 0.0, 0.0, 0.0, 0.0, 0.0, 0.0, 0.0, 0.0, 0.0, 0.0, 10.157, 0.0, 0.0, 3.8506, 1.708, 1.8908, 0.9599, 0.0, 0.0], "max_pos": 24, "max_act": 10.1562}, {"tokens": [" of", " the", " story", " is", ":", " Al", "ways", " be", " careful", " and", " ask", " for", " help", " when", " trying", " new"], "acts": [0.0, 0.0, 0.0, 0.0, 0.0, 0.0, 1.1912, 10.1277, 0.0, 2.6677, 3.7045, 0.0, 0.0, 0.0, 0.0, 0.0], "max_pos": 7, "max_act": 10.125}]}