{"id": 1289, "density": 0.02587425, "max_act": 7.21484375, "hist": {"edges": [0.01, 0.0133, 0.0178, 0.0237, 0.0316, 0.0422, 0.0562, 0.075, 0.1, 0.1334, 0.1778, 0.2371, 0.3162, 0.4217, 0.5623, 0.7499, 1.0, 1.3335, 1.7783, 2.3714, 3.1623, 4.217, 5.6234, 7.4989, 10.0, 13.3352, 17.7828, 23.7137, 31.6228, 42.1697, 56.2341, 74.9894, 100.0], "counts": [0, 0, 0, 0, 0, 0, 0, 0, 0, 0, 4, 148, 1482, 7151, 17328, 23724, 20388, 14423, 9417, 5473, 2872, 971, 116, 0, 0, 0, 0, 0, 0, 0, 0, 0]}, "logit_lens": {"promoted": [[" taken", 0.323], [" who", 0.316], ["ex", 0.312], [" sharing", 0.312], [" steal", 0.308], ["selves", 0.305], ["ted", 0.3], ["Give", 0.294], [" fighting", 0.289], ["Sara", 0.286]], "suppressed": [["ir", 0.275], [" forth", 0.198], [" brighter", 0.19], [" worry", 0.188], [" smaller", 0.188], [" heart", 0.187], [" wonder", 0.187], [" eyes", 0.186], [" yawn", 0.185], [" fl", 0.185]]}, "examples": [{"tokens": [" has", " found", " them", ".", "\n", "\n", "\"", "Lily", "!", " Tom", "!", " What", " are", " you", " doing", " here", "?", " You", " are", " very", " naughty", ".", " You", " should", " not", " run", " away", " from", " me", ".", " Come", " here", " right"], "acts": [1.2575, 1.8641, 0.937, 0.9972, 0.0, 0.7987, 3.0447, 1.6918, 3.7169, 2.2157, 4.0881, 2.3721, 1.1886, 2.3775, 1.435, 0.9025, 5.9583, 3.1112, 5.1095, 1.7295, 3.1844, 4.9109, 4.5155, 4.4105, 7.2165, 2.1247, 0.0, 4.6978, 1.9495, 3.3519, 0.0, 0.0, 2.2796], "max_pos": 24, "max_act": 7.2148}, {"tokens": [" and", " Ben", " and", " shouted", " at", " them", ".", "\n", "\n", "\"", "Hey", ",", " you", " kids", "!", " What", " are", " you", " doing", " here", "?", " This", " is"], "acts": [0.0, 0.0, 0.0, 0.0, 1.4553, 0.9451, 0.0, 0.0, 0.0, 3.1217, 2.3759, 5.2855, 5.0012, 1.3265, 7.0673, 3.5873, 2.687, 3.0137, 1.9022, 1.0277, 6.7772, 1.1243, 2.5068], "max_pos": 14, "max_act": 7.0664}, {"tokens": [".", "\n", "\n", "The", " man", " came", " to", " the", " door", " and", " saw", " them", ".", " He", " was", " very", " mad", ".", "\n", "\n", "\"", "You", " naughty", " boys", "!", " You", " have", " ruined", " my", " flour", " and", " my", " mach"], "acts": [0.0, 0.0, 0.0, 0.0, 0.0, 0.0, 0.0, 0.0, 0.0, 0.0, 0.0, 0.0, 0.0, 0.0, 0.0, 0.0, 0.0, 0.0, 0.0, 0.0, 1.7543, 2.4448, 3.1117, 3.0498, 7.0156, 4.2769, 4.0438, 5.358, 1.1632, 0.0, 1.3217, 0.0, 0.0], "max_pos": 24, "max_act": 7.0156}, {"tokens": [" man", " caught", " them", ".", " He", " was", " very", " angry", ".", " He", " scold", "ed", " them", ".", "\n", "\n", "\"", "You", " are", " bad", " kids", "!", " You", " sto", "le", " my", " milk", "!", " You", " made"], "acts": [0.0, 0.0, 0.0, 0.0, 0.0, 0.0, 0.0, 0.0, 0.0, 1.6031, 1.5141, 0.0, 2.373, 1.3432, 0.0, 0.8338, 4.2303, 3.647, 3.7901, 3.465, 1.3273, 6.9985, 5.7213, 2.9759, 5.4786, 1.3585, 0.0, 5.6656, 3.5734, 3.3484], "max_pos": 21, "max_act": 7.0}, {"tokens": ["\n", "\"", "Stop", " it", ",", " Lily", " and", " Ben", "!\"", " Mom", " shouted", ".", " \"", "You", " are", " not", " che", "f", "s", ",", " you", " are", " naughty", " children", "!", " Go", " to", " your", " room", "s", " and", " clean", " up"], "acts": [0.0, 2.1951, 2.4653, 1.2461, 2.6137, 1.7266, 0.8978, 0.9768, 1.4752, 0.0, 0.0, 0.0, 4.8823, 3.4202, 4.6955, 4.297, 3.4713, 0.0, 3.1215, 4.5676, 3.4834, 4.0836, 3.1174, 1.7334, 6.991, 3.9262, 3.3903, 1.6511, 0.0, 0.0, 1.7595, 1.1403, 0.0], "max_pos": 24, "max_act": 6.9922}, {"tokens": [" was", " very", " angry", ".", "\n", "\n", "\"", "Lily", "!", " Tom", "!", " What", " are", " you", " doing", "?\"", " she", " shouted", ".", " \"", "You", " are", " naughty", " children", "!", " You", " made", " a", " mess", " of", " your", " clothes", " and"], "acts": [0.0, 0.0, 0.0, 0.0, 0.0, 0.0, 1.6367, 1.6573, 3.2544, 2.2288, 3.952, 1.8057, 0.8658, 2.1453, 1.2634, 0.8725, 0.0, 0.0, 0.0, 5.5629, 3.1522, 4.1412, 3.4481, 1.8418, 6.9932, 5.7536, 4.574, 1.8036, 2.9336, 3.639, 1.6949, 0.0, 2.4441], "max_pos": 24, "max_act": 6.9922}, {"tokens": [" lake", ".", " They", " hugged", " them", " and", " d", "ried", " them", ".", "\n", "\n", "\"", "Tom", ",", " Mia", ",", " you", " are", " very", " naughty", ".", " You", " should", " not", " go", " in", " the", " lake", ".", " It", " is", " dangerous"], "acts": [0.0, 0.0, 0.0, 0.0, 0.0, 0.0, 0.0, 0.0, 0.0, 0.0, 0.0, 0.0, 0.4938, 0.0, 0.8573, 0.0, 0.5189, 1.9736, 2.2288, 0.9891, 2.2293, 3.876, 4.9738, 3.5854, 6.9385, 2.086, 2.1222, 1.127, 0.0, 3.1485, 0.0, 0.0, 2.124], "max_pos": 24, "max_act": 6.9375}, {"tokens": [" done", ".", " He", " was", " very", " angry", ".", " He", " said", ",", " \"", "Ben", ",", " what", " have", " you", " done", "?", " You", " have", " used", " all", " my", " things", " without", " asking", ".", " You", " have", " ruined", " my", " book", ","], "acts": [0.0, 0.6504, 0.0, 0.0, 0.0, 0.0, 0.4055, 0.8483, 0.0, 1.2831, 2.4318, 0.7677, 1.9237, 3.661, 0.9753, 1.9363, 1.2765, 4.0375, 2.0297, 2.357, 3.4583, 2.277, 1.191, 0.0, 6.7518, 0.0, 3.0765, 1.2295, 0.7619, 3.3855, 1.0278, 0.0, 2.2751], "max_pos": 24, "max_act": 6.75}, {"tokens": ["\n", "Suddenly", ",", " the", " man", " woke", " up", " and", " saw", " them", ".", " He", " was", " angry", " and", " shouted", ".", " \"", "Hey", ",", " you", " little", " thie", "ves", "!", " St", "op", " steal", "ing", " my", " candy", "!\"", "\n"], "acts": [0.0, 0.0, 0.0, 0.0, 0.0, 0.0, 0.0, 0.0, 0.0, 0.0, 0.0, 0.0, 0.0, 0.0, 0.0, 0.0, 0.0, 3.6489, 2.252, 5.0539, 4.9967, 3.1977, 1.4216, 1.6355, 6.7311, 3.197, 3.0255, 1.429, 2.1732, 0.6434, 0.0, 0.0, 0.0], "max_pos": 24, "max_act": 6.7305}, {"tokens": [" saw", " what", " he", " was", " doing", ".", " She", " was", " very", " angry", ".", "\n", "\n", "\"", "Hey", ",", " what", " are", " you", " doing", "?", " Why", " are", " you", " taking", " their", " toys", "?", " Why", " are", " you", " bre", "aking"], "acts": [0.7045, 0.0, 0.0, 0.0, 0.0, 0.7377, 0.0, 0.0, 0.0, 0.0, 0.6542, 0.0, 0.0, 2.3304, 1.4754, 4.8298, 4.3702, 2.4175, 3.0192, 0.0, 5.9009, 3.4166, 3.5332, 2.7273, 6.7015, 3.343, 1.1745, 5.2107, 2.8691, 2.6539, 2.4227, 3.8196, 3.3109], "max_pos": 24, "max_act": 6.7031}, {"tokens": [" a", " long", " be", "ard", " and", " a", " hat", ".", " He", " was", " angry", " and", " he", " shouted", " at", " them", ".", "\n", "\n", "\"", "Hey", ",", " you", " kids", "!", " What", " are", " you", " doing", " with", " my", " ring", "?"], "acts": [0.0, 0.0, 0.0, 0.0, 0.0, 0.0, 0.0, 0.0, 0.0, 0.0, 0.0, 0.0, 0.7658, 0.0, 1.0437, 0.7183, 0.8931, 0.0, 0.0, 3.0396, 1.8331, 4.8551, 4.4206, 1.3221, 6.607, 3.1825, 2.4131, 2.4447, 1.6537, 5.9261, 1.7915, 0.0, 4.8178], "max_pos": 24, "max_act": 6.6055}, {"tokens": [" tell", " Mom", " what", " happened", ".", " Mom", " is", " not", " happy", ".", " She", " is", " angry", ".", " She", " scold", "s", " them", ".", "\n", "\n", "\"", "You", " should", " not", " play", " with", " the", " cup", ",\"", " Mom", " says", "."], "acts": [0.0, 0.0, 2.0645, 0.0, 0.0, 0.0, 0.0, 0.0, 0.764, 0.0, 0.0, 0.0, 0.0, 0.0, 0.7528, 0.0, 1.4835, 2.0215, 0.9646, 0.0, 0.0, 2.0841, 2.6883, 3.5034, 6.5823, 0.0, 2.6819, 1.3558, 0.0, 0.7097, 0.0, 0.0, 0.0], "max_pos": 24, "max_act": 6.582}]}