{"id": 1293, "density": 0.00353, "max_act": 9.6484375, "hist": {"edges": [0.01, 0.0133, 0.0178, 0.0237, 0.0316, 0.0422, 0.0562, 0.075, 0.1, 0.1334, 0.1778, 0.2371, 0.3162, 0.4217, 0.5623, 0.7499, 1.0, 1.3335, 1.7783, 2.3714, 3.1623, 4.217, 5.6234, 7.4989, 10.0, 13.3352, 17.7828, 23.7137, 31.6228, 42.1697, 56.2341, 74.9894, 100.0], "counts": [0, 0, 0, 0, 0, 0, 0, 0, 0, 0, 0, 7, 77, 456, 1296, 2487, 2868, 2307, 1456, 1111, 948, 60, 583, 464, 0, 0, 0, 0, 0, 0, 0, 0]}, "logit_lens": {"promoted": [["y", 0.359], ["est", 0.308], ["ic", 0.291], [" s", 0.271], [" enough", 0.265], ["en", 0.25], ["ens", 0.246], ["ly", 0.239], ["igh", 0.233], ["ip", 0.231]], "suppressed": [["ves", 0.249], [" puppy", 0.245], [" filthy", 0.232], [" close", 0.228], [" Buddy", 0.224], [" wand", 0.223], [" scold", 0.222], [" year", 0.222], ["eddy", 0.219], [" kay", 0.218]]}, "examples": [{"tokens": [" so", " excited", ".", " It", " was", " the", " first", " day", " of", " class", " after", " his", " s", "ummer", " break", ".", " He", " had", " been", " looking", " forward", " to", " it", " all", " s", "ummer", ".", " He", " woke", " up", " early", ",", " br"], "acts": [0.0, 0.0, 0.0, 0.0, 0.0, 0.0, 0.0, 0.0, 0.0, 0.0, 0.0, 0.0, 7.0561, 0.0, 0.0, 0.0, 0.0, 0.0, 0.0, 0.0, 0.0, 0.0, 0.0, 0.0, 9.65, 0.0, 0.0, 0.0, 0.0, 0.0, 0.0, 0.0, 2.0227], "max_pos": 24, "max_act": 9.6484}, {"tokens": [" grass", " s", "way", "ed", " in", " the", " b", "ree", "ze", "."], "acts": [0.0, 9.5813, 0.0, 0.0, 0.0, 0.0, 1.8283, 0.0, 0.0, 0.0], "max_pos": 1, "max_act": 9.5781}, {"tokens": [" proud", " of", " her", " m", "ast", "erp", "ie", "ce", "\u00e2\u20ac\ufffd", "\ufffd", "a", " beautiful", " rainbow", " dress", " all", " of", " her", " own", ".", " And", " ever", " s", "ince", " that", " s", "ummer", " day", ",", " she", " has", " been", " lay", "ing"], "acts": [0.0, 0.0, 0.0, 0.0, 1.0341, 0.0, 0.0, 0.0, 0.0, 0.0, 0.0, 0.0, 0.0, 0.0, 0.0, 0.0, 0.0, 0.0, 0.0, 0.0, 0.0, 8.5577, 0.0, 0.0, 9.2298, 0.0, 0.0, 0.0, 0.0, 0.0, 0.0, 0.0, 0.0], "max_pos": 24, "max_act": 9.2266}, {"tokens": [" of", " him", " and", " Timmy", " was", " happy", " to", " have", " made", " something", " so", " great", ".", " He", " looked", " out", " the", " window", " again", " and", " saw", " the", " spring", " flowers", " s", "way", "ing", " in", " the", " b", "ree", "ze", "."], "acts": [0.0, 0.0, 0.0, 0.0, 0.0, 0.0, 0.0, 0.0, 0.0, 0.0, 0.0, 0.0, 0.0, 0.0, 0.0, 0.0, 0.0, 1.4175, 0.0, 0.0, 0.0, 0.0, 0.0, 0.0, 9.1698, 0.0, 0.0, 0.0, 0.0, 1.3474, 0.0, 0.0, 0.0], "max_pos": 24, "max_act": 9.1719}, {"tokens": [" of", " the", " story", " is", " that", " if", " we", " listen", " to", " our", " eld", "ers", ",", " we", " can", " discover", " ide", "as", " and", " find", " joy", " in", " something", " as", " s", "imp", "le", " as", " leaves", " fall", "ing", " from", " the"], "acts": [0.0, 0.0, 0.0, 0.0, 0.0, 0.0, 0.0, 0.0, 0.0, 0.0, 0.0, 0.0, 0.0, 0.0, 0.0, 0.0, 0.0, 0.0, 0.0, 0.0, 0.0, 0.0, 0.0, 0.0, 9.097, 2.4728, 0.0, 0.0, 0.0, 0.0, 0.0, 0.0, 0.0], "max_pos": 24, "max_act": 9.0938}, {"tokens": [" rep", "a", "ired", " after", " all", ".", "\n", "\n", "The", " little", " girl", " was", " thr", "illed", "!", " She", " smiled", " and", " laughed", " as", " she", " played", " on", " both", " s", "id", "es", " of", " the", " fence", ".", " From", " then"], "acts": [0.0, 0.0, 0.0, 0.0, 0.0, 0.0, 0.0, 0.0, 0.0, 0.0, 0.0, 0.0, 0.0, 0.0, 0.0, 0.0, 0.0, 0.0, 0.0, 0.0, 0.0, 0.0, 0.0, 0.0, 9.0962, 0.0, 0.0, 0.0, 0.0, 0.0, 0.0, 0.0, 0.0], "max_pos": 24, "max_act": 9.0938}, {"tokens": ["\n", "\n", "S", "ad", "ly", ",", " the", " grateful", " gr", "in", " on", " the", " boy", "'s", " face", " quickly", " disappeared", ",", " repl", "ac", "ed", " by", " a", " deep", " s", "igh", " of", " reg", "ret", ".", " He", " realized", " that"], "acts": [0.0, 0.0, 0.0, 0.0, 0.0, 0.0, 0.0, 0.0, 0.0, 2.49, 0.6314, 0.0, 0.0, 0.0, 0.0, 0.0, 0.0, 0.0, 0.0, 0.0, 0.0, 0.0, 0.0, 0.0, 8.9912, 0.0, 0.0, 0.0, 0.0, 0.0, 0.0, 0.0, 0.0], "max_pos": 24, "max_act": 8.9922}, {"tokens": [" al", "ive", " again", ".", " She", " thought", " of", " them", " flut", "ter", "ing", " from", " flower", " to", " flower", " and", " of", " the", " trees", " s", "way", "ing", " in", " the", " b", "ree", "ze", "."], "acts": [0.0, 0.0, 0.0, 0.0, 0.0, 0.0, 0.0, 0.0, 0.0, 0.0, 0.0, 0.0, 0.0, 0.0, 0.0, 0.0, 0.0, 0.0, 0.0, 8.9959, 0.0, 0.0, 0.0, 0.0, 0.0, 0.0, 0.0, 0.0], "max_pos": 19, "max_act": 8.9922}, {"tokens": [" window", " and", " look", ".", " They", " see", " a", " big", " fire", " truck", " with", " a", " s", "i", "ren", " and", " a", " ladder", ".", " It", " is"], "acts": [0.0, 0.0, 0.0, 0.0, 0.0, 0.0, 0.0, 0.0, 0.0, 0.0, 0.0, 0.0, 8.9868, 2.0194, 0.0, 0.0, 0.0, 0.0, 0.0, 0.0, 0.0], "max_pos": 12, "max_act": 8.9844}, {"tokens": [" a", " pony", "t", "ail", " and", " held", " her", " hand", " as", " they", " stepped", " through", " the", " park", ".", " All", " around", " them", ",", " the", " bright", ",", " green", " trees", " s", "way", "ed", " and", " twist", "ed", " in", " the", " b"], "acts": [0.0, 0.0, 0.0, 0.0, 0.0, 0.0, 0.0, 0.0, 0.0, 0.0, 0.0, 0.0, 0.0, 0.0, 0.0, 0.0, 0.0, 0.0, 0.0, 0.0, 2.9575, 0.0, 0.0, 0.0, 8.933, 0.0, 0.0, 0.0, 0.0, 0.0, 0.0, 0.0, 0.7577], "max_pos": 24, "max_act": 8.9297}, {"tokens": [" to", " see", " what", " was", " wrong", " and", " realised", " that", " the", " black", "board", " was", " covered", " in", " name", ".", " All", " the", " names", " of", " the", " children", " who", " had", " s", "uff", "ered", ".", " Fr", "eddy", " felt", " a", " ch"], "acts": [0.0, 0.0, 0.0, 0.0, 0.0, 0.0, 0.0, 0.0, 0.0, 0.0, 0.0, 0.0, 0.0, 0.0, 0.0, 0.0, 0.0, 0.0, 0.0, 0.0, 0.0, 0.0, 0.0, 0.0, 8.8664, 0.0, 0.0, 0.0, 0.0, 0.0, 0.0, 0.0, 0.0], "max_pos": 24, "max_act": 8.8672}, {"tokens": [" ladder", " and", " a", " hose", ".", " It", " had", " a", " s", "i", "ren", " and", " a", " horn", ".", " It", " was"], "acts": [0.0, 0.0, 0.0, 0.0, 0.0, 0.0, 0.0, 0.0, 8.8545, 2.3582, 0.0, 0.0, 0.0, 0.0, 0.0, 0.0, 0.0], "max_pos": 8, "max_act": 8.8516}]}