{"id": 1291, "density": 0.03306025, "max_act": 8.703125, "hist": {"edges": [0.01, 0.0133, 0.0178, 0.0237, 0.0316, 0.0422, 0.0562, 0.075, 0.1, 0.1334, 0.1778, 0.2371, 0.3162, 0.4217, 0.5623, 0.7499, 1.0, 1.3335, 1.7783, 2.3714, 3.1623, 4.217, 5.6234, 7.4989, 10.0, 13.3352, 17.7828, 23.7137, 31.6228, 42.1697, 56.2341, 74.9894, 100.0], "counts": [0, 0, 0, 0, 0, 0, 0, 0, 1, 2, 42, 633, 4318, 13572, 19669, 19015, 16608, 13985, 12201, 11237, 8696, 8597, 3432, 233, 0, 0, 0, 0, 0, 0, 0, 0]}, "logit_lens": {"promoted": [[" One", 0.507], ["One", 0.488], [" ones", 0.375], [" Sometimes", 0.369], [" Today", 0.364], [" sometimes", 0.3], ["To", 0.3], [" would", 0.287], [" often", 0.285], ["iz", 0.284]], "suppressed": [[" landed", 0.304], [" set", 0.26], ["ment", 0.253], [" decided", 0.246], [" fell", 0.23], [" met", 0.227], ["?\u00e2\u20ac", 0.224], ["pped", 0.211], [" saw", 0.21], [" too", 0.208]]}, "examples": [{"tokens": [" tree", ".", " Every", " morning", " he", " would", " sit", " in", " his", " favourite", " spot", ",", " watching", " the", " birds", " fly", " and", " the", " animals", " playing", " in", " the", " field", "s", ".", "\n", "\n", "One", " day", ",", " a", " little", " girl"], "acts": [0.0, 2.6994, 0.0, 0.0, 1.961, 0.0, 0.0, 0.0, 0.0, 0.0, 0.0, 0.0, 0.0, 0.0, 0.0, 0.0, 0.0, 0.0, 0.0, 0.0, 0.0, 0.0, 0.0, 0.0, 8.6995, 4.9471, 7.0998, 1.4751, 0.0, 0.0, 0.0, 0.0, 0.0], "max_pos": 24, "max_act": 8.7031}, {"tokens": ["Once", " upon", " a", " time", ",", " there", " was", " an", " elderly", " man", ".", " Every", " day", " he", " would", " sit", " outside", " in", " his", " garden", " and", " watch", " the", " birds", ".", " One", " day", ",", " a", " magical", " fairy", " appeared", " and"], "acts": [0.0, 0.0, 0.0, 0.0, 0.0, 0.0, 0.0, 0.0, 0.0, 0.0, 0.9231, 0.0, 0.0, 1.548, 0.0, 0.0, 0.0, 0.0, 0.0, 0.0, 1.201, 0.0, 0.0, 0.0, 8.645, 2.065, 0.0, 0.0, 0.0, 0.0, 0.0, 0.0, 0.0], "max_pos": 24, "max_act": 8.6484}, {"tokens": [" an", " enthus", "ia", "st", "ic", " little", " boy", " named", " Joe", ".", " Every", " day", " he", " liked", " to", " explore", " the", " world", " around", " him", " and", " find", " new", " adventures", ".", "\n", "\n", "One", " day", " Joe", " decided", " to", " go"], "acts": [0.0, 0.0, 0.0, 0.0, 0.0, 0.0, 0.0, 0.79, 0.0, 2.8892, 0.0, 0.0, 1.8093, 0.0, 0.0, 0.0, 0.0, 0.0, 0.0, 0.0, 0.0, 0.0, 0.0, 0.0, 8.6275, 4.2358, 6.2424, 1.4308, 0.0, 0.0, 0.0, 0.0, 0.0], "max_pos": 24, "max_act": 8.625}, {"tokens": [" a", " girl", " who", " loved", " to", " celebrate", ".", " Every", " day", ",", " she", " would", " throw", " part", "ies", " with", " her", " family", " and", " friends", " and", " even", " sing", " songs", ".", " She", " loved", " it", " so", " much", " that", " she", " decided"], "acts": [0.0, 0.0, 0.0, 0.0, 0.0, 0.0, 4.1269, 0.0, 0.0, 0.8817, 1.4467, 0.0, 0.0, 0.0, 0.0, 0.0, 0.0, 0.0, 0.0, 0.0, 0.0, 0.0, 0.0, 0.0, 8.5834, 2.6624, 0.0, 0.0, 0.0, 0.0, 0.0, 0.0, 0.0], "max_pos": 24, "max_act": 8.5859}, {"tokens": [",", " there", " was", " a", " kind", " young", " boy", " called", " Jack", ".", " Every", " day", ",", " he", " liked", " to", " play", " in", " the", " big", " park", " near", " his", " house", ".", "\n", "\n", "One", " day", ",", " Jack", "'s", " mom"], "acts": [0.0, 0.0, 0.0, 0.0, 0.0, 0.0, 0.0, 0.0, 0.0, 2.5692, 0.0, 0.0, 0.6568, 2.0325, 0.5915, 0.0, 0.0, 0.0, 0.0, 0.0, 0.0, 0.0, 0.0, 0.0, 8.5638, 3.9195, 5.9693, 1.0581, 0.0, 0.0, 0.0, 0.0, 0.0], "max_pos": 24, "max_act": 8.5625}, {"tokens": ["<|endoftext|>", "Once", " there", " was", " a", " rabbit", " who", " loved", " to", " hop", ".", " Every", " day", " he", " would", " hop", " around", " the", " forest", " and", " have", " lots", " of", " fun", ".", "\n", "\n", "He", " heard", " about", " the", " beach", " and"], "acts": [0.0, 0.0, 0.0, 0.0, 0.0, 0.0, 0.0, 0.0, 0.0, 0.0, 4.6166, 0.0, 0.0, 1.5071, 0.0, 0.0, 0.0, 0.0, 0.0, 0.8759, 0.0, 0.0, 0.0, 0.0, 8.5229, 5.1854, 7.0473, 0.0, 0.0, 0.0, 0.0, 0.0, 0.0], "max_pos": 24, "max_act": 8.5234}, {"tokens": [" was", " a", " family", " who", " lived", " by", " the", " sea", ".", " Every", " day", " they", " would", " take", " long", " walks", " by", " the", " shore", " and", " listen", " to", " the", " waves", ".", "\n", "One", " day", ",", " the", " family", " decided", " to"], "acts": [0.0, 0.0, 0.0, 0.0, 0.0, 0.0, 0.0, 0.0, 4.3915, 0.0, 0.0, 0.8763, 0.0, 0.0, 0.0, 0.0, 0.0, 0.0, 0.0, 1.4839, 0.0, 1.0985, 0.0, 0.0, 8.4916, 4.841, 1.4878, 0.0, 0.0, 0.0, 0.0, 0.0, 0.0], "max_pos": 24, "max_act": 8.4922}, {"tokens": [" a", " fat", " cow", " which", " lived", " in", " a", " green", " field", ".", " Every", " day", " the", " cow", " would", " eat", " lots", " of", " grass", " and", " become", " even", " f", "atter", ".", "\n", "\n", "One", " day", ",", " the", " cow", " was"], "acts": [0.0, 0.0, 0.0, 0.0, 0.0, 0.0, 0.0, 0.0, 0.0, 5.002, 0.0, 0.0, 0.0, 0.0, 0.0, 0.0, 0.0, 0.0, 0.0, 0.0, 0.0, 0.0, 0.0, 0.0, 8.4456, 5.08, 7.0719, 1.6133, 0.0, 0.0, 0.0, 0.0, 0.0], "max_pos": 24, "max_act": 8.4453}, {"tokens": [" a", " time", " there", " was", " a", " small", " and", " humble", " village", ".", " Every", " day", " the", " people", " in", " the", " village", " would", " live", " in", " peace", " and", " harm", "ony", ".", "\n", "\n", "One", " day", ",", " how", "ever", ","], "acts": [0.0, 0.0, 0.0, 0.0, 0.0, 0.0, 0.0, 0.0, 0.0, 3.0622, 0.0, 0.0, 0.0, 1.2787, 0.0, 0.0, 0.0, 0.0, 0.0, 0.0, 0.0, 0.0, 0.0, 0.0, 8.4362, 4.8721, 6.6229, 1.5331, 0.0, 0.0, 0.0, 0.0, 0.0], "max_pos": 24, "max_act": 8.4375}, {"tokens": [" there", " was", " a", " boy", " named", " J", "ay", " who", " was", " very", " shy", ".", " Every", " day", " he", " would", " go", " to", " the", " park", " and", " play", " by", " himself", ".", "\n", "\n", "One", " day", ",", " while", " he", " was"], "acts": [0.0, 0.0, 0.0, 0.0, 1.0709, 0.0, 0.0, 0.0, 0.0, 0.0, 0.0, 3.9794, 0.0, 0.0, 2.1514, 0.0, 0.0, 1.2322, 0.0, 0.0, 1.4918, 0.0, 0.0, 0.0, 8.4263, 4.7616, 6.6224, 1.1835, 0.0, 0.0, 0.0, 0.0, 0.0], "max_pos": 24, "max_act": 8.4297}, {"tokens": [" there", " was", " a", " little", " boy", " named", " Al", "an", " who", " loved", " to", " swing", ".", " Every", " night", " he", " would", " go", " out", " to", " the", " park", " and", " swing", ".", " One", " night", ",", " while", " he", " was", " swinging", ","], "acts": [0.0, 0.0, 0.0, 0.0, 0.0, 1.0974, 0.0, 0.0, 0.0, 0.0, 0.0, 0.0, 5.6322, 0.0, 0.0, 1.66, 0.0, 0.0, 0.0, 1.2365, 0.0, 0.0, 0.9965, 0.0, 8.412, 2.1468, 0.0, 0.0, 0.0, 0.0, 0.0, 0.0, 0.0], "max_pos": 24, "max_act": 8.4141}, {"tokens": [" loved", " to", " fly", ".", " Every", " day", ",", " the", " bird", " would", " fly", " as", " high", " as", " he", " could", " above", " the", " clouds", " in", " the", " bright", " blue", " sky", ".", " He", " would", " spread", " his", " wings", " wide", " and", " soar"], "acts": [0.0, 0.0, 0.0, 4.6521, 0.0, 0.0, 1.4244, 0.0, 0.9418, 0.0, 0.0, 0.0, 0.0, 0.0, 0.0, 0.0, 0.0, 0.0, 0.0, 0.0, 0.0, 0.0, 0.0, 0.0, 8.3455, 2.1036, 0.0, 0.0, 0.0, 0.0, 0.0, 0.0, 0.0], "max_pos": 24, "max_act": 8.3438}]}