{"id": 129, "density": 0.041411, "max_act": 5.56640625, "hist": {"edges": [0.01, 0.0133, 0.0178, 0.0237, 0.0316, 0.0422, 0.0562, 0.075, 0.1, 0.1334, 0.1778, 0.2371, 0.3162, 0.4217, 0.5623, 0.7499, 1.0, 1.3335, 1.7783, 2.3714, 3.1623, 4.217, 5.6234, 7.4989, 10.0, 13.3352, 17.7828, 23.7137, 31.6228, 42.1697, 56.2341, 74.9894, 100.0], "counts": [0, 0, 0, 0, 0, 0, 0, 0, 0, 1, 71, 718, 4913, 18134, 33928, 37892, 30580, 20144, 11700, 5195, 1979, 389, 0, 0, 0, 0, 0, 0, 0, 0, 0, 0]}, "logit_lens": {"promoted": [[" forgave", 0.373], [" forgive", 0.346], [" forg", 0.337], [" apolog", 0.322], [" wiped", 0.316], [" sorry", 0.298], ["Thank", 0.298], [" say", 0.282], [" ashamed", 0.277], ["ried", 0.269]], "suppressed": [[" boring", 0.295], [" might", 0.29], [" ste", 0.27], [" dream", 0.233], [" exp", 0.228], [" nowhere", 0.221], [" wo", 0.219], ["ix", 0.214], [" sne", 0.214], [" dreams", 0.206]]}, "examples": [{"tokens": [" say", " sorry", " to", " each", " other", ".", " She", " gives", " them", " some", " juice", " and", " cookies", ".", "\n", "\n", "Tom", " and", " Jen", " feel", " bad", ".", " They", " hug", " and", " say", " sorry", ".", " They", " do", " not", " want", " to"], "acts": [0.0, 0.0, 0.0, 1.1443, 0.0, 0.0, 3.6578, 0.0, 1.3442, 1.4927, 0.0, 1.4016, 0.0, 0.0, 0.0, 0.0, 0.8734, 0.0, 1.0459, 2.3415, 0.0, 0.6836, 3.9659, 0.7442, 5.5645, 1.749, 0.7768, 0.7075, 5.2728, 0.0, 2.5736, 0.0, 0.8721], "max_pos": 24, "max_act": 5.5664}, {"tokens": [" yourself", ".", " You", " could", " have", " hurt", " yourself", ".", " You", " are", " naughty", ".\"", "\n", "\n", "Sara", " and", " Tom", " feel", " bad", ".", " They", " are", " sorry", ".", " They", " say", " sorry", " to", " Mom", ".", "\n", "\n", "Mom"], "acts": [0.0, 0.0, 0.0, 0.0, 0.0, 0.0, 0.0, 0.0, 0.5386, 1.074, 0.0, 0.0, 0.7171, 1.0906, 1.7088, 0.6437, 3.082, 2.8178, 0.0, 1.1895, 4.8449, 2.9772, 0.0, 0.7264, 5.5338, 2.2758, 1.1464, 0.0, 0.9156, 0.0, 0.8088, 0.8711, 2.5397], "max_pos": 24, "max_act": 5.5352}, {"tokens": ["They", " said", " sorry", " to", " the", " man", ".", " They", " said", " sorry", " to", " each", " other", ".", " They", " said", " sorry", " to", " the", " animals", ".", " They", " felt", " sorry", " and", " sorry", ".", "\n", "\n", "They", " learned", " a", " lesson"], "acts": [2.7377, 1.7276, 0.6161, 0.0, 0.0, 1.2762, 1.2375, 5.0168, 1.6948, 0.8387, 0.0, 1.6515, 0.8335, 0.9419, 4.95, 1.6791, 1.0116, 0.0, 0.0, 0.7118, 0.7358, 4.6285, 2.8487, 0.0, 5.4573, 1.0075, 0.0, 1.3988, 0.982, 3.948, 0.0, 1.1796, 0.0], "max_pos": 24, "max_act": 5.457}, {"tokens": [" could", " have", " started", " a", " big", " fire", " and", " hurt", " yourself", " and", " the", " house", ".\"", "\n", "\n", "Lily", " and", " Tom", " felt", " bad", " and", " said", " sorry", ".", " They", " hugged", " grandma", " and", " promised", " to", " listen", " to", " her"], "acts": [0.0, 0.0, 0.0, 0.0, 0.0, 0.0, 0.0, 0.0, 0.0, 0.0, 0.0, 0.0, 0.0, 0.0, 0.0, 1.7371, 0.0, 2.4805, 2.3646, 0.0, 4.1748, 2.3236, 1.1284, 1.4002, 5.4214, 0.0, 0.0, 3.6561, 0.0, 2.1307, 0.0, 0.0, 0.0], "max_pos": 24, "max_act": 5.4219}, {"tokens": [".", "\n", "\n", "Lily", " and", " Tom", " felt", " sorry", " and", " ashamed", ".", " They", " said", " sorry", " to", " their", " mom", " and", " to", " each", " other", ".", " They", " hugged", " and", " went", " to", " their", " room", ".", " They", " decided", " to"], "acts": [0.0, 0.0, 0.0, 0.507, 0.0, 1.3858, 1.0782, 0.0, 4.3517, 0.0, 0.0, 4.2409, 1.9904, 0.7709, 0.0, 0.0, 0.8154, 1.2185, 1.7033, 1.795, 0.7915, 0.0, 4.8405, 0.5258, 5.3907, 0.9772, 1.352, 0.0, 1.2366, 0.0, 3.1272, 0.0, 2.022], "max_pos": 24, "max_act": 5.3906}, {"tokens": [" Now", " you", " have", " nothing", ".", " Go", " to", " bed", " without", " dinner", ".", " You", " are", " in", " big", " trouble", ".\"", "\n", "\n", "Sara", " and", " Tom", " feel", " sorry", " and", " ashamed", ".", " They", " wish", " they", " had", " shared", " the"], "acts": [0.0, 1.0848, 0.0, 0.0, 0.0, 1.4958, 0.0, 0.0, 0.0, 0.0, 0.0, 0.0, 0.4571, 0.0, 0.0, 0.0, 0.0, 0.7069, 0.0, 1.3278, 0.5119, 2.5383, 2.467, 0.0, 5.3812, 0.0, 1.1382, 4.977, 0.0, 1.3202, 0.0, 0.0, 0.0], "max_pos": 24, "max_act": 5.3828}, {"tokens": [".", "\n", "\n", "Tom", " and", " Lily", " felt", " very", " sorry", " and", " ashamed", ".", " They", " hugged", " Mrs", ".", " L", "ee", " and", " said", " they", " were", " sorry", ".", " They", " hugged", " their", " parents", " and", " said", " they", " loved", " them"], "acts": [0.0, 0.0, 0.0, 1.3576, 0.0, 1.7787, 1.9215, 1.8493, 0.0, 3.9347, 0.0, 0.0, 4.2621, 0.0, 0.0, 0.0, 0.0, 1.9463, 2.2194, 2.2083, 2.7823, 2.0963, 0.0, 0.0, 5.3738, 0.0, 1.0241, 2.0681, 3.7358, 2.2067, 2.6498, 0.0, 0.0], "max_pos": 24, "max_act": 5.375}, {"tokens": ["\n", "\n", "Anna", " and", " Lily", " felt", " sorry", ".", " They", " said", " sorry", " and", " hugged", ".", " They", " gave", " back", " the", " comb", " and", " said", " thank", " you"], "acts": [0.0, 0.0, 0.6731, 0.0, 0.7627, 0.7254, 0.0, 0.0, 4.5399, 1.6194, 0.0, 4.6121, 0.0, 0.8147, 5.3139, 0.0, 1.6315, 0.0, 0.0, 2.2115, 1.7423, 0.0, 0.0], "max_pos": 14, "max_act": 5.3125}, {"tokens": [" sorry", ",", " Tom", ".", " I", "'m", " sorry", ",", " Anna", ".", " I", " was", " mean", " to", " you", ".", " Can", " we", " be", " friends", " again", "?\"", " They", " hug", " and", " say", ",", " \"", "Yes", ",", " we", " can", "."], "acts": [0.0, 0.6305, 1.1166, 1.4539, 2.9322, 1.8696, 0.0, 0.7477, 0.8659, 1.2787, 3.203, 1.0291, 0.0, 0.9721, 0.0, 0.5974, 1.8585, 2.7287, 3.0832, 1.5447, 0.0, 0.0, 2.8713, 1.4124, 5.2748, 1.4951, 2.052, 2.3616, 1.0694, 0.6535, 0.8192, 0.6422, 0.0], "max_pos": 24, "max_act": 5.2734}, {"tokens": [" you", ".", " E", "ver", ".\"", "\n", "\n", "Lily", " and", " Ben", " felt", " bad", " and", " cried", ".", " They", " said", " sorry", " to", " mom", " and", " the", " police", ".", " They", " went", " to", " their", " room", " and", " sat", " on", " their"], "acts": [0.0, 0.0, 0.0, 0.0, 0.0, 0.0, 0.0, 1.6964, 0.0, 3.0295, 2.2861, 0.0, 4.1401, 0.0, 0.8822, 4.5228, 1.7506, 0.8469, 0.0, 0.7319, 1.7307, 1.1691, 0.0, 0.0, 5.2569, 1.4697, 1.1718, 0.0, 1.2445, 1.5101, 0.0, 0.0, 0.0], "max_pos": 24, "max_act": 5.2578}, {"tokens": [" the", " mess", ".", "\n", "\n", "Tom", " and", " Lily", " feel", " sorry", " for", " bre", "aking", " the", " lamp", ".", " They", " hug", " each", " other", " and", " say", " sorry", ".", " They", " are", " also", " sleepy", " from", " running", " and", " crying", "."], "acts": [0.0, 0.0, 0.0, 0.0, 0.0, 0.9087, 0.0, 1.5121, 1.9911, 0.0, 0.0, 0.0, 0.0, 0.0, 0.0, 0.0, 4.3886, 0.8014, 1.5446, 1.1215, 4.1669, 2.0173, 1.2214, 0.0, 5.2167, 2.9572, 2.8803, 0.0, 0.0, 0.0, 0.0, 0.0, 0.0], "max_pos": 24, "max_act": 5.2148}, {"tokens": [" You", " are", " not", " allowed", " to", " play", " with", " water", " gun", "s", " anymore", "!\"", "\n", "\n", "Tim", " and", " Mia", " cried", " and", " said", " they", " were", " sorry", ".", " They", " did", " not", " mean", " to", " make", " the", " leopard", " angry"], "acts": [0.742, 1.2092, 0.0, 0.0, 0.0, 0.0, 0.0, 0.0, 0.0, 0.0, 0.0, 0.0, 0.7863, 0.0, 1.9811, 0.0, 2.9551, 0.0, 3.9576, 1.3233, 2.6373, 2.4308, 0.0, 1.2023, 5.1904, 0.0, 2.8187, 0.0, 0.8386, 0.0, 0.0, 0.0, 0.0], "max_pos": 24, "max_act": 5.1914}]}