{"id": 1310, "density": 0.32916125, "max_act": 6.2734375, "hist": {"edges": [0.01, 0.0133, 0.0178, 0.0237, 0.0316, 0.0422, 0.0562, 0.075, 0.1, 0.1334, 0.1778, 0.2371, 0.3162, 0.4217, 0.5623, 0.7499, 1.0, 1.3335, 1.7783, 2.3714, 3.1623, 4.217, 5.6234, 7.4989, 10.0, 13.3352, 17.7828, 23.7137, 31.6228, 42.1697, 56.2341, 74.9894, 100.0], "counts": [0, 0, 0, 0, 0, 0, 0, 0, 0, 0, 22, 682, 7331, 38445, 106713, 187008, 246496, 268186, 238214, 153810, 61002, 8682, 54, 0, 0, 0, 0, 0, 0, 0, 0, 0]}, "logit_lens": {"promoted": [[" thanked", 0.326], ["<|endoftext|>", 0.289], [" thank", 0.254], [" thankful", 0.254], [" relieved", 0.218], [" differe", 0.218], [" now", 0.212], [" again", 0.207], [" learned", 0.205], [" realized", 0.201]], "suppressed": [["One", 0.363], ["irst", 0.36], [" Today", 0.347], [" One", 0.307], [" wants", 0.283], [" names", 0.272], [" middle", 0.27], ["side", 0.262], [" hello", 0.261], [" walking", 0.259]]}, "examples": [{"tokens": ["s", " and", " happy", " that", " she", "'d", " been", " able", " to", " free", "ze", " a", " moment", " in", " time", " that", " she", " could", " enjoy", " for", " a", " very", " long", " time", ".", "<|endoftext|>", "Once", " upon", " a", " time", " there", " was", " a"], "acts": [3.6211, 4.556, 3.6419, 4.062, 4.3865, 3.8099, 4.1496, 3.076, 3.8214, 3.1718, 3.6206, 3.5906, 4.2291, 3.5041, 3.6526, 3.7661, 4.1278, 4.5353, 3.1391, 3.8024, 4.3447, 4.2283, 2.7782, 3.9291, 6.2737, 0.0, 0.0, 0.0, 0.0, 0.0, 0.0, 0.0, 0.0], "max_pos": 24, "max_act": 6.2734}, {"tokens": [" was", " now", " covered", " in", " so", "ot", " and", " ash", ",", " no", " one", " thought", " it", " was", " disgusting", " because", " they", " were", " all", " happy", " the", " bird", " was", " safe", ".", "<|endoftext|>", "Once", " upon", " a", " time", ",", " there", " was"], "acts": [3.892, 4.3793, 2.3597, 1.7877, 1.3929, 2.1563, 3.4667, 1.8962, 3.3266, 2.6229, 2.834, 2.1857, 1.7947, 3.1729, 1.9976, 2.8381, 2.7978, 3.5143, 1.8486, 2.591, 2.4309, 2.8987, 4.5787, 3.5662, 6.1202, 0.0, 0.0, 0.0, 0.0, 0.0, 0.0, 0.0, 0.0], "max_pos": 24, "max_act": 6.1211}, {"tokens": [" everyone", " was", " all", " smiles", ".", " John", " was", " cheered", " on", ",", " happy", " to", " have", " won", " and", " even", " happier", " to", " enjoy", " the", " pasta", " he", " helped", " make", ".", "<|endoftext|>", "Once", " upon", " a", " time", ",", " there", " was"], "acts": [1.5326, 3.5161, 2.3116, 2.1276, 4.5538, 3.9101, 4.4509, 1.9763, 2.8928, 3.9756, 3.7795, 4.7055, 4.5335, 1.7002, 4.7637, 2.4955, 3.3602, 4.2649, 3.6298, 4.078, 4.5464, 3.404, 3.4006, 3.9854, 6.0881, 0.0, 0.0, 0.0, 0.0, 0.0, 0.0, 0.0, 0.0], "max_pos": 24, "max_act": 6.0898}, {"tokens": ["Thank", " you", " so", " much", "!", " I", " would", " never", " have", " been", " able", " to", " get", " my", " pants", " on", " without", " your", " help", "!\"", " The", " little", " girl", " smiled", " and", " said", ",", " \"", "You", "'re", " welcome", "!\"", "<|endoftext|>"], "acts": [0.0, 1.4439, 1.801, 2.2407, 2.3919, 3.1053, 1.4609, 1.5923, 1.4562, 1.6396, 1.414, 2.5042, 1.7825, 1.9985, 1.0736, 1.6738, 2.3895, 2.8734, 2.9902, 4.5025, 4.5317, 2.9759, 4.9134, 3.7356, 6.0743, 3.8424, 3.8955, 3.4231, 3.2228, 3.7165, 3.3092, 4.4137, 0.0], "max_pos": 24, "max_act": 6.0742}, {"tokens": [" her", " family", ".", " The", " man", " smiled", " to", " himself", ",", " happy", " knowing", " he", " had", " helped", " rest", "ore", " the", " bike", " and", " make", " the", " little", " girl", " happy", ".", "<|endoftext|>", "Once", " upon", " a", " time", " there", " was", " a"], "acts": [2.973, 3.6917, 4.7501, 3.5644, 2.2563, 2.5859, 2.6944, 2.7604, 3.8061, 3.2536, 2.738, 3.9032, 4.0154, 2.8809, 1.9239, 2.4691, 2.2574, 3.4985, 4.9388, 3.3807, 2.9178, 1.8027, 2.4689, 3.8743, 6.0126, 0.0, 0.0, 0.0, 0.0, 0.0, 0.0, 0.0, 0.0], "max_pos": 24, "max_act": 6.0117}, {"tokens": [" go", " home", ".", " Lily", " was", " tired", " but", " happy", ",", " knowing", " she", " had", " protect", "ed", " her", " skin", " and", " had", " a", " fun", " day", " with", " her", " friends", ".", "<|endoftext|>", "Once", " upon", " a", " time", ",", " there", " was"], "acts": [1.0951, 0.7013, 3.2933, 3.3424, 2.6118, 0.0, 2.2129, 2.2769, 2.5775, 1.3444, 2.9311, 2.9399, 1.2909, 2.2984, 2.7643, 2.1266, 3.4295, 2.9148, 3.7908, 3.1187, 2.6515, 3.3688, 3.4149, 3.5055, 5.9987, 0.0, 0.0, 0.0, 0.0, 0.0, 0.0, 0.0, 0.0], "max_pos": 24, "max_act": 6.0}, {"tokens": [" and", " they", " shared", " the", " bread", " together", ".", " They", " were", " happy", " and", " proud", " that", " they", " had", " saved", " the", " bread", " from", " burn", "ing", " in", " the", " fire", ".", " The", " end", ".", "<|endoftext|>", "Once", " upon", " a", " time"], "acts": [2.3448, 2.5738, 0.0, 1.3736, 2.733, 2.2034, 3.5908, 3.3937, 3.7218, 3.1473, 4.724, 3.5892, 3.1595, 3.3875, 3.192, 2.2209, 2.7438, 4.7098, 2.4745, 1.1745, 2.5053, 2.5116, 1.1948, 3.2156, 5.987, 3.5993, 0.0, 5.0745, 0.0, 0.0, 0.0, 0.0, 0.0], "max_pos": 24, "max_act": 5.9883}, {"tokens": [" wolf", ".", " They", " all", " ran", " back", " home", " with", " the", " purple", " squash", " and", " enjoyed", " it", " together", ".", " \n", "\n", "M", "a", "e", " was", " so", " happy", " and", " thankful", " for", " her", " friends", ".", " No", " one", " had"], "acts": [2.9125, 3.4648, 3.0969, 2.8743, 0.7605, 0.0, 1.4817, 1.866, 1.8296, 1.3199, 2.7186, 3.578, 2.0741, 2.1899, 3.7461, 4.5679, 4.8884, 4.4705, 3.3298, 3.9279, 4.1824, 4.6059, 4.267, 3.6492, 5.956, 2.8572, 3.4263, 3.7522, 3.7377, 3.6323, 2.8014, 4.0193, 2.9842], "max_pos": 24, "max_act": 5.957}, {"tokens": [" thanked", " the", " little", " girl", " and", " said", " \u00e2\u20ac\u0153", "That", " was", " fun", "!", " Thank", " you", " for", " helping", " me", " have", " some", " fun", "!\u00e2\u20ac", " The", " little", " girl", " smiled", " and", " said", " \u00e2\u20ac\u0153", "You", "\u00e2\u20ac\u2122", "re", " welcome", "!\u00e2\u20ac", " They"], "acts": [1.1949, 1.7537, 1.5781, 2.9836, 3.6179, 1.9868, 2.7692, 2.3635, 1.5128, 2.086, 2.7045, 0.7993, 2.1481, 2.0489, 2.546, 3.3926, 2.4444, 2.3432, 3.3853, 5.0276, 3.6713, 3.2742, 5.0622, 3.754, 5.9277, 2.9884, 3.0466, 3.1305, 2.068, 2.8406, 2.6015, 4.5613, 3.42], "max_pos": 24, "max_act": 5.9258}, {"tokens": [" scared", " sometimes", ",", " they", " knew", " it", " was", " all", " in", " good", " fun", ",", " and", " they", " felt", " safe", " and", " happy", " in", " their", " calm", " h", "om", "es", ".", "<|endoftext|>", "Once", " upon", " a", " time", ",", " there", " was"], "acts": [1.5287, 0.7545, 1.732, 2.8314, 0.7946, 1.3948, 2.0814, 1.8879, 1.68, 0.0, 1.4076, 2.4887, 3.2041, 3.4959, 1.9121, 2.0125, 2.8021, 3.9181, 3.4405, 2.6731, 0.0, 0.0, 0.0, 2.6482, 5.9213, 0.0, 0.0, 0.0, 0.0, 0.0, 0.0, 0.0, 0.0], "max_pos": 24, "max_act": 5.9219}, {"tokens": [" really", " app", "re", "ci", "ate", " it", ".\"", "\n", "\n", "Jane", " smiled", " and", " said", " goodbye", " to", " her", " new", " friend", " before", " head", "ing", " back", " to", " her", " room", ".", " She", " was", " sure", " the", " mouse", " would", " stay"], "acts": [1.3189, 0.0, 0.0, 0.0, 1.0592, 2.3888, 4.2103, 3.0516, 3.6491, 2.6504, 2.9027, 4.216, 2.8894, 1.738, 1.5506, 2.5846, 2.1862, 3.2894, 3.0946, 2.482, 4.1244, 1.6473, 3.2009, 3.4742, 5.921, 4.288, 3.7488, 4.2537, 2.4211, 1.9476, 1.5378, 1.672, 1.3736], "max_pos": 24, "max_act": 5.9219}, {"tokens": [" to", " flower", ".", " It", " was", " a", " warm", " and", " peaceful", " day", ",", " and", " Lily", " was", " happy", " just", " being", " outside", " with", " her", " mom", " and", " the", " butterfly", ".", "<|endoftext|>", "Once", " upon", " a", " time", ",", " there", " was"], "acts": [1.4182, 1.9389, 3.1784, 1.6808, 2.8563, 2.1921, 1.2599, 1.0322, 1.6222, 2.1667, 2.0783, 2.8627, 3.2426, 3.6961, 3.6852, 1.3776, 3.0995, 2.3337, 2.6301, 2.8268, 3.047, 3.8548, 1.9264, 3.3531, 5.9038, 0.0, 0.0, 0.0, 0.0, 0.0, 0.0, 0.0, 0.0], "max_pos": 24, "max_act": 5.9023}]}