{"id": 1320, "density": 0.0112825, "max_act": 6.11328125, "hist": {"edges": [0.01, 0.0133, 0.0178, 0.0237, 0.0316, 0.0422, 0.0562, 0.075, 0.1, 0.1334, 0.1778, 0.2371, 0.3162, 0.4217, 0.5623, 0.7499, 1.0, 1.3335, 1.7783, 2.3714, 3.1623, 4.217, 5.6234, 7.4989, 10.0, 13.3352, 17.7828, 23.7137, 31.6228, 42.1697, 56.2341, 74.9894, 100.0], "counts": [0, 0, 0, 0, 0, 0, 0, 0, 0, 0, 1, 23, 321, 1989, 5851, 9257, 8924, 6373, 4692, 3446, 3012, 1232, 9, 0, 0, 0, 0, 0, 0, 0, 0, 0]}, "logit_lens": {"promoted": [[" he", 0.359], [" they", 0.339], ["ment", 0.313], [" she", 0.303], [" everyone", 0.287], [" loud", 0.265], [" fear", 0.254], [" you", 0.239], [" anything", 0.237], [" it", 0.233]], "suppressed": [[" ways", 0.281], ["ory", 0.28], ["or", 0.275], ["ished", 0.272], [" done", 0.27], [" rid", 0.267], ["ray", 0.262], ["'ll", 0.253], ["V", 0.252], ["ung", 0.25]]}, "examples": [{"tokens": [" mouth", ".", " Lily", " didn", "'t", " like", " it", " because", " it", " tasted", " sour", ".", " But", " mommy", " said", " it", " was", " important", " to", " check", " her", " temp", "er", "ature", " so", " she", " could", " get", " better", ".", " \n", "\n", "After"], "acts": [0.0, 0.0, 0.0, 0.0, 0.0, 0.0, 0.0, 1.2532, 0.0, 0.0, 0.0, 0.0, 0.0, 0.0, 0.0, 0.0, 0.0, 0.0, 0.0, 0.0, 0.0, 0.0, 0.0, 0.0, 6.1148, 0.0, 0.0, 0.0, 0.0, 0.0, 0.0, 0.0, 0.0], "max_pos": 24, "max_act": 6.1133}, {"tokens": [" to", " play", " with", " it", " but", " it", " was", " wet", " because", " it", " had", " rain", "ed", ".", " Lily", " didn", "'t", " want", " to", " play", " with", " a", " wet", " hoop", " so", " she", " waited", " for", " it", " to", " dry", ".", "\n"], "acts": [0.0, 0.0, 0.0, 0.0, 0.0, 0.0, 0.0, 0.0, 0.7809, 0.0, 0.0, 0.0, 0.0, 0.0, 0.0, 0.0, 0.0, 0.0, 0.0, 0.0, 0.0, 0.0, 0.0, 0.0, 5.9627, 0.0, 0.0, 0.0, 0.0, 0.0, 0.0, 0.0, 0.0], "max_pos": 24, "max_act": 5.9609}, {"tokens": ["Tom", " was", " so", " embarrassed", " that", " he", " couldn", "'t", " answer", ".", " He", " just", " stood"], "acts": [0.0, 0.0, 0.0, 0.0, 5.8085, 0.0, 0.0, 0.0, 0.0, 0.0, 0.0, 0.0, 0.0], "max_pos": 4, "max_act": 5.8086}, {"tokens": [" didn", "'t", " like", " it", " very", " much", " because", " it", " tasted", " bad", ".", " But", ",", " the", " doctor", " said", " it", " was", " very", " important", " to", " take", " the", " medicine", " so", " she", " did", ".", " \n", "\n", "When", " she", " got"], "acts": [0.0, 0.0, 0.0, 0.0, 1.8156, 1.8976, 0.7735, 0.0, 0.0, 0.0, 0.0, 0.0, 0.0, 0.0, 0.0, 0.0, 0.0, 0.0, 0.0, 0.0, 0.0, 0.0, 0.0, 0.0, 5.7365, 0.0, 0.0, 0.0, 0.0, 0.0, 0.0, 0.0, 0.0], "max_pos": 24, "max_act": 5.7383}, {"tokens": [" slide", " down", " the", " slide", ".", " He", " went", " slow", " at", " first", " but", " then", " he", " went", " faster", " and", " faster", ".", " He", " laughed", " and", " made", " funny", " noises", " as", " he", " slid", " down", " the", " slide", ".", " His", " friends"], "acts": [0.0, 0.0, 0.0, 0.0, 0.0, 0.0, 0.0, 0.0, 0.0, 0.0, 0.0, 1.1287, 0.0, 0.0, 0.0, 0.0, 0.0, 0.0, 0.0, 0.0, 0.0, 0.0, 0.0, 0.0, 5.6875, 0.0, 0.0, 0.0, 0.0, 0.0, 0.0, 0.0, 0.0], "max_pos": 24, "max_act": 5.6875}, {"tokens": [" the", " wind", ".", " It", " was", " very", " noisy", "!", " Jane", " wanted", " to", " get", " the", " nap", "kin", " so", " she", " jumped", ".", " She", " jumped", " higher", " and", " higher"], "acts": [0.0, 0.0, 0.0, 0.0, 0.0, 0.0, 0.0, 0.0, 0.0, 0.0, 0.0, 0.0, 0.0, 0.0, 0.0, 5.6667, 0.0, 0.0, 0.0, 0.0, 0.0, 0.0, 0.0, 0.0], "max_pos": 15, "max_act": 5.668}, {"tokens": [" listen", " and", " ate", " lots", " of", " candy", " anyway", ".", "\n", "\n", "One", " day", ",", " Timmy", " woke", " up", " feeling", " sick", ".", " His", " stom", "ach", " hurt", " so", " much", " that", " he", " couldn", "'t", " play", " with", " his"], "acts": [0.0, 0.0, 0.0, 0.0, 0.0, 0.0, 0.0, 0.0, 0.0, 0.0, 0.0, 0.0, 0.0, 0.0, 0.0, 0.0, 0.0, 0.0, 0.0, 0.0, 0.0, 0.0, 0.0, 5.6621, 3.2129, 4.3997, 0.0, 0.0, 0.0, 0.0, 0.0, 0.0], "max_pos": 23, "max_act": 5.6602}, {"tokens": [" day", ",", " Timmy", " was", " playing", " outside", " when", " he", " found", " a", " miss", "ile", ".", " He", " thought", " it", " would", " be", " fun", " to", " throw", " it", " as", " far", " as", " he", " could", ".", " But", " his", " mom", " stopped", " him"], "acts": [0.0, 0.0, 0.0, 0.0, 0.0, 0.0, 0.0, 0.0, 0.0, 0.0, 0.0, 0.0, 0.0, 0.0, 0.0, 0.0, 0.0, 0.0, 0.0, 0.0, 0.0, 0.0, 4.4295, 0.0, 5.6587, 0.0, 0.0, 0.0, 0.0, 0.0, 0.0, 0.0, 0.0], "max_pos": 24, "max_act": 5.6602}, {"tokens": [".", " They", " were", " very", " happy", " together", ",", " until", " one", " day", " when", " the", " little", " girl", " got", " very", " angry", ".", " She", " shouted", " and", " screamed", " as", " loud", " as", " she", " could", ".", " Everyone", " around", " her", " was", " very"], "acts": [0.0, 0.0, 0.0, 0.0, 0.0, 0.0, 0.0, 0.0, 0.0, 0.0, 0.0, 0.0, 0.0, 0.0, 0.0, 0.0, 0.0, 0.0, 0.0, 0.0, 0.0, 0.0, 4.6008, 0.0, 5.6376, 0.0, 0.0, 0.0, 0.0, 0.0, 0.0, 0.0, 0.0], "max_pos": 24, "max_act": 5.6367}, {"tokens": [" lights", " so", " that", " the", " dark", " wouldn", "'t", " be", " so", " int"], "acts": [0.0, 5.6132, 4.4693, 0.0, 0.0, 0.0, 0.0, 0.0, 1.3244, 0.0], "max_pos": 1, "max_act": 5.6133}, {"tokens": [" around", " the", " yard", ".", "\n", "\n", "Timmy", " was", " very", " excited", " when", " it", " was", " his", " turn", " to", " hold", " the", " flag", ".", " He", " ran", " as", " fast", " as", " he", " could", ",", " but", " then", " he", " tripped", " and"], "acts": [0.0, 0.0, 0.0, 0.0, 0.0, 0.0, 0.0, 0.0, 0.0, 0.0, 1.5288, 0.0, 0.0, 0.0, 0.0, 0.0, 0.0, 0.0, 0.0, 0.0, 0.0, 0.0, 2.3225, 0.0, 5.5813, 0.0, 0.0, 0.0, 0.0, 0.7369, 0.0, 0.0, 0.0], "max_pos": 24, "max_act": 5.582}, {"tokens": [".", " It", " was", " going", " so", " fast", " that", " she", " couldn", "'t", " keep", " up", ".", " Sarah", " started"], "acts": [0.0, 0.0, 0.0, 0.0, 2.238, 0.0, 5.5641, 0.0, 0.0, 0.0, 0.0, 0.0, 0.0, 0.0, 0.0], "max_pos": 6, "max_act": 5.5625}]}