{"id": 1326, "density": 0.016665, "max_act": 5.6015625, "hist": {"edges": [0.01, 0.0133, 0.0178, 0.0237, 0.0316, 0.0422, 0.0562, 0.075, 0.1, 0.1334, 0.1778, 0.2371, 0.3162, 0.4217, 0.5623, 0.7499, 1.0, 1.3335, 1.7783, 2.3714, 3.1623, 4.217, 5.6234, 7.4989, 10.0, 13.3352, 17.7828, 23.7137, 31.6228, 42.1697, 56.2341, 74.9894, 100.0], "counts": [0, 0, 0, 0, 0, 0, 0, 0, 0, 3, 43, 224, 731, 4371, 9763, 11956, 11377, 11066, 10337, 5497, 1142, 150, 0, 0, 0, 0, 0, 0, 0, 0, 0, 0]}, "logit_lens": {"promoted": [[" should", 0.31], [" must", 0.304], [" had", 0.281], [" lost", 0.275], [" hadn", 0.251], ["Oh", 0.242], [" really", 0.232], ["fort", 0.23], [" never", 0.222], [" where", 0.221]], "suppressed": [[" reward", 0.234], [" bell", 0.232], [" OK", 0.231], [" sound", 0.231], ["ove", 0.228], ["uce", 0.227], [" town", 0.226], [" less", 0.224], [" village", 0.217], ["Thank", 0.215]]}, "examples": [{"tokens": [",\"", " Sarah", " said", ".", " \"", "Maybe", " we", " can", " use", " it", " to", " make", " a", " swing", ".\""], "acts": [0.0, 0.0, 0.0, 0.0, 0.0, 0.0, 5.5999, 0.0, 0.0, 0.0, 0.0, 0.0, 0.0, 0.0, 0.0], "max_pos": 6, "max_act": 5.6016}, {"tokens": ["Her", " mom", " was", " proud", " of", " Lily", "'s", " successful", " disco", "very", ".", " \"", "Wow", ",", " Lily", "!", " That", "'s", " a", " really", " big", " squash", ".", " Maybe", " we", " can", " make", " some", " delicious", " soup", " with", " it", ",\""], "acts": [0.0, 0.0, 0.0, 0.0, 0.0, 0.0, 0.0, 0.0, 0.0, 0.0, 0.0, 0.0, 0.0, 0.0, 0.0, 0.0, 1.0907, 0.0, 0.0, 0.0, 0.0, 0.0, 0.0, 0.0, 5.5354, 0.0, 0.0, 0.0, 0.0, 0.0, 0.0, 0.0, 0.0], "max_pos": 24, "max_act": 5.5352}, {"tokens": [" spot", " I", " found", "!\"", " said", " Lily", ".", "\n", "\n", "\"", "That", "'s", " so", " pretty", ",", " Lily", ".", " Maybe", " we", " can", " mail", " it", " to", " your", " grandma", ",\"", " said"], "acts": [0.0, 0.0, 0.0, 0.0, 0.0, 0.0, 0.0, 0.0, 0.0, 0.0, 1.1586, 0.0, 0.0, 0.0, 0.0, 0.0, 0.0, 0.0, 5.5179, 0.0, 0.0, 0.0, 0.0, 0.0, 0.0, 0.0, 0.0], "max_pos": 18, "max_act": 5.5195}, {"tokens": [" fixed", ".", " \n", "\n", "She", " told", " Max", ",", " \"", "I", " need", " to", " test", " the", " flute", " to", " see", " what", "'s", " wrong", " with", " it", ".", " Maybe", " we", " can", " fix", " it", " together", ".\"", " Max", " agreed", " and"], "acts": [0.0, 0.0, 0.0, 0.0, 0.0, 0.0, 0.0, 0.0, 0.0, 2.6777, 0.0, 0.0, 0.0, 0.0, 0.0, 0.0, 0.0, 0.0, 0.0, 0.0, 0.0, 0.0, 0.0, 0.0, 5.4187, 0.0, 0.0, 0.0, 0.0, 0.0, 0.0, 0.0, 0.0], "max_pos": 24, "max_act": 5.418}, {"tokens": [" a", " while", ",", " but", " then", " it", " flew", " away", ".", " They", " were", " sad", " that", " they", " couldn", "'t", " see", " it", " anymore", ".", " \n", "\n", "\"", "Maybe", " we", " can", " see", " it", " again", " another", " day", ",\"", " said"], "acts": [0.0, 0.0, 0.0, 0.0, 0.0, 0.0, 0.0, 0.0, 0.0, 0.0, 0.0, 0.0, 0.0, 2.6523, 0.0, 0.0, 0.0, 0.0, 0.0, 0.0, 0.0, 0.0, 0.0, 0.0, 5.237, 0.0, 0.0, 0.0, 0.0, 0.0, 0.0, 0.0, 0.0], "max_pos": 24, "max_act": 5.2383}, {"tokens": [" started", " to", " melt", ".", " Timmy", " and", " Billy", " laughed", " and", " watched", " as", " the", " snowman", " disappeared", ".", " Billy", " said", ",", " \"", "That", " was", " fun", "!", " Maybe", " we", " can", " play", " sp", "ort", "s", " next", " time", ".\""], "acts": [0.0, 0.0, 0.0, 0.0, 0.0, 0.0, 0.0, 0.0, 0.0, 0.0, 0.0, 0.0, 0.0, 0.0, 0.0, 0.0, 0.0, 0.0, 0.0, 1.0119, 0.0, 0.798, 0.0, 0.0, 5.2323, 0.0, 0.0, 0.0, 0.0, 0.0, 0.0, 0.0, 0.0], "max_pos": 24, "max_act": 5.2305}, {"tokens": [" broke", " it", "!", " You", " broke", " the", " treasure", "!\"", "\n", "\n", "\"", "I", "'m", " sorry", ",", " I", "'m", " sorry", "!\"", " Ben", " said", ".", " \"", "Maybe", " we", " can", " fix", " it", ".", " Let", " me", " see", ".\""], "acts": [0.0, 0.0, 0.0, 2.5467, 0.0, 0.0, 0.0, 0.0, 0.0, 0.0, 0.0, 1.3899, 0.0, 0.0, 0.0, 1.7436, 0.0, 0.0, 0.0, 0.0, 0.0, 0.0, 0.0, 0.0, 5.1641, 0.0, 0.0, 0.0, 0.0, 0.0, 0.0, 0.0, 0.0], "max_pos": 24, "max_act": 5.1641}, {"tokens": ["Let", "'s", " eat", " it", " together", ",\"", " she", " says", ".", " \"", "Maybe", " we", " will", " find", " out", " the", " secret", ".\"", "\n", "\n"], "acts": [0.0, 0.0, 0.0, 0.0, 0.0, 0.0, 0.0, 0.0, 0.0, 0.0, 0.0, 5.1489, 0.7907, 0.0, 0.0, 0.0, 0.0, 0.0, 0.0, 0.0], "max_pos": 11, "max_act": 5.1484}, {"tokens": [" is", " that", " weird", " boat", " in", " the", " har", "b", "or", "?\"", " Lily", " asked", ".", "\n", "\n", "\"", "I", " don", "'t", " know", ",", " sweetie", ".", " Maybe", " we", " can", " ask", " the", " cap", "t", "ain", ",\"", " her"], "acts": [0.0, 0.0, 0.0, 0.0, 0.0, 0.0, 0.0, 0.0, 0.0, 0.0, 0.0, 0.0, 0.0, 0.0, 0.0, 0.0, 1.7052, 0.6224, 0.0, 0.0, 0.0, 0.0, 0.0, 0.0, 5.1457, 0.0, 0.0, 0.0, 0.0, 0.0, 0.0, 0.0, 0.0], "max_pos": 24, "max_act": 5.1445}, {"tokens": [" They", " didn", "'t", " know", " what", " to", " do", ".", "\n", "\n", "Then", ",", " Lily", " had", " an", " idea", ".", " She", " said", " to", " Ben", ",", " \"", "Maybe", " we", " can", " share", " the", " ball", " with", " him", ".", " Maybe"], "acts": [0.0, 0.0, 0.0, 0.0, 0.0, 0.0, 0.0, 0.0, 0.0, 0.0, 0.0, 0.0, 0.0, 0.0, 0.0, 0.0, 0.0, 0.0, 0.0, 0.0, 0.0, 0.0, 0.0, 0.0, 5.0805, 0.0, 0.0, 0.0, 0.0, 0.0, 0.0, 0.0, 0.0], "max_pos": 24, "max_act": 5.082}, {"tokens": [" eat", " them", ".", "\n", "\n", "\"", "Maybe", " we", " can", " fly", " with", " the", " bird", ",\"", " Ben", " said"], "acts": [0.0, 0.0, 0.0, 0.0, 0.0, 0.0, 0.0, 5.0633, 0.0, 0.0, 0.0, 0.0, 0.0, 0.0, 0.0, 0.0], "max_pos": 7, "max_act": 5.0625}, {"tokens": [" \n", "\n", "They", " both", " tried", " to", " open", " the", " toy", " box", ",", " but", " it", " was", " still", " hard", ".", " Jack", " said", ",", " \"", "Maybe", " we", " need", " a", " key", " to", " open", " it", ".\"", " His"], "acts": [0.0, 0.0, 0.8727, 0.0, 0.0, 0.0, 0.0, 0.0, 0.0, 0.0, 0.0, 0.0, 0.0, 0.0, 0.0, 0.0, 0.0, 0.0, 0.0, 0.0, 0.0, 0.0, 5.0448, 0.0, 0.0, 0.0, 0.0, 0.0, 0.0, 0.0, 0.0], "max_pos": 22, "max_act": 5.043}]}