{"id": 1329, "density": 0.0208705, "max_act": 4.94140625, "hist": {"edges": [0.01, 0.0133, 0.0178, 0.0237, 0.0316, 0.0422, 0.0562, 0.075, 0.1, 0.1334, 0.1778, 0.2371, 0.3162, 0.4217, 0.5623, 0.7499, 1.0, 1.3335, 1.7783, 2.3714, 3.1623, 4.217, 5.6234, 7.4989, 10.0, 13.3352, 17.7828, 23.7137, 31.6228, 42.1697, 56.2341, 74.9894, 100.0], "counts": [0, 0, 0, 0, 0, 0, 0, 0, 0, 4, 42, 656, 3784, 11883, 20455, 20544, 13620, 7854, 3029, 1231, 327, 53, 0, 0, 0, 0, 0, 0, 0, 0, 0, 0]}, "logit_lens": {"promoted": [["ort", 0.334], ["ting", 0.287], ["ers", 0.279], [" left", 0.258], ["?\u00e2\u20ac", 0.225], [" its", 0.222], [" kinds", 0.22], [" few", 0.22], [" cho", 0.218], ["ing", 0.218]], "suppressed": [["ke", 0.365], ["ble", 0.284], ["op", 0.263], [" caterpillar", 0.255], [" wand", 0.239], ["nna", 0.232], [" fireman", 0.231], ["head", 0.23], [" happen", 0.227], [" brightly", 0.226]]}, "examples": [{"tokens": [" to", " try", " it", ".", "\n", "\n", "After", " they", " b", "le", "nd", "ed", " the", " avoc", "ado", ","], "acts": [0.0, 0.0, 0.0, 0.0, 0.0, 0.0, 0.0, 4.94, 0.0, 0.0, 1.8682, 1.1085, 0.0, 0.0, 0.0, 0.0], "max_pos": 7, "max_act": 4.9414}, {"tokens": [" with", " a", " knife", ".", " Timmy", " was", " very", " careful", " with", " the", " knife", " because", " he", " didn", "'t", " want", " to", " hurt", " his", " leg", ".", "\n", "\n", "After", " they", " finished", " prep", "ar", "ing", " dinner", ",", " Timmy", "'s"], "acts": [0.7932, 0.0, 0.0, 0.0, 0.0, 0.0, 0.0, 0.0, 0.0, 0.0, 0.0, 0.0, 0.0, 0.0, 0.0, 0.0, 0.0, 0.0, 0.0, 0.0, 0.0, 0.0, 0.5964, 0.0, 4.682, 2.3611, 0.0, 0.0, 2.0981, 0.0, 0.0, 0.0, 0.0], "max_pos": 24, "max_act": 4.6836}, {"tokens": [" the", " dinosaur", " couldn", "'t", " spe", "ak", ",", " but", " he", " still", " thought", " it", " was", " really", " cool", " to", " see", " an", " ancient", " dinosaur", ".", " \n", "\n", "After", " they", " left", " the", " mu", "se", "um", ",", " Timmy", " went"], "acts": [0.0, 0.0, 0.0, 0.0, 0.0, 0.0, 0.0, 0.0, 0.0, 0.0, 0.0, 0.0, 0.0, 0.0, 0.0, 0.0, 0.0, 0.0, 0.0, 0.0, 0.0, 0.0, 0.6678, 0.0, 4.612, 2.7691, 0.0, 0.0, 0.0, 0.0, 0.0, 0.0, 0.0], "max_pos": 24, "max_act": 4.6133}, {"tokens": [" was", " so", " proud", " of", " himself", " for", " understand", "ing", " how", " to", " make", " the", " truck", " go", " and", " for", " win", "ning", " the", " race", ".", "\n", "\n", "After", " they", " finished", " playing", ",", " Timmy", "'s", " mom", " made", " them"], "acts": [0.0, 0.0, 0.0, 0.0, 0.0, 1.1526, 1.3992, 0.0, 0.0, 0.0, 0.0, 0.0, 0.0, 0.0, 0.0, 0.0, 0.0, 0.0, 0.0, 0.0, 0.0, 0.0, 0.482, 0.0, 4.5839, 2.5283, 1.7815, 0.9076, 0.0, 0.0, 0.0, 0.0, 0.0], "max_pos": 24, "max_act": 4.582}, {"tokens": [" Lily", " help", " stir", " the", " cake", " batter", ".", " Lily", " was", " so", " happy", " and", " she", " stirred", " the", " batter", " with", " all", " her", " might", ".", "\n", "\n", "After", " they", " finished", " stir", "r", "ing", ",", " mommy", " told", " Lily"], "acts": [0.0, 0.0, 0.0, 0.0, 0.0, 0.0, 0.0, 0.0, 0.0, 0.0, 0.0, 0.0, 0.0, 0.0, 0.0, 0.0, 1.0515, 0.0, 0.0, 0.0, 0.0, 0.0, 0.0, 0.0, 4.5768, 2.6252, 1.7719, 0.0, 2.9048, 0.6923, 0.0, 0.0, 0.0], "max_pos": 24, "max_act": 4.5781}, {"tokens": ["ing", " time", " with", " her", " mommy", " and", " learning", " new", " things", ".", " \n", "\n", "After", " they", " finished", " ba", "king", ",", " Lily", " couldn", "'t", " wait"], "acts": [0.0, 0.0, 0.0, 0.0, 0.0, 0.0, 0.0, 0.0, 0.0, 0.0, 0.0, 0.0, 0.0, 4.5506, 2.6489, 0.0, 0.0, 0.0, 0.0, 0.0, 0.0, 0.0], "max_pos": 13, "max_act": 4.5508}, {"tokens": [" to", " stir", " the", " soup", " with", " a", " big", " spoon", ".", " She", " loved", " to", " watch", " the", " vegetables", " move", " around", " in", " the", " pot", ".", "\n", "\n", "After", " they", " finished", " cooking", ",", " they", " went", " for", " a", " walk"], "acts": [0.0, 0.0, 0.0, 0.0, 0.8129, 0.0, 0.0, 0.0, 0.0, 0.0, 0.0, 0.0, 0.0, 0.0, 0.0, 0.0, 0.0, 0.0, 0.0, 0.0, 0.0, 0.0, 0.0, 0.0, 4.5461, 2.3507, 1.0066, 0.6412, 1.1308, 0.0, 0.0, 0.928, 0.0], "max_pos": 24, "max_act": 4.5469}, {"tokens": [" him", ".", " Jack", " thought", " it", " was", " really", " cool", ".", " They", " played", " with", " the", " toy", " together", " and", " had", " so", " much", " fun", ".", "\n", "\n", "After", " they", " played", ",", " Jack", " and", " Timmy", "'s", " mom", " gave"], "acts": [0.0, 0.0, 0.0, 0.0, 0.0, 0.0, 0.0, 0.0, 0.0, 0.0, 0.0, 1.1394, 0.0, 0.0, 0.0, 1.1363, 0.7908, 0.0, 0.0, 0.0, 0.0, 0.0, 0.8397, 0.0, 4.5222, 1.8549, 1.2569, 0.0, 0.0, 0.0, 0.0, 0.0, 0.0], "max_pos": 24, "max_act": 4.5234}, {"tokens": [" mom", " added", " sugar", " and", " stirred", " the", " jam", ".", " The", " jam", " smelled", " so", " good", " that", " Lily", " couldn", "'t", " resist", " trying", " it", ".", " \n", "\n", "After", " they", " finished", " making", " the", " jam", ",", " Lily", "'s", " mom"], "acts": [0.0, 0.0, 0.0, 0.0, 0.0, 0.0, 0.0, 0.0, 0.0, 0.0, 0.0, 0.0, 0.0, 0.0, 0.0, 0.0, 0.0, 0.0, 0.0, 0.0, 0.0, 0.0, 0.0, 0.0, 4.5103, 2.5483, 2.1847, 0.0, 0.0, 0.0, 0.0, 0.0, 0.0], "max_pos": 24, "max_act": 4.5117}, {"tokens": [" could", " help", " build", " the", " sand", "c", "ast", "le", ".", " Lily", " was", " happy", " to", " have", " a", " new", " friend", " to", " play", " with", ".", "\n", "\n", "After", " they", " finished", " building", " the", " sand", "c", "ast", "le", ","], "acts": [0.0, 0.0, 0.0, 0.0, 0.0, 0.0, 0.0, 0.0, 0.0, 0.0, 0.0, 0.0, 0.0, 0.0, 0.0, 0.0, 0.0, 0.0, 0.0, 0.0, 0.0, 0.0, 0.0, 0.0, 4.4641, 2.3164, 1.1022, 0.0, 0.0, 0.0, 0.0, 0.0, 0.0], "max_pos": 24, "max_act": 4.4648}, {"tokens": ["?\"", " Her", " mom", " said", ",", " \"", "Sure", ",", " that", " would", " be", " great", "!\"", "\n", "\n", "After", " they", " finished", ",", " Lily", "'s", " mom", " said", ",", " \""], "acts": [0.0, 0.0, 0.0, 0.0, 0.0, 0.0, 0.0, 0.0, 0.0, 0.0, 0.0, 0.0, 0.0, 0.0, 0.0, 0.0, 4.4571, 3.0541, 0.8381, 0.0, 0.0, 0.0, 0.0, 0.0, 0.0], "max_pos": 16, "max_act": 4.457}, {"tokens": ["\"", "No", ",", " sweetie", ",\"", " her", " mom", " replied", ".", " \"", "We", " have", " to", " buy", " the", " g", "ro", "cer", "ies", " first", ".\"", " \n", "\n", "After", " they", " finished", " buy", "ing", " the", " g", "ro", "cer", "ies"], "acts": [0.0, 0.0, 0.0, 0.0, 0.0, 0.0, 0.0, 0.0, 0.0, 0.0, 0.0, 0.0, 0.0, 0.0, 0.0, 0.0, 0.0, 0.0, 0.0, 0.0, 0.0, 0.0, 0.0, 0.0, 4.4404, 2.7253, 2.4519, 1.465, 0.0, 0.0, 0.0, 0.0, 0.0], "max_pos": 24, "max_act": 4.4414}]}