{"id": 1328, "density": 0.07002375, "max_act": 6.890625, "hist": {"edges": [0.01, 0.0133, 0.0178, 0.0237, 0.0316, 0.0422, 0.0562, 0.075, 0.1, 0.1334, 0.1778, 0.2371, 0.3162, 0.4217, 0.5623, 0.7499, 1.0, 1.3335, 1.7783, 2.3714, 3.1623, 4.217, 5.6234, 7.4989, 10.0, 13.3352, 17.7828, 23.7137, 31.6228, 42.1697, 56.2341, 74.9894, 100.0], "counts": [0, 0, 0, 0, 0, 0, 0, 0, 1, 5, 109, 906, 6006, 19890, 33848, 40595, 45602, 47189, 42711, 28825, 12091, 2235, 82, 0, 0, 0, 0, 0, 0, 0, 0, 0]}, "logit_lens": {"promoted": [[" So", 0.376], ["So", 0.344], [" The", 0.252], ["The", 0.234], [" money", 0.233], [" \n", 0.223], [" And", 0.22], [" work", 0.216], [" also", 0.213], [" them", 0.203]], "suppressed": [["ut", 0.303], ["ue", 0.274], ["ter", 0.273], ["re", 0.244], [" te", 0.24], ["vel", 0.236], ["ek", 0.235], [" bite", 0.234], [" dream", 0.229], [" dark", 0.227]]}, "examples": [{"tokens": [" the", " house", ".", " She", " told", " him", " that", " if", " he", " did", " them", " all", ",", " she", " would", " give", " him", " some", " money", " to", " pay", " for", " the", " toy", ".", " Timmy", " worked", " hard", " and", " did", " all", " his", " ch"], "acts": [0.0, 0.0, 2.0267, 0.0, 0.8546, 0.0, 0.0, 0.0, 0.0, 0.0, 0.0, 0.0, 0.0, 0.0, 0.0, 0.0, 0.0, 0.0, 0.0, 0.0, 0.0, 0.0, 0.0, 0.0, 6.8897, 0.3607, 0.0, 0.0, 0.0, 0.0, 0.0, 0.0, 0.0], "max_pos": 24, "max_act": 6.8906}, {"tokens": [" the", " cookie", " tasted", " bad", ".", " She", " told", " him", " that", " sometimes", " cookies", " can", " be", " bitter", " if", " they", " have", " too", " much", " ba", "king", " so", "d", "a", ".", " The", " music", "ian", " thought", " about", " it", " for", " a"], "acts": [0.0, 0.0, 0.0, 0.0, 2.9842, 0.0, 0.6042, 0.0, 0.0, 0.0, 0.0, 0.0, 0.0, 0.0, 0.0, 0.0, 0.0, 0.0, 0.0, 0.0, 0.0, 0.0, 0.0, 0.0, 6.8121, 1.1849, 0.0, 0.0, 0.0, 0.0, 0.0, 0.0, 0.0], "max_pos": 24, "max_act": 6.8125}, {"tokens": [" be", " independent", " and", " not", " follow", " what", " others", " do", ".", " She", " said", " that", " they", " should", " be", " kind", " to", " everyone", ",", " even", " if", " they", " are", " different", ".", " Tweetie", " also", " record", "ed", " the", " figure", "s", " of"], "acts": [0.0, 0.0, 0.0, 0.0, 0.0, 0.0, 0.0, 0.0, 4.7204, 1.5612, 0.4199, 0.0, 0.0, 0.0, 0.0, 0.0, 0.0, 0.0, 0.0, 0.0, 0.0, 0.0, 0.0, 0.0, 6.6833, 0.0, 0.0, 0.0, 0.0, 0.0, 0.0, 0.0, 0.0], "max_pos": 24, "max_act": 6.6836}, {"tokens": [" plan", ".", " He", " told", " the", " fox", " that", " if", " he", " waited", " a", " little", " while", ",", " he", " could", " bring", " him", " some", " delicious", " carrots", " to", " eat", " instead", ".", " The", " fox", " agreed", " and", " waited", " while", " W", "oo"], "acts": [0.0, 1.9187, 0.0, 0.0, 0.0, 0.0, 0.0, 0.0, 0.0, 0.0, 0.0, 0.0, 0.0, 0.0, 0.0, 0.0, 0.0, 0.0, 0.0, 0.0, 0.0, 0.0, 0.0, 0.0, 6.3489, 0.9572, 0.0, 0.0, 0.0, 0.0, 0.0, 0.0, 0.0], "max_pos": 24, "max_act": 6.3477}, {"tokens": ["iz", "ard", " came", " to", " the", " castle", " and", " told", " the", " knight", " that", " he", " needed", " to", " prep", "are", " better", " if", " he", " wanted", " to", " win", ".", " \n", "\n", "The", " knight", " didn", "'t", " want", " to"], "acts": [0.0, 0.0, 0.0, 0.0, 0.0, 0.0, 0.0, 0.0, 0.0, 0.0, 0.0, 0.0, 0.0, 0.0, 0.0, 0.0, 0.0, 0.0, 0.0, 0.0, 0.0, 0.0, 6.301, 1.9894, 3.9918, 0.0, 0.0, 0.0, 0.0, 0.0, 0.0], "max_pos": 22, "max_act": 6.3008}, {"tokens": [".", " Her", " mom", " told", " her", " that", " if", " she", " was", " ever", " in", " trouble", ",", " or", " if", " she", " needed", " help", ",", " she", " should", " ring", " the", " bell", ".", " \n", "\n", "The", " little", " girl", " nodded", " and", " smiled"], "acts": [3.0999, 0.6985, 0.0, 0.0, 0.0, 0.0, 0.0, 0.0, 0.0, 0.0, 0.0, 0.0, 1.9244, 0.0, 0.0, 0.0, 0.0, 0.0, 2.1316, 0.0, 0.0, 0.0, 0.0, 0.0, 6.2798, 2.5804, 4.4227, 0.8589, 0.0, 0.0, 0.0, 0.0, 0.0], "max_pos": 24, "max_act": 6.2812}, {"tokens": ["est", " part", " of", " the", " woods", ".", " She", " said", " that", " if", " the", " hunter", " ever", " needed", " help", ",", " he", " should", " just", " come", " and", " look", " for", " her", ".", "\n", "\n", "The", " hunter", " and", " the", " fairy", " became"], "acts": [0.0, 0.0, 0.0, 0.0, 0.0, 4.4019, 0.0, 0.0, 0.0, 0.0, 0.0, 0.0, 0.0, 0.0, 0.0, 2.0724, 0.0, 0.0, 0.0, 0.0, 0.0, 0.0, 0.0, 0.0, 6.2468, 3.9475, 5.2333, 1.2652, 0.0, 0.0, 0.0, 0.0, 0.0], "max_pos": 24, "max_act": 6.2461}, {"tokens": [" the", " danger", " of", " being", " alone", " in", " the", " woods", " and", " told", " her", " that", " she", " should", " always", " go", " with", " a", " grown", "-", "up", " when", " out", " exploring", ".", " The", " little", " girl", " thanked", " the", " man", " for", " war"], "acts": [0.0, 0.0, 0.0, 0.0, 0.0, 0.0, 0.0, 0.0, 0.0, 0.0, 0.0, 0.0, 0.0, 0.0, 0.0, 0.0, 0.0, 0.0, 0.0, 0.0, 0.0, 0.0, 0.0, 0.0, 6.2162, 1.2895, 0.0, 0.0, 0.0, 0.0, 0.0, 0.0, 0.0], "max_pos": 24, "max_act": 6.2148}, {"tokens": [" he", " met", " some", " other", " bear", "s", " -", " but", " instead", " of", " making", " them", " do", " what", " he", " wanted", ",", " he", " reminded", " them", " to", " stay", " safe", " too", ".", " B", "y", " the", " time", " he", " got", " home", ","], "acts": [0.0, 0.0, 0.0, 0.0, 0.0, 0.0, 0.0, 0.0, 0.0, 0.0, 0.0, 0.0, 0.0, 0.0, 0.0, 0.0, 0.0, 0.0, 0.0, 0.0, 0.0, 0.0, 0.0, 0.0, 6.21, 0.0, 0.0, 0.0, 0.0, 0.0, 0.0, 0.0, 0.0], "max_pos": 24, "max_act": 6.2109}, {"tokens": [" thanked", " the", " little", " girl", " for", " playing", " with", " his", " car", ",", " but", " reminded", " her", " that", " she", " should", " only", " l", "end", " things", " that", " belong", " to", " her", ".", "\n", "\n", "The", " little", " girl", " understood", " and", " thanked"], "acts": [0.0, 0.0, 0.0, 0.0, 0.0, 0.0, 0.0, 0.0, 0.0, 0.0, 0.6738, 0.0, 0.0, 0.0, 0.0, 0.0, 0.0, 0.0, 0.0, 0.0, 0.0, 0.0, 0.0, 0.0, 6.1983, 3.008, 4.6526, 1.2787, 0.0, 0.0, 0.0, 0.0, 0.0], "max_pos": 24, "max_act": 6.1992}, {"tokens": [" did", " and", " she", " gave", " him", " a", " hug", ".", " She", " said", " she", " still", " loves", " him", ",", " even", " if", " she", " had", " to", " p", "un", "ish", " him", ".", " \n", "\n", "The", " butterfly", " was", " so", " happy", "."], "acts": [0.0, 0.0, 0.0, 0.0, 0.0, 0.0, 0.0, 2.7113, 0.0, 0.0, 0.0, 0.0, 0.0, 0.0, 0.0, 0.0, 0.0, 0.0, 0.0, 0.0, 0.0, 0.0, 1.2229, 0.0, 6.1761, 2.5326, 3.6836, 0.0, 0.0, 0.0, 0.0, 0.0, 0.0], "max_pos": 24, "max_act": 6.1758}, {"tokens": [" to", " war", "n", " her", " not", " to", " play", " in", " the", " fountain", ".", " He", " reminded", " her", " that", " saf", "et", "y", " is", " more", " important", " than", " having", " fun", ".", "\n", "\n", "P", "olly", " thanked", " the", " stranger", ","], "acts": [0.0, 0.0, 0.0, 0.0, 0.0, 0.0, 0.0, 0.0, 0.0, 0.0, 4.4551, 0.0, 0.0, 0.0, 0.0, 0.0, 0.0, 0.0, 0.0, 0.0, 0.0, 0.0, 0.0, 0.0, 6.1642, 3.5593, 4.6701, 0.0, 0.0, 0.0, 0.0, 0.0, 0.0], "max_pos": 24, "max_act": 6.1641}]}