{"id": 133, "density": 0.0106795, "max_act": 7.5703125, "hist": {"edges": [0.01, 0.0133, 0.0178, 0.0237, 0.0316, 0.0422, 0.0562, 0.075, 0.1, 0.1334, 0.1778, 0.2371, 0.3162, 0.4217, 0.5623, 0.7499, 1.0, 1.3335, 1.7783, 2.3714, 3.1623, 4.217, 5.6234, 7.4989, 10.0, 13.3352, 17.7828, 23.7137, 31.6228, 42.1697, 56.2341, 74.9894, 100.0], "counts": [0, 0, 0, 0, 0, 0, 0, 0, 0, 4, 44, 231, 670, 1811, 5098, 10126, 8766, 7514, 4182, 2514, 1041, 513, 203, 1, 0, 0, 0, 0, 0, 0, 0, 0]}, "logit_lens": {"promoted": [[" away", 0.471], [" distance", 0.373], [" harm", 0.347], ["There", 0.326], ["ang", 0.323], ["ite", 0.316], ["ance", 0.3], [" island", 0.289], ["hood", 0.287], [" distant", 0.281]], "suppressed": [["et", 0.364], ["ely", 0.261], [" br", 0.232], ["l", 0.211], ["ly", 0.2], ["ually", 0.187], ["est", 0.171], [" obser", 0.169], [" me", 0.168], ["omet", 0.16]]}, "examples": [{"tokens": ["ain", " happy", " and", " still", " have", " a", " lot", " to", " give", ".", "<|endoftext|>", "Once", " upon", " a", " time", ",", " there", " was", " a", " pirate", " who", " lived", " in", " a", " far", " away", " land", ".", " He", " was", " a", " mean", " pirate"], "acts": [0.0, 0.0, 0.0, 0.0, 0.0, 0.0, 0.0, 0.0, 0.0, 0.0, 0.5777, 2.0018, 0.0, 0.0, 0.0, 0.0, 1.3037, 0.0, 0.0, 0.0, 0.0, 0.0, 0.0, 0.0, 7.5694, 1.566, 1.4187, 0.0, 0.0, 0.0, 0.0, 0.0, 0.0], "max_pos": 24, "max_act": 7.5703}, {"tokens": [" that", " asking", " for", " help", " can", " solve", " problem", "s", ".", "<|endoftext|>", "Once", " upon", " a", " time", ",", " there", " was", " a", " bossy", " king", " who", " lived", " on", " a", " far", " away", " plan", "et", ".", " The", " king", " liked", " to"], "acts": [0.0, 0.0, 0.0, 0.0, 0.0, 0.0, 0.0, 0.0, 0.0, 0.0, 0.0, 0.0, 0.0, 0.0, 0.0, 0.7698, 0.0, 0.0, 0.0, 0.0, 0.0, 0.0, 0.0, 0.0, 7.4713, 0.0, 0.0, 0.0, 0.0, 0.0, 0.0, 0.0, 0.0], "max_pos": 24, "max_act": 7.4727}, {"tokens": [" They", " were", " so", " happy", " that", " they", " had", " found", " something", " to", " become", " part", " of", " their", " family", ".", "<|endoftext|>", "Once", " upon", " a", " time", ",", " in", " a", " far", " away", " forest", ",", " there", " lived", " a", " magical", " dragon"], "acts": [0.0, 0.0, 0.0, 0.0, 0.0, 0.0, 0.0, 0.0, 0.0, 0.0, 0.0, 0.0, 0.0, 0.0, 0.0, 0.0, 0.3329, 1.9485, 0.0, 0.0, 0.0, 0.0, 0.0, 0.0, 7.371, 1.553, 3.3075, 0.0, 1.038, 0.0, 0.0, 0.0, 0.0], "max_pos": 24, "max_act": 7.3711}, {"tokens": [".", " He", " was", " happy", " to", " have", " helped", " so", " many", " people", ".", "\n", "\n", "The", " end", ".", "<|endoftext|>", "Once", " upon", " a", " time", " in", " a", " very", " far", " away", " forest", " there", " was", " a", " ch", "ubby", " little"], "acts": [0.0, 0.0, 0.0, 0.0, 0.0, 0.0, 0.0, 0.0, 0.0, 0.0, 0.0, 0.0, 0.0, 0.0, 0.0, 0.0, 0.0, 1.678, 0.0, 0.0, 0.0, 0.0, 0.0, 0.0, 7.3434, 0.0, 2.5686, 0.0, 0.0, 0.0, 0.0, 0.0, 0.0], "max_pos": 24, "max_act": 7.3438}, {"tokens": [" share", " snacks", " with", " her", " new", " friend", ".", " She", " was", " so", " excited", "!", "<|endoftext|>", "Once", " upon", " a", " time", ",", " a", " powerful", " king", " lived", " in", " a", " far", " away", " king", "dom", ".", " He", " was", " the", " ru"], "acts": [0.0, 0.0, 0.0, 0.0, 0.0, 0.0, 0.0, 0.0, 0.0, 0.0, 0.0, 0.0, 0.0, 1.2573, 0.0, 0.0, 0.0, 0.0, 0.0, 0.0, 0.0, 0.0, 0.0, 0.0, 7.2726, 1.3308, 0.0, 0.0, 0.0, 0.0, 0.0, 0.0, 0.0], "max_pos": 24, "max_act": 7.2734}, {"tokens": [" compl", "ain", " about", " her", " life", ".", "\n", "\n", "One", " day", ",", " Sarah", " went", " to", " visit", " a", " wise", " old", " man", ",", " who", " lived", " in", " a", " far", " away", " place", ".", " She", " told", " him", " all", " the"], "acts": [0.0, 0.0, 0.0, 0.0, 0.0, 0.0, 0.0, 0.0, 0.0, 0.0, 0.0, 0.0, 0.0, 0.0, 0.0, 0.0, 0.0, 0.0, 0.0, 0.0, 0.0, 0.0, 0.0, 0.0, 7.2583, 0.0, 2.8832, 0.0, 0.0, 0.0, 0.0, 0.0, 0.0], "max_pos": 24, "max_act": 7.2578}, {"tokens": [" could", " feel", " the", " fierce", " he", "at", " from", " the", " fire", ",", " and", " dri", "ft", " off", " to", " sleep", ".", "<|endoftext|>", "Once", " upon", " a", " time", " in", " a", " far", " off", " king", "dom", ",", " there", " lived", " a", " very"], "acts": [0.0, 0.0, 0.0, 0.0, 0.0, 0.0, 0.0, 0.0, 0.0, 0.0, 0.0, 0.0, 0.0, 0.0, 0.0, 0.0, 0.0, 0.0, 1.6472, 0.0, 0.0, 0.0, 0.0, 0.0, 7.2241, 0.0, 0.0, 0.0, 0.0, 0.9142, 0.0, 0.0, 0.0], "max_pos": 24, "max_act": 7.2227}, {"tokens": [" little", " girl", " called", " Jane", ".", " She", " lived", " in", " a", " small", " village", " and", " loved", " to", " explore", ".", " One", " day", ",", " Jane", " decided", " to", " explore", " somewhere", " far", " away", ",", " so", " she", " said", " goodbye", " to", " her"], "acts": [0.0, 0.0, 0.0, 0.0, 0.0, 0.0, 0.0, 0.0, 0.0, 0.0, 3.2951, 0.0, 0.0, 0.0, 0.0, 0.0, 0.0, 0.0, 0.0, 0.0, 0.0, 0.0, 0.0, 1.731, 7.1809, 0.0, 0.0, 0.0, 0.0, 0.0, 0.0, 0.0, 0.0], "max_pos": 24, "max_act": 7.1797}, {"tokens": [" that", " he", " had", " bought", " a", " nice", " suit", ".", " The", " end", ".", "<|endoftext|>", "Once", " upon", " a", " time", ",", " there", " were", " two", " people", "s", " in", " a", " far", " away", " land", ".", " E", "ach", " were", " very", " strong"], "acts": [0.0, 0.0, 0.0, 0.0, 0.0, 0.0, 0.0, 0.0, 0.0, 0.0, 0.0, 0.0, 1.5358, 0.0, 0.0, 0.0, 0.0, 1.2542, 0.0, 0.0, 0.0, 0.0, 0.0, 0.0, 7.1212, 1.3212, 0.0, 0.0, 0.0, 0.0, 0.0, 0.0, 0.0], "max_pos": 24, "max_act": 7.1211}, {"tokens": [" her", " jog", " down", " the", " road", ".", " She", " knew", " it", " was", " going", " to", " be", " a", " good", " day", ".", "<|endoftext|>", "Once", " upon", " a", " time", " in", " a", " far", " away", " land", " lived", " a", " family", " of", " rare", " fo"], "acts": [0.0, 0.0, 0.0, 0.0, 0.0, 0.0, 0.0, 0.0, 0.0, 0.0, 0.0, 0.0, 0.0, 0.0, 0.0, 0.0, 0.0, 0.0, 1.6418, 0.0, 0.0, 0.0, 0.0, 0.0, 7.1152, 1.4609, 1.1845, 0.0, 0.0, 0.9532, 0.0, 0.0, 0.0], "max_pos": 24, "max_act": 7.1133}, {"tokens": [" you", " come", " and", " play", " again", " soon", "!\"", "<|endoftext|>", "Once", " upon", " a", " time", ",", " there", " was", " a", " big", " monkey", ".", " He", " lived", " in", " a", " place", " far", " away", ",", " full", " of", " forest", "s", " and", " animals"], "acts": [0.0, 0.0, 0.0, 0.0, 0.0, 0.0, 0.0, 0.0, 2.1319, 0.0, 0.0, 0.0, 0.0, 0.8529, 0.0, 0.0, 0.0, 0.0, 0.0, 0.0, 0.0, 0.0, 0.0, 3.5089, 7.0354, 0.0, 0.0, 0.0, 0.0, 1.4641, 0.0, 0.0, 0.0], "max_pos": 24, "max_act": 7.0352}, {"tokens": [" everything", " that", " tast", "es", " bad", " is", " bad", ".", " Grandma", " smiled", " back", " and", " continued", " with", " her", " garden", ".", "<|endoftext|>", "Once", " upon", " a", " time", " in", " a", " far", " away", " land", ",", " there", " lived", " a", " ch", "ubby"], "acts": [0.0, 0.0, 0.0, 0.0, 0.0, 0.0, 0.0, 0.0, 0.0, 0.0, 0.0, 0.0, 0.0, 0.0, 0.0, 0.0, 0.0, 0.0, 1.5936, 0.0, 0.0, 0.0, 0.0, 0.0, 7.0238, 0.0, 1.0037, 0.0, 0.7551, 0.0, 0.0, 0.0, 0.0], "max_pos": 24, "max_act": 7.0234}]}