{"id": 1340, "density": 0.01394425, "max_act": 9.5859375, "hist": {"edges": [0.01, 0.0133, 0.0178, 0.0237, 0.0316, 0.0422, 0.0562, 0.075, 0.1, 0.1334, 0.1778, 0.2371, 0.3162, 0.4217, 0.5623, 0.7499, 1.0, 1.3335, 1.7783, 2.3714, 3.1623, 4.217, 5.6234, 7.4989, 10.0, 13.3352, 17.7828, 23.7137, 31.6228, 42.1697, 56.2341, 74.9894, 100.0], "counts": [0, 0, 0, 0, 0, 0, 0, 0, 0, 0, 49, 285, 1461, 5559, 9860, 10431, 8474, 6724, 5487, 3827, 1819, 563, 510, 728, 0, 0, 0, 0, 0, 0, 0, 0]}, "logit_lens": {"promoted": [[" door", 0.225], [" my", 0.198], ["row", 0.198], [" I", 0.194], [" the", 0.188], [" puzz", 0.184], [" this", 0.183], ["w", 0.182], ["he", 0.181], [" There", 0.179]], "suppressed": [[" promise", 0.317], ["hood", 0.31], [" themselves", 0.303], ["ually", 0.275], [" ag", 0.275], [" comp", 0.27], [" herself", 0.267], [" pr", 0.261], [" bought", 0.258], [" arri", 0.258]]}, "examples": [{"tokens": [" she", " got", " an", " idea", ".", " She", " ran", " to", " her", " bedroom", " and", " grabbed", " the", " she", "et", " from", " her", " bed", ".", " She", " yelled", ",", " \u00e2\u20ac\u0153", "Mommy", ",", " I", "\u00e2\u20ac\u2122", "m", " thirsty", "!", " Can", " I", " drink"], "acts": [0.0, 0.0, 0.0, 0.0, 0.0, 0.0, 0.0, 0.0, 0.0, 0.0, 0.0, 0.0, 0.0, 0.0, 0.0, 0.0, 0.0, 0.0, 0.0, 0.0, 0.0, 1.1046, 0.0, 1.4643, 9.5835, 1.0221, 0.0, 0.0, 0.0, 1.6343, 0.0, 0.0, 0.9864], "max_pos": 24, "max_act": 9.5859}, {"tokens": [",", " she", " heard", " a", " loud", " noise", ".", " She", " woke", " up", " and", " saw", " a", " big", " fire", " outside", " her", " window", ".", " She", " shouted", ",", " \"", "Mommy", ",", " there", "'s", " a", " fire", "!\"", " Her", " mommy", " quickly"], "acts": [0.0, 0.0, 0.0, 0.0, 0.0, 0.0, 0.0, 0.0, 0.0, 0.0, 0.0, 0.0, 0.0, 0.0, 0.0, 0.0, 0.0, 0.0, 0.0, 0.0, 0.0, 0.8385, 0.0, 1.2014, 9.4205, 0.0, 0.0, 0.0, 0.0, 0.0, 0.0, 0.0, 0.0], "max_pos": 24, "max_act": 9.4219}, {"tokens": [".", " She", " went", " to", " the", " kitchen", ",", " and", " then", " she", " saw", " the", " stove", ".", "\n", "\n", "Mary", " said", " to", " her", " mom", ",", " \u00e2\u20ac\u0153", "Mommy", ",", " can", " I", " cut", " the", " stove", "?\u00e2\u20ac", "\n", "\n"], "acts": [0.0, 0.0, 0.0, 0.0, 0.0, 0.0, 0.0, 0.0, 0.0, 0.0, 0.0, 0.0, 0.0, 0.0, 0.0, 0.0, 0.0, 0.0, 0.0, 0.0, 0.0, 2.2784, 1.356, 1.7883, 9.4103, 0.9413, 0.0, 0.0, 0.0, 0.0, 0.0, 0.0, 0.0], "max_pos": 24, "max_act": 9.4141}, {"tokens": ["\n", "\n", "So", " they", " ran", " inside", " and", " shouted", ",", " \"", "Mommy", ",", " Daddy", ",", " look", " at", " this", " cool", " golf", " ball"], "acts": [0.0, 0.0, 0.0, 0.0, 0.0, 0.0, 0.0, 0.0, 0.0, 0.0, 1.9566, 9.3541, 0.0, 7.4679, 1.0752, 1.66, 0.0, 0.0, 0.0, 0.0], "max_pos": 11, "max_act": 9.3516}, {"tokens": [" ground", " was", " covered", " in", " snow", ".", " The", " little", " girl", " gasped", ".", "\n", "\n", "She", " quickly", " ran", " to", " her", " mom", " and", " said", ",", " \"", "Mommy", ",", " there", "'s", " snow", " outside", "!", " Can", " we", " go"], "acts": [0.0, 0.0, 0.0, 0.0, 0.0, 0.0, 0.0, 0.0, 0.0, 0.0, 0.0, 0.0, 0.0, 0.0, 0.0, 0.0, 0.0, 0.0, 0.0, 0.0, 0.7368, 0.3324, 0.6555, 1.9465, 9.3343, 0.0, 0.0, 0.0, 0.0, 0.0, 0.0, 0.0, 0.0], "max_pos": 24, "max_act": 9.3359}, {"tokens": [" watched", " the", " flower", " bloom", ".", " Then", ",", " she", " saw", " something", " else", " in", " the", " grass", ".", " It", " was", " a", " fish", "!", "\n", "\n", "\u00e2\u20ac\u0153", "Mommy", ",", " can", " I", " take", " the", " fish", " home", "?\u00e2\u20ac", " asked"], "acts": [0.0, 0.0, 0.0, 0.0, 0.0, 0.0, 0.0, 0.0, 0.0, 0.0, 0.0, 0.0, 0.0, 0.0, 0.0, 0.0, 0.0, 0.0, 0.0, 0.0, 0.0, 0.0, 0.0, 0.9644, 9.3303, 1.3647, 0.0, 0.0, 0.0, 0.0, 0.0, 0.0, 0.0], "max_pos": 24, "max_act": 9.3281}, {"tokens": [" and", " decided", " to", " go", " and", " tell", " her", " mommy", ".", " \n", "\n", "Jane", " ran", " inside", " the", " house", " to", " the", " kitchen", " and", " said", ":", " \"", "Mommy", ",", " look", "!", " I", " found", " a", " crack", " and", " it"], "acts": [0.0, 0.0, 0.0, 0.0, 0.0, 0.0, 0.0, 0.0, 0.0, 0.0, 0.0, 0.0, 0.0, 0.0, 0.0, 0.0, 0.0, 0.0, 0.0, 0.0, 0.5265, 0.0, 0.0, 1.601, 9.3196, 1.1094, 5.0363, 0.8021, 1.0416, 0.0, 0.0, 0.0, 0.0], "max_pos": 24, "max_act": 9.3203}, {"tokens": [" doll", " at", " home", ".", " She", " started", " to", " cry", " and", " said", ",", " \"", "Mommy", ",", " I", " forgot", " my", " doll", "!", " I", "'m", " so"], "acts": [0.0, 0.0, 0.0, 0.0, 0.0, 0.0, 0.0, 0.0, 0.0, 0.0, 0.0, 0.5735, 1.7744, 9.3211, 1.2614, 1.0265, 0.0, 0.0, 0.5739, 0.0, 0.0, 0.0], "max_pos": 13, "max_act": 9.3203}, {"tokens": [" a", " big", " block", " of", " cheese", ".", " He", " said", ",", " \u00e2\u20ac\u0153", "Mommy", ",", " I", " want", " cheese", "!\u00e2\u20ac", " His", " mom", " said", ","], "acts": [0.0, 0.0, 0.0, 0.0, 0.0, 0.0, 0.0, 0.0, 0.0, 0.0, 1.8577, 9.3054, 0.0, 0.0, 0.0, 0.0, 0.0, 0.0, 0.0, 0.6746], "max_pos": 11, "max_act": 9.3047}, {"tokens": [" to", " paint", ".", " Emily", " was", " very", " eager", ",", " and", " rushed", " to", " the", " garage", " to", " pick", " out", " her", " supp", "lies", ".", "\n", "\n", "\u00e2\u20ac\u0153", "Mommy", ",", " what", " can", " I", " paint", "?\u00e2\u20ac", " she", " asked", "."], "acts": [0.0, 0.0, 0.0, 0.0, 0.0, 0.0, 0.0, 0.0, 0.0, 0.0, 0.0, 0.0, 0.0, 0.0, 0.0, 0.0, 0.0, 0.0, 0.0, 0.0, 0.0, 0.0, 0.5479, 0.994, 9.2763, 1.6655, 0.0, 0.0, 0.0, 0.0, 0.0, 0.0, 0.0], "max_pos": 24, "max_act": 9.2734}, {"tokens": [" was", " nothing", " to", " eat", ".", " He", " started", " to", " compl", "ain", ".", "\n", "\n", "\"", "Mommy", ",", " I", "'m", " so", " hungry", ",\"", " he", " said", "."], "acts": [0.0, 0.0, 0.0, 0.0, 0.0, 0.0, 0.0, 0.0, 0.0, 0.0, 0.0, 0.0, 0.0, 0.0, 0.8992, 9.2233, 0.9844, 0.0, 0.0, 0.0, 0.0, 0.0, 0.0, 0.0], "max_pos": 15, "max_act": 9.2266}, {"tokens": [" amazing", " -", " an", " empty", " ma", "ss", "age", " chair", "!", " Mary", " was", " delighted", " and", " decided", " to", " use", " it", ".", "\n", "She", " shouted", ",", " \"", "Mommy", ",", " can", " I", " dis", "pl", "ay", " the", " ma", "ss"], "acts": [0.0, 0.0, 0.0, 0.0, 0.0, 0.0, 0.0, 0.0, 0.0, 0.0, 0.0, 0.0, 0.0, 0.0, 0.0, 0.0, 0.0, 0.0, 0.0, 0.0, 0.0, 0.0, 0.0, 1.1736, 9.2148, 0.0, 0.0, 0.0, 0.0, 0.0, 0.0, 0.0, 0.0], "max_pos": 24, "max_act": 9.2109}]}