{"id": 1345, "density": 0.022363, "max_act": 5.703125, "hist": {"edges": [0.01, 0.0133, 0.0178, 0.0237, 0.0316, 0.0422, 0.0562, 0.075, 0.1, 0.1334, 0.1778, 0.2371, 0.3162, 0.4217, 0.5623, 0.7499, 1.0, 1.3335, 1.7783, 2.3714, 3.1623, 4.217, 5.6234, 7.4989, 10.0, 13.3352, 17.7828, 23.7137, 31.6228, 42.1697, 56.2341, 74.9894, 100.0], "counts": [0, 0, 0, 0, 0, 0, 0, 0, 0, 4, 38, 293, 2123, 8146, 16917, 20533, 16756, 11499, 6824, 4198, 1846, 274, 1, 0, 0, 0, 0, 0, 0, 0, 0, 0]}, "logit_lens": {"promoted": [[" offered", 0.288], [" kissed", 0.262], [" kiss", 0.261], [" asked", 0.243], [" noticed", 0.231], [" brought", 0.219], [" whispered", 0.206], [" bit", 0.197], [" gently", 0.196], [" pat", 0.191]], "suppressed": [[" faces", 0.299], [" driving", 0.294], ["ep", 0.289], [" running", 0.289], ["ers", 0.274], ["pt", 0.261], ["ly", 0.259], ["ikes", 0.259], [" incredible", 0.255], [" fast", 0.254]]}, "examples": [{"tokens": [" embarrassed", ".", " Everyone", " around", " him", " started", " to", " laugh", ".", "\n", "\n", "But", " then", ",", " one", " of", " the", " a", "ctor", "s", " came", " over", " to", " Billy", " and", " smiled", " at", " him", ".", " He", " said", " to", " Billy"], "acts": [0.0, 0.0, 0.0, 0.0, 0.0, 0.0, 0.0, 0.0, 0.0, 0.0, 0.0, 0.0, 0.0, 0.0, 0.0, 0.0, 0.0, 0.0, 0.0, 0.0, 0.0, 0.0, 1.0738, 0.0, 5.7017, 0.6884, 0.0, 0.0, 0.0, 1.14, 0.0, 0.0, 0.0], "max_pos": 24, "max_act": 5.7031}, {"tokens": ["hing", ".", " \n", "\n", "The", " raven", " flew", " over", " to", " them", " and", " said", ",", " \u00e2\u20ac\u0153", "I", " have", " this", " white", " box"], "acts": [0.0, 0.0, 0.0, 0.0, 0.0, 0.8595, 0.0, 0.0, 1.3129, 0.7042, 5.55, 1.5589, 0.4166, 0.4364, 0.0, 0.0, 0.0, 0.0, 0.0], "max_pos": 10, "max_act": 5.5508}, {"tokens": [" be", " just", " right", ".", "\n", "\n", "One", " day", ",", " he", " saw", " a", " nest", " in", " a", " tall", " tree", ".", " The", " bird", " flew", " up", " to", " it", " and", " said", ",", " \"", "I", " like", " this", " nest", "!"], "acts": [0.0, 0.0, 0.0, 0.0, 0.0, 0.0, 0.0, 0.0, 0.0, 0.0, 0.0, 0.0, 0.0, 0.0, 0.0, 0.0, 0.0, 0.0, 0.0, 0.0, 0.0, 0.0, 0.0, 1.0961, 5.4852, 0.5665, 0.4829, 0.7765, 0.0, 0.0, 0.0, 0.0, 0.0], "max_pos": 24, "max_act": 5.4844}, {"tokens": [".\"", "\n", "\n", "The", " swan", " looked", " at", " them", " with", " its", " black", " eyes", ".", " It", " seemed", " curious", " and", " calm", ".", " It", " swam", " closer", " to", " them", " and", " let", " them", " touch", " its", " soft", " feathers", ".", "\n"], "acts": [0.0, 0.0, 0.0, 0.0, 0.0, 0.0, 0.0, 0.0, 0.0, 0.0, 0.0, 0.0, 0.0, 2.1794, 0.0, 0.0, 0.0, 0.0, 0.0, 1.1973, 0.0, 0.0, 1.344, 0.877, 5.4016, 0.0, 0.0, 0.0, 0.0, 0.0, 0.0, 0.0, 0.0], "max_pos": 24, "max_act": 5.4023}, {"tokens": [" she", " stayed", " still", " and", " rem", "ained", " sil", "ent", ".", " \n", "\n", "G", "r", "ad", "ually", ",", " the", " hedge", "ho", "g", " came", " closer", " to", " Lucy", " and", " they", " became", " friends", ".", " Every", " day", ",", " Lucy"], "acts": [0.0, 0.0, 0.0, 0.0, 0.0, 0.0, 0.0, 0.0, 0.0, 0.0, 0.0, 0.0, 0.0, 0.0, 0.0, 0.0, 0.0, 0.0, 0.0, 0.0, 0.0, 0.0, 2.0919, 0.0, 5.3687, 0.0, 0.0, 0.0, 0.0, 0.0, 0.0, 0.0, 0.0], "max_pos": 24, "max_act": 5.3672}, {"tokens": [" it", "!", " He", " started", " to", " frown", " and", " feel", " a", " bit", " sad", ".", "\n", "\n", "But", " then", ",", " a", " libr", "arian", " came", " up", " to", " him", " and", " smiled", ".", " She", " said", " she", " was", " sure", " she"], "acts": [0.0, 0.0, 0.0, 0.0, 0.0, 0.0, 0.0, 0.0, 0.0, 0.0, 0.0, 0.0, 0.0, 0.0, 0.0, 0.0, 0.0, 0.0, 0.0, 0.0, 0.0, 0.0, 0.0, 0.0, 5.3404, 0.7824, 0.0, 1.0907, 0.0, 0.0, 0.0, 0.0, 0.0], "max_pos": 24, "max_act": 5.3398}, {"tokens": [" smiled", ".", " He", " put", " it", " in", " his", " pocket", " and", " continued", " to", " read", ".", " \n", "\n", "Suddenly", ",", " a", " small", " girl", " came", " up", " to", " him", " and", " said", ",", " \"", "Hi", " I", "'m", " Molly", "."], "acts": [0.0, 0.0, 1.0763, 0.0, 0.0, 0.0, 0.0, 0.0, 0.0, 0.0, 0.0, 0.0, 0.0, 0.0, 0.0, 0.0, 0.0, 0.0, 0.0, 0.0, 0.0, 0.0, 0.0, 0.0, 5.2946, 0.6066, 0.0, 0.4958, 0.0, 0.0, 0.0, 0.0, 0.0], "max_pos": 24, "max_act": 5.293}, {"tokens": [" at", " her", " and", " the", " whale", " was", " so", " sad", ".", " Just", " when", " she", " was", " going", " to", " leave", ",", " an", " old", " whale", " came", " up", " to", " her", " and", " said", ":", " \"", "L", "ying", " does", " not", " make"], "acts": [0.0, 0.0, 1.9082, 0.0, 0.0, 0.0, 0.0, 0.0, 0.0, 0.0, 0.0, 0.0, 0.0, 0.0, 0.0, 0.0, 0.0, 0.0, 0.0, 0.0, 0.0, 0.0, 0.0, 0.0, 5.2921, 0.0, 0.0, 0.0, 0.0, 0.0, 0.0, 0.0, 0.0], "max_pos": 24, "max_act": 5.293}, {"tokens": [" loud", " lion", ".", " He", " roared", " all", " day", " long", " and", " scared", " all", " the", " animals", ".", " One", " day", ",", " a", " little", " mouse", " came", " up", " to", " him", " and", " asked", ",", " \"", "Why", " do", " you", " roar", " so"], "acts": [0.0, 0.0, 0.0, 0.0, 0.0, 0.0, 0.0, 0.0, 0.0, 0.0, 0.0, 0.0, 0.0, 0.0, 0.0, 0.0, 0.0, 0.0, 0.0, 0.0, 0.0, 0.0, 0.0, 0.0, 5.2767, 0.7161, 0.0, 0.0, 0.0, 0.0, 0.0, 0.0, 0.0], "max_pos": 24, "max_act": 5.2773}, {"tokens": [" in", " his", " pocket", ".", " One", " day", ",", " the", " little", " boy", " was", " inv", "est", "ig", "ating", " his", " nuts", " when", " a", " squirrel", " came", " up", " to", " him", " and", " said", " \"", "Hello", ",", " can", " I", " take", " a"], "acts": [0.0, 0.0, 0.0, 0.0, 0.0, 0.0, 0.0, 0.0, 0.0, 0.0, 0.0, 0.0, 0.0, 0.0, 0.0, 0.0, 0.0, 0.4074, 0.0, 0.0, 0.0, 0.0, 0.0, 0.0, 5.2476, 0.5324, 0.749, 0.0, 0.0, 0.0, 0.0, 0.0, 0.0], "max_pos": 24, "max_act": 5.2461}, {"tokens": [" don", "key", " was", " sad", " and", " didn", "'t", " understand", " why", " he", " got", " sl", "apped", ".", " But", " then", ",", " a", " kind", " dog", " came", " up", " to", " him", " and", " said", ",", " \"", "Don", "'t", " worry", ",", " you"], "acts": [0.0, 0.0, 0.0, 0.0, 0.0, 0.0, 0.0, 0.0, 0.0, 0.0, 0.0, 0.0, 0.0, 0.0, 0.0, 0.0, 0.0, 0.0, 0.0, 0.0, 0.0, 0.0, 0.0, 0.0, 5.2257, 0.5698, 0.0, 0.0, 0.0, 0.0, 0.0, 0.0, 0.0], "max_pos": 24, "max_act": 5.2266}, {"tokens": [" it", " outside", " and", " held", " it", " close", " to", " the", " bird", ".", "\n", "\n", "The", " bird", " was", " very", " impressed", ".", " It", " flew", " right", " up", " to", " Alice", " and", " ate", " all", " the", " food", " she", " had", " to", " off"], "acts": [0.0, 0.0, 1.4505, 0.0, 0.0, 0.0, 1.1126, 0.0, 0.0, 0.0, 0.3669, 0.0, 0.0, 0.0, 0.0, 0.0, 0.0, 0.0, 0.6382, 0.0, 0.0, 0.0, 0.0, 0.0, 5.2022, 0.0, 0.0, 0.0, 0.0, 0.0, 0.0, 0.0, 0.0], "max_pos": 24, "max_act": 5.2031}]}