{"id": 1348, "density": 0.0292605, "max_act": 11.1640625, "hist": {"edges": [0.01, 0.0133, 0.0178, 0.0237, 0.0316, 0.0422, 0.0562, 0.075, 0.1, 0.1334, 0.1778, 0.2371, 0.3162, 0.4217, 0.5623, 0.7499, 1.0, 1.3335, 1.7783, 2.3714, 3.1623, 4.217, 5.6234, 7.4989, 10.0, 13.3352, 17.7828, 23.7137, 31.6228, 42.1697, 56.2341, 74.9894, 100.0], "counts": [0, 0, 0, 0, 0, 0, 0, 0, 0, 1, 26, 223, 1043, 3729, 8587, 12534, 13336, 11525, 10485, 11725, 21481, 12912, 8111, 1257, 67, 0, 0, 0, 0, 0, 0, 0]}, "logit_lens": {"promoted": [[" squirrel", 0.195], [" fairy", 0.191], [" butterfly", 0.18], [" voice", 0.178], [" with", 0.177], [" door", 0.172], [" time", 0.17], [" frog", 0.169], [" brown", 0.163], [" man", 0.16]], "suppressed": [[" cho", 0.362], ["ass", 0.309], [" exam", 0.303], ["so", 0.296], ["at", 0.294], ["ear", 0.293], [" bicy", 0.277], ["on", 0.275], [" Sh", 0.273], [" forth", 0.273]]}, "examples": [{"tokens": ["ise", " up", " in", " the", " distance", " and", " he", " swam", " towards", " it", ".", " \n", "\n", "As", " he", " got", " closer", ",", " he", " saw", " something", " strange", ".", " A", " small", " wood", " boat", " was", " being", " carried", " by", " the", " wave"], "acts": [0.0, 0.0, 0.0, 0.0, 0.0, 0.0, 0.0, 0.0, 0.0, 0.0, 0.0, 0.0, 0.0, 0.0, 0.0, 0.0, 0.0, 0.0, 0.0, 0.0, 0.0, 0.0, 0.0, 3.1472, 11.1636, 0.0, 1.2753, 0.0, 0.0, 0.0, 0.0, 0.0, 0.0], "max_pos": 24, "max_act": 11.1641}, {"tokens": ["Suddenly", ",", " a", " tiny", " spark", "le", " appeared", " in", " front", " of", " her", "."], "acts": [0.0, 0.0, 8.3155, 11.0149, 0.0, 1.5788, 0.0, 0.0, 0.0, 0.0, 0.0, 0.0], "max_pos": 3, "max_act": 11.0156}, {"tokens": [" and", " looked", " around", " but", " couldn", "'t", " see", " anyone", ".", " He", " was", " confused", " and", " said", " \"", "Who", "'s", " there", "?\".", "\n", "\n", "Suddenly", ",", " a", " small", " creature", " app", "ear", " from", " a", " bush", ".", " It"], "acts": [0.0, 0.0, 0.0, 0.0, 0.0, 0.6319, 0.0, 0.0, 0.0, 0.0, 0.0, 0.0, 0.0, 0.0, 0.0, 0.0, 0.0, 0.0, 0.0, 0.0, 0.0, 0.0, 0.0, 7.1803, 10.9982, 3.642, 0.0, 0.0, 0.0, 3.3353, 0.0, 0.0, 0.0], "max_pos": 24, "max_act": 11.0}, {"tokens": [" park", ",", " she", " saw", " an", " empty", " hedge", ".", " Daisy", " t", "ip", "-", "to", "ed", " closer", " to", " see", " what", " was", " inside", ".", " Suddenly", ",", " a", " tiny", " voice", " called", " out", ","], "acts": [0.0, 0.0, 0.0, 0.0, 3.593, 4.2721, 0.0, 0.0, 0.0, 0.0, 0.0, 0.0, 0.0, 0.0, 0.0, 0.0, 0.0, 0.0, 0.0, 0.0, 0.0, 0.0, 0.0, 7.2683, 10.9553, 2.599, 0.0, 0.0, 0.0], "max_pos": 24, "max_act": 10.9531}, {"tokens": [" brightly", ".", " In", " the", " distance", ",", " a", " big", ",", " blue", " lake", " sparkled", ".", " The", " lake", " was", " very", " peaceful", ".", "\n", "\n", "Suddenly", ",", " a", " tiny", " bird", " flew", " out", " of", " the", " nearby", " trees", " and"], "acts": [0.0, 0.0, 0.0, 0.0, 0.0, 0.0, 5.5256, 5.9306, 3.3629, 4.216, 0.0, 0.0, 0.0, 0.0, 0.0, 0.0, 0.0, 0.0, 0.0, 0.0, 0.0, 0.0, 0.0, 7.5297, 10.9158, 3.4605, 0.0, 0.0, 0.0, 0.0, 0.0, 0.0, 0.0], "max_pos": 24, "max_act": 10.9141}, {"tokens": [" him", ".", " One", " day", ",", " he", " was", " playing", " outside", " when", " he", " saw", " something", " move", " in", " the", " dirt", ".", " He", " walked", " closer", " and", " saw", " a", " small", " black", " object", ".", " He", " bent", " down", " and", " saw"], "acts": [0.0, 0.0, 0.0, 0.0, 0.0, 0.0, 0.0, 0.0, 0.0, 0.0, 0.0, 0.0, 0.0, 0.0, 0.0, 0.0, 0.0, 0.0, 0.0, 0.0, 0.0, 0.0, 0.0, 6.9783, 10.7851, 6.0781, 0.0, 0.0, 0.0, 0.0, 0.0, 0.0, 0.0], "max_pos": 24, "max_act": 10.7812}, {"tokens": [" his", " mouth", " wide", " and", " said", ":", " \"", "Oh", " no", "!", " How", " do", " I", " get", " across", " this", " puddle", "?\"", "\n", "\n", "Just", " then", ",", " a", " small", " but", " honest", " bird", " flew", " down", " from", " the", " sky"], "acts": [0.0, 0.0, 0.9224, 0.0, 0.0, 0.0, 0.0, 0.0, 0.0, 0.0, 0.0, 0.0, 0.0, 0.0, 0.0, 0.0, 0.0, 0.0, 0.0, 0.0, 0.0, 0.0, 0.0, 6.0009, 10.7249, 1.478, 4.6573, 0.8991, 0.0, 0.0, 0.0, 0.0, 0.0], "max_pos": 24, "max_act": 10.7266}, {"tokens": [" seen", " a", " tree", " so", " big", " before", "!", " She", " smiled", " and", " nodded", " her", " head", " in", " app", "ro", "v", "al", ".", "\n", "\n", "Suddenly", ",", " a", " small", " bird", " flew", " down", " from", " the", " tree", " and", " landed"], "acts": [0.0, 1.8758, 0.0, 0.0, 0.0, 0.0, 0.0, 0.0, 0.0, 0.0, 0.0, 0.0, 0.0, 0.0, 0.0, 0.0, 0.0, 0.0, 0.0, 0.0, 0.0, 0.0, 0.0, 7.3557, 10.6778, 3.6759, 0.0, 0.0, 0.0, 0.0, 0.0, 0.0, 0.0], "max_pos": 24, "max_act": 10.6797}, {"tokens": [" brightly", " colour", "ed", " stones", " and", " sparkly", " cryst", "als", "!", " She", " was", " so", " excited", " that", " she", " couldn", "'t", " move", ".", "\n", "\n", "Suddenly", ",", " a", " small", " mouse", " said", ":", " \"", "Why", " hello", " there", " little"], "acts": [1.4281, 0.0, 1.4461, 0.0, 0.0, 1.0404, 0.0, 0.0, 0.0, 0.0, 0.0, 0.0, 0.0, 0.0, 0.0, 0.0, 0.0, 0.0, 0.0, 0.0, 0.0, 0.0, 0.0, 6.621, 10.6557, 3.3597, 0.0, 0.0, 0.0, 0.0, 0.0, 0.0, 2.0942], "max_pos": 24, "max_act": 10.6562}, {"tokens": [" o", "dd", " sound", ".", " It", " was", " coming", " from", " a", " nearby", " then", ".", " He", " cre", "pt", " closer", " to", " inv", "est", "ig", "ate", " and", " saw", " a", " tiny", " caterpillar", " getting", " into", " trouble", " inside", " the", " then", "."], "acts": [0.0, 0.0, 0.0, 0.0, 0.0, 0.0, 0.0, 0.0, 2.6524, 2.6897, 0.0, 0.0, 0.0, 0.0, 0.0, 0.0, 0.0, 0.0, 0.0, 0.0, 0.0, 0.0, 0.0, 6.121, 10.6282, 1.1996, 0.0, 0.0, 0.0, 0.0, 0.0, 0.0, 0.0], "max_pos": 24, "max_act": 10.625}, {"tokens": [" a", " noise", " from", " a", " nearby", " bush", ".", " He", " went", " to", " inv", "est", "ig", "ate", " and", " saw", " a", " small", " rabbit", " compl", "ain", "ing", ".", "\n", "\n", "\""], "acts": [6.9357, 0.0, 0.0, 2.402, 1.3097, 0.0, 0.0, 0.0, 0.0, 0.0, 0.0, 0.0, 0.0, 0.0, 0.0, 0.0, 5.6885, 10.6066, 2.0398, 0.0, 0.0, 0.0, 0.0, 0.0, 0.0, 0.0], "max_pos": 17, "max_act": 10.6094}, {"tokens": [" was", " so", " surprised", " to", " hear", " a", " voice", " coming", " from", " inside", " the", " soft", " str", "uc", "ture", ".", " She", " looked", " inside", " and", " saw", " a", " tiny", " baby", " el", "f", " looking", " back", " at", " her", " with"], "acts": [0.0, 0.0, 0.0, 0.0, 0.0, 2.1786, 0.0, 0.0, 0.0, 0.0, 0.0, 1.2513, 0.0, 0.0, 0.0, 0.0, 0.0, 0.0, 0.0, 0.0, 0.0, 5.8604, 10.5953, 3.7559, 0.0, 0.8649, 0.0, 0.0, 0.0, 0.0, 0.0], "max_pos": 22, "max_act": 10.5938}]}