{"id": 134, "density": 0.0253505, "max_act": 3.853515625, "hist": {"edges": [0.01, 0.0133, 0.0178, 0.0237, 0.0316, 0.0422, 0.0562, 0.075, 0.1, 0.1334, 0.1778, 0.2371, 0.3162, 0.4217, 0.5623, 0.7499, 1.0, 1.3335, 1.7783, 2.3714, 3.1623, 4.217, 5.6234, 7.4989, 10.0, 13.3352, 17.7828, 23.7137, 31.6228, 42.1697, 56.2341, 74.9894, 100.0], "counts": [0, 0, 0, 0, 0, 0, 0, 0, 0, 0, 22, 357, 1801, 8212, 20534, 26725, 21017, 13067, 6793, 2672, 202, 0, 0, 0, 0, 0, 0, 0, 0, 0, 0, 0]}, "logit_lens": {"promoted": [[" the", 0.278], [" edge", 0.248], ["sely", 0.183], [" knocked", 0.182], [" button", 0.18], [" he", 0.17], [" closer", 0.167], [" exam", 0.165], ["ach", 0.165], [" looked", 0.164]], "suppressed": [["own", 0.331], ["ap", 0.29], [" Together", 0.29], [" invited", 0.286], ["ity", 0.285], ["ied", 0.285], [" three", 0.278], ["ies", 0.277], ["ars", 0.276], ["'", 0.274]]}, "examples": [{"tokens": ["er", ".", " They", " took", " out", " a", " big", " ice", " cream", " cake", " and", " carried", " it", " to", " the", " living", " room", ".", " They", " put", " the", " cake", " on", " Mrs", ".", " L", "ee", "'s", " face", " and", " laughed", ".", "\n"], "acts": [0.0, 0.0, 0.0, 0.0, 0.0, 0.0, 0.0, 0.0, 0.0, 0.0, 0.0, 0.0, 0.0, 0.0, 0.0, 0.0, 0.0, 0.0, 0.0, 0.0, 0.0, 0.0, 0.0, 1.4666, 3.8541, 0.0, 0.0, 0.0, 0.0, 0.0, 0.0, 0.0, 0.0], "max_pos": 24, "max_act": 3.8535}, {"tokens": [" happy", " to", " hear", " her", " mom", ".", "\n", "\n", "\"", "What", " can", " I", " do", ",", " mommy", "?\"", "\n", "\n", "\"", "Can", " you", " go", " to", " Mrs", ".", " L", "ee", "'s", " house", "?", " She", "'s", " our"], "acts": [0.0, 0.0, 0.0, 0.0, 0.0, 0.0, 0.0, 0.0, 0.0, 0.0, 0.0, 0.0, 0.0, 0.0, 0.0, 0.0, 0.0, 0.0, 0.0, 0.0, 0.0, 0.0, 0.9401, 1.2438, 3.8409, 0.0, 0.0, 0.0, 0.0, 0.0, 0.0, 0.0, 0.0], "max_pos": 24, "max_act": 3.8418}, {"tokens": ["?\"", " Lily", " asked", ".", "\n", "\n", "\"", "No", ",", " they", " are", " y", "ucky", ",\"", " Ben", " said", ".", "\n", "\n", "Lily", " reached", " for", " the", " jar", " and", " opened", " it", ".", " She"], "acts": [0.0, 0.0, 0.0, 0.0, 0.0, 0.0, 0.0, 0.0, 0.0, 0.0, 0.0, 0.0, 0.0, 0.0, 0.0, 0.0, 0.0, 0.0, 0.0, 0.0, 0.0, 1.8879, 0.0, 0.0, 3.8084, 0.0, 0.0, 0.0, 0.0], "max_pos": 24, "max_act": 3.8086}, {"tokens": [" garden", ".", " One", " day", ",", " she", " saw", " a", " beautiful", " rose", " and", " wanted", " to", " pick", " it", ".", " But", " her", " mom", " told", " her", " to", " be", " careful", " because", " the", " rose", " had", " th", "orn", "s", ".", "\n"], "acts": [0.0, 0.0, 0.0, 0.0, 0.0, 0.0, 0.0, 0.0, 0.0, 0.0, 0.0, 0.0, 0.0, 0.0, 0.0, 0.0, 0.0, 0.0, 0.0, 0.0, 0.0, 0.0, 0.0, 0.0, 3.8094, 0.0, 0.0, 0.0, 0.0, 0.0, 0.0, 0.0, 0.0], "max_pos": 24, "max_act": 3.8086}, {"tokens": [" was", " lean", "ing", " against", " the", " wall", " in", " the", " class", "room", ".", " She", " was", " a", " little", " fat", ".", "\n", "\n", "John", " walked", " up", " to", " Mrs", ".", " W", "il", "s", "on", ".", " He", " looked", " up"], "acts": [0.0, 0.0, 0.0, 0.0, 0.0, 0.0, 0.6117, 0.0, 0.0, 0.0, 0.0, 0.0, 0.0, 0.0, 0.0, 0.0, 0.0, 0.0, 0.0, 0.0, 0.0, 0.0, 1.2043, 1.7998, 3.8052, 0.0, 0.0, 0.0, 0.0, 0.0, 0.597, 0.0, 0.0], "max_pos": 24, "max_act": 3.8047}, {"tokens": ["\n", "\"", "W", "a", "it", ",", " Tim", ",", " be", " careful", "!\"", " said", " Sam", ".", " He", " followed", " him", ".", "\n", "\n", "Tim", " reached", " the", " post", " and", " put", " his", " hand", " on", " it", ".", " He", " felt"], "acts": [0.0, 0.0, 0.0, 0.0, 0.0, 0.0, 0.0, 0.0, 0.0, 0.0, 0.0, 0.4499, 0.0, 0.0, 0.0, 0.0, 0.0, 0.0, 0.0, 0.0, 0.0, 0.0, 0.0, 0.0, 3.7689, 0.0, 0.0, 0.0, 1.5474, 0.0, 0.0, 0.0, 0.0], "max_pos": 24, "max_act": 3.7695}, {"tokens": [" some", " love", ".", " Look", ",", " he", " has", " a", " name", ".", " It", " says", " Rex", " on", " his", " collar", ".\"", "\n", "\n", "Tom", " reached", " out", " his", " hand", " and", " pet", "ted", " Rex", ".", " Rex", " licked", " Tom", "'s"], "acts": [0.0, 0.0, 0.0, 0.0, 0.0, 0.0, 0.0, 0.0, 0.0, 0.0, 0.0, 0.0, 0.0, 0.0, 0.0, 0.0, 0.0, 0.0, 0.0, 0.0, 0.0, 0.0, 0.6658, 0.0, 3.7599, 0.0, 0.9209, 0.0, 0.0, 0.0, 0.0, 0.0, 0.0], "max_pos": 24, "max_act": 3.7598}, {"tokens": [" wanted", " to", " help", ",", " so", " she", " picked", " up", " the", " hat", ".", " Sally", " walked", " to", " Mr", ".", " Brown", "'s", " door", " and", " knocked", ".", " When", " Mr", ".", " Brown", " opened", " the", " door", ",", " Sally", " put", " the"], "acts": [0.0, 0.0, 0.0, 0.0, 0.0, 0.0, 0.0, 0.0, 0.0, 0.0, 0.0, 0.0, 0.0, 1.1014, 0.8442, 3.4058, 0.0, 0.0, 0.0, 1.0706, 0.0, 0.0, 0.0, 0.0, 3.709, 0.0, 0.0, 0.0, 0.0, 0.0, 0.0, 0.0, 0.0], "max_pos": 24, "max_act": 3.709}, {"tokens": [" it", " everywhere", " he", " goes", ".", " He", " call", "s", " it", " M", "im", "i", ".", "\n", "\n", "One", " day", ",", " Sam"], "acts": [0.0, 0.0, 0.0, 0.0, 0.0, 0.0, 0.0, 0.0, 0.0, 0.0, 3.7031, 0.0, 0.0, 0.0, 0.0, 0.0, 0.0, 0.0, 0.0], "max_pos": 10, "max_act": 3.7031}, {"tokens": [" \"", "He", " is", " so", " pretty", "!\"", "\n", "\n", "She", " goes", " closer", " to", " the", " leopard", " and", " tries", " to", " touch", " him", ".", " But", " the", " leopard"], "acts": [0.0, 0.0, 0.0, 0.0, 0.0, 0.0, 0.0, 0.0, 0.0, 0.0, 0.0, 3.2369, 0.0, 0.0, 3.7036, 0.0, 1.7035, 0.7426, 0.0, 0.5057, 0.7921, 0.0, 0.0], "max_pos": 14, "max_act": 3.7031}, {"tokens": [" went", " for", " walks", " by", " the", " beach", " and", " would", " always", " look", " for", " jelly", "fish", ".", " One", " day", ",", " she", " decided", " to", " take", " a", " step", " closer", " to", " the", " sea", ".", " She", " saw", " something", " white", " in"], "acts": [0.0, 0.0, 0.0, 0.0, 0.0, 0.0, 0.6879, 0.0, 0.0, 0.0, 0.0, 0.0, 0.0, 0.0, 0.0, 0.0, 0.0, 0.0, 0.0, 0.0, 0.0, 0.0, 0.0, 0.0, 3.7038, 0.0, 0.0, 0.0, 0.0, 0.0, 0.0, 0.0, 1.3718], "max_pos": 24, "max_act": 3.7031}, {"tokens": [",", " but", " he", " was", " also", " very", " curious", ".", " He", " wanted", " to", " know", " what", " it", " was", ".", " So", " he", " decided", " to", " move", " a", " little", " closer", " to", " take", " a", " look", ".", "\n", "\n", "He", " moved"], "acts": [0.0, 0.0, 0.0, 0.0, 0.0, 0.0, 0.0, 0.0, 0.0, 0.0, 0.0, 0.0, 0.6324, 0.0, 0.0, 0.0, 0.0, 0.0, 0.0, 0.0, 0.0, 0.0, 0.0, 0.0, 3.6974, 1.5047, 0.9568, 0.0, 0.0, 0.0, 0.0, 0.0, 0.0], "max_pos": 24, "max_act": 3.6973}]}