{"id": 1341, "density": 0.21541575, "max_act": 5.44921875, "hist": {"edges": [0.01, 0.0133, 0.0178, 0.0237, 0.0316, 0.0422, 0.0562, 0.075, 0.1, 0.1334, 0.1778, 0.2371, 0.3162, 0.4217, 0.5623, 0.7499, 1.0, 1.3335, 1.7783, 2.3714, 3.1623, 4.217, 5.6234, 7.4989, 10.0, 13.3352, 17.7828, 23.7137, 31.6228, 42.1697, 56.2341, 74.9894, 100.0], "counts": [0, 0, 0, 0, 0, 0, 0, 0, 3, 51, 563, 3516, 17359, 65362, 147517, 211224, 204684, 138527, 57590, 13049, 1973, 245, 0, 0, 0, 0, 0, 0, 0, 0, 0, 0]}, "logit_lens": {"promoted": [[" too", 0.272], [" love", 0.219], ["From", 0.218], [" others", 0.215], [" stone", 0.208], [" arrow", 0.204], [" like", 0.2], [" sometimes", 0.197], [" end", 0.186], ["?\u00e2\u20ac", 0.183]], "suppressed": [[" find", 0.347], [" early", 0.295], [" waiting", 0.295], [" search", 0.283], [" waited", 0.279], [" spotted", 0.276], [" check", 0.268], [" wait", 0.261], ["night", 0.257], [" trash", 0.256]]}, "examples": [{"tokens": ["\n", "\n", "As", " they", " spent", " more", " time", " being", " helpful", ",", " Lily", " and", " her", " friends", " felt", " happy", ".", " They", " learned", " that", " being", " kind", " and", " helpful", " to", " others", " made", " them", " happy", " too", "."], "acts": [0.0, 0.0, 1.7644, 1.5413, 0.0, 0.0, 0.0, 0.0, 0.0, 0.0, 0.0, 0.0, 0.0, 0.0, 0.6427, 1.6955, 0.9037, 2.2379, 1.1162, 2.8934, 3.1101, 2.2768, 5.4486, 2.724, 2.082, 2.8387, 0.7143, 1.763, 1.8149, 0.0, 1.056], "max_pos": 22, "max_act": 5.4492}, {"tokens": [" They", " learned", " that", " being", " kind", " and", " sharing", " is", " fun", " and", " can", " make", " others", " happy"], "acts": [1.8402, 1.0468, 3.1955, 2.9329, 2.7378, 5.2738, 2.9288, 1.0212, 2.1346, 2.21, 2.034, 2.0584, 2.0448, 2.3795], "max_pos": 5, "max_act": 5.2734}, {"tokens": [" his", " friend", " continued", " to", " have", " fun", " together", " and", " the", " weak", " friend", " started", " to", " feel", " better", ".", " They", " both", " learned", " that", " being", " kind", " and", " inv", "iting", " others", " to", " play", " can", " make", " someone"], "acts": [1.3904, 0.0, 0.0, 0.0, 0.0, 0.9647, 0.0, 0.0, 1.6186, 1.0513, 0.0, 0.7525, 0.6574, 0.0, 1.0011, 0.0, 1.0268, 1.8491, 0.0, 1.818, 2.7721, 2.0582, 5.1659, 2.173, 2.3716, 2.4665, 0.0, 0.0, 0.0, 0.592, 1.18], "max_pos": 22, "max_act": 5.1641}, {"tokens": [" happy", " because", " she", " loved", " bean", "s", ".", " \n", "\n", "From", " that", " day", " on", ",", " Lily", " always", " kept", " her", " toys", " organized", ".", " She", " learned", " that", " when", " things", " are", " organized", ",", " it", "'s", " eas", "ier"], "acts": [0.568, 1.3035, 0.8983, 1.5764, 1.8394, 1.7665, 0.6271, 0.5586, 0.7296, 0.8019, 1.4374, 0.0, 2.9382, 0.4223, 0.9975, 0.0, 0.0, 1.1622, 0.7347, 0.0, 0.0, 0.0, 0.4961, 1.9728, 5.1345, 0.0, 0.917, 1.8183, 1.1494, 1.0732, 0.0, 0.0, 0.0], "max_pos": 24, "max_act": 5.1328}, {"tokens": [" flo", "pped", " onto", " it", " and", " found", " the", " best", " sleep", " he", " had", " ever", " had", ".", "\n", "\n", "The", " moral", " of", " the", " story", " is", " that", " even", " when", " we", " are", " tired", ",", " if", " we", " take", " the"], "acts": [0.0, 1.3637, 3.0385, 1.7916, 0.7583, 0.0, 0.9277, 0.0, 0.0, 0.0, 0.0, 0.0, 0.0, 0.0, 0.0, 0.0, 0.8899, 0.0, 1.2235, 0.6939, 0.0, 0.0, 1.8702, 1.8133, 5.1057, 0.7493, 0.0, 1.257, 0.0, 2.0459, 1.2157, 0.7556, 0.0], "max_pos": 24, "max_act": 5.1055}, {"tokens": [" finished", ",", " she", " stepped", " back", " and", " looked", " at", " what", " she", " had", " creat", "ed", ".", " She", " was", " so", " proud", " of", " herself", ".", " She", " realized", " that", " if", " you", " put", " your", " mind", " to", " it", ",", " you"], "acts": [1.1828, 0.0, 0.0, 0.0, 0.0, 0.0, 0.0, 0.0, 0.0, 0.0, 0.0, 0.0, 1.3393, 0.0, 0.0, 0.0, 0.0, 0.0, 0.0, 0.0, 0.0, 0.0, 0.9511, 2.4701, 5.1007, 2.3316, 2.8533, 2.6416, 1.6387, 1.3921, 1.4795, 1.5505, 0.0], "max_pos": 24, "max_act": 5.1016}, {"tokens": [".", " They", " learned", " that", " saying", " sorry", " and", " forg", "i", "ving", " are", " important", ".", " They", " learned", " that", " being", " kind", " and", " polite", " are", " good", ".", " They", " learned", " a", " lot"], "acts": [0.0, 0.9246, 0.5488, 2.7486, 4.4893, 2.4786, 4.6588, 2.2493, 1.8002, 2.2273, 0.0, 0.0, 0.8127, 1.707, 1.4197, 2.2402, 2.7482, 2.0247, 5.0516, 2.1147, 1.0668, 0.8468, 1.3512, 2.1469, 1.5749, 0.8021, 0.9197], "max_pos": 18, "max_act": 5.0508}, {"tokens": ["!", " They", " both", " played", " with", " it", " and", " had", " so", " much", " fun", " together", ".", " \n", "\n", "From", " that", " day", " on", ",", " Timmy", " learned", " that", " sometimes", " when", " we", " work", " together", " and", " build", " something", ",", " it"], "acts": [0.0, 0.838, 2.0106, 0.0, 1.1095, 0.899, 0.0, 0.0, 0.0, 0.0, 0.8957, 0.0, 0.0, 0.0, 0.0, 0.6683, 1.4463, 0.0, 2.8009, 0.0, 1.0368, 0.0, 1.8505, 2.6066, 4.9944, 1.8707, 0.0, 0.9142, 0.0, 1.1612, 0.6632, 0.8248, 0.0], "max_pos": 24, "max_act": 4.9961}, {"tokens": [" was", " so", " happy", " that", " she", " giggled", " and", " danced", " with", " her", " toys", " all", " night", " long", ".", " From", " that", " day", " on", ",", " Lily", " knew", " that", " if", " she", " refused", " to", " give", " up", ",", " she", " could"], "acts": [0.0, 0.0, 0.0, 0.0, 0.7509, 1.9379, 1.7807, 0.0, 1.5477, 1.4113, 1.3204, 0.0, 0.0, 0.0, 0.0, 1.4257, 1.7945, 0.0, 3.4837, 1.0913, 1.4528, 1.0195, 2.3134, 4.9925, 3.0047, 2.0327, 1.7047, 1.5383, 2.2096, 0.8536, 1.5387, 0.0], "max_pos": 23, "max_act": 4.9922}, {"tokens": [" so", " much", " fun", ".", " Lily", " realized", " that", " even", " though", " the", " dog", " was", " ugly", ",", " he", " was", " still"], "acts": [0.0, 0.0, 0.9609, 0.0, 0.5409, 1.1593, 3.0328, 3.0718, 4.9755, 2.3387, 1.4521, 1.7382, 0.0, 1.074, 2.5429, 1.1021, 0.0], "max_pos": 8, "max_act": 4.9766}, {"tokens": [" to", " her", " grandma", ",", " she", " was", " so", " happy", " and", " proud", " of", " what", " she", " had", " made", ".", " From", " then", " on", ",", " Lily", " learned", " that", " even", " when", " things", " don", "'t", " go", " as", " plan", "ned", ","], "acts": [0.0, 0.0, 0.0, 0.0, 0.0, 0.0, 0.0, 0.0, 0.0, 0.0, 0.0, 0.8974, 0.0, 1.095, 0.0, 0.0, 0.5587, 0.0, 2.2252, 0.6489, 1.0141, 0.0, 1.904, 2.4505, 4.9667, 0.0, 0.0, 2.1709, 1.5746, 0.0, 0.0, 0.0, 0.8096], "max_pos": 24, "max_act": 4.9648}, {"tokens": ["ap", "a", " and", " a", " little", " girl", " named", " Sarah", ".", " Mama", " and", " P", "ap", "a", " were", " always", " trying", " to", " teach", " Sarah", " how", " to", " be", " kind", " and", " use", " her", " mind", " all", " the", " time", ".", "\n"], "acts": [0.0, 0.0, 0.0, 0.0, 0.0, 0.0, 0.0, 0.0, 0.0, 0.0, 0.0, 0.0, 0.0, 0.0, 0.0, 0.0, 0.0, 0.0, 0.0, 0.0, 0.6779, 0.7568, 1.0931, 0.0, 4.9509, 1.4214, 1.4784, 0.0, 0.0, 0.0, 0.0, 0.0, 0.0], "max_pos": 24, "max_act": 4.9492}]}