{"id": 1380, "density": 0.03262775, "max_act": 4.20703125, "hist": {"edges": [0.01, 0.0133, 0.0178, 0.0237, 0.0316, 0.0422, 0.0562, 0.075, 0.1, 0.1334, 0.1778, 0.2371, 0.3162, 0.4217, 0.5623, 0.7499, 1.0, 1.3335, 1.7783, 2.3714, 3.1623, 4.217, 5.6234, 7.4989, 10.0, 13.3352, 17.7828, 23.7137, 31.6228, 42.1697, 56.2341, 74.9894, 100.0], "counts": [0, 0, 0, 0, 0, 0, 0, 0, 0, 0, 57, 872, 5067, 15267, 22788, 23265, 20346, 19517, 15823, 6835, 674, 0, 0, 0, 0, 0, 0, 0, 0, 0, 0, 0]}, "logit_lens": {"promoted": [[" where", 0.244], ["ny", 0.237], ["ually", 0.226], [" crawled", 0.224], [" There", 0.223], [" also", 0.219], [" bu", 0.218], ["ho", 0.217], [" It", 0.212], [" imag", 0.21]], "suppressed": [[" At", 0.261], [" lesson", 0.254], ["At", 0.251], [" fighting", 0.247], [" friends", 0.246], [" anymore", 0.245], [" embarrassed", 0.244], [" shouts", 0.238], ["akes", 0.238], [" times", 0.236]]}, "examples": [{"tokens": [" do", " not", " like", " to", " be", " touched", ".", " She", " says", " that", " g", "e", "ese", " are", " popular", " in", " some", " places", ",", " but", " not", " in", " this", " park", ".", " She", " says", " that", " Ben", " should", " obser", "ve", " them"], "acts": [0.0, 0.0, 0.0, 0.0, 0.0, 0.0, 3.7896, 0.0, 0.0, 0.0, 0.0, 0.0, 0.0, 0.0, 0.0, 0.0, 0.0, 0.0, 1.396, 0.0, 0.0, 0.0, 0.0, 0.0, 4.2083, 0.7224, 0.0, 0.0, 0.0, 0.0, 0.0, 0.0, 0.0], "max_pos": 24, "max_act": 4.207}, {"tokens": ["id", " and", " smiled", ".", " She", " had", " kept", " her", " shadow", " hidden", ".", "\n", "\n", "But", " Lila", " did", " not", " know", " that", " the", " box", " was", " not", " empty", ".", " It", " was", " full", " of", " old", " clothes", " and", " books"], "acts": [0.0, 0.0, 0.0, 0.775, 0.0, 0.0, 0.0, 0.0, 0.0, 0.0, 1.4371, 0.0, 0.0, 0.0, 0.0, 0.0, 0.0, 0.0, 0.0, 0.0, 0.0, 0.0, 0.0, 0.0, 4.1431, 0.0, 1.0191, 0.0, 0.0, 0.0, 0.0, 0.0, 0.0], "max_pos": 24, "max_act": 4.1445}, {"tokens": [" the", " war", "d", "robe", " and", " opened", " the", " door", ".", " He", " saw", " a", " big", " su", "itc", "ase", " on", " the", " floor", " that", " was", " not", " there", " before", ".", " He", " thought", " it", " would", " be", " a", " good", " hiding"], "acts": [0.0, 0.0, 0.0, 0.0, 0.0, 0.0, 0.0, 0.0, 2.0386, 0.0, 0.0, 0.0, 0.0, 0.0, 0.0, 0.0, 0.0, 0.0, 0.0, 0.0, 0.6416, 0.0, 0.0, 0.0, 4.1426, 0.9151, 0.0, 0.0, 0.8041, 0.0, 0.0, 0.0, 0.0], "max_pos": 24, "max_act": 4.1445}, {"tokens": [" She", " said", " Sara", " had", " a", " c", "av", "ity", ".", " A", " c", "av", "ity", " was", " a", " small", " hole", " in", " a", " tooth", " that", " made", " it", " hurt", ".", " Sara", " felt", " scared", ".", "\n", "\n", "\"", "Don"], "acts": [0.5658, 0.0, 0.0, 0.0, 0.0, 0.0, 0.0, 0.0, 3.0265, 0.9762, 0.0, 0.0, 0.0, 1.2859, 0.0, 0.0, 0.0, 0.0, 0.0, 0.0, 0.0, 0.0, 0.0, 0.0, 4.1105, 0.0, 0.0, 0.0, 2.9498, 0.0, 1.142, 0.3266, 0.0], "max_pos": 24, "max_act": 4.1094}, {"tokens": [".", " She", " tells", " Ben", " to", " drop", " the", " worm", " and", " wash", " his", " hands", ".", " She", " says", " it", " is", " not", " a", " worm", ",", " but", " a", " snake", ".", " A", " pale", " snake", " that", " can", " bite", " and", " hurt"], "acts": [2.5175, 0.0, 0.0, 0.0, 0.0, 0.0, 0.0, 0.0, 0.0, 0.0, 0.0, 0.0, 2.0539, 0.0, 0.0, 0.0, 0.0, 0.5859, 0.0, 0.0, 0.0, 1.7253, 0.0, 0.0, 4.0685, 0.0, 0.0, 0.0, 0.0, 0.0, 0.0, 0.0, 0.0], "max_pos": 24, "max_act": 4.0703}, {"tokens": [" and", " Ben", " open", " the", " box", ".", " Inside", ",", " they", " see", " a", " y", "ach", "t", ".", " But", " it", " is", " not", " a", " regular", " y", "ach", "t", ".", " It", " is", " a", " toy", " y", "ach", "t", "."], "acts": [0.0, 0.0, 0.0, 0.0, 0.0, 1.2417, 0.0, 0.0, 0.0, 0.0, 0.0, 0.0, 0.0, 0.0, 2.4012, 0.0, 0.0, 0.0, 0.0, 0.0, 0.0, 0.0, 0.0, 0.0, 4.0503, 0.0, 0.0, 0.0, 0.0, 0.0, 0.0, 0.0, 3.5695], "max_pos": 24, "max_act": 4.0508}, {"tokens": [" miss", "ile", " is", ".", " She", " says", " she", " put", " it", " in", " the", " garage", ",", " because", " it", " is", " too", " big", " and", " too", " noisy", " for", " the", " house", ".", " She", " says", " the", " miss", "ile", " is", " expensive", " and"], "acts": [0.0, 0.0, 0.0, 2.9762, 0.0, 0.0, 0.0, 0.0, 0.0, 0.0, 0.0, 0.0, 0.0, 0.0, 0.0, 0.0, 0.0, 0.0, 0.0, 0.0, 0.0, 0.0, 0.0, 0.0, 4.051, 0.0, 0.0, 0.0, 0.0, 0.0, 0.0, 0.0, 0.0], "max_pos": 24, "max_act": 4.0508}, {"tokens": [" only", " on", " the", " outside", ".", " It", " is", " also", " on", " the", " inside", ".", " She", " hugged", " her", " mom", " and", " said", ",", " \""], "acts": [0.0, 0.0, 0.0, 0.0, 1.2311, 0.0, 0.0, 0.0, 0.0, 0.0, 0.0, 4.0461, 0.0, 0.0, 0.0, 0.0, 0.0, 0.0, 0.0, 0.0], "max_pos": 11, "max_act": 4.0469}, {"tokens": [" It", " is", " sometimes", " curious", " and", " will", " us", "ually", " run", " away", " when", " it", " sees", " a", " human", ".", " You", " need", " to", " be", " careful", " next", " time", " when"], "acts": [0.0, 0.0, 0.0, 0.0, 0.0, 0.0, 0.0, 0.0, 0.0, 0.0, 0.0, 0.0, 0.0, 0.0, 0.0, 4.0095, 0.0, 0.0, 0.0, 0.0, 0.0, 0.0, 0.0, 0.0], "max_pos": 15, "max_act": 4.0078}, {"tokens": [" cat", "'s", " nose", " too", " big", " and", " too", " round", ".", " It", " looked", " like", " a", " ball", ",", " not", " a", " nose", ".", " Lily", " was", " not", " happy", ".", " She", " tried", " to"], "acts": [0.0, 0.0, 0.0, 0.0, 0.0, 0.0, 0.0, 0.0, 1.8244, 0.0, 0.0, 0.0, 0.0, 0.0, 0.0, 0.0, 0.0, 0.0, 3.9917, 0.0, 0.0, 0.0, 0.0, 2.2771, 0.0, 0.0, 0.0], "max_pos": 18, "max_act": 3.9922}, {"tokens": [" It", " can", " do", " many", " things", ",", " like", " tell", " the", " time", ",", " send", " mess", "ages", " and", " make", " noises", ".", " But", " it", " is", " not", " a", " toy", ".", " It", " is", " very", " dangerous", ".", " You", " should", " not"], "acts": [0.0, 0.0, 0.0, 0.0, 0.0, 1.3269, 0.0, 0.0, 0.0, 0.0, 1.319, 0.0, 0.0, 0.0, 0.0, 0.0, 0.0, 2.9263, 0.8895, 0.0, 0.0, 0.0, 0.0, 0.0, 3.9867, 0.0, 0.0, 0.0, 0.0, 3.4284, 0.0, 0.0, 0.0], "max_pos": 24, "max_act": 3.9863}, {"tokens": [" wants", " to", " touch", " it", ".", " He", " re", "aches", " out", " his", " hand", " and", " grab", "s", " the", " stone", ".", " But", " the", " stone", " is", " not", " a", " stone", ".", " It", " is", " a", " sn", "ail", "!", "\n", "\n"], "acts": [0.0, 0.0, 0.0, 0.0, 0.8773, 0.0, 0.0, 0.0, 0.0, 0.0, 0.0, 0.0, 0.0, 0.0, 0.0, 0.0, 1.5003, 0.0, 0.0, 0.0, 0.0, 0.0, 0.0, 0.0, 3.9748, 0.0, 0.0, 0.0, 0.0, 0.0, 2.494, 0.0, 1.2786], "max_pos": 24, "max_act": 3.9746}]}