{"id": 1386, "density": 0.004158, "max_act": 9.0703125, "hist": {"edges": [0.01, 0.0133, 0.0178, 0.0237, 0.0316, 0.0422, 0.0562, 0.075, 0.1, 0.1334, 0.1778, 0.2371, 0.3162, 0.4217, 0.5623, 0.7499, 1.0, 1.3335, 1.7783, 2.3714, 3.1623, 4.217, 5.6234, 7.4989, 10.0, 13.3352, 17.7828, 23.7137, 31.6228, 42.1697, 56.2341, 74.9894, 100.0], "counts": [0, 0, 0, 0, 0, 0, 0, 0, 0, 0, 2, 46, 386, 1125, 2076, 2710, 2406, 1696, 1744, 2373, 1024, 454, 534, 56, 0, 0, 0, 0, 0, 0, 0, 0]}, "logit_lens": {"promoted": [["al", 0.487], ["als", 0.442], [" story", 0.397], ["aled", 0.396], ["hood", 0.338], ["ve", 0.315], ["is", 0.314], ["ars", 0.298], ["fort", 0.292], ["'t", 0.287]], "suppressed": [["appy", 0.253], [" when", 0.211], [" hours", 0.193], [" friends", 0.186], [" at", 0.181], [" then", 0.179], [" next", 0.178], [" just", 0.178], [" cream", 0.176], [" not", 0.173]]}, "examples": [{"tokens": [" though", " something", " might", " seem", " scary", ",", " a", " little", " bit", " of", " courage", " can", " make", " all", " the", " differe", "n", "ce", ".", "<|endoftext|>", "One", " day", ",", " Jimmy", "'s"], "acts": [0.0, 0.0, 0.0, 0.0, 0.0, 0.0, 0.0, 0.0, 0.0, 0.0, 0.0, 0.0, 0.0, 0.0, 0.0, 0.0, 9.0671, 0.0, 0.0, 0.0, 0.0, 0.0, 0.0, 0.0, 0.0], "max_pos": 16, "max_act": 9.0703}, {"tokens": [".", " S", "u", "pp", "ort", "ing", " and", " encou", "rag", "ing", " each", " other", " through", " ad", "ver", "s", "ity", " can", " make", " all", " the", " differe", "n", "ce", ".", "<|endoftext|>", "Once", " upon", " a", " time", " there"], "acts": [0.0, 0.0, 0.0, 0.0, 0.0, 0.0, 0.0, 0.0, 0.0, 0.0, 0.0, 0.0, 0.0, 0.0, 1.636, 0.0, 0.0, 0.0, 0.0, 0.0, 0.0, 0.0, 8.6154, 0.0, 0.0, 0.0, 0.0, 0.0, 0.0, 0.0, 0.0], "max_pos": 22, "max_act": 8.6172}, {"tokens": [" someone", " can", " make", " a", " big", " differe", "n", "ce", ".", "<|endoftext|>", "Once", " upon", " a", " time", ","], "acts": [0.0, 0.0, 0.0, 0.0, 0.0, 0.0, 8.597, 0.0, 0.0, 0.0, 0.0, 0.0, 0.0, 0.0, 0.0], "max_pos": 6, "max_act": 8.5938}, {"tokens": [".", " Lily", " learned", " that", " it", "'s", " important", " to", " help", " others", " when", " they", " need", " it", " and", " that", " even", " little", " kids", " can", " make", " a", " big", " differe", "n", "ce", ".", "<|endoftext|>", "Once", " upon", " a", " time", ","], "acts": [0.0, 0.0, 0.0, 0.0, 0.0, 0.0, 0.0, 0.0, 0.0, 0.0, 0.0, 0.0, 0.0, 0.0, 0.0, 0.0, 0.0, 0.0, 0.0, 0.0, 0.0, 0.0, 0.0, 0.0, 8.4546, 0.0, 0.0, 0.0, 0.0, 0.0, 0.0, 0.0, 0.0], "max_pos": 24, "max_act": 8.4531}, {"tokens": [" as", " him", ".", " From", " that", " day", " on", ",", " Ducky", " knew", " that", " even", " though", " he", " was", " small", ",", " he", " could", " still", " make", " a", " big", " differe", "n", "ce", " in", " the", " world", ".", "<|endoftext|>", "Once", " upon"], "acts": [0.0, 0.0, 0.0, 0.0, 0.0, 0.0, 0.0, 0.0, 0.0, 0.0, 0.0, 0.0, 0.0, 0.0, 0.0, 0.0, 0.0, 0.0, 0.0, 0.0, 0.0, 0.0, 0.0, 0.0, 8.4309, 0.0, 0.0, 0.0, 0.0, 0.0, 0.0, 0.0, 0.0], "max_pos": 24, "max_act": 8.4297}, {"tokens": [" obedient", " and", " knew", " he", " should", "n", "'t", " touch", " anything", ".", " But", " then", " he", " saw"], "acts": [0.0, 0.0, 0.0, 0.0, 0.0, 8.4259, 1.4215, 0.0, 0.0, 0.0, 0.0, 0.0, 0.0, 0.0], "max_pos": 5, "max_act": 8.4297}, {"tokens": [" should", "n", "'t", " eat", " it", " because", " it", " wasn", "'t", " his"], "acts": [0.0, 8.317, 1.3322, 0.0, 0.0, 0.0, 0.0, 0.0, 0.0, 0.0], "max_pos": 1, "max_act": 8.3203}, {"tokens": ["ock", ".", " But", " after", " a", " while", " they", " realised", " that", " it", " was", " important", " to", " tell", " the", " truth", " even", " if", " it", " was", " hard", ".", " They", " should", "n", "'t", " be", " selfish", " and", " keep", " secret", "s", ","], "acts": [0.0, 0.0, 0.0, 0.0, 0.0, 0.0, 0.0, 0.0, 0.0, 0.0, 0.0, 0.0, 0.0, 0.0, 0.0, 0.0, 0.0, 0.0, 0.0, 0.0, 0.0, 0.0, 0.0, 0.0, 8.287, 0.943, 0.0, 0.0, 0.0, 0.0, 0.0, 0.0, 0.0], "max_pos": 24, "max_act": 8.2891}, {"tokens": [" sad", ".", " \n", "\n", "The", " moral", " of", " this", " story", " is", " that", " everyone", " has", " different", " intere", "st", "s", ",", " and", " we", " should", " respect", " these", " differe", "n", "ces", ".", " Even", " though", " Jack", " thought", " that", " his"], "acts": [0.0, 0.0, 0.0, 0.0, 0.0, 0.0, 0.0, 1.6431, 0.0, 0.0, 0.0, 0.0, 0.0, 0.0, 0.0, 0.0, 0.0, 0.0, 0.0, 0.0, 0.0, 0.0, 0.0, 0.0, 8.2217, 0.0, 0.0, 0.0, 0.0, 0.0, 0.0, 0.0, 0.0], "max_pos": 24, "max_act": 8.2188}, {"tokens": [" stories", " and", " drawings", " with", " each", " other", ".", " And", " even", " though", " they", " both", " had", " new", " jour", "n", "als", ",", " their", " friendship", " never", " changed", ".", "<|endoftext|>"], "acts": [0.0, 0.0, 0.0, 0.0, 0.0, 0.0, 0.0, 0.0, 0.0, 0.0, 0.0, 0.0, 0.0, 0.0, 0.0, 8.2013, 0.0, 0.0, 0.0, 0.0, 0.0, 0.0, 0.0, 0.0], "max_pos": 15, "max_act": 8.2031}, {"tokens": [" became", " best", " friends", ".", "\n", "\n", "The", " moral", " of", " the", " story", " is", " that", " sharing", " what", " you", " have", " with", " others", " can", " make", " a", " big", " differe", "n", "ce", " in", " their", " li", "ves", " and", " bring", " happiness"], "acts": [0.0, 0.0, 0.0, 0.0, 0.0, 0.0, 0.0, 0.0, 0.0, 3.5818, 0.0, 0.0, 0.0, 0.0, 0.0, 0.0, 0.0, 0.0, 0.0, 0.0, 0.0, 0.0, 0.0, 0.0, 8.1579, 0.0, 0.0, 0.0, 0.0, 0.0, 0.0, 0.0, 0.0], "max_pos": 24, "max_act": 8.1562}, {"tokens": [" \"", "That", "'s", " dirty", ",", " Timmy", ".", " You", " should", "n", "'t", " touch", " things", " like", " that", ".\"", " \n", "\n"], "acts": [0.0, 0.0, 0.0, 0.0, 0.0, 0.0, 0.0, 0.0, 0.0, 8.1473, 1.7503, 0.0, 0.0, 0.0, 0.0, 0.0, 0.0, 0.0], "max_pos": 9, "max_act": 8.1484}]}