{"id": 1415, "density": 0.007879, "max_act": 6.79296875, "hist": {"edges": [0.01, 0.0133, 0.0178, 0.0237, 0.0316, 0.0422, 0.0562, 0.075, 0.1, 0.1334, 0.1778, 0.2371, 0.3162, 0.4217, 0.5623, 0.7499, 1.0, 1.3335, 1.7783, 2.3714, 3.1623, 4.217, 5.6234, 7.4989, 10.0, 13.3352, 17.7828, 23.7137, 31.6228, 42.1697, 56.2341, 74.9894, 100.0], "counts": [0, 0, 0, 0, 0, 0, 0, 0, 0, 7, 48, 180, 679, 2496, 4610, 5370, 5204, 5454, 2876, 1624, 1780, 934, 254, 0, 0, 0, 0, 0, 0, 0, 0, 0]}, "logit_lens": {"promoted": [[" to", 0.394], ["se", 0.251], ["sh", 0.226], ["p", 0.212], ["ped", 0.192], ["own", 0.189], ["ase", 0.189], ["dy", 0.184], ["her", 0.17], [" that", 0.168]], "suppressed": [["out", 0.37], [" grow", 0.33], [" breath", 0.296], ["ort", 0.295], ["ear", 0.293], ["aff", 0.29], [" came", 0.288], ["hood", 0.288], ["l", 0.284], ["ield", 0.26]]}, "examples": [{"tokens": [" of", " fun", " with", " the", " red", " ball", ".", "<|endoftext|>", "Anna", " and", " Ben", " were", " going", " on", " a", " trip", " with", " their", " mom", " and", " dad"], "acts": [0.0, 0.0, 0.0, 0.0, 0.0, 0.0, 0.0, 0.0, 0.0, 0.0, 0.0, 0.0, 6.7949, 0.0, 0.9498, 1.372, 0.0, 0.0, 0.0, 0.0, 0.0], "max_pos": 12, "max_act": 6.793}, {"tokens": [".", " But", " they", " didn", "'t", " need", " to", " make", " another", " wish", ".", " They", " already", " had", " their", " wish", " come", " true", ".", "<|endoftext|>", "Lily", " and", " Tom", " are", " going", " to", " visit", " Grandma", " and", " Grandpa", ".", " They", " are"], "acts": [0.0, 0.0, 0.0, 0.0, 0.0, 0.0, 0.0, 0.0, 0.0, 0.0, 0.0, 0.0, 0.0, 0.0, 0.0, 0.0, 0.0, 0.0, 0.0, 0.0, 0.0, 0.0, 0.0, 0.0, 6.7768, 0.0, 0.0, 0.0, 0.0, 0.0, 0.0, 0.0, 0.0], "max_pos": 24, "max_act": 6.7773}, {"tokens": [" day", ",", " Tom", "'s", " Mommy", " and", " Daddy", " said", " they", " were", " going", " to", " teach", " him", " a", " special", " thing", " called", " yog"], "acts": [0.0, 0.0, 0.0, 0.0, 0.0, 0.0, 0.0, 0.0, 0.0, 0.0, 6.7646, 0.0, 0.0, 0.0, 0.0, 0.0, 0.0, 0.0, 0.0], "max_pos": 10, "max_act": 6.7656}, {"tokens": [" bear", ".", " They", " played", " with", " them", " all", " the", " way", " home", ".", " They", " had", " a", " good", " day", " after", " all", ".", "<|endoftext|>", "Ben", " and", " Lily", " were", " going", " to", " the", " park", " with", " Mom", ".", " They", " got"], "acts": [0.0, 0.0, 0.0, 0.0, 0.0, 0.0, 0.0, 0.0, 0.0, 0.0, 0.0, 0.0, 0.0, 0.0, 0.0, 0.0, 0.0, 0.0, 0.0, 0.0, 0.0, 0.0, 0.0, 0.0, 6.7588, 0.0, 0.0, 0.0, 0.0, 0.0, 0.0, 0.0, 0.0], "max_pos": 24, "max_act": 6.7578}, {"tokens": [" they", " were", " going", " to", " the", " park", ".", "\n", "\n", "Lily", " was"], "acts": [0.0, 0.0, 6.7117, 0.0, 0.9866, 0.0, 0.0, 0.0, 0.0, 0.0, 0.0], "max_pos": 2, "max_act": 6.7109}, {"tokens": [" they", " were", " going", " to", " take", " a", " test", ".", " The", " children", " were"], "acts": [0.0, 0.0, 6.7117, 0.0, 0.0, 0.0, 0.0, 0.0, 0.0, 0.0, 0.0], "max_pos": 2, "max_act": 6.7109}, {"tokens": [" good", " friends", ".", " You", " are", " good", " kids", ".\"", " They", " smile", ".", " They", " are", " proud", ".", "<|endoftext|>", "Anna", " and", " Tom", " were", " going", " on", " a", " big", " trip", " with", " Mom", " and", " Dad"], "acts": [0.0, 0.0, 0.0, 0.0, 0.0, 0.0, 0.0, 0.0, 0.0, 0.0, 0.0, 0.0, 0.0, 0.0, 0.0, 0.0, 0.0, 0.0, 0.0, 0.0, 6.6994, 0.0, 1.0071, 0.0, 1.5329, 0.0, 0.0, 0.0, 0.0], "max_pos": 20, "max_act": 6.6992}, {"tokens": [" and", " their", " grandma", " and", " their", " friends", ".", " They", " loved", " to", " paint", " and", " they", " loved", " to", " make", " surpr", "ises", ".", "<|endoftext|>", "Anna", " and", " Ben", " were", " going", " on", " v", "ac", "ation", " with", " Mom", " and", " Dad"], "acts": [0.0, 0.0, 0.0, 0.0, 0.0, 0.0, 0.0, 0.0, 0.0, 0.0, 0.0, 0.0, 0.0, 0.0, 0.0, 0.0, 0.0, 0.0, 0.0, 0.0, 0.0, 0.0, 0.0, 0.0, 6.6821, 0.0, 0.0, 0.0, 0.0, 0.0, 0.0, 0.0, 0.0], "max_pos": 24, "max_act": 6.6836}, {"tokens": ["<|endoftext|>", "Jane", " was", " so", " excited", " -", " today", " was", " the", " day", " she", " was", " going", " to", " soar", "!", " ", "\n", "She", " had", " aw"], "acts": [0.0, 0.0, 0.0, 0.0, 0.0, 0.0, 0.0, 0.0, 0.0, 0.0, 0.0, 0.0, 6.6704, 0.0, 0.0, 0.0, 0.0, 0.0, 0.0, 0.0, 0.0], "max_pos": 12, "max_act": 6.6719}, {"tokens": [" They", " learn", " a", " lesson", ".", " They", " have", " to", " watch", " their", " cake", " when", " there", " is", " a", " hungry", " puppy", " around", ".", "<|endoftext|>", "Anna", " and", " Ben", " were", " going", " to", " the", " air", "port", " with", " Mom", " and", " Dad"], "acts": [0.0, 0.0, 0.0, 0.0, 0.0, 0.0, 0.0, 0.0, 0.0, 0.0, 0.0, 0.0, 0.0, 0.0, 0.0, 0.0, 0.0, 0.0, 0.0, 0.0, 0.0, 0.0, 0.0, 0.0, 6.6706, 0.0, 0.0, 0.0, 0.0, 0.0, 0.0, 0.0, 0.0], "max_pos": 24, "max_act": 6.6719}, {"tokens": [".", " They", " have", " fun", " and", " forget", " about", " the", " juice", ".", " They", " real", "ize", " that", " they", " are", " good", " friends", ".", "<|endoftext|>", "Tom", " and", " Lily", " were", " going", " to", " the", " air", "port", " with", " their", " mom", " and"], "acts": [0.0, 0.0, 0.0, 0.0, 0.0, 0.0, 0.0, 0.0, 0.0, 0.0, 0.0, 0.0, 0.0, 0.0, 0.0, 0.0, 0.0, 0.0, 0.0, 0.0, 0.0, 0.0, 0.0, 0.0, 6.6506, 0.0, 0.8378, 0.0, 0.0, 0.0, 0.0, 0.0, 0.0], "max_pos": 24, "max_act": 6.6523}, {"tokens": [" be", " fun", " and", " reward", "ing", ".", " He", " hugged", " dad", " and", " thanked", " the", " barber", ".", " They", " went", " home", " happy", ".", "<|endoftext|>", "Tom", " and", " Lily", " were", " going", " on", " a", " trip", " with", " their", " mom", " and", " dad"], "acts": [0.0, 0.0, 0.0, 0.0, 0.0, 0.0, 0.0, 0.0, 0.0, 0.0, 0.0, 0.0, 0.0, 0.0, 0.0, 0.0, 0.0, 0.0, 0.0, 0.0, 0.0, 0.0, 0.0, 0.0, 6.634, 0.0, 0.9129, 1.6145, 0.0, 0.0, 0.0, 0.0, 0.0], "max_pos": 24, "max_act": 6.6328}]}