{"id": 1417, "density": 0.0490545, "max_act": 4.73828125, "hist": {"edges": [0.01, 0.0133, 0.0178, 0.0237, 0.0316, 0.0422, 0.0562, 0.075, 0.1, 0.1334, 0.1778, 0.2371, 0.3162, 0.4217, 0.5623, 0.7499, 1.0, 1.3335, 1.7783, 2.3714, 3.1623, 4.217, 5.6234, 7.4989, 10.0, 13.3352, 17.7828, 23.7137, 31.6228, 42.1697, 56.2341, 74.9894, 100.0], "counts": [0, 0, 0, 0, 0, 0, 0, 0, 0, 0, 26, 570, 4327, 16828, 36630, 45861, 39494, 28768, 16983, 5855, 867, 9, 0, 0, 0, 0, 0, 0, 0, 0, 0, 0]}, "logit_lens": {"promoted": [[" its", 0.425], [" itself", 0.27], [" bite", 0.237], [" me", 0.228], [" shiny", 0.22], [" flew", 0.22], [" her", 0.206], ["hes", 0.204], [" hop", 0.197], [" nice", 0.196]], "suppressed": [["stairs", 0.278], ["ather", 0.275], [" boys", 0.275], ["ext", 0.262], ["on", 0.257], ["ons", 0.255], ["Y", 0.245], ["ination", 0.243], ["ence", 0.241], [" twins", 0.24]]}, "examples": [{"tokens": ["\"", "Yes", ",", " they", " are", ",\"", " Ben", " said", ".", " \"", "But", " we", " should", " not", " touch", " them", ".", " They", " are", " delicate", ".", " The", " bird", " will", " be", " sad", " if", " we", " break", " them", ".\"", "\n", "\n"], "acts": [0.0, 0.0, 0.0, 0.0, 1.395, 0.0, 0.0, 0.0, 0.0, 0.0, 0.0, 0.0, 0.0, 0.0, 0.0, 0.0, 0.0, 0.0, 2.2269, 0.0, 0.0, 0.0, 0.0, 3.5527, 4.7388, 0.6905, 0.0, 0.0, 0.0, 0.0, 0.0, 0.0, 0.0], "max_pos": 24, "max_act": 4.7383}, {"tokens": [".", " He", " wondered", " if", " the", " otter", " would", " be", " friendly", ".", " He", " looked", " back", " at", " his", " mom"], "acts": [0.0, 0.0, 0.0, 0.0, 0.0, 0.0, 3.7433, 4.7281, 0.0, 0.0, 0.0, 1.1532, 0.0, 0.0, 0.0, 0.0], "max_pos": 7, "max_act": 4.7266}, {"tokens": [" He", " is", " sorry", " too", ".", " He", " goes", " back", " to", " the", " bench", ".", "\n", "\n", "\"", "It", " is", " okay", ",", " Tom", ".", " Maybe", " the", " bird", " will", " come", " back", " later", ".\"", " Mia", " says", ".", " She"], "acts": [0.0, 1.2277, 0.0, 0.0, 0.0, 0.0, 1.12, 0.0, 0.0, 0.0, 0.0, 0.0, 0.0, 0.0, 0.0, 0.9673, 1.9715, 0.0, 0.0, 0.0, 0.0, 0.0, 0.0, 0.0, 4.5056, 3.8608, 1.7169, 0.9726, 0.0, 0.0, 0.0, 0.0, 0.0], "max_pos": 24, "max_act": 4.5039}, {"tokens": [" sad", " that", " they", " didn", "'t", " catch", " any", " fish", ",", " but", " he", " was", " also", " thoughtful", ".", " He", " said", ",", " \"", "Dad", ",", " maybe", " the", " fish", " are", " busy", " today", ".", " They", " have", " things", " to", " do"], "acts": [0.0, 0.0, 0.0, 0.0, 0.7628, 0.0, 0.0, 0.0, 0.0, 0.0, 0.0, 0.0, 0.0, 0.0, 0.0, 0.0, 0.0, 0.0, 0.0, 0.0, 0.0, 0.0, 0.0, 0.0, 4.397, 0.7479, 0.0, 0.0, 0.0, 1.2088, 0.0, 0.8078, 0.0], "max_pos": 24, "max_act": 4.3984}, {"tokens": [" and", " see", " if", " the", " worm", " is", " still", " there", ",", " ok", "?\"", " \n", "\n", "Sarah"], "acts": [0.0, 0.0, 0.0, 0.0, 0.0, 4.3933, 3.7743, 0.0, 0.6168, 0.0, 0.0, 0.0, 0.0, 0.0], "max_pos": 5, "max_act": 4.3945}, {"tokens": ["Can", " we", " touch", " the", " fish", ",", " Ben", "?\"", " Lila", " asked", ".", "\n", "\n", "\"", "No", ",", " Lila", ",", " we", " can", "'t", ".", " The", " fish", " are", " wet", " and", " we", " are", " dry", ".", " If", " we"], "acts": [0.0, 0.0, 0.0, 0.0, 0.0, 0.0, 0.0, 0.0, 0.0, 0.0, 0.0, 0.0, 0.0, 0.0, 0.0, 0.0, 0.0, 0.0, 0.0, 0.0, 0.0, 0.0, 0.0, 0.0, 4.3839, 0.0, 2.3399, 0.0, 0.0, 0.0, 0.0, 0.0, 0.0], "max_pos": 24, "max_act": 4.3828}, {"tokens": [" watched", " from", " the", " window", " and", " saw", " the", " water", " get", " higher", " and", " higher", ".", " They", " wondered", " if", " their", " cars", " could", " drive", " in", " the", " water", ".", "\n", "\n", "\""], "acts": [0.0, 0.0, 0.0, 0.0, 0.0, 0.0, 0.0, 0.0, 1.1815, 0.0, 0.0, 0.0, 0.0, 0.0, 0.0, 0.0, 0.0, 0.0, 4.3761, 0.0, 0.0, 0.0, 0.0, 0.0, 0.0, 0.0, 0.0], "max_pos": 18, "max_act": 4.375}, {"tokens": [".", " He", " was", " sorry", " for", " the", " bird", ".", " He", " hoped", " the", " bird", " would", " find", " some", " food", " somewhere", " else", ".", " He", " wished", " the", " bird", " would", " be", " his", " friend", ".", " He", " said", " a", " little", " pray"], "acts": [0.0, 0.0, 0.0, 0.0, 0.0, 0.0, 0.0, 0.0, 0.0, 0.7602, 0.0, 0.0, 4.0155, 2.8495, 1.2048, 0.0, 0.0, 0.0, 0.0, 0.0, 0.0, 0.0, 0.0, 3.4705, 4.3254, 0.0, 0.0, 0.0, 0.0, 0.0, 0.6909, 0.0, 0.0], "max_pos": 24, "max_act": 4.3242}, {"tokens": [" does", " not", " move", ".", " It", " does", " not", " look", " at", " them", ".", " It", " does", " not", " make", " any", " sound", ".", "\n", "\n", "\"", "Maybe", " the", " bird", " is", " deaf", ",\"", " Ben", " says", ".", " \"", "Maybe", " it"], "acts": [2.486, 2.2779, 0.0, 0.6138, 0.6641, 2.395, 2.0179, 0.9889, 0.0, 0.0, 0.0, 0.7734, 2.0639, 1.8226, 0.0, 0.0, 0.0, 0.0, 0.0, 0.0, 0.0, 0.0, 0.0, 1.1142, 4.3166, 1.3166, 0.0, 0.0, 0.0, 0.0, 0.0, 0.0, 0.0], "max_pos": 24, "max_act": 4.3164}, {"tokens": [" and", " said", ",", " \"", "S", "ometimes", ",", " not", " everyone", " likes", " the", " same", " things", ".", " The", " swan", " may", " have", " a", " different", " way", " of", " saying", " hello", ","], "acts": [0.0, 0.0, 0.0, 0.0, 0.0, 0.0, 0.0, 0.0, 0.0, 0.0, 0.0, 0.0, 0.0, 0.0, 0.0, 0.0, 4.2085, 2.4089, 1.6904, 0.0, 0.0, 0.0, 0.0, 0.0, 0.0], "max_pos": 16, "max_act": 4.207}, {"tokens": [" shapes", ".", " She", " thinks", " the", " shapes", " are", " nice", ".", " She", " says", ",", " \"", "OK", ",", " Tom", ".", " I", " will", " try", ".", " Maybe", " the", " snake", " is", " not", " so", " bad", ".", " Maybe", " the", " snake", " is"], "acts": [0.0, 0.0, 0.0, 0.0, 0.0, 0.0, 2.6871, 0.0, 0.0, 0.0, 0.0, 0.0, 0.0, 0.0, 0.0, 0.0, 0.0, 0.5717, 0.0, 0.0, 0.0, 0.0, 0.0, 0.0, 4.2019, 2.8809, 1.2327, 0.0, 0.0, 0.0, 0.0, 0.0, 3.9928], "max_pos": 24, "max_act": 4.2031}, {"tokens": [" The", " man", " looked", " kind", " and", " he", " smiled", " at", " John", ".", "\n", "\n", "The", " man", " soft", "ly", " talked", " to", " John", " and", " explained", " that", " the", " flowers", " may", " look", " nice", ",", " but", " they", " were", " not", " for"], "acts": [0.0, 0.0, 1.5305, 0.0, 1.0032, 0.0, 0.0, 0.0, 0.0, 0.0, 0.0, 0.0, 0.0, 0.0, 0.0, 0.7587, 0.9773, 0.0, 0.0, 0.0, 1.1304, 0.0, 0.0, 0.0, 4.1953, 2.7457, 1.7789, 1.5729, 0.0, 0.0, 2.2378, 1.7358, 0.0], "max_pos": 24, "max_act": 4.1953}]}