{"id": 1426, "density": 0.022938, "max_act": 6.57421875, "hist": {"edges": [0.01, 0.0133, 0.0178, 0.0237, 0.0316, 0.0422, 0.0562, 0.075, 0.1, 0.1334, 0.1778, 0.2371, 0.3162, 0.4217, 0.5623, 0.7499, 1.0, 1.3335, 1.7783, 2.3714, 3.1623, 4.217, 5.6234, 7.4989, 10.0, 13.3352, 17.7828, 23.7137, 31.6228, 42.1697, 56.2341, 74.9894, 100.0], "counts": [0, 0, 0, 0, 0, 0, 0, 0, 0, 3, 49, 408, 3379, 12356, 18378, 15356, 10069, 6746, 5389, 6101, 6644, 6807, 67, 0, 0, 0, 0, 0, 0, 0, 0, 0]}, "logit_lens": {"promoted": [[" two", 0.288], [" And", 0.281], ["m", 0.264], [" With", 0.258], [" five", 0.242], [" ", 0.241], [" Then", 0.238], [" second", 0.235], [" thin", 0.22], [" medicine", 0.218]], "suppressed": [["ture", 0.268], ["ually", 0.253], ["ating", 0.231], [" nowhere", 0.229], [" all", 0.227], [" fight", 0.217], [" tell", 0.217], ["get", 0.214], [" anywhere", 0.208], ["es", 0.206]]}, "examples": [{"tokens": [" the", " painter", " in", " return", ".", " She", " said", " \u00e2\u20ac\u0153", "You", "\u00e2\u20ac\u2122", "re", " welcome", ",", " painter", ".", " I", " see", " you", "\u00e2\u20ac\u2122", "re", " a", " good", " painter", " too", ".\u00e2\u20ac", " ", " ", "\n", "And", " they", " both", " went", " on"], "acts": [0.0, 0.0, 0.0, 0.0, 2.4192, 0.0, 0.0, 0.0, 0.0, 0.849, 0.0, 0.0, 0.0, 0.0, 0.0, 0.0, 0.0, 0.0, 0.0, 0.0, 0.0, 0.0, 0.0, 0.0, 6.5753, 1.0689, 0.0, 0.0, 0.0, 0.0, 0.0, 0.0, 0.0], "max_pos": 24, "max_act": 6.5742}, {"tokens": [" please", "!\"", " he", " said", ".", " ", "\n", "The", " tree", " replied", ",", " \"", "H", "old", " tight", ",", " little", " one", ",", " I", " will", " help", " you", ".\"", " The", " tree", "'s", " branches", " were", " so", " strong", " and"], "acts": [0.0, 2.6892, 0.0, 0.0, 0.0, 0.0, 0.0, 0.0, 0.0, 0.0, 0.0, 0.0, 0.5545, 0.0, 0.0, 0.0, 0.0, 0.0, 0.0, 0.0, 0.0, 0.0, 0.0, 6.4293, 1.4986, 0.5263, 0.0, 0.0, 0.0, 0.0, 0.0, 0.0], "max_pos": 23, "max_act": 6.4297}, {"tokens": ["\n", "The", " police", " off", "ic", "er", " laughed", " and", " said", ",", " \u00e2\u20ac\u0153", "Thank", " you", ",", " J", "un", "e", ".", " That", " was", " a", " very", " nice", " kiss", ".\u00e2\u20ac", " ", "\n", "J", "un", "e", " be", "amed", " with"], "acts": [0.0, 0.0, 0.0, 0.0, 0.0, 0.0, 0.0, 0.0, 0.0, 0.0, 0.0, 0.0, 0.0, 0.3569, 0.0, 0.0, 0.0, 0.0, 0.0, 0.0, 0.0, 0.0, 0.0, 0.0, 6.2592, 0.7316, 0.6051, 0.0, 0.0, 0.0, 0.0, 0.0, 0.0], "max_pos": 24, "max_act": 6.2578}, {"tokens": [" strong", " and", " fit", ".\"", "\n", "\n", "The", " little", " girl", " sighed", ",", " but", " she", " nodded", " and", " said", ",", " \"", "Okay", ",", " I", "'ll", " do", " it", ".\"", "\n", "\n", "She", " always", " tried", " to", " be", " a"], "acts": [0.0, 0.0, 0.0, 5.3905, 0.0, 0.0, 0.0, 0.0, 0.0, 0.0, 0.0, 0.0, 0.0, 0.0, 0.0, 0.0, 0.0, 0.0, 0.0, 0.0, 0.0, 0.0, 0.0, 0.0, 6.1988, 0.0, 0.8969, 0.0, 0.0, 0.0, 0.0, 0.0, 0.0], "max_pos": 24, "max_act": 6.1992}, {"tokens": ["B", "l", "ue", " said", ",", " \u00e2\u20ac\u0153", "Let", "\u00e2\u20ac\u2122", "s", " go", " for", " a", " walk", " and", " see", " if", " we", " can", " find", " a", " smooth", " wing", " for", " you", ".\u00e2\u20ac", "\n", "\n", "So", ",", " they", " started", " walking", " through"], "acts": [0.0, 0.0, 0.0, 0.0, 0.0, 0.0, 0.0, 0.0, 0.0, 0.0, 0.0, 0.0, 0.0, 0.0, 0.0, 0.0, 0.0, 0.0, 0.0, 0.0, 0.0, 0.0, 0.0, 0.0, 6.1925, 0.0, 0.6908, 0.0, 0.0, 0.0, 0.0, 0.0, 0.0], "max_pos": 24, "max_act": 6.1914}, {"tokens": [" mommy", ",", " a", " rainbow", "!\"", " His", " mommy", " replied", ",", " \"", "That", "'s", " nice", " Bob", ",", " but", " you", " should", " be", " careful", " not", " to", " touch", " it", ".\"", " ", "\n", "Bob", " was", " curious", " and", " asked", ","], "acts": [0.0, 0.0, 0.0, 0.0, 4.0598, 0.0, 0.0, 0.0, 0.0, 0.0, 0.0, 0.0, 0.6108, 0.0, 0.0, 0.0, 0.0, 0.0, 0.0, 0.0, 0.0, 0.0, 0.0, 0.0, 6.0846, 1.2403, 0.0, 0.0, 0.0, 0.0, 0.0, 0.0, 0.0], "max_pos": 24, "max_act": 6.0859}, {"tokens": [" to", " do", ".\"", " The", " ghost", " said", ",", " \"", "I", " have", " a", " game", " to", " play", ".", " Let", "'s", " give", " each", " other", " a", " big", " squee", "ze", ".\"", " \n", "\n", "Bob", " was", " still", " scared", " but", " he"], "acts": [0.0, 0.0, 5.8501, 0.0, 0.0, 0.0, 0.0, 0.0, 0.0, 0.0, 0.0, 0.0, 0.0, 0.0, 0.0, 0.0, 0.0, 0.0, 0.0, 0.0, 0.0, 0.0, 0.0, 0.0, 6.0483, 0.7879, 0.7199, 0.0, 0.0, 0.0, 0.0, 0.0, 0.0], "max_pos": 24, "max_act": 6.0469}, {"tokens": [" field", " with", " you", ".\"", "\n", "\n", "Q", "u", "ack", "ers", " said", ",", " \"", "That", " sounds", " fun", " too", "!", " Let", "'s", " go", " to", " the", " field", ".\"", "\n", "\n", "As", " they", " hopped", " through", " the", " field"], "acts": [0.0, 0.0, 0.0, 5.8279, 0.0, 0.0, 0.0, 0.0, 0.0, 0.0, 0.0, 0.0, 0.0, 0.0, 0.0, 0.0, 0.0, 0.6239, 0.0, 0.0, 0.0, 0.0, 0.0, 0.0, 5.9875, 0.0, 0.4604, 0.0, 0.0, 0.0, 0.0, 0.0, 0.0], "max_pos": 24, "max_act": 5.9883}, {"tokens": [" trying", " to", " protect", " you", ".\"", " ", "\n", "C", "h", "l", "oe", " thanked", " R", "em", "i", " and", " said", " \"", "You", " are", " a", " very", " alert", " puppy", ".\"", " ", "\n", "Then", " R", "em", "i", " and", " Ch"], "acts": [0.0, 0.0, 0.0, 0.0, 5.5165, 1.0334, 0.0, 0.0, 0.0, 0.0, 0.0, 0.0, 0.0, 0.0, 0.0, 0.0, 0.0, 0.0, 0.0, 0.0, 0.0, 0.0, 0.0, 0.0, 5.9519, 1.0164, 0.0, 0.0, 0.0, 0.0, 0.0, 0.0, 0.0], "max_pos": 24, "max_act": 5.9531}, {"tokens": [" ", "\n", "The", " village", " lead", "er", " smiled", ".", " He", " said", ",", " \"", "I", " will", " perm", "it", " you", " to", " go", ",", " but", " please", " be", " careful", ".\"", "\n", "The", " two", " vill", "ag", "ers", " thanked", " him"], "acts": [0.0, 0.0, 0.0, 0.0, 0.0, 0.0, 0.0, 0.0, 0.0, 0.0, 0.0, 0.0, 0.0, 0.0, 0.0, 0.0, 0.0, 0.0, 0.0, 0.0, 0.0, 0.0, 0.0, 0.0, 5.9441, 0.0, 0.0, 0.0, 0.0, 0.0, 0.0, 0.0, 0.0], "max_pos": 24, "max_act": 5.9453}, {"tokens": [" sound", ".", " ", "\n", "The", " bear", " hugged", " the", " owl", " and", " said", ",", " \"", "We", " did", " it", "!", " We", " made", " it", " out", " of", " there", " together", ".\"", " ", "\n", "The", " owl", " smiled", " and", " said", ","], "acts": [0.0, 1.1217, 0.0, 0.0, 0.0, 0.0, 0.0, 0.0, 0.0, 0.0, 0.0, 0.0, 0.0, 0.0, 0.0, 0.0, 0.0, 0.0, 0.0, 0.0, 0.0, 0.0, 0.0, 0.0, 5.9206, 1.4854, 0.6799, 0.0, 0.0, 0.0, 0.0, 0.0, 0.0], "max_pos": 24, "max_act": 5.9219}, {"tokens": [" the", " loo", "p", ".", " After", " a", " few", " round", "s", ",", " the", " cow", " said", ",", " \"", "I", "'m", " tired", ".", " Let", "'s", " rest", " a", " bit", ".\"", " ", "\n", "The", " horse", " agreed", " and", " they", " stopped"], "acts": [0.0, 0.0, 0.0, 1.2238, 0.0, 0.0, 0.0, 0.0, 0.0, 0.0, 0.0, 0.0, 0.0, 0.0, 0.0, 0.0, 0.0, 0.0, 0.0, 0.0, 0.0, 0.0, 0.0, 0.0, 5.8623, 1.157, 0.0, 0.0, 0.0, 0.0, 0.0, 0.0, 0.0], "max_pos": 24, "max_act": 5.8633}]}