{"id": 1422, "density": 0.0262955, "max_act": 4.38671875, "hist": {"edges": [0.01, 0.0133, 0.0178, 0.0237, 0.0316, 0.0422, 0.0562, 0.075, 0.1, 0.1334, 0.1778, 0.2371, 0.3162, 0.4217, 0.5623, 0.7499, 1.0, 1.3335, 1.7783, 2.3714, 3.1623, 4.217, 5.6234, 7.4989, 10.0, 13.3352, 17.7828, 23.7137, 31.6228, 42.1697, 56.2341, 74.9894, 100.0], "counts": [0, 0, 0, 0, 0, 0, 0, 0, 0, 3, 52, 246, 1098, 5237, 15569, 22900, 23828, 20065, 12126, 3723, 333, 2, 0, 0, 0, 0, 0, 0, 0, 0, 0, 0]}, "logit_lens": {"promoted": [["There", 0.201], [" hole", 0.165], [" story", 0.159], [" dirt", 0.157], [" late", 0.155], [" the", 0.154], [" cut", 0.151], [" mess", 0.149], [" while", 0.146], [" in", 0.141]], "suppressed": [["ually", 0.373], [" years", 0.34], [" fin", 0.335], [" decide", 0.325], ["ned", 0.315], [" school", 0.314], [" Sara", 0.31], [" forever", 0.3], ["ti", 0.297], [" inv", 0.296]]}, "examples": [{"tokens": [" the", " house", ".", " They", " hoped", " no", " one", " lived", " there", ".", "\n", "\n", "The", " fire", "f", "ight", "ers", " put", " out", " the", " fire", " and", " cleaned", " up", " the", " mess", ".", " They", " told", " Lila", " and", " Ben", " to"], "acts": [1.2536, 0.0, 0.0, 0.0, 0.0, 0.0, 0.0, 0.0, 0.0, 0.0, 0.0, 0.0, 1.3563, 0.0, 0.0, 0.0, 0.0, 0.0, 0.0, 2.467, 0.0, 0.0, 0.0, 0.0, 4.3855, 0.0, 0.0, 0.0, 0.0, 0.0, 0.0, 0.0, 0.0], "max_pos": 24, "max_act": 4.3867}, {"tokens": [" to", " check", " to", " make", " sure", " everyone", " was", " ok", ".", " Jimmy", " was", " relieved", " and", " so", " was", " his", " mom", ".", " The", " police", " even", " helped", " clean", " up", " the", " mess", "!", " \n", "\n", "Jimmy", " and", " his", " family"], "acts": [0.0, 0.0, 0.0, 0.0, 0.0, 0.0, 0.0, 0.0, 0.0, 0.0, 0.0, 0.0, 0.0, 0.0, 0.0, 0.0, 0.0, 0.0, 2.9399, 0.0, 0.0, 0.0, 0.0, 0.0, 4.2578, 0.0, 0.0, 0.0, 0.0, 0.0, 0.0, 0.7125, 0.0], "max_pos": 24, "max_act": 4.2578}, {"tokens": ["ight", "ers", " who", " came", " and", " put", " out", " the", " fire", ".", " After", " the", " fire", " was", " out", ",", " Timmy", " and", " his", " mom", " had", " to", " clean", " up", " the", " mess", ".", " It", " was", " hard", " work", ",", " but"], "acts": [0.0, 0.0, 1.248, 0.0, 0.0, 0.0, 0.0, 2.9051, 0.0, 0.0, 0.0, 3.9749, 0.0, 0.0, 0.0, 0.0, 0.0, 0.0, 0.6968, 0.0, 0.0, 0.0, 0.0, 0.0, 4.2084, 0.0, 0.0, 0.0, 0.0, 0.0, 0.0, 0.0, 0.0], "max_pos": 24, "max_act": 4.207}, {"tokens": [" the", " kitchen", ".", " She", " saw", " the", " smoke", " and", " the", " fl", "ames", ".", " She", " grabbed", " a", " fire", " ex", "ting", "u", "is", "her", " and", " spray", "ed", " the", " oven", ",", " the", " sp", "ong", "e", ",", " and"], "acts": [0.9381, 0.0, 0.0, 0.0, 0.0, 2.5423, 0.0, 0.0, 2.9202, 0.0, 0.0, 0.0, 0.0, 0.0, 0.0, 0.0, 0.0, 0.0, 0.0, 0.0, 0.0, 0.0, 0.0, 0.0, 4.1278, 0.0, 0.0, 2.9146, 0.0, 1.2829, 0.0, 0.0, 0.0], "max_pos": 24, "max_act": 4.1289}, {"tokens": [" okay", ",", " sweetie", ".", " Let", "'s", " clean", " up", " and", " try", " again", ",\"", " her", " mom", " said", ".", "\n", "\n", "Lily", " helped", " her", " mom", " clean", " up", " the", " mess", " and", " they", " made", " another", " tray", " of", " cookies"], "acts": [0.0, 0.0, 0.0, 0.0, 0.0, 0.0, 0.0, 0.0, 0.0, 0.0, 0.0, 0.0, 0.0, 0.0, 0.0, 0.0, 0.0, 0.0, 0.0, 0.0, 0.0, 0.0, 0.0, 0.0, 4.1207, 0.0, 0.0, 0.0, 0.0, 0.0, 0.0, 0.0, 0.0], "max_pos": 24, "max_act": 4.1211}, {"tokens": [" Lily", ".", " We", " all", " make", " mist", "akes", ".", " Let", "'s", " clean", " up", " the", " rice", " together", ".\"", " So", ",", " Lily", " and", " her", " mom", " cleaned", " up", " the", " rice", " and", " laughed", " together", ".", " From", " that", " day"], "acts": [0.0, 0.0, 0.0, 0.0, 0.0, 0.0, 0.0, 0.0, 0.0, 0.0, 0.0, 0.0, 3.1069, 0.0, 0.0, 0.0, 0.0, 0.0, 0.0, 0.0, 0.0, 0.0, 0.0, 0.0, 4.0503, 0.0, 0.0, 0.0, 0.0, 0.0, 0.0, 0.5971, 0.0], "max_pos": 24, "max_act": 4.0508}, {"tokens": [" off", " the", " floor", ",\"", " Lily", " said", ".", "\n", "\n", "M", "ittens", " and", " Lily", " worked", " together", " to", " clean", " up", " the", " soup", ".", " They", " were", " happy", " they", " could", " work"], "acts": [0.0, 0.0, 0.0, 0.0, 0.0, 0.0, 0.0, 0.0, 0.0, 0.0, 0.0, 0.0, 0.0, 0.0, 0.0, 0.0, 0.0, 0.0, 3.9871, 0.0, 0.0, 0.9997, 0.0, 0.0, 0.0, 0.0, 0.0], "max_pos": 18, "max_act": 3.9863}, {"tokens": [" man", " drop", "s", " the", " stick", ".", " The", " fire", " falls", " on", " the", " ground", ".", " It", " cat", "ches", " a", " cloth", ".", " The", " cloth", " burn", "s", ".", " The", " fire", " grow", "s", ".", " The", " people", " scream", "."], "acts": [0.0, 0.0, 0.0, 1.5513, 0.0, 0.0, 3.2498, 0.0, 0.0, 0.0, 1.3971, 0.0, 0.0, 1.1096, 0.0, 0.0, 0.7711, 0.0, 0.0, 3.3402, 0.0, 0.0, 0.0, 0.0, 3.978, 0.0, 0.0, 0.0, 0.0, 3.8913, 0.0, 0.0, 0.0], "max_pos": 24, "max_act": 3.9785}, {"tokens": [" a", " bucket", " and", " filled", " it", " with", " water", ".", " They", " climbed", " up", " a", " ladder", " onto", " the", " roof", " and", " slowly", " poured", " the", " water", " over", " it", ".", " The", " water", " filled", " the", " roof", " and", " slowly", " cool", "ed"], "acts": [0.0, 0.0, 0.0, 0.0, 0.0, 0.0, 0.0, 0.0, 0.0, 0.0, 0.0, 1.7746, 0.0, 0.0, 1.2656, 0.0, 0.0, 0.0, 0.0, 2.1225, 0.0, 0.0, 0.0, 0.0, 3.9744, 0.0, 0.0, 1.8553, 0.0, 0.0, 0.0, 0.0, 0.0], "max_pos": 24, "max_act": 3.9746}, {"tokens": [" fire", " with", " water", ".", "\n", "\n", "The", " fire", "m", "en", " came", " with", " a", " big", " truck", " and", " a", " hose", ".", " They", " spray", "ed", " water", " on", " the", " fire", " and", " made", " it", " smaller", ".", " They", " put"], "acts": [0.0, 0.0, 0.0, 0.0, 0.0, 0.0, 2.5499, 0.0, 0.0, 0.0, 0.0, 0.0, 0.0, 0.0, 0.0, 0.0, 0.6322, 0.0, 0.0, 0.0, 0.0, 0.0, 0.0, 1.0107, 3.9395, 0.0, 0.0, 0.0, 0.0, 0.0, 0.0, 0.0, 0.0], "max_pos": 24, "max_act": 3.9395}, {"tokens": [" at", " Tom", ".", " Tom", " do", "d", "ged", " and", " sl", "as", "hed", " with", " his", " sharp", " sword", ".", " He", " cut", " the", " bad", " man", "'s", " arm", ".", " The", " bad", " man", " cried", " out", ".", " He", " dropped", " his"], "acts": [0.0, 0.0, 0.0, 0.0, 0.0, 0.0, 0.0, 0.0, 0.0, 0.0, 0.0, 0.0, 1.02, 0.0, 0.0, 0.0, 0.0, 0.0, 2.4933, 0.9989, 0.0, 0.0, 0.0, 0.0, 3.924, 1.5698, 0.0, 0.0, 0.0, 0.9462, 0.6337, 0.0, 0.0], "max_pos": 24, "max_act": 3.9238}, {"tokens": [" sorry", ".", " She", " gave", " back", " the", " coin", ".", " She", " helped", " her", " mom", " clean", " up", " the", " mess", ".", " She", " learned", " her", " lesson", ".", " She"], "acts": [0.0, 0.0, 0.0, 0.0, 0.0, 0.0, 0.0, 0.0, 0.0, 0.0, 0.0, 0.0, 0.0, 0.0, 3.9095, 0.0, 0.0, 0.0, 0.0, 0.0, 0.0, 0.0, 0.0], "max_pos": 14, "max_act": 3.9102}]}