{"id": 1429, "density": 0.25997725, "max_act": 5.984375, "hist": {"edges": [0.01, 0.0133, 0.0178, 0.0237, 0.0316, 0.0422, 0.0562, 0.075, 0.1, 0.1334, 0.1778, 0.2371, 0.3162, 0.4217, 0.5623, 0.7499, 1.0, 1.3335, 1.7783, 2.3714, 3.1623, 4.217, 5.6234, 7.4989, 10.0, 13.3352, 17.7828, 23.7137, 31.6228, 42.1697, 56.2341, 74.9894, 100.0], "counts": [0, 0, 0, 0, 0, 0, 0, 0, 0, 49, 644, 3618, 15924, 59720, 138455, 204561, 215336, 178508, 116021, 67720, 34460, 4869, 24, 0, 0, 0, 0, 0, 0, 0, 0, 0]}, "logit_lens": {"promoted": [[" again", 0.262], [" mistake", 0.261], [" leave", 0.249], [" decided", 0.249], [" went", 0.245], [" go", 0.244], [" came", 0.243], [" something", 0.243], [" disappeared", 0.239], [" stopped", 0.236]], "suppressed": [[" liked", 0.32], [" would", 0.315], [" always", 0.296], [" ones", 0.284], [" often", 0.278], ["ng", 0.271], [" songs", 0.267], [" Sometimes", 0.258], [" One", 0.258], [" loved", 0.25]]}, "examples": [{"tokens": [" pretend", " that", " they", " are", " a", "str", "on", "aut", "s", " who", " go", " to", " space", " and", " explore", " new", " plan", "ets", ".", "\n", "\n", "One", " day", ",", " they", " decide", " to", " bring", " their", " rocket", "s", " to", " the"], "acts": [0.0, 0.0, 0.0, 0.0, 0.0, 0.0, 0.0, 0.0, 0.0, 0.0, 0.0, 0.0, 0.0, 0.0, 0.0, 0.0, 0.0, 0.0, 0.0, 0.0, 0.0, 0.6495, 2.978, 3.5847, 5.9835, 3.2792, 5.3404, 3.288, 3.8769, 3.1189, 3.2075, 2.0256, 2.4227], "max_pos": 24, "max_act": 5.9844}, {"tokens": ["Later", " that", " day", ",", " Lily", " noticed", " that", " the", " flower"], "acts": [5.9557, 3.5889, 4.1364, 3.9766, 3.0185, 3.385, 2.6213, 2.5973, 1.7434], "max_pos": 0, "max_act": 5.957}, {"tokens": [" wing", ".\"", "\n", "\n", "They", " laugh", " and", " clap", ".", " They", " watch", " the", " kite", ".", " They", " are", " happy", ".", "\n", "\n", "But", " then", ",", " something", " bad", " happ", "ens", ".", " The", " wind", " gets", " stronger", "."], "acts": [0.0, 0.0, 0.0, 0.0, 0.8833, 0.8914, 0.0, 0.0, 0.0, 0.0, 0.0, 1.1996, 1.0128, 0.0, 0.0, 0.0, 0.0, 0.0, 0.0, 0.517, 2.2601, 4.088, 4.1535, 5.2305, 5.9544, 3.2457, 2.7222, 3.1442, 3.2177, 3.0461, 2.2103, 4.1591, 2.3877], "max_pos": 24, "max_act": 5.9531}, {"tokens": [" for", " them", ".", " They", " pretend", " it", " is", " a", " castle", " or", " a", " sp", "ac", "es", "hip", " or", " a", " cave", ".", "\n", "\n", "One", " day", ",", " they", " see", " a", " new", " family", " move", " in", " next", " door"], "acts": [0.0, 0.0, 0.0, 0.0, 0.0, 0.0, 0.0, 0.0, 0.0, 0.0, 0.0, 0.0, 0.0, 0.0, 0.0, 0.0, 0.0, 0.0, 0.0, 0.0, 0.0, 0.0, 2.5985, 3.2784, 5.927, 3.3978, 3.5343, 1.886, 3.1208, 1.8501, 1.359, 1.3864, 2.1944], "max_pos": 24, "max_act": 5.9258}, {"tokens": [" They", " pretend", " they", " are", " looking", " for", " treasure", ".", " Sometimes", " they", " find", " rocks", ",", " shells", ",", " or", " worm", "s", ".", "\n", "\n", "One", " day", ",", " they", " dig", " deep", "er", " than", " before", ".", " They", " see"], "acts": [0.0, 0.0, 0.0, 0.0, 0.0, 0.0, 0.0, 0.0, 0.0, 0.0, 0.0, 0.0, 0.0, 0.0, 0.0, 0.0, 0.0, 0.0, 0.0, 0.0, 0.0, 0.0, 2.0018, 2.7531, 5.87, 3.1209, 3.5329, 1.874, 1.3184, 1.1714, 1.7206, 2.1155, 0.7016], "max_pos": 24, "max_act": 5.8711}, {"tokens": [" so", " happy", " to", " see", " the", " angel", " that", " she", " jumped", " up", " and", " down", " with", " joy", ".", "\n", "\n", "Suddenly", ",", " something", " terrible", " happened", ".", " A", " big", " bird", " came", " and", " scared"], "acts": [0.0, 0.0, 0.0, 0.0, 0.0, 0.0, 0.0, 1.0457, 0.0, 0.0, 0.0, 0.0, 0.0, 0.0, 0.0, 0.0, 0.0, 1.9844, 1.6979, 4.9882, 5.8642, 3.1517, 2.3192, 2.9355, 3.4864, 4.5209, 1.4472, 1.9455, 2.417], "max_pos": 20, "max_act": 5.8633}, {"tokens": [" of", " toys", ".", " They", " have", " cars", ",", " dolls", ",", " balls", ",", " and", " an", " a", "er", "op", "l", "ane", ".", "\n", "\n", "One", " day", ",", " they", " decide", " to", " play", " with", " the", " a", "er", "op"], "acts": [0.0, 0.0, 0.0, 0.0, 0.0, 0.0, 0.8354, 0.0, 0.0, 0.0, 0.0, 0.0, 0.0, 0.0, 0.0, 0.0, 0.0, 0.0, 0.0, 0.0, 0.0, 0.0, 2.4816, 3.342, 5.8401, 3.1374, 4.8637, 3.9578, 2.3006, 1.862, 0.0, 0.0, 0.0], "max_pos": 24, "max_act": 5.8398}, {"tokens": [" a", " book", " of", " math", ".", " It", " has", " numbers", " and", " shapes", ".", " They", " try", " to", " count", " and", " match", " them", ".", "\n", "\n", "One", " day", ",", " they", " see", " a", " big", " hill", " in", " the", " park", "."], "acts": [0.0, 0.0, 0.0, 0.0, 0.0, 0.0, 0.0, 0.0, 0.0, 0.0, 0.0, 0.0, 0.0, 0.0, 0.0, 0.8797, 0.0, 0.0, 0.0, 0.0, 0.0, 0.0, 2.5892, 3.184, 5.8282, 3.4157, 3.4179, 1.8068, 2.5884, 2.0045, 2.0919, 1.1565, 2.0059], "max_pos": 24, "max_act": 5.8281}, {"tokens": [" and", " soft", "!\"", "\n", "\n", "They", " showed", " each", " other", " their", " toys", " and", " smiled", ".", " They", " were", " happy", ".", "\n", "\n", "But", " then", ",", " something", " strange", " happened", ".", " Their", " toys", " started", " to", " shr", "ink"], "acts": [0.0, 0.0, 0.0, 0.0, 0.0, 0.0, 0.0, 1.0706, 0.0, 0.0, 0.0, 0.0, 0.0, 0.0, 0.0, 0.0, 0.0, 0.0, 0.0, 0.0, 1.5481, 3.4608, 3.5138, 4.9239, 5.8118, 3.4284, 2.9723, 2.4289, 3.4533, 3.1462, 1.8626, 2.7375, 2.1079], "max_pos": 24, "max_act": 5.8125}, {"tokens": [" to", " wear", " a", " dress", " and", " a", " crown", ".", " They", " also", " have", " a", " shield", " that", " is", " red", " and", " yellow", ".", "\n", "\n", "One", " day", ",", " they", " find", " a", " new", " shield", " in", " the", " box", "."], "acts": [0.0, 0.0, 0.0, 0.0, 0.0, 0.0, 0.0, 0.0, 0.0, 0.0, 0.0, 0.0, 0.0, 0.0, 0.0, 0.0, 0.0, 0.0, 0.0, 0.0, 0.0, 0.0, 2.3003, 2.9545, 5.7744, 4.2892, 3.4182, 2.2686, 2.8993, 1.0291, 1.6602, 2.4504, 1.4276], "max_pos": 24, "max_act": 5.7734}, {"tokens": [" in", " the", " water", " and", " make", " it", " sail", ".", " They", " pretend", " they", " are", " pir", "ates", " and", " look", " for", " treasure", ".", "\n", "\n", "One", " day", ",", " they", " see", " a", " big", " spider", " on", " the", " boat", "."], "acts": [0.0, 0.0, 0.0, 0.0, 0.0, 0.0, 0.0, 0.0, 0.0, 0.0, 0.0, 0.0, 0.0, 0.0, 0.0, 0.0, 0.0, 0.0, 0.0, 0.0, 0.0, 0.0, 2.3141, 2.9774, 5.7583, 3.3866, 3.3596, 1.9387, 2.1727, 1.2757, 1.4079, 2.4682, 1.6826], "max_pos": 24, "max_act": 5.7578}, {"tokens": [" They", " make", " soup", " with", " water", " and", " leaves", " and", " rocks", ".", " They", " stir", " and", " taste", " and", " say", " y", "um", ".", "\n", "\n", "One", " day", ",", " they", " hear", " a", " knock", " on", " the", " box", ".", " They"], "acts": [0.0, 0.0, 0.0, 0.0, 0.0, 0.0, 0.0, 0.0, 0.0, 0.0, 0.0, 0.0, 0.0, 0.0, 0.0, 0.0, 0.0, 0.0, 0.0, 0.0, 0.0, 0.8986, 3.0342, 3.7983, 5.7526, 3.7482, 3.7524, 2.832, 2.4086, 2.9767, 4.1717, 1.9433, 2.205], "max_pos": 24, "max_act": 5.7539}]}