{"id": 1442, "density": 0.0593595, "max_act": 7.08203125, "hist": {"edges": [0.01, 0.0133, 0.0178, 0.0237, 0.0316, 0.0422, 0.0562, 0.075, 0.1, 0.1334, 0.1778, 0.2371, 0.3162, 0.4217, 0.5623, 0.7499, 1.0, 1.3335, 1.7783, 2.3714, 3.1623, 4.217, 5.6234, 7.4989, 10.0, 13.3352, 17.7828, 23.7137, 31.6228, 42.1697, 56.2341, 74.9894, 100.0], "counts": [0, 0, 0, 0, 0, 0, 0, 0, 0, 1, 14, 279, 2390, 9685, 19585, 26328, 32771, 38663, 40266, 36121, 22897, 7808, 630, 0, 0, 0, 0, 0, 0, 0, 0, 0]}, "logit_lens": {"promoted": [[" \n", 0.276], ["\n", 0.257], [" ent", 0.222], ["ace", 0.202], ["ide", 0.193], [" aw", 0.151], [" ground", 0.15], [" o", 0.149], [" mist", 0.147], [" it", 0.145]], "suppressed": [[" cows", 0.324], ["\"", 0.313], [" bounced", 0.307], [" scold", 0.301], [" wagged", 0.286], [" forgave", 0.285], [" bounce", 0.281], [" tri", 0.272], ["ol", 0.27], [" belong", 0.267]]}, "examples": [{"tokens": [" started", " to", " mix", " them", " together", " and", " put", " them", " in", " a", " pot", ".", " Then", " she", " put", " the", " pot", " on", " the", " stove", " and", " turned", " it", " on", ".", " \n", "\n", "N", "ext", ",", " she", " added", " some"], "acts": [0.0, 0.0, 0.0, 0.0, 0.0, 0.0, 0.0, 0.0, 0.0, 0.0, 0.0, 5.7045, 0.0, 0.0, 0.0, 0.0, 0.0, 0.0, 0.6846, 0.0, 0.0, 0.0, 0.0, 0.0, 7.0829, 0.0, 0.0, 0.0, 0.0, 0.0, 0.0, 0.0, 0.0], "max_pos": 24, "max_act": 7.082}, {"tokens": [" song", ".", " N", "ext", ",", " they", " added", " some", " sounds", " to", " it", ".", " Finally", ",", " they", " practiced", " it", " over", " and", " over", " to", " impro", "ve", " it", ".", " \n", "\n", "When", " they", " were", " finished", ",", " they"], "acts": [0.0, 4.5224, 0.0, 0.0, 0.0, 0.0, 0.0, 0.0, 0.0, 0.6287, 0.0, 5.9049, 0.0, 0.0, 0.0, 0.0, 0.0, 0.0, 0.0, 0.0, 0.0, 0.0, 0.0, 0.0, 6.8828, 0.0, 0.0, 0.0, 0.0, 0.0, 0.0, 0.0, 0.0], "max_pos": 24, "max_act": 6.8828}, {"tokens": [" She", " wanted", " to", " know", " what", " was", " inside", ".", " She", " guess", "ed", " it", " was", " a", " room", ".", " So", " she", " opened", " the", " door", " and", " stepped", " inside", ".", "\n", "\n", "The", " room", " was", " big", " and", " cold"], "acts": [0.0, 0.0, 0.0, 0.0, 0.0, 0.0, 0.0, 2.8601, 0.0, 0.0, 0.0, 0.0, 0.0, 0.0, 0.0, 4.7634, 0.0, 0.0, 0.0, 0.0, 0.0, 0.0, 0.0, 0.0, 6.8692, 0.0, 0.0, 0.0, 0.0, 0.0, 0.0, 0.0, 0.0], "max_pos": 24, "max_act": 6.8711}, {"tokens": [" shadow", ".", " It", " was", " very", " dark", " and", " long", ".", " She", " stopped", " walking", " to", " look", " at", " the", " shadow", ".", " She", " waited", " and", " watched", " it", " carefully", ".", " She", " was", " very", " patient", ".", " She", " waited", " so"], "acts": [0.0, 2.797, 0.0, 0.0, 0.0, 0.0, 0.0, 0.0, 2.9346, 0.0, 0.0, 0.0, 0.0, 0.0, 0.0, 0.0, 0.0, 5.4746, 0.0, 0.0, 0.0, 0.0, 0.0, 0.0, 6.8297, 0.0, 0.0, 0.0, 0.0, 6.103, 0.0, 0.0, 0.0], "max_pos": 24, "max_act": 6.8281}, {"tokens": [" hot", ".", " The", " bear", " didn", "'t", " want", " to", " burn", " his", " to", "ng", "ue", ".", " So", ",", " he", " waited", " for", " the", " soup", " to", " cool", " down", ".", " \n", "\n", "After", " a", " while", ",", " the", " soup"], "acts": [0.0, 2.9213, 0.0, 0.0, 0.0, 0.0, 0.0, 0.0, 0.0, 0.0, 0.0, 0.0, 0.0, 2.7546, 0.0, 0.0, 0.0, 0.0, 0.0, 0.0, 0.0, 0.0, 0.0, 0.0, 6.8084, 0.0, 0.0, 0.0, 0.0, 0.0, 0.0, 0.0, 0.0], "max_pos": 24, "max_act": 6.8086}, {"tokens": [" seen", " anything", " like", " it", " before", ".", " The", " pengu", "in", " was", " very", " curious", ".", " He", " stepped", " up", " to", " the", " prin", "ter", " and", " pressed", " a", " button", ".", "\n", "\n", "M", "uch", " to", " his", " surprise", ","], "acts": [0.0, 0.0, 0.0, 0.0, 0.0, 2.5133, 0.0, 0.0, 0.0, 0.0, 0.0, 0.0, 3.2787, 0.0, 0.0, 0.0, 0.0, 0.0, 0.0, 0.0, 0.0, 0.0, 0.0, 0.0, 6.7589, 0.0, 0.0, 0.0, 0.0, 0.0, 0.0, 0.0, 0.0], "max_pos": 24, "max_act": 6.7578}, {"tokens": [".", " He", " then", " added", " some", " water", " and", " stirred", " it", " together", ".", " Then", ",", " he", " took", " some", " paper", " and", " d", "ipped", " it", " in", " the", " jug", ".", " \n", "\n", "When", " the", " man", " was", " done", ","], "acts": [4.6883, 0.0, 0.0, 0.0, 0.0, 0.0, 0.0, 0.0, 0.0, 0.0, 5.9103, 0.0, 0.0, 0.0, 0.0, 0.0, 0.0, 0.0, 0.0, 0.0, 0.0, 0.0, 0.0, 0.0, 6.7506, 0.0, 0.521, 0.0, 0.0, 0.0, 0.0, 0.0, 0.0], "max_pos": 24, "max_act": 6.75}, {"tokens": [" He", " looked", " at", " it", " with", " amaz", "ement", " and", " wanted", " to", " see", " what", " was", " inside", ".", " So", " he", " slowly", " turned", " it", " over", " and", " opened", " it", ".", " Inside", " was", " a", " beautiful", " pe", "arl", "!", "\n"], "acts": [0.0, 0.0, 0.0, 0.0, 0.0, 0.0, 0.0, 0.0, 0.0, 0.0, 0.0, 0.0, 0.0, 0.0, 2.502, 0.0, 0.0, 0.0, 0.0, 0.0, 0.0, 0.0, 0.0, 0.0, 6.7414, 0.0, 0.0, 0.0, 0.0, 0.0, 0.0, 4.1732, 0.4544], "max_pos": 24, "max_act": 6.7422}, {"tokens": [" saw", " the", " blueber", "ry", " and", " wanted", " to", " help", " it", ".", " The", " fish", " used", " its", " fin", "s", " to", " push", " the", " blueber", "ry", " through", " the", " water", ".", "\n", "\n", "The", " fish", " and", " the", " blueber", "ry"], "acts": [0.0, 0.0, 0.0, 0.0, 0.0, 0.0, 0.0, 0.0, 0.0, 1.6063, 0.0, 0.0, 0.0, 0.0, 0.0, 0.0, 0.0, 0.0, 0.0, 0.0, 0.0, 0.0, 0.0, 0.0, 6.7349, 0.0, 0.0, 0.0, 0.0, 0.0, 0.0, 0.0, 0.0], "max_pos": 24, "max_act": 6.7344}, {"tokens": [" of", " paper", " and", " a", " pen", " and", " prin", "ted", " out", " a", " picture", " of", " the", " rice", ".", " Then", " he", " tap", "ed", " the", " paper", " onto", " the", " wall", ".", "\n", "\n", "The", " man", " was", " so", " happy", "!"], "acts": [0.0, 0.0, 0.0, 0.0, 0.0, 0.0, 0.0, 0.0, 0.0, 0.0, 0.0, 0.0, 0.0, 0.0, 4.297, 0.0, 0.0, 0.0, 0.0, 0.0, 0.0, 0.0, 0.0, 0.0, 6.7219, 0.0, 0.0, 0.0, 0.0, 0.0, 0.0, 0.0, 1.3445], "max_pos": 24, "max_act": 6.7227}, {"tokens": [" with", " some", " sugar", " from", " the", " top", ".", " Then", ",", " mummy", " put", " it", " in", " the", " oven", ".", " The", " daughter", " waited", " and", " waited", " for", " the", " cake", ".", " She", " was", " so", " impatient", "!", " Finally", ",", " the"], "acts": [0.0, 0.0, 0.0, 0.0, 0.0, 0.0, 5.892, 0.0, 0.0, 0.0, 0.0, 0.0, 0.0, 0.0, 0.0, 5.1117, 0.0, 0.0, 0.0, 0.0, 0.0, 0.0, 0.0, 0.0, 6.7205, 0.0, 0.0, 0.0, 0.0, 3.5456, 0.0, 0.0, 0.0], "max_pos": 24, "max_act": 6.7188}, {"tokens": [" name", " each", " number", ".", " She", " counted", " all", " the", " way", " up", " to", " ten", ".", " Then", ",", " she", " went", " back", " to", " the", " start", " and", " counted", " again", ".", " \n", "\n", "She", " loved", " counting", " the", " post", "s"], "acts": [0.0, 0.0, 0.0, 4.8779, 0.0, 0.0, 0.0, 0.0, 0.0, 0.0, 0.0, 0.0, 5.9855, 0.0, 0.0, 0.0, 0.0, 0.0, 0.0, 0.0, 0.0, 0.0, 0.0, 0.0, 6.7204, 1.0556, 1.1508, 0.0, 0.0, 0.0, 0.0, 0.0, 0.0], "max_pos": 24, "max_act": 6.7188}]}