{"id": 1453, "density": 0.01389525, "max_act": 4.7578125, "hist": {"edges": [0.01, 0.0133, 0.0178, 0.0237, 0.0316, 0.0422, 0.0562, 0.075, 0.1, 0.1334, 0.1778, 0.2371, 0.3162, 0.4217, 0.5623, 0.7499, 1.0, 1.3335, 1.7783, 2.3714, 3.1623, 4.217, 5.6234, 7.4989, 10.0, 13.3352, 17.7828, 23.7137, 31.6228, 42.1697, 56.2341, 74.9894, 100.0], "counts": [0, 0, 0, 0, 0, 0, 0, 0, 0, 0, 9, 143, 740, 2769, 6624, 11741, 12882, 9925, 6682, 3133, 892, 41, 0, 0, 0, 0, 0, 0, 0, 0, 0, 0]}, "logit_lens": {"promoted": [[" from", 0.276], [" sometimes", 0.252], ["ually", 0.225], [" right", 0.218], [" forward", 0.217], [" closer", 0.216], [" by", 0.214], [" late", 0.214], ["ored", 0.21], [" over", 0.207]], "suppressed": [["s", 0.473], ["b", 0.414], ["g", 0.385], ["t", 0.355], ["m", 0.354], ["ll", 0.35], ["d", 0.327], ["f", 0.304], ["am", 0.29], ["c", 0.282]]}, "examples": [{"tokens": [" started", " to", " fight", " him", ",", " shaking", " and", " making", " loud", " noises", ".", " \n", "\n", "Tommy", " was", " a", " bit", " scared", " but", " he", " laughed", " and", " kept", " pre", "ss", "ing", " the", " button", ",", " trying", " to", " make", " it"], "acts": [0.0, 0.0, 0.0, 0.0, 0.0, 2.4664, 0.0, 0.0, 0.0, 1.0066, 0.0, 0.0, 0.0, 0.0, 0.0, 0.0, 0.0, 0.7729, 0.0, 0.0, 0.0, 0.0, 0.0, 0.0, 4.7581, 0.0, 0.0, 0.0, 0.0, 0.0, 0.0, 0.0, 0.0], "max_pos": 24, "max_act": 4.7578}, {"tokens": [",", " their", " mum", " asked", " them", " to", " separ", "ate", " the", " la", "und", "ry", ".", " M", "aisy", " grabbed", " the", " ", "iron", " quickly", " and", " began", " to", " pre", "ss", " the", " clothes", ".", " Alex", " started", " to", " collect", " all"], "acts": [0.0, 0.0, 0.0, 0.0, 0.0, 0.0, 0.0, 0.8552, 0.0, 0.0, 0.0, 0.0, 0.0, 0.0, 0.0, 0.0, 0.0, 0.0, 0.0, 0.0, 0.0, 0.0, 0.0, 0.0, 4.7379, 0.0, 0.0, 0.0, 0.0, 0.0, 0.0, 0.0, 0.0], "max_pos": 24, "max_act": 4.7383}, {"tokens": [" son", ".", " That", "'s", " imp", "o", "ss", "ible", ".\"", " \n", "\n", "The", " boy", " kept", " trying"], "acts": [0.0, 0.0, 0.0, 0.0, 0.0, 0.0, 4.6812, 0.0, 0.0, 0.0, 0.0, 0.0, 0.0, 0.0, 0.0], "max_pos": 6, "max_act": 4.6797}, {"tokens": [" most", " mem", "orable", " e", "vent", "s", "!", "<|endoftext|>", "C", "h", "l", "oe", " looked", " up", " at", " the", " sky", " and", " saw", " the", " cher", "ry", " bl", "o", "ss", "om", "s", " flo", "ating", " in", " the", " wind", ","], "acts": [0.0, 0.0, 0.0, 0.0, 0.0, 0.0, 0.0, 0.0, 0.0, 0.0, 0.0, 0.0, 0.0, 0.0, 0.0, 0.0, 0.0, 0.0, 0.0, 0.0, 0.0, 0.0, 0.0, 0.0, 4.6635, 0.0, 0.0, 0.0, 0.0, 0.0, 0.0, 0.0, 0.0], "max_pos": 24, "max_act": 4.6641}, {"tokens": [" loud", " noise", ".", " Tim", " and", " Sam", " felt", " embarra", "ss", ".", "\n", "\n", "The", " rocket", " started", " to", " shake"], "acts": [0.0, 2.8001, 0.0, 0.0, 0.0, 0.0, 0.0, 0.0, 4.657, 0.0, 0.0, 0.742, 0.0, 0.0, 0.0, 0.0, 2.8041], "max_pos": 8, "max_act": 4.6562}, {"tokens": [" loud", " noises", " and", " it", " began", " to", " move", ".", " Jimmy", " was", " scared", " so", " he", " ran", " and"], "acts": [0.0, 1.7217, 0.0, 0.0, 0.0, 0.0, 4.5926, 0.0, 0.0, 0.0, 0.5834, 0.0, 0.0, 0.0, 0.0], "max_pos": 6, "max_act": 4.5938}, {"tokens": [" to", " learn", ".", "\n", "\n", "Max", " started", " to", " pre", "ss", " some", " of", " the", " buttons", " on", " the", " computer", "."], "acts": [0.0, 0.0, 0.0, 0.0, 0.0, 0.0, 0.0, 0.0, 0.0, 4.5708, 0.0, 0.0, 0.0, 0.0, 0.0, 0.0, 0.0, 0.0], "max_pos": 9, "max_act": 4.5703}, {"tokens": [" her", " room", ".", " They", " saw", " the", " phone", " on", " the", " bed", " and", " ran", " to", " grab", " it", ".", " They", " were", " very", " excited", " and", " started", " to", " pre", "ss", " all", " the", " buttons", ".", " They", " heard", " a", " funny"], "acts": [0.0, 0.0, 0.0, 0.0, 0.0, 0.0, 0.0, 0.0, 0.0, 0.0, 0.0, 0.0, 0.0, 0.0, 0.0, 0.0, 0.0, 0.0, 0.0, 0.0, 0.0, 0.0, 0.0, 0.0, 4.526, 0.0, 0.0, 0.0, 0.0, 0.0, 0.0, 0.0, 0.0], "max_pos": 24, "max_act": 4.5273}, {"tokens": [" She", " spread", " her", " arms", ",", " lifted", " her", " head", " and", " started", " to", " fly", ".", " She", " felt", " so", " happy", " and", " she", " could", " feel", " the", " wind", " care", "ss", "ing", " her", " hair", ".", " She", " was", " high", " up"], "acts": [0.0, 0.0, 0.0, 0.0, 0.0, 0.0, 0.0, 0.0, 0.0, 0.0, 0.0, 0.0, 0.0, 0.0, 0.0, 0.0, 0.0, 0.0, 0.0, 0.0, 0.0, 0.0, 0.0, 0.0, 4.5199, 0.0, 0.0, 0.0, 0.0, 0.0, 0.0, 0.0, 0.0], "max_pos": 24, "max_act": 4.5195}, {"tokens": ["\n", "The", " baby", " fox", " was", " scared", ",", " but", " the", " bear", " didn", "'t", " move", " at", " all", ".", " After", " a", " few", " minutes", ","], "acts": [0.0, 0.0, 0.0, 0.0, 0.0, 0.8593, 0.0, 0.0, 0.0, 0.0, 0.0, 0.0, 4.5062, 0.0, 0.0, 0.0, 0.0, 0.0, 0.0, 0.0, 0.0], "max_pos": 12, "max_act": 4.5078}, {"tokens": [" chicken", " quickly", " tried", " to", " move", " away", ".", " But", " she", " couldn", "'t", " get", " away"], "acts": [0.0, 0.0, 0.0, 0.0, 4.4629, 0.0, 0.0, 0.0, 0.0, 0.0, 0.6057, 0.0, 0.0], "max_pos": 4, "max_act": 4.4609}, {"tokens": [".", " \"", "But", " be", " careful", ".", " They", " are", " loud", " and", " hard", ".\"", "\n", "\n", "They", " take", " some", " sn", "ap", "s", " and", " start", " to", " pre", "ss", " them", " together", ".", " They", " make", " a", " lot", " of"], "acts": [0.0, 0.0, 0.0, 0.0, 0.0, 0.0, 0.0, 0.0, 0.9948, 0.0, 0.0, 0.0, 0.0, 0.0, 0.0, 0.0, 0.0, 0.0, 0.0, 0.0, 0.0, 0.0, 0.0, 0.0, 4.4588, 0.0, 0.0, 0.0, 0.0, 0.0, 0.0, 0.0, 0.0], "max_pos": 24, "max_act": 4.457}]}