{"id": 145, "density": 0.0575515, "max_act": 6.8984375, "hist": {"edges": [0.01, 0.0133, 0.0178, 0.0237, 0.0316, 0.0422, 0.0562, 0.075, 0.1, 0.1334, 0.1778, 0.2371, 0.3162, 0.4217, 0.5623, 0.7499, 1.0, 1.3335, 1.7783, 2.3714, 3.1623, 4.217, 5.6234, 7.4989, 10.0, 13.3352, 17.7828, 23.7137, 31.6228, 42.1697, 56.2341, 74.9894, 100.0], "counts": [0, 0, 0, 0, 0, 0, 0, 0, 0, 1, 13, 141, 1310, 8116, 26757, 47564, 52099, 40378, 26901, 16559, 8315, 1964, 88, 0, 0, 0, 0, 0, 0, 0, 0, 0]}, "logit_lens": {"promoted": [[" anymore", 0.479], [" or", 0.4], [" yet", 0.388], [" either", 0.335], ["?\"", 0.331], [" anything", 0.315], [" anywhere", 0.313], ["?", 0.297], [" enough", 0.282], [" any", 0.278]], "suppressed": [[" warned", 0.254], ["B", 0.232], ["M", 0.218], [" asked", 0.211], [" everywhere", 0.208], [" asks", 0.207], [" gentle", 0.206], [" sharp", 0.203], [" tow", 0.201], ["hile", 0.201]]}, "examples": [{"tokens": [".", " She", " opens", " the", " jar", " and", " p", "ours", " some", " salt", " on", " the", " floor", ".", "\n", "\n", "\"", "No", ",", " Sara", ",", " that", " is", " not", " sand", ".", " That", " is", " salt", ".", " It", " is", " for"], "acts": [0.0, 0.0, 0.0, 0.0, 0.0, 0.0, 0.0, 0.0, 0.0, 0.0, 0.0, 0.0, 0.0, 0.0, 0.0, 0.0, 0.0, 0.0, 0.0, 0.0, 0.0, 0.0, 1.0268, 1.6323, 6.8975, 0.877, 1.6406, 2.937, 0.9007, 0.7241, 0.0, 1.4379, 0.0], "max_pos": 24, "max_act": 6.8984}, {"tokens": [" my", " teacher", ".", " Maybe", " he", " can", " help", ".", " But", " you", " have", " to", " promise", " me", " not", " to", " touch", " my", " things", " again", ".", " They", " are", " not", " toys", ".", " They", " are", " exper", "im", "ent", "s", ".\""], "acts": [0.0, 0.0, 0.0, 0.0, 0.0, 0.0, 0.0, 0.0, 0.0, 0.0, 0.0, 0.0, 0.0, 1.0851, 0.0, 0.0, 3.1745, 1.2375, 2.2462, 0.8007, 0.0, 0.0, 0.0, 0.0, 6.7918, 0.6746, 2.2145, 1.7845, 0.0, 0.0, 0.0, 1.4752, 0.0], "max_pos": 24, "max_act": 6.793}, {"tokens": ["\n", "\n", "\"", "That", " was", " not", " nice", ",", " Sara", ".", " You", " should", " respect", " the", " flowers", " and", " the", " other", " living", " things", ".", " They", " are", " not", " toys", ".", " You", " should", " apolog", "ize", " to", " Tom", " and"], "acts": [0.0, 0.0, 0.0, 0.7274, 1.0364, 1.0253, 2.6178, 0.0, 0.7194, 0.0, 0.0, 0.0, 0.0, 0.0, 0.0, 0.0, 0.0, 0.0, 2.3381, 0.0, 0.0, 0.0, 0.0, 0.0, 6.6739, 0.0, 0.9311, 0.0, 0.0, 0.0, 0.0, 0.7433, 1.2174], "max_pos": 24, "max_act": 6.6758}, {"tokens": [" okay", ",\"", " Dad", " said", ".", " \"", "We", " know", " you", " were", " playing", ".", " But", " you", " have", " to", " be", " careful", ".", " L", "amp", "s", " are", " not", " toys", ".", " They", " can", " be", " dangerous", ".\"", "\n", "\n"], "acts": [0.0, 0.0, 0.0, 0.0, 0.0, 0.0, 0.0, 0.0, 0.0, 0.0, 1.0258, 0.0, 0.0, 0.0, 0.0, 0.0, 0.0, 0.0, 0.0, 0.0, 0.0, 1.4671, 0.0, 0.0, 6.6571, 0.0, 2.0129, 0.0, 0.0, 0.0, 0.0, 0.0, 0.0], "max_pos": 24, "max_act": 6.6562}, {"tokens": [" but", " he", " had", " to", " learn", " to", " be", " careful", ".", "\n", "\n", "\"", "Timmy", ",", " you", " can", "'t", " spin", " everything", ".", " Some", " things", " are", " not", " toys", ".", " Some", " things", " can", " break", " and", " make", " a"], "acts": [0.0, 0.0, 0.0, 0.0, 0.0, 0.0, 0.0, 0.0, 0.0, 0.0, 0.0, 0.0, 0.0, 0.0, 0.0, 0.0, 0.0, 3.7478, 2.1687, 0.0, 0.0, 1.1005, 0.0, 1.1852, 6.5857, 0.0, 0.0, 1.364, 0.0, 1.144, 0.0, 0.0, 0.0], "max_pos": 24, "max_act": 6.5859}, {"tokens": [" to", " touch", " them", " and", " play", " with", " them", ".", " But", " her", " mom", " said", " no", ".", " She", " said", " the", " or", "n", "am", "ent", "s", " were", " not", " toys", " and", " they", " could", " break", " or", " hurt", " Lily", "."], "acts": [0.0, 0.0, 0.0, 0.0, 0.0, 0.0, 0.0, 0.0, 0.0, 0.0, 0.0, 0.0, 0.0, 0.0, 0.0, 0.0, 0.0, 0.0, 0.0, 0.0, 0.0, 0.0, 0.0, 0.7203, 6.5348, 1.3745, 0.0, 0.0, 1.1845, 0.0, 1.9434, 2.2632, 0.0], "max_pos": 24, "max_act": 6.5352}, {"tokens": [",", " \"", "I", " want", " this", " foot", " toy", ",", " please", "!\"", "\n", "\n", "Tim", " was", " happy", " to", " sell", " his", " toys", ".", " His", " face", " was", " not", " troubled", " anymore", ".", "<|endoftext|>", "Once", " upon", " a", " time", ","], "acts": [0.0, 0.0, 0.0, 0.0, 0.0, 0.0, 0.0, 0.0, 0.0, 0.0, 0.0, 0.0, 0.0, 0.0, 0.0, 0.0, 0.0, 0.0, 0.0, 0.0, 0.0, 0.0, 0.0, 0.9998, 6.5179, 1.7781, 0.0, 0.0, 0.0, 0.0, 0.0, 0.0, 0.0], "max_pos": 24, "max_act": 6.5195}, {"tokens": [" I", " know", " you", " wanted", " to", " do", " something", " nice", " for", " me", ".", " But", " you", " have", " to", " be", " careful", " with", " sharp", " things", ".", " They", " are", " not", " toys", ".", " They", " are", " for", " grown", "-", "up", "s"], "acts": [0.0, 0.0, 0.0, 0.0, 0.0, 0.0, 0.0, 0.0, 0.0, 0.0, 0.0, 0.0, 0.0, 0.0, 0.0, 0.0, 0.0, 0.0, 0.0, 0.0, 0.0, 0.0, 0.0, 0.0, 6.5049, 0.0, 1.5118, 1.1448, 0.0, 0.0, 0.0, 0.0, 1.3835], "max_pos": 24, "max_act": 6.5039}, {"tokens": [" you", " are", " not", " allowed", " to", " be", " in", " this", " ch", "am", "ber", ".", " This", " is", " where", " I", " keep", " my", " old", " things", ".", " They", " are", " not", " toys", ".", " They", " are", " pre", "c", "ious", " to", " me"], "acts": [0.0, 0.0, 0.0, 2.7657, 1.7529, 1.9264, 2.4904, 1.1062, 1.1066, 1.1689, 1.6925, 0.7293, 1.1375, 0.7232, 0.0, 0.0, 0.0, 0.0, 0.0, 0.0, 0.0, 0.0, 0.0, 0.0, 6.4953, 0.0, 2.3289, 1.8068, 0.0, 0.0, 0.0, 0.0, 0.0], "max_pos": 24, "max_act": 6.4961}, {"tokens": ["l", "ay", "ing", " with", " mat", "ches", "?", " You", " know", " you", " are", " not", " supp", "o", "sed", " to", " do", " that", "!", " M", "at", "ches", " are", " not", " toys", ",", " they", " are", " dangerous", "!", " You", " could", " have"], "acts": [0.0, 0.0, 0.9027, 0.0, 0.0, 0.0, 0.0, 0.0, 0.0, 0.0, 0.0, 0.0, 2.8088, 3.4847, 3.5083, 1.9556, 2.0408, 0.9661, 0.0, 0.0, 0.0, 1.0917, 0.0, 0.6251, 6.4871, 0.0, 2.4612, 1.8658, 1.3724, 0.0, 0.0, 0.0, 0.0], "max_pos": 24, "max_act": 6.4883}, {"tokens": [" the", " corner", " of", " his", " eye", ",", " Jimmy", " saw", " his", " dad", ",", " who", " said", " to", " him", ",", " \"", "Jimmy", ",", " kn", "i", "ves", " are", " not", " toys", ".", " You", " must", " be", " very", " careful", " with", " them"], "acts": [0.0, 0.0, 0.0, 0.0, 1.2038, 0.0, 0.0, 0.0, 0.0, 0.0, 0.0, 0.0, 0.0, 0.0, 0.0, 0.0, 0.0, 0.0, 0.0, 1.0779, 0.0, 0.0, 0.0, 0.641, 6.4819, 0.0, 0.8362, 0.0, 1.3744, 1.5454, 0.0, 0.0, 0.0], "max_pos": 24, "max_act": 6.4805}, {"tokens": [" It", " was", " very", " sour", ".", " They", " made", " a", " face", " and", " sp", "at", " it", " out", ".", "\n", "\n", "\"", "Y", "uck", "!", " This", " is", " not", " lemon", "ade", "!\"", " Anna", " said", ".", "\n", "\n", "\""], "acts": [0.0, 0.0, 0.0, 0.0, 0.0, 0.0, 0.0, 0.0, 0.0, 0.0, 0.0, 0.0, 0.0, 0.0, 0.0, 0.0, 0.0, 0.0, 0.0, 1.2854, 0.0, 0.8324, 0.0, 0.6767, 6.4779, 5.0817, 0.0, 0.0, 0.0, 0.0, 0.0, 0.0, 0.0], "max_pos": 24, "max_act": 6.4766}]}