{"id": 1460, "density": 0.201845, "max_act": 5.3359375, "hist": {"edges": [0.01, 0.0133, 0.0178, 0.0237, 0.0316, 0.0422, 0.0562, 0.075, 0.1, 0.1334, 0.1778, 0.2371, 0.3162, 0.4217, 0.5623, 0.7499, 1.0, 1.3335, 1.7783, 2.3714, 3.1623, 4.217, 5.6234, 7.4989, 10.0, 13.3352, 17.7828, 23.7137, 31.6228, 42.1697, 56.2341, 74.9894, 100.0], "counts": [0, 0, 0, 0, 0, 0, 0, 0, 5, 122, 1055, 3934, 17312, 60310, 118076, 133769, 123726, 107306, 94957, 80829, 58512, 7467, 0, 0, 0, 0, 0, 0, 0, 0, 0, 0]}, "logit_lens": {"promoted": [[" her", 0.632], [" she", 0.61], [" girl", 0.606], [" She", 0.546], ["She", 0.433], ["Her", 0.382], [" Her", 0.381], [" herself", 0.368], ["Amy", 0.224], [" Lucy", 0.195]], "suppressed": [[" brothers", 0.313], [" roared", 0.302], [" son", 0.299], [" quar", 0.276], [" gun", 0.266], [" eye", 0.265], [" race", 0.26], ["Spot", 0.255], [" shoot", 0.253], [" roar", 0.25]]}, "examples": [{"tokens": [" to", " set", ",", " it", " was", " as", " if", " they", " had", " been", " old", " friends", ",", " forever", ".", "<|endoftext|>", "G", "l", "or", "ia", " was", " a", " graceful", " girl", ".", " She", " was", " always", " helping", " her", " mom", ".", " One"], "acts": [0.0, 0.0, 0.0, 0.0, 0.0, 0.0, 0.0, 0.0, 0.0, 0.0, 0.0, 0.0, 0.0, 0.0, 0.0, 0.0, 0.0, 0.0, 0.0, 0.0, 0.9844, 0.0, 0.0, 0.0, 5.3364, 0.7998, 2.2567, 0.0, 2.9466, 0.0, 0.0, 3.1283, 0.9072], "max_pos": 24, "max_act": 5.3359}, {"tokens": [" and", " plants", " until", " it", " was", " time", " to", " go", " home", ".", " He", " never", " forgot", " the", " miserable", " cactus", "!", "<|endoftext|>", "Molly", " was", " a", " very", " independent", " girl", ".", " One", " day", " she", " went", " to", " the", " park", "."], "acts": [0.0, 0.0, 0.0, 0.0, 0.0, 0.0, 0.0, 0.0, 0.0, 0.0, 0.0, 0.0, 0.0, 0.0, 0.0, 0.0, 0.0, 0.0, 0.0, 0.0, 0.0, 0.0, 0.0, 0.0, 5.232, 0.872, 3.3747, 0.0, 1.1871, 1.6887, 0.0, 0.4097, 4.5309], "max_pos": 24, "max_act": 5.2305}, {"tokens": [" drink", " the", " grass", ".", " It", " was", " her", " favourite", " thing", " to", " do", " every", " day", "!", "<|endoftext|>", "L", "a", "ure", "n", " was", " a", " very", " weak", " girl", ".", " She", " was", " too", " small", " and", " fragile", " to", " do"], "acts": [0.0, 0.0, 0.0, 3.8548, 0.8598, 0.7516, 0.0, 0.0, 0.0, 0.0, 1.0128, 0.0, 0.0, 3.322, 0.0, 0.0, 0.0, 0.0, 0.0, 0.0, 0.0, 0.0, 0.0, 0.0, 5.2228, 0.5217, 2.0765, 0.0, 0.0, 2.0368, 0.0, 1.5604, 1.228], "max_pos": 24, "max_act": 5.2227}, {"tokens": [" joy", " whenever", " he", " could", ".", "<|endoftext|>", "There", " was", " a", " little", " girl", " named", " S", "ophie", ".", " She", " had", " a", " present", ",", " but", " it", " was", " locked", ".", " She", " was", " very", " worried", ".", " She", " didn", "'t"], "acts": [0.0, 0.0, 0.0, 0.0, 0.0, 0.0, 0.0, 0.0, 0.0, 0.8962, 0.0, 3.7836, 0.0, 0.0, 4.5524, 0.8632, 1.7305, 0.0, 0.0, 1.1393, 3.5945, 0.7243, 0.6287, 0.0, 5.1899, 0.8524, 0.4736, 0.0, 0.0, 4.5255, 0.5906, 0.0, 0.0], "max_pos": 24, "max_act": 5.1914}, {"tokens": [" only", " he", " had", " mind", " his", " mom", "'s", " advice", ",", " he", " would", " have", " had", " a", "<|endoftext|>", "Once", " there", " was", " a", " girl", " who", " was", " very", " clumsy", ".", " One", " day", " she", " slipped", " and", " fell", " right", " in"], "acts": [0.0, 0.0, 0.0, 0.0, 0.0, 0.0, 0.0, 0.0, 0.0, 0.0, 0.0, 0.0, 0.0, 0.0, 0.0, 0.0, 0.0, 0.0, 0.0, 0.0, 2.2951, 2.1031, 0.0, 0.0, 5.1803, 0.6842, 3.5854, 0.0, 0.0, 1.4384, 0.0, 0.0, 2.1195], "max_pos": 24, "max_act": 5.1797}, {"tokens": [" knew", " it", " was", " important", " to", " take", " care", " when", " in", " the", " wild", ".", "<|endoftext|>", "One", " day", ",", " a", " young", " girl", " was", " playing", " in", " the", " park", ".", " She", " was", " very", " alert", ",", " and", " watched", " everything"], "acts": [0.0, 0.9861, 0.5127, 0.0, 0.0, 0.0, 0.0, 0.0, 0.0, 0.0, 0.0, 0.0, 0.0, 0.0, 0.0, 0.0, 0.0, 0.0, 0.0, 2.0815, 0.6221, 3.0528, 0.0, 0.0, 5.1469, 0.7152, 1.2486, 0.0, 0.0, 1.7554, 2.8095, 2.0174, 0.0], "max_pos": 24, "max_act": 5.1484}, {"tokens": [",", " ready", " to", " have", " another", " fun", " day", " of", " shoot", "ing", " soon", "!", "<|endoftext|>", "One", " day", ",", " there", " was", " a", " girl", " who", " was", " very", " adventurous", ".", " She", " saw", " some", " hay", " on", " the", " ground", " and"], "acts": [0.0, 0.0, 0.0, 0.0, 0.0, 0.0, 0.0, 0.0, 0.0, 0.0, 0.0, 0.0, 0.0, 0.0, 0.0, 0.0, 0.0, 0.0, 0.0, 0.0, 2.482, 1.7682, 0.0, 0.0, 5.12, 0.5173, 1.6668, 0.0, 0.0, 1.3414, 0.0, 0.0, 1.7831], "max_pos": 24, "max_act": 5.1211}, {"tokens": [" grabbed", " hold", " of", " some", " branches", " and", " started", " to", " climb", ".", " Be", "fore", " long", " she", " had", " gone", " very", " high", ",", " but", " then", " she", " got", " stuck", ".", " She", " was", " too", " high", " up", " to", " go", " any"], "acts": [2.5672, 1.0954, 1.9974, 0.0, 0.0, 1.6022, 0.9814, 0.0, 0.7371, 4.1051, 0.0, 0.0, 0.0, 0.0, 0.0, 0.0, 0.0, 0.0, 4.4954, 3.3709, 3.1417, 0.0, 0.6134, 1.0535, 5.1219, 0.8354, 0.896, 0.0, 0.0, 0.0, 1.4474, 0.0, 0.0], "max_pos": 24, "max_act": 5.1211}, {"tokens": [" as", " a", " feather", ",", " so", " she", " could", " flo", "at", " away", ".", " \n", "\n", "One", " day", " she", " decided", " to", " go", " find", " a", " way", " to", " relax", ".", " She", " ran", " and", " ran", " until", " she", " stumbled", " upon"], "acts": [1.6474, 0.0, 0.0, 2.8185, 3.8745, 0.0, 0.691, 0.0, 0.0, 0.8506, 4.6009, 1.8126, 4.4007, 1.4463, 3.258, 0.0, 3.0951, 0.8644, 0.8256, 1.7048, 0.0, 0.0, 0.8645, 0.0, 5.1216, 0.9354, 0.0, 0.0, 0.0, 3.6656, 0.0, 0.0, 1.2298], "max_pos": 24, "max_act": 5.1211}, {"tokens": [" celebr", "ated", " the", " joy", " of", " the", " moment", ".", " It", " was", " magical", "!", "<|endoftext|>", "One", " day", ",", " a", " little", " girl", " was", " playing", " near", " a", " pond", ".", " She", " noticed", " a", " seal", " in", " the", " water", " and"], "acts": [0.0, 0.0, 0.0, 0.0, 0.0, 0.0, 0.0, 0.0, 0.0, 0.0, 0.0, 0.0, 0.0, 0.0, 0.0, 0.0, 0.0, 1.0137, 0.0, 1.8167, 0.5583, 1.686, 0.0, 0.0, 5.1121, 0.3609, 0.9436, 0.0, 0.0, 1.8881, 0.0, 0.0, 0.9527], "max_pos": 24, "max_act": 5.1133}, {"tokens": [" But", " there", " is", " a", " lesson", " in", " this", " story", ":", " never", " touch", " the", " things", " that", " are", " mysterious", "!", "<|endoftext|>", "M", "illie", " was", " an", " obedient", " girl", ".", " She", " liked", " to", " please", " her", " parents", " and", " do"], "acts": [0.0, 0.0, 0.0, 0.0, 0.0, 0.0, 0.0, 0.0, 0.0, 0.0, 0.0, 0.0, 0.0, 0.0, 0.0, 0.0, 0.0, 0.0, 0.0, 0.0, 0.5056, 0.0, 0.0, 0.0, 5.1086, 1.0489, 2.6653, 0.0, 0.7422, 1.0218, 0.0, 1.6529, 1.2915], "max_pos": 24, "max_act": 5.1094}, {"tokens": [" to", " make", " something", " special", ".", "\n", "\n", "She", " went", " to", " the", " shop", " to", " buy", " some", " thread", " but", " the", " thread", " was", " so", " t", "ang", "led", ".", " Ann", "ie", " tried", " to", " unt", "ang", "le", " it"], "acts": [0.0, 0.0, 0.0, 0.0, 1.0985, 0.8852, 1.0561, 0.0, 0.0, 2.2441, 0.0, 0.0, 1.0985, 1.2808, 0.0, 0.0, 3.2427, 0.8731, 0.0, 0.0, 0.0, 0.0, 0.0, 0.0, 5.1108, 0.0, 0.0, 1.0934, 0.8377, 0.0, 0.0, 0.0, 0.0], "max_pos": 24, "max_act": 5.1094}]}