{"id": 1464, "density": 0.01917575, "max_act": 6.3984375, "hist": {"edges": [0.01, 0.0133, 0.0178, 0.0237, 0.0316, 0.0422, 0.0562, 0.075, 0.1, 0.1334, 0.1778, 0.2371, 0.3162, 0.4217, 0.5623, 0.7499, 1.0, 1.3335, 1.7783, 2.3714, 3.1623, 4.217, 5.6234, 7.4989, 10.0, 13.3352, 17.7828, 23.7137, 31.6228, 42.1697, 56.2341, 74.9894, 100.0], "counts": [0, 0, 0, 0, 0, 0, 0, 0, 0, 1, 10, 138, 1430, 6897, 13277, 14686, 12541, 9608, 7091, 5407, 4069, 1514, 34, 0, 0, 0, 0, 0, 0, 0, 0, 0]}, "logit_lens": {"promoted": [[" wished", 0.35], [" wishes", 0.315], [" cried", 0.304], [" wish", 0.301], [" should", 0.282], [" relie", 0.263], [" legs", 0.254], ["ike", 0.248], [" could", 0.248], ["lp", 0.246]], "suppressed": [[" others", 0.254], [" sharing", 0.24], ["k", 0.239], ["w", 0.225], [" fighting", 0.22], [" quar", 0.216], ["g", 0.215], [" te", 0.208], [" perm", 0.208], [" moms", 0.207]]}, "examples": [{"tokens": [" She", " screamed", " and", " closed", " her", " eyes", ".", " She", " felt", " a", " deep", " pain", " in", " her", " arm", " and", " her", " leg", ".", " She", " cried", " and", " cried", ".", " She", " wished", " she", " had", " listened", " to", " her", " friends", "."], "acts": [4.386, 0.0, 2.9341, 0.0, 0.0, 0.0, 0.0, 4.8506, 0.9952, 0.0, 0.0, 0.0, 0.0, 0.0, 0.0, 2.54, 0.0, 0.0, 0.3218, 5.7001, 0.0, 1.6724, 0.0, 0.0, 6.397, 0.0, 0.0, 0.0, 0.0, 0.0, 0.0, 0.0, 0.0], "max_pos": 24, "max_act": 6.3984}, {"tokens": [" her", ".", " She", " hugged", " her", " and", " cried", ".", " She", " called", " for", " help", ".", " Jill", " was", " hurt", ".", " She", " felt", " pain", " and", " bl", "ood", ".", " She", " looked", " for", " Lily", ",", " but", " she", " could", " not"], "acts": [0.0, 0.0, 2.9578, 0.0, 0.0, 0.0, 0.0, 0.0, 4.7782, 0.0, 0.0, 0.0, 0.0, 0.0, 0.0, 0.0, 0.0, 5.5334, 1.2734, 0.0, 2.3707, 0.0, 0.0, 0.7567, 6.3479, 0.0, 0.0, 0.0, 0.0, 0.0, 1.5578, 0.0, 0.0], "max_pos": 24, "max_act": 6.3477}, {"tokens": [".", " She", " did", " not", " give", " Sara", " any", " hug", " or", " kiss", ".", "\n", "\n", "Sara", " felt", " helpless", " and", " alone", ".", " She", " cried", " and", " cried", ".", " She", " wished", " she", " had", " not", " tried", " to", " get", " the"], "acts": [0.0, 3.8429, 0.0, 0.9106, 0.0, 0.0, 0.0, 0.0, 0.0, 0.0, 0.0, 0.0, 0.0, 1.1895, 1.4024, 0.0, 1.5868, 0.0, 0.6102, 5.098, 0.0, 0.9519, 0.0, 0.0, 6.2083, 0.0, 0.0, 0.0, 0.0, 0.0, 0.0, 0.0, 0.0], "max_pos": 24, "max_act": 6.207}, {"tokens": [" sharp", " edge", ".", " When", " Lily", " put", " the", " necklace", " around", " her", " neck", ",", " the", " glass", " cut", " her", " skin", ".", " She", " screamed", " and", " felt", " pain", ".", " She", " dropped", " the", " box", " and", " the", " necklace", ".", " She"], "acts": [0.0, 0.0, 0.0, 0.0, 0.0, 0.0, 0.0, 0.0, 0.0, 0.0, 0.0, 0.0, 0.0, 0.0, 0.0, 0.0, 0.0, 0.0, 1.8993, 0.0, 2.4567, 0.8525, 0.0, 0.0, 6.1607, 0.0, 0.0, 0.0, 1.6025, 0.0, 0.0, 0.0, 5.3253], "max_pos": 24, "max_act": 6.1602}, {"tokens": [" Anna", " and", " Ben", ".", " They", " cry", " and", " scream", ".", " They", " are", " hurt", ".", " They", " are", " scared", ".", "\n", "\n", "A", " man", " comes"], "acts": [0.0, 0.0, 0.0, 0.0, 0.0, 0.0, 0.0, 0.0, 0.0, 4.9667, 0.0, 0.0, 0.0, 6.1229, 0.0, 0.0, 0.0, 0.0, 0.0, 0.0, 0.0, 0.0], "max_pos": 13, "max_act": 6.1211}, {"tokens": [" They", " had", " long", " tent", "ac", "les", ".", " They", " st", "ung", ".", "\n", "\n", "Sara", " and", " Tom", " felt", " a", " sharp", " pain", ".", " They", " screamed", ".", " They", " ran", " to", " the", " shore", ".", " They", " had", " red"], "acts": [1.5343, 0.0, 0.0, 0.0, 0.0, 0.0, 0.0, 0.9059, 0.0, 0.0, 0.0, 0.0, 0.0, 0.0, 0.0, 0.0, 0.0, 0.0, 0.0, 0.0, 0.0, 5.2653, 0.0, 0.0, 6.1188, 1.9948, 0.0, 0.0, 0.0, 0.0, 2.7988, 0.0, 0.0], "max_pos": 24, "max_act": 6.1172}, {"tokens": [" her", " color", " book", " and", " her", " colors", ".", " She", " said", " Lily", " was", " naughty", " and", " had", " to", " nap", " without", " them", ".", " Lily", " cried", " and", " cried", ".", " She", " had", " no", " color", " book", ",", " no", " colors", ","], "acts": [0.0, 0.0, 0.0, 0.0, 0.0, 0.0, 0.0, 3.5078, 0.0, 0.0, 0.0, 0.0, 0.0, 1.3185, 0.0, 0.0, 0.0, 0.0, 0.0, 1.3293, 0.0, 2.0289, 0.0, 0.0, 6.04, 1.1822, 0.0, 0.0, 0.0, 0.0, 0.0, 0.0, 1.6185], "max_pos": 24, "max_act": 6.0391}, {"tokens": [" weak", ".", " You", " have", " no", " heart", ".", " You", " have", " nothing", ".\"", "\n", "\n", "Lila", " and", " Tom", " cried", ".", " They", " were", " hurt", " and", " sad", ".", " They", " lost", " their", " toys", " and", " their", " symbol", ".", " They"], "acts": [0.0, 0.0, 1.9388, 0.9494, 0.0, 0.0, 0.0, 1.6428, 0.8476, 0.0, 0.0, 0.0, 0.0, 0.5441, 0.0, 0.0, 0.0, 0.0, 5.075, 0.0, 0.0, 0.0, 0.0, 0.0, 6.0328, 0.0, 0.0, 0.0, 0.0, 0.0, 0.0, 0.0, 4.9774], "max_pos": 24, "max_act": 6.0312}, {"tokens": [" the", " wire", ".", " The", " wire", " was", " hot", ".", " The", " wire", " was", " angry", ".", " The", " wire", " hurt", " her", ".", " She", " screamed", ".", " She", " fell", ".", " She", " did", " not", " climb", " anymore", ".", "<|endoftext|>", "Anna", " loves"], "acts": [0.0, 0.0, 0.0, 0.0, 0.0, 0.0, 0.0, 0.0, 0.0, 0.0, 0.0, 0.0, 0.0, 0.0, 0.0, 0.0, 0.0, 0.0, 4.9322, 0.0, 0.0, 5.9596, 1.1325, 0.0, 6.018, 0.5384, 1.3269, 0.0, 0.0, 0.0, 0.0, 0.0, 0.0], "max_pos": 24, "max_act": 6.0195}, {"tokens": [" fire", ".", " It", " was", " destroy", "ed", ".", "\n", "\n", "Lily", " screamed", ".", " She", " was", " sad", " and", " scared", ".", " She", " lost", " her", " bath", "robe", ".", " She", " lost", " her", " toys", ".", " She", " lost", " her", " room"], "acts": [0.0, 0.0, 0.0, 0.0, 0.0, 0.0, 0.0, 0.0, 0.0, 0.5386, 0.0, 0.973, 5.4073, 0.0, 0.0, 0.0, 0.0, 0.0, 5.9564, 0.0, 0.0, 0.0, 0.0, 0.0, 6.0163, 0.0, 0.0, 0.0, 0.5142, 5.6973, 0.0, 0.0, 0.0], "max_pos": 24, "max_act": 6.0156}, {"tokens": [" Le", "ave", " us", " alone", ".", " He", "lp", ",", " help", ".\"", "\n", "\n", "Lily", " was", " scared", ".", " She", " dropped", " the", " doll", ".", " She", " cried", ".", " She", " said", ",", " \"", "Mom", ",", " mom", ".", " What"], "acts": [0.0, 0.0, 0.0, 0.0, 0.0, 1.7483, 0.0, 0.0, 0.0, 0.0, 0.0, 0.0, 0.4376, 0.0, 0.0, 0.0, 4.4373, 0.0, 0.0, 0.0, 0.0, 4.7934, 0.0, 0.0, 6.0119, 1.1975, 0.0, 0.7529, 0.0, 0.0, 0.0, 0.0, 0.0], "max_pos": 24, "max_act": 6.0117}, {"tokens": [" You", " hurt", " yourself", " and", " Anna", ".", " I", " am", " very", " sad", " and", " disappointed", ".\"", "\n", "\n", "Lily", " cried", ".", " She", " was", " hurt", " and", " ashamed", ".", " She", " said", ",", " \"", "I"], "acts": [1.3293, 0.0, 0.0, 0.0, 0.0, 0.0, 1.293, 0.0, 0.0, 0.0, 0.0, 0.0, 0.0, 0.0, 0.5059, 0.6794, 0.0, 0.6362, 5.3793, 0.0, 0.0, 0.0, 0.0, 0.611, 5.965, 1.4398, 0.0, 0.6005, 0.0], "max_pos": 24, "max_act": 5.9648}]}