{"id": 1473, "density": 0.0153015, "max_act": 6.3203125, "hist": {"edges": [0.01, 0.0133, 0.0178, 0.0237, 0.0316, 0.0422, 0.0562, 0.075, 0.1, 0.1334, 0.1778, 0.2371, 0.3162, 0.4217, 0.5623, 0.7499, 1.0, 1.3335, 1.7783, 2.3714, 3.1623, 4.217, 5.6234, 7.4989, 10.0, 13.3352, 17.7828, 23.7137, 31.6228, 42.1697, 56.2341, 74.9894, 100.0], "counts": [0, 0, 0, 0, 0, 0, 0, 1, 6, 75, 300, 480, 1336, 3267, 5137, 6582, 5227, 5123, 13234, 7371, 1055, 11623, 389, 0, 0, 0, 0, 0, 0, 0, 0, 0]}, "logit_lens": {"promoted": [["on", 0.316], [" a", 0.275], [" two", 0.259], [" whole", 0.257], [" an", 0.255], [" long", 0.253], ["in", 0.239], ["ext", 0.229], ["ine", 0.228], ["owed", 0.227]], "suppressed": [["sc", 0.288], [" fa", 0.288], [" rubb", 0.282], ["r", 0.277], [" bl", 0.259], ["eth", 0.257], ["ex", 0.245], [" free", 0.243], [" import", 0.242], [" sho", 0.241]]}, "examples": [{"tokens": [",", " having", " lots", " of", " fun", ".", "<|endoftext|>", "Once", " upon", " a", " time", ",", " there", " was", " a", " little", " boy", " named", " Tom", ".", " Tom", " had", " a", " toy", " with", " sharp", " teeth", ".", " He", " loved"], "acts": [0.0, 1.1681, 0.0, 0.0, 0.0, 0.0, 0.0, 0.0, 2.2319, 0.0, 0.4891, 1.9298, 0.0, 5.0061, 0.0, 0.0, 0.0, 0.0, 0.0, 0.0, 0.0, 6.3201, 1.1876, 0.0, 0.0, 0.0, 0.0, 0.0, 0.0, 0.0], "max_pos": 21, "max_act": 6.3203}, {"tokens": [" laug", "ht", "er", " filled", " the", " garden", " with", " joy", ".", "<|endoftext|>", "Once", " upon", " a", " time", ",", " there", " was", " a", " little", " boy", " named", " Jake", ".", " Jake", " had", " a", " friend", " called", " L", "izzy", ".", " One", " day"], "acts": [0.0, 0.0, 0.0, 0.0, 0.0, 0.0, 0.0, 0.0, 0.0, 0.0, 0.0, 2.2231, 0.0, 0.0, 1.8943, 0.0, 4.9923, 0.0, 0.0, 0.0, 0.0, 0.0, 0.0, 0.0, 6.3169, 0.9055, 0.0, 0.0, 0.0, 0.0, 0.0, 0.0, 0.0], "max_pos": 24, "max_act": 6.3164}, {"tokens": [" away", ",", " feeling", " very", " proud", " of", " himself", ".", "<|endoftext|>", "Once", " upon", " a", " time", ",", " there", " was", " a", " boy", " called", " N", "ick", ".", " N", "ick", " had", " a", " very", " special", " drum", ".", " It", " was", " attractive"], "acts": [0.0, 0.0, 0.0, 0.0, 0.0, 0.0, 0.0, 0.0, 0.0, 0.0, 2.2274, 0.0, 0.0, 1.9924, 0.0, 4.879, 0.0, 0.0, 0.0, 0.0, 0.0, 0.4915, 0.0, 0.0, 6.2015, 0.8673, 0.0, 0.0, 0.0, 0.0, 0.0, 0.0, 0.0], "max_pos": 24, "max_act": 6.2031}, {"tokens": [" made", " a", " new", " furry", " friend", " in", " the", " forest", "!", "<|endoftext|>", "Once", " upon", " a", " time", ",", " there", " lived", " a", " young", " boy", " named", " Jake", ".", " Jake", " had", " an", " incredible", " dream", ":", " he", " wanted", " to", " succeed"], "acts": [0.0, 0.0, 0.0, 0.0, 0.0, 0.0, 0.0, 0.0, 0.0, 0.0, 0.0, 2.0914, 0.0, 0.0, 1.7459, 0.0, 5.2883, 0.0, 0.0, 0.0, 0.0, 0.0, 0.0, 0.0, 6.1959, 0.0, 0.0, 0.0, 0.0, 0.0, 0.0, 0.0, 0.0], "max_pos": 24, "max_act": 6.1953}, {"tokens": ["<|endoftext|>", "Once", " upon", " a", " time", ",", " there", " was", " a", " little", " cat", " named", " M", "uff", "in", ".", " M", "uff", "in", " had", " a", " big", ",", " fluffy", " tail", ",", " and", " he"], "acts": [0.0, 0.0, 1.4627, 0.0, 0.0, 1.1703, 0.0, 4.7355, 0.0, 0.0, 0.0, 0.0, 0.0, 0.0, 0.0, 0.0, 0.0, 0.0, 0.0, 6.187, 0.7366, 0.0, 0.0, 0.0, 0.0, 0.0, 0.0, 0.0], "max_pos": 19, "max_act": 6.1875}, {"tokens": ["re", "ci", "ate", " them", " while", " they", " are", " there", ".", " L", "ove", " fast", ",", " because", " sometimes", " it", " won", "\u00e2\u20ac\u2122", "t", " last", ".", "<|endoftext|>", "Once", " there", " was", " a", " little", " boy", " named", " Tom", ".", " He", " had"], "acts": [0.0, 0.0, 0.0, 0.0, 0.0, 0.0, 0.0, 0.0, 0.0, 0.0, 0.0, 0.0, 0.0, 0.0, 0.0, 0.0, 0.0, 0.0, 0.0, 0.0, 0.0, 0.0, 0.0, 0.0, 6.1083, 0.0, 0.0, 0.0, 0.0, 0.0, 0.0, 0.0, 5.4391], "max_pos": 24, "max_act": 6.1094}, {"tokens": [" very", " happy", " she", " now", " knew", " how", " to", " do", " it", ".", " She", " was", " one", " step", " closer", " to", " being", " a", " big", " girl", ".", "<|endoftext|>", "The", " boy", " had", " many", " questions", ".", " He", " wondered", " what", " an", " air"], "acts": [0.0, 0.0, 0.0, 0.0, 0.0, 0.0, 0.0, 0.0, 0.0, 0.0, 0.0, 0.0, 0.0, 0.0, 0.0, 0.0, 0.0, 0.0, 0.0, 0.0, 0.0, 0.0, 0.0, 0.0, 6.0987, 0.0, 0.0, 0.0, 0.0, 0.0, 0.0, 0.0, 0.0], "max_pos": 24, "max_act": 6.0977}, {"tokens": [" a", " hug", ".", " They", " both", " liked", " the", " large", " symbol", ".", " It", " was", " a", " fun", " day", "!", "<|endoftext|>", "Once", " there", " was", " a", " family", ",", " who", " had", " a", " 3", " year", " old"], "acts": [0.0, 0.0, 0.0, 0.0, 0.0, 0.0, 0.0, 0.0, 0.0, 0.0, 0.0, 0.0, 0.0, 0.0, 0.0, 0.0, 0.0, 0.0, 0.0, 5.7627, 0.0, 0.0, 0.8995, 0.0, 6.0921, 0.0, 0.0, 0.0, 0.0], "max_pos": 24, "max_act": 6.0938}, {"tokens": [" home", ",", " happy", " and", " ready", " for", " her", " next", " adventure", ".", "<|endoftext|>", "Once", " upon", " a", " time", ",", " there", " was", " a", " boy", " named", " Tom", ".", " Tom", " had", " a", " long", " journey", " ahead", " of", " him", ",", " so"], "acts": [0.0, 0.0, 0.0, 0.0, 0.0, 0.0, 0.0, 0.0, 0.0, 0.0, 0.0, 0.0, 1.8922, 0.0, 0.0, 1.8876, 0.0, 4.911, 0.0, 0.0, 0.0, 0.0, 0.0, 0.0, 6.0921, 0.8965, 0.0, 0.0, 0.0, 0.0, 0.0, 0.0, 0.0], "max_pos": 24, "max_act": 6.0938}, {"tokens": [" S", "l", "ow", "ly", " became", " best", " friends", ".", " And", " they", " all", " lived", " happily", " ever", " after", ".", "<|endoftext|>", "One", " day", ",", " a", " boy", " named", " Tim", " had", " a", " troubled", " face", ".", " He", " wanted", " to", " sell"], "acts": [0.0, 0.0, 0.0, 0.0, 0.0, 0.0, 0.0, 0.0, 0.0, 0.0, 0.0, 0.0, 0.0, 0.0, 0.0, 0.0, 0.0, 0.0, 0.7649, 0.4579, 0.0, 0.0, 0.0, 0.0, 6.0793, 1.0155, 0.0, 0.0, 0.0, 0.0, 0.0, 0.0, 0.0], "max_pos": 24, "max_act": 6.0781}, {"tokens": [" them", " both", " a", " big", " hug", ".", "<|endoftext|>", "Once", " upon", " a", " time", " there", " was", " a", " little", " girl", " named", " Le", "a", "h", ".", " Le", "a", "h", " had", " a", " very", " sad", " day", ".", " She", " was", " feeling"], "acts": [0.0, 0.0, 0.0, 0.0, 0.0, 0.0, 0.0, 0.0, 2.2343, 0.0, 0.2342, 0.0, 5.2738, 0.0, 0.0, 0.0, 0.0, 0.0, 0.0, 0.0, 0.0, 0.0, 0.0, 0.0, 6.0322, 0.6216, 0.0, 0.0, 0.0, 0.0, 0.0, 0.0, 0.0], "max_pos": 24, "max_act": 6.0312}, {"tokens": [" knew", " that", " with", " his", " friends", "'", " help", ",", " they", " could", " do", " anything", ".", "<|endoftext|>", "Once", " upon", " a", " time", ",", " a", " little", " girl", " named", " Lucy", " had", " a", " very", " important", " day", " coming", ".", " It"], "acts": [0.0, 0.0, 0.0, 0.0, 0.0, 0.0, 0.0, 0.0, 0.0, 0.0, 0.0, 0.0, 0.0, 0.0, 0.0, 2.3856, 0.0, 0.8263, 2.453, 0.0, 0.0, 0.0, 0.0, 0.0, 6.0298, 1.5088, 0.0, 0.0, 0.0, 0.0, 0.0, 0.0], "max_pos": 24, "max_act": 6.0312}]}