{"id": 1486, "density": 0.02349725, "max_act": 5.078125, "hist": {"edges": [0.01, 0.0133, 0.0178, 0.0237, 0.0316, 0.0422, 0.0562, 0.075, 0.1, 0.1334, 0.1778, 0.2371, 0.3162, 0.4217, 0.5623, 0.7499, 1.0, 1.3335, 1.7783, 2.3714, 3.1623, 4.217, 5.6234, 7.4989, 10.0, 13.3352, 17.7828, 23.7137, 31.6228, 42.1697, 56.2341, 74.9894, 100.0], "counts": [0, 0, 0, 0, 0, 0, 0, 0, 0, 0, 5, 124, 717, 2860, 8341, 18285, 24621, 19324, 12391, 5822, 1377, 122, 0, 0, 0, 0, 0, 0, 0, 0, 0, 0]}, "logit_lens": {"promoted": [["ually", 0.296], ["it", 0.271], ["qu", 0.253], ["re", 0.247], ["nd", 0.247], ["ony", 0.222], ["z", 0.22], ["al", 0.219], ["ce", 0.211], ["ause", 0.206]], "suppressed": [[" birthday", 0.308], ["ocked", 0.29], ["riend", 0.286], ["ness", 0.272], [" drove", 0.271], ["=", 0.265], ["pecially", 0.265], ["~", 0.263], ["\\", 0.263], ["\ufffd", 0.262]]}, "examples": [{"tokens": [" though", " something", " might", " seem", " scary", ",", " a", " little", " bit", " of", " courage", " can", " make", " all", " the", " differe", "n", "ce", ".", "<|endoftext|>", "One", " day", ",", " Jimmy", "'s", " mommy"], "acts": [1.32, 0.0, 0.0, 0.0, 0.0, 0.0, 0.0, 0.0, 0.0, 0.0, 0.0, 0.0, 0.0, 0.0, 0.0, 0.0, 0.0, 5.0799, 0.0, 0.0, 0.0, 0.0, 0.0, 0.0, 0.0, 0.0], "max_pos": 17, "max_act": 5.0781}, {"tokens": [" a", " healthy", ",", " bal", "an", "ced", " d", "iet", ",", " will", " help", " you", " grow"], "acts": [0.0, 2.1457, 0.0, 4.2929, 5.0329, 1.7981, 0.0, 2.6499, 0.0, 0.0, 0.0, 0.0, 3.3435], "max_pos": 4, "max_act": 5.0312}, {"tokens": [".", " S", "u", "pp", "ort", "ing", " and", " encou", "rag", "ing", " each", " other", " through", " ad", "ver", "s", "ity", " can", " make", " all", " the", " differe", "n", "ce", ".", "<|endoftext|>", "Once", " upon", " a", " time", " there", " was"], "acts": [0.0, 0.0, 0.0, 0.0, 2.2114, 0.0, 0.0, 0.0, 0.0, 0.0, 0.0, 0.0, 0.0, 2.3889, 0.0, 0.0, 3.3084, 0.0, 0.0, 0.0, 0.0, 0.0, 0.0, 4.9078, 0.0, 0.0, 0.0, 0.0, 0.0, 0.0, 0.0, 0.0], "max_pos": 23, "max_act": 4.9062}, {"tokens": [" people", " who", " are", " in", " need", ".", " It", " also", " teac", "hes", " us", " that", " even", " small", " act", "s", " of", " kindness", " can", " make", " a", " big", " differe", "n", "ce", " in", " someone", "'s", " life", ".", " G", "en", "er"], "acts": [0.0, 0.0, 0.0, 0.0, 1.4923, 0.0, 0.0, 0.0, 0.0, 1.7217, 2.0252, 0.0, 0.0, 0.0, 2.6525, 0.0, 0.0, 1.4623, 0.0, 0.0, 0.0, 0.0, 0.0, 0.0, 4.8949, 0.0, 0.0, 0.0, 3.238, 0.0, 0.0, 0.0, 0.0], "max_pos": 24, "max_act": 4.8945}, {"tokens": [" how", " weird", " we", " may", " seem", ",", " we", " should", " believe", " in", " our", "selves", " and", " never", " give", " up", " -", " then", " we", " can", " make", " a", " differe", "n", "ce", " too", "!", "<|endoftext|>", "The", " to", "dd", "l", "er"], "acts": [0.0, 0.0, 0.0, 0.0, 1.336, 0.0, 0.0, 0.0, 2.0868, 0.0, 0.0, 2.6547, 0.0, 0.0, 0.0, 0.0, 0.8811, 0.0, 0.0, 0.0, 0.0, 0.0, 0.0, 0.0, 4.8554, 0.0, 0.0, 0.0, 0.0, 0.0, 0.0, 0.0, 0.0], "max_pos": 24, "max_act": 4.8555}, {"tokens": [" help", " others", ".", " The", " moral", " of", " the", " story", " is", " that", " no", " matter", " how", " small", " you", " are", ",", " you", " can", " still", " make", " a", " differe", "n", "ce", ".", "<|endoftext|>", "One", " day", ",", " a", " little", " boy"], "acts": [0.0, 0.0, 0.0, 0.0, 0.0, 0.0, 0.0, 0.0, 0.0, 0.0, 0.0, 0.0, 0.0, 0.0, 0.0, 0.0, 0.0, 0.0, 0.0, 0.0, 0.0, 0.0, 0.0, 0.0, 4.8403, 0.0, 0.0, 0.0, 0.0, 0.0, 0.0, 0.0, 0.0], "max_pos": 24, "max_act": 4.8398}, {"tokens": [" us", " un", "ited", ".", " No", " matter", " how", " small", " and", " hidden", " we", " may", " be", ",", " we", " can", " always", " find", " courage", " and", " make", " a", " differe", "n", "ce", " to", " others", ".", "<|endoftext|>", "Once", " upon", " a", " time"], "acts": [1.3165, 0.0, 0.0, 0.0, 0.0, 0.0, 0.0, 0.0, 0.0, 0.0, 0.0, 0.0, 0.0, 0.0, 0.0, 0.0, 0.0, 0.0, 0.0, 0.0, 0.0, 0.0, 0.0, 0.0, 4.8374, 0.0, 0.0, 0.0, 0.0, 0.0, 0.0, 0.0, 0.0], "max_pos": 24, "max_act": 4.8359}, {"tokens": [" someone", " can", " make", " a", " big", " differe", "n", "ce", ".", "<|endoftext|>", "Once", " upon", " a", " time", ",", " there"], "acts": [0.0, 0.0, 0.0, 0.0, 0.0, 0.0, 0.0, 4.8232, 0.0, 0.0, 0.0, 0.0, 0.0, 0.0, 0.0, 0.0], "max_pos": 7, "max_act": 4.8242}, {"tokens": [" day", ",", " Lucy", " had", " learned", " a", " valuable", " lesson", ":", " no", " matter", " how", " small", " you", " are", ",", " you", " can", " always", " make", " a", " big", " differe", "n", "ce", ".", "<|endoftext|>", "Once", " upon", " a", " time", " there", " was"], "acts": [0.0, 0.0, 0.0, 0.0, 0.0, 0.0, 0.0, 0.0, 0.0, 0.0, 0.0, 0.0, 0.0, 0.0, 0.0, 0.0, 0.0, 0.0, 0.0, 0.0, 0.0, 0.0, 0.0, 0.0, 4.8118, 0.0, 0.0, 0.0, 0.0, 0.0, 0.0, 0.0, 0.0], "max_pos": 24, "max_act": 4.8125}, {"tokens": [" best", " friends", ".", "\n", "\n", "The", " moral", " of", " the", " story", " is", " that", " sharing", " what", " you", " have", " with", " others", " can", " make", " a", " big", " differe", "n", "ce", " in", " their", " li", "ves", " and", " bring", " happiness", " to"], "acts": [0.0, 0.0, 0.0, 0.0, 0.0, 0.0, 0.0, 0.0, 0.0, 0.0, 0.0, 0.0, 0.0, 0.0, 0.0, 0.0, 0.0, 0.0, 0.0, 0.0, 0.0, 0.0, 0.0, 0.0, 4.7622, 0.0, 0.0, 0.0, 1.4815, 0.0, 0.0, 0.9442, 0.0], "max_pos": 24, "max_act": 4.7617}, {"tokens": [" Lily", " learned", " that", " it", "'s", " important", " to", " help", " others", " when", " they", " need", " it", " and", " that", " even", " little", " kids", " can", " make", " a", " big", " differe", "n", "ce", ".", "<|endoftext|>", "Once", " upon", " a", " time", ",", " there"], "acts": [0.0, 0.0, 0.0, 0.0, 0.0, 0.0, 0.0, 0.0, 0.0, 0.0, 0.0, 0.0, 0.0, 0.0, 0.0, 0.0, 0.7591, 0.0, 0.0, 0.0, 0.0, 0.0, 0.0, 0.0, 4.744, 0.0, 0.0, 0.0, 0.0, 0.0, 0.0, 0.0, 0.0], "max_pos": 24, "max_act": 4.7422}, {"tokens": [" me", " happy", ".\"", "\n", "\n", "The", " moral", " of", " the", " story", " is", " that", " sometimes", " a", " small", " act", " of", " kindness", " can", " make", " a", " big", " differe", "n", "ce", " in", " someone", "'s", " life", ".", "<|endoftext|>", "Once", " upon"], "acts": [0.8904, 0.0, 0.0, 0.0, 0.0, 0.0, 0.0, 0.0, 0.0, 0.0, 0.0, 0.0, 0.0, 0.0, 0.0, 2.2337, 0.0, 1.4134, 0.0, 0.0, 0.0, 0.0, 0.0, 0.0, 4.744, 0.0, 0.0, 0.0, 3.1991, 0.0, 0.0, 0.0, 0.0], "max_pos": 24, "max_act": 4.7422}]}