{"id": 1484, "density": 0.0053385, "max_act": 11.21875, "hist": {"edges": [0.01, 0.0133, 0.0178, 0.0237, 0.0316, 0.0422, 0.0562, 0.075, 0.1, 0.1334, 0.1778, 0.2371, 0.3162, 0.4217, 0.5623, 0.7499, 1.0, 1.3335, 1.7783, 2.3714, 3.1623, 4.217, 5.6234, 7.4989, 10.0, 13.3352, 17.7828, 23.7137, 31.6228, 42.1697, 56.2341, 74.9894, 100.0], "counts": [0, 0, 0, 0, 0, 0, 0, 0, 0, 0, 8, 75, 451, 1351, 2891, 4601, 4347, 2406, 1741, 1150, 922, 678, 231, 364, 138, 0, 0, 0, 0, 0, 0, 0]}, "logit_lens": {"promoted": [[" lesson", 0.338], [" never", 0.309], [" important", 0.289], [" always", 0.26], [" go", 0.253], [" job", 0.248], [" work", 0.248], ["'s", 0.246], [" not", 0.246], [" to", 0.246]], "suppressed": [["ared", 0.244], ["art", 0.231], ["are", 0.229], [" breath", 0.227], [" fear", 0.219], [" excitement", 0.218], ["ard", 0.217], ["ur", 0.217], ["arl", 0.217], ["ht", 0.215]]}, "examples": [{"tokens": [" so", " sad", " and", " cried", ",", " \"", "My", " beautiful", " box", " is", " ruined", "!\"", "\n", "\n", "From", " that", " day", " on", ",", " Lily", " learned", " that", " it", "'s", " important", " to", " share", " but", " also", " to", " take", " care", " of"], "acts": [0.0, 0.0, 0.0, 0.0, 0.0, 0.0, 0.0, 0.0, 0.0, 0.9227, 0.0, 0.0, 0.0, 0.0, 0.0, 0.0, 0.0, 0.0, 0.0, 0.0, 2.7186, 0.647, 3.5217, 4.1754, 11.2165, 0.0, 0.0, 0.0, 0.0, 0.0, 0.0, 1.0765, 0.0], "max_pos": 24, "max_act": 11.2188}, {"tokens": [" The", " little", " bird", " got", " better", " and", " flew", " away", ".", " \n", "\n", "Lily", " learned", " that", " it", "'s", " important", " to", " help", " others", " and", " to", " be", " trust", "ed"], "acts": [0.0, 0.0, 0.0, 0.0, 0.0, 0.0, 0.0, 0.0, 0.0, 0.0, 0.0, 0.0, 2.5254, 0.7739, 3.893, 3.8485, 11.148, 0.0, 0.0, 0.0, 0.0, 0.0, 0.0, 0.0, 0.0], "max_pos": 16, "max_act": 11.1484}, {"tokens": [" mud", " puddle", ".", " She", " was", " even", " more", " messy", " now", ",", " but", " she", " was", " okay", ".", "\n", "\n", "Lily", " learned", " that", " day", " that", " it", "'s", " important", " to", " listen", " and", " not", " to", " r", "ush", "."], "acts": [0.0, 0.0, 0.0, 0.0, 0.0, 0.0, 0.0, 0.0, 0.0, 0.0, 0.0, 0.0, 0.0, 0.0, 0.0, 0.0, 0.0, 0.0, 1.79, 0.0, 0.0, 0.0, 1.8439, 2.9484, 11.0376, 0.0, 0.9306, 0.0, 0.0, 0.0, 0.0, 0.0, 0.0], "max_pos": 24, "max_act": 11.0391}, {"tokens": [" out", " of", " it", ".", " The", " motor", " had", " come", " loo", "se", " and", " was", " now", " broken", ".", " \n", "\n", "The", " little", " boy", " learned", " that", " it", "'s", " important", " to", " be", " careful", " when", " att", "ach", "ing", " things"], "acts": [0.0, 0.0, 0.0, 0.0, 0.0, 0.0, 0.0, 0.0, 0.0, 0.0, 0.0, 0.0, 0.0, 0.0, 0.0, 0.0, 0.0, 0.0, 0.0, 0.0, 1.5473, 0.0, 2.9274, 3.8811, 11.038, 0.0, 0.0, 0.0, 0.0, 0.0, 0.0, 0.0, 0.0], "max_pos": 24, "max_act": 11.0391}, {"tokens": [" She", " learned", " that", " it", "'s", " important", " to", " follow", " the", " law", " and", " not", " leave", " things"], "acts": [0.0, 0.0, 0.0, 3.5929, 3.6791, 11.0088, 0.0, 0.0, 0.0, 0.0, 0.0, 0.0, 0.0, 0.0], "max_pos": 5, "max_act": 11.0078}, {"tokens": [" and", " when", " they", " woke", " up", ",", " Tweetie", " felt", " ref", "re", "shed", " and", " happy", " again", ".", " From", " then", " on", ",", " Tweetie", " learned", " that", " it", "'s", " important", " to", " take", " nap", "s", " and", " that", " true", " friends"], "acts": [0.0, 0.0, 0.0, 0.0, 0.0, 0.0, 0.0, 0.0, 0.0, 0.0, 0.0, 0.0, 0.0, 0.0, 0.0, 0.0, 0.0, 0.0, 0.0, 0.0, 2.0681, 0.0, 3.3296, 3.6316, 10.9761, 0.0, 0.0, 0.0, 0.0, 0.0, 0.0, 0.0, 0.0], "max_pos": 24, "max_act": 10.9766}, {"tokens": [" he", " was", " gone", ".", " Lily", " felt", " sad", " and", " reg", "ret", "ful", " for", " scold", "ing", " Max", ".", " She", " learned", " that", " it", "'s", " important", " to", " be", " kind", " to", " others", ",", " even", " when"], "acts": [0.0, 0.0, 0.0, 0.0, 0.0, 0.0, 0.0, 0.0, 0.0, 0.0, 0.0, 0.0, 0.0, 0.0, 0.0, 0.0, 0.0, 1.4146, 0.0, 3.2024, 3.5367, 10.9279, 0.0, 0.0, 1.0103, 0.0, 0.0, 0.0, 0.0, 0.0], "max_pos": 21, "max_act": 10.9297}, {"tokens": [" make", " harsh", " jokes", " about", " each", " other", ".", " \n", "\n", "The", " moral", " of", " the", " story", " is", " that", " it", "'s", " important", " to", " be", " kind", " to", " your", " friends", " and", " never"], "acts": [0.0, 0.0, 0.0, 0.0, 0.0, 0.0, 0.0, 0.0, 0.0, 0.0, 0.0, 0.0, 0.0, 0.0, 4.2596, 0.0, 3.032, 3.9854, 10.932, 0.0, 0.0, 0.0, 0.0, 0.0, 0.0, 0.0, 0.0], "max_pos": 18, "max_act": 10.9297}, {"tokens": ["es", " in", " the", " we", "ather", ".", " And", " he", " never", " shiver", "ed", " again", ".", "\n", "\n", "The", " moral", " of", " the", " story", " is", " that", " it", "'s", " important", " to", " listen", " to", " the", " advice", " of", " other", " people"], "acts": [0.0, 0.0, 0.0, 0.0, 0.0, 0.0, 0.0, 0.0, 0.0, 0.0, 0.0, 0.0, 0.0, 0.0, 0.0, 0.0, 0.0, 0.0, 0.0, 0.0, 4.5568, 0.0, 2.7333, 4.2587, 10.9121, 0.0, 0.957, 0.0, 0.0, 0.0, 0.0, 0.0, 0.0], "max_pos": 24, "max_act": 10.9141}, {"tokens": [" and", " Lily", " felt", " very", " sorry", " for", " not", " forg", "i", "ving", " him", ".", "\n", "\n", "From", " that", " day", " on", ",", " Lily", " learned", " that", " it", "'s", " important", " to", " forgive", " and", " love", " the", " ones", " we", " care"], "acts": [0.0, 0.0, 0.0, 0.0, 0.0, 0.0, 0.0, 0.0, 0.0, 0.0, 0.0, 0.0, 0.0, 0.0, 0.0, 0.0, 0.0, 0.0, 0.0, 0.0, 2.035, 0.0, 3.4011, 3.5653, 10.9031, 0.0, 0.0, 0.0, 0.0, 0.0, 0.0, 0.0, 0.0], "max_pos": 24, "max_act": 10.9062}, {"tokens": [" and", " hit", " the", " boy", " on", " the", " head", ".", " He", " got", " hurt", " and", " had", " to", " go", " to", " the", " hospital", ".", " He", " learned", " that", " it", "'s", " important", " to", " listen", " to", " the", " teacher", " and", " be", " quiet"], "acts": [0.0, 0.0, 0.0, 0.0, 0.0, 0.0, 0.0, 0.0, 0.0, 0.0, 0.0, 0.0, 0.0, 0.0, 0.0, 0.0, 0.0, 0.0, 0.0, 0.0, 1.5425, 0.0, 3.2273, 3.4295, 10.8996, 0.0, 1.2369, 0.0, 0.0, 0.0, 0.0, 0.0, 0.0], "max_pos": 24, "max_act": 10.8984}, {"tokens": [" woke", " up", " from", " its", " sleep", ".", " The", " moral", " of", " the", " story", " is", " that", " it", "'s", " important", " to", " be", " aw", "are", " of", " our", " sur", "round"], "acts": [0.0, 0.0, 0.0, 0.0, 0.0, 0.0, 0.0, 1.1081, 0.0, 0.0, 0.0, 4.9509, 0.0, 2.9768, 3.4712, 10.8816, 0.0, 0.0, 0.0, 0.0, 0.0, 0.0, 0.0, 0.0], "max_pos": 15, "max_act": 10.8828}]}