{"id": 149, "density": 0.03902725, "max_act": 3.29296875, "hist": {"edges": [0.01, 0.0133, 0.0178, 0.0237, 0.0316, 0.0422, 0.0562, 0.075, 0.1, 0.1334, 0.1778, 0.2371, 0.3162, 0.4217, 0.5623, 0.7499, 1.0, 1.3335, 1.7783, 2.3714, 3.1623, 4.217, 5.6234, 7.4989, 10.0, 13.3352, 17.7828, 23.7137, 31.6228, 42.1697, 56.2341, 74.9894, 100.0], "counts": [0, 0, 0, 0, 0, 0, 0, 0, 8, 128, 688, 2219, 7590, 23682, 42614, 41661, 24726, 9571, 2612, 606, 4, 0, 0, 0, 0, 0, 0, 0, 0, 0, 0, 0]}, "logit_lens": {"promoted": [[" lost", 0.323], ["it", 0.318], [" never", 0.227], [" found", 0.227], [" time", 0.21], [" scared", 0.209], [" a", 0.2], [" belong", 0.187], [" sandwiches", 0.186], ["ang", 0.166]], "suppressed": [[" shape", 0.317], ["ature", 0.296], [" art", 0.293], ["ain", 0.283], ["ture", 0.283], [" cartoon", 0.279], [" ag", 0.279], ["ht", 0.273], [" body", 0.272], [" nicely", 0.272]]}, "examples": [{"tokens": [" big", " brother", " Joe", " coming", " up", " behind", " him", " until", " he", " heard", " Joe", "'s", " voice", ".", "\n", "\n", "\"", "Who", "a", " there", " Sammy", "!", " What", " are", " you", " doing", "?\"", " asked", " Joe", ".", "\n", "\n", "Sam"], "acts": [0.0, 0.0, 0.0, 0.0, 0.0, 0.0, 0.0, 0.0, 0.0, 0.0, 0.0, 0.0, 0.0, 0.0, 0.0, 0.0, 0.0, 0.0, 0.0, 0.0, 0.0, 0.4746, 0.0, 1.9658, 3.2927, 0.0, 0.0, 0.0, 0.0, 0.0, 0.0, 0.0, 0.0], "max_pos": 24, "max_act": 3.293}, {"tokens": ["Hey", " there", ",", " bunny", ",\"", " said", " Joe", ".", "\n", "\n", "The", " bunny", " looked", " up", " and", " smiled", ".", " \"", "Hi", ",", " Joe", "!", " What", " are", " you", " doing", " in", " the", " woods", "?\"", "\n", "\n", "\""], "acts": [0.0, 1.0139, 0.0, 0.9182, 0.0, 0.0, 0.0, 0.0, 0.0, 0.0, 0.0, 0.0, 0.0, 0.0, 0.0, 0.0, 0.0, 0.0, 0.0, 0.0, 0.0, 0.0, 0.0, 1.9036, 3.2705, 0.0, 0.0, 0.0, 0.0, 0.0, 0.0, 0.0, 0.0], "max_pos": 24, "max_act": 3.2695}, {"tokens": [".", " Suddenly", ",", " she", " heard", " someone", " calling", " her", " name", ".", " It", " was", " her", " friend", " Jack", ".", "\n", "\n", "\"", "Hi", " Jack", "!", " What", " are", " you", " doing", " here", "?\"", " Lily", " asked", ".", "\n", "\n"], "acts": [0.0, 0.0, 0.0, 0.0, 0.0, 0.0, 0.0, 1.3838, 0.0, 0.0, 0.0, 0.0, 0.7083, 0.6024, 0.0, 0.0, 0.0, 0.0, 0.0, 0.0, 0.0, 0.0, 0.0, 1.9681, 3.2055, 0.0, 0.0, 0.0, 0.0, 0.0, 0.0, 0.0, 0.0], "max_pos": 24, "max_act": 3.2051}, {"tokens": [",", " K", "ate", " heard", " a", " voice", " in", " the", " tree", ".", " It", " was", " a", " voice", " of", " a", " little", " bird", ".", " \u00e2\u20ac\u0153", "Hello", "!", " What", " are", " you", " doing", " up", " there", "?\u00e2\u20ac", " said", " the", " bird", "."], "acts": [0.0, 0.0, 0.0, 0.0, 0.0, 0.0, 0.0, 0.0, 0.0, 0.0, 0.0, 0.0, 0.0, 0.0, 0.0, 0.0, 0.0, 0.0, 0.0, 0.0, 0.0, 0.0, 0.6938, 1.8422, 3.1665, 0.0, 1.1759, 0.0, 0.0, 0.0, 0.0, 0.0, 0.0], "max_pos": 24, "max_act": 3.166}, {"tokens": [" of", " the", " two", ",", " was", " determined", " to", " say", " hello", ".", " She", " wa", "dd", "led", " up", " to", " the", " turtle", " and", " said", " \u00e2\u20ac\u0153", "Hello", ",", " are", " you", " watching", " too", "?\u00e2\u20ac", ".", " ", "\n", "The", " turtle"], "acts": [0.0, 0.0, 0.0, 0.0, 0.0, 0.0, 0.0, 0.5977, 0.0, 0.0, 0.0, 0.0, 0.0, 0.0, 0.0, 0.0, 0.0, 0.0, 0.0, 0.0, 0.0, 0.0, 0.0, 0.0, 3.1523, 0.0, 0.0, 0.0, 0.0, 0.0, 0.0, 0.0, 0.0], "max_pos": 24, "max_act": 3.1523}, {"tokens": [" both", " of", " you", "!", " What", " are", " you", " doing", "?", " Why", " are", " you", " fighting", " over", " paper"], "acts": [0.0, 0.0, 0.0, 0.0, 0.0, 1.6379, 3.1241, 0.0, 0.0, 0.0, 0.0, 0.993, 0.0, 0.0, 0.0], "max_pos": 6, "max_act": 3.125}, {"tokens": [" grabbed", " the", " c", "ell", ".", " But", " before", " they", " could", " get", " away", ",", " they", " heard", " a", " voice", ".", "\n", "\n", "\"", "Hey", "!", " What", " are", " you", " doing", " with", " my", " c", "ell", "?\"", "\n", "\n"], "acts": [0.0, 0.0, 0.0, 0.0, 0.0, 0.0, 0.0, 0.0, 0.0, 0.0, 0.0, 0.0, 0.0, 0.0, 0.0, 0.0, 0.0, 0.0, 0.0, 0.0, 0.0, 0.0, 0.8851, 1.8047, 3.1175, 0.0, 0.0, 0.0, 0.0, 0.0, 0.0, 0.0, 0.0], "max_pos": 24, "max_act": 3.1172}, {"tokens": [" walking", " in", " the", " park", ",", " when", " she", " saw", " a", " strange", " person", " standing", " there", ".", " He", " noticed", " her", " unique", " hand", " and", " said", " \u00e2\u20ac\u0153", "What", " do", " you", " do", " with", " that", " special", " hand", "?\u00e2\u20ac", "\n", "\n"], "acts": [0.0, 0.0, 0.0, 0.0, 0.0, 0.0, 0.0, 0.0, 0.0, 0.0, 0.0, 0.0, 0.0, 0.0, 0.0, 0.0, 0.0, 0.0, 0.0, 0.0, 0.0, 0.0, 0.0, 0.0, 3.1147, 0.5994, 0.0, 0.0, 0.0, 0.0, 0.0, 0.0, 0.0], "max_pos": 24, "max_act": 3.1152}, {"tokens": [" \n", "\n", "As", " it", " looked", " around", ",", " the", " beetle", " spotted", " a", " bird", " nearby", ".", " The", " bird", " said", ",", " \"", "Hi", " beetle", "!", " What", " are", " you", " doing", " up", " here", "?\"", "\n", "\n", "The", " beetle"], "acts": [0.0, 0.0, 0.0, 0.0, 0.0, 0.0, 0.0, 0.0, 0.0, 0.0, 0.0, 0.0, 0.0, 0.0, 0.0, 0.0, 0.7287, 1.0285, 0.4906, 0.0, 1.1371, 0.0, 0.0, 1.756, 3.1129, 0.0, 1.0263, 0.0, 0.0, 0.0, 0.0, 0.0, 0.0], "max_pos": 24, "max_act": 3.1133}, {"tokens": [" her", " kne", "es", ".", " Suddenly", ",", " Jane", " saw", " an", " old", " man", " walking", " towards", " her", ".", "\n", "\n", "The", " old", " man", " said", ":", " \"", "Are", " you", " okay", ",", " little", " one", "?\"", "\n", "\n", "Jane"], "acts": [0.0, 0.0, 0.0, 0.0, 0.0, 0.0, 0.0, 0.0, 0.0, 0.0, 0.0, 0.0, 0.0, 0.0, 0.0, 0.0, 0.0, 0.0, 0.0, 0.0, 0.0, 0.0, 0.0, 0.0, 3.1088, 0.7492, 0.0, 0.0, 0.7724, 0.0, 0.0, 0.0, 0.0], "max_pos": 24, "max_act": 3.1094}, {"tokens": [" heard", " a", " voice", " from", " behind", " him", ".", " \u00e2\u20ac\u0153", "What", " are", " you", " trying", " to", " do", "?\u00e2\u20ac", "\n", "\n", "The", " monkey"], "acts": [0.0, 0.0, 0.0, 0.0, 0.0, 0.0, 0.0, 0.0, 0.0, 1.6725, 3.0994, 1.2646, 1.9702, 0.0, 0.0, 0.0, 0.0, 0.0, 0.0], "max_pos": 10, "max_act": 3.0996}, {"tokens": [" girl", " rolled", " right", " over", " the", " edge", " of", " the", " pond", ".", " The", " boy", " stopped", " at", " the", " edge", " and", " said", ",", " \"", "Oh", " no", "!", " Are", " you", " okay", "?\"", " But", " the", " girl", " was", " just", " laughing"], "acts": [0.0, 0.0, 0.0, 0.0, 0.0, 0.0, 0.0, 0.0, 0.0, 0.0, 0.0, 0.0, 0.0, 0.0, 0.0, 0.0, 0.0, 0.0, 0.0, 0.0, 0.0, 0.0, 0.0, 0.0, 3.096, 0.8053, 0.0, 0.0, 0.0, 0.0, 1.047, 0.0, 0.0], "max_pos": 24, "max_act": 3.0957}]}