{"id": 1508, "density": 0.0110585, "max_act": 7.2890625, "hist": {"edges": [0.01, 0.0133, 0.0178, 0.0237, 0.0316, 0.0422, 0.0562, 0.075, 0.1, 0.1334, 0.1778, 0.2371, 0.3162, 0.4217, 0.5623, 0.7499, 1.0, 1.3335, 1.7783, 2.3714, 3.1623, 4.217, 5.6234, 7.4989, 10.0, 13.3352, 17.7828, 23.7137, 31.6228, 42.1697, 56.2341, 74.9894, 100.0], "counts": [0, 0, 0, 0, 0, 0, 0, 0, 0, 0, 1, 75, 578, 2141, 5291, 7672, 7833, 6557, 5712, 3412, 2253, 2032, 677, 0, 0, 0, 0, 0, 0, 0, 0, 0]}, "logit_lens": {"promoted": [[" with", 0.388], [" from", 0.324], [" as", 0.289], [" when", 0.248], [" fast", 0.248], [",", 0.246], [" the", 0.243], [" whenever", 0.241], [" quickly", 0.237], [" to", 0.235]], "suppressed": [["i", 0.352], ["ain", 0.306], ["ting", 0.289], ["ache", 0.278], ["um", 0.277], ["ma", 0.275], [" hot", 0.272], ["ber", 0.269], ["ild", 0.268], ["ue", 0.267]]}, "examples": [{"tokens": [".", " He", " ran", " faster", " than", " ever", " before", ".", " Spot", " was", " running", " so", " fast", ",", " it", " felt", " like", " he", " was", " flying", "!", " As", " he", " flew", " along", ",", " he", " saw", " a", " balloon", " in", " the", " sky"], "acts": [0.0, 0.0, 0.0, 2.9403, 0.0, 0.0, 0.0, 0.0, 0.0, 0.0, 0.8016, 0.0, 0.0, 0.0, 0.0, 0.0, 0.0, 0.0, 0.0, 0.0, 0.0, 0.0, 0.0, 0.0, 7.2906, 0.0, 0.0, 0.0, 0.0, 0.0, 0.0, 0.0, 0.0], "max_pos": 24, "max_act": 7.2891}, {"tokens": [" You", " have", " many", " flowers", " and", " I", " have", " n", "one", "!\"", "\n", "\n", "\"", "No", ",", " Lily", ",", " go", " away", "!\"", " Tom", " shouted", ",", " running", " away", " from", " her", ".", " \"", "You", " are", " mean", " and"], "acts": [0.0, 0.0, 0.0, 0.0, 0.0, 0.0, 0.0, 0.0, 0.0, 0.0, 0.0, 0.0, 0.0, 0.0, 0.0, 0.0, 0.0, 0.0, 2.7375, 0.0, 0.0, 0.9244, 0.0, 1.8963, 7.1978, 0.0, 0.0, 0.0, 0.0, 0.0, 0.0, 0.0, 0.0], "max_pos": 24, "max_act": 7.1992}, {"tokens": [" jumped", " out", " and", " yelled", ",", " \"", "B", "oo", "!\"", " The", " dog", " was", " scared", " and", " ran", " away", ".", " Tom", " and", " Sally", " laughed", " and", " played", " on"], "acts": [0.0, 3.0322, 0.0, 0.0, 0.0, 0.0, 0.0, 0.0, 0.0, 0.0, 0.0, 0.0, 0.0, 0.0, 0.0, 7.117, 0.0, 0.0, 0.0, 0.0, 0.0, 0.0, 0.0, 0.0], "max_pos": 15, "max_act": 7.1172}, {"tokens": [".", " He", " shouted", ".", " \"", "Go", " away", ",", " dog", "!", " Le", "ave", " us", " alone", "!\"", "\n", "\n", "The", " dog", " was", " scared", ".", " It", " ran", " away", ".", " It", " hid", " behind", " a", " tree", ".", "\n"], "acts": [0.0, 0.0, 0.0, 0.0, 0.0, 0.0, 1.8263, 0.0, 0.0, 0.0, 0.0, 0.0, 0.0, 0.0, 0.0, 0.0, 0.0, 0.0, 0.0, 0.0, 0.0, 0.0, 0.0, 0.7503, 7.1012, 0.0, 0.0, 0.0, 0.0, 0.0, 0.0, 0.0, 0.0], "max_pos": 24, "max_act": 7.1016}, {"tokens": ["\"", "U", "h", "-", "o", "h", ",", " we", " have", " to", " go", "!\"", " Ben", " says", ".", "\n", "\n", "They", " jump", " off", " the", " rock", " and", " run", " away", ".", " The", " mom", " bird", " ch", "as", "es", " them"], "acts": [0.0, 0.0, 0.0, 0.0, 0.0, 0.0, 0.0, 0.0, 0.0, 0.0, 0.0, 0.0, 0.0, 0.8029, 0.0, 0.0, 0.0, 0.0, 0.0, 3.3324, 0.0, 0.0, 0.0, 0.8019, 7.0237, 0.0, 0.0, 0.0, 0.0, 0.0, 0.0, 0.0, 0.0], "max_pos": 24, "max_act": 7.0234}, {"tokens": [" their", " ball", " and", " ran", " away", ".", "\n", "\n", "Lily", "'s", " friend", " said", ","], "acts": [0.0, 0.0, 0.0, 1.5996, 7.023, 0.0, 0.0, 0.0, 0.0, 0.0, 0.0, 0.0, 0.0], "max_pos": 4, "max_act": 7.0234}, {"tokens": [" loud", " noise", " like", " \"", "W", "oo", "-", "oo", "-", "oo", "\".", " Anna", " and", " Ben", " were", " very", " afraid", ".", " They", " dropped", " the", " ball", " and", " ran", " away", ".", "\n", "\n", "\"", "Help", ",", " help", ","], "acts": [0.0, 0.0, 0.0, 0.0, 0.0, 0.0, 0.0, 0.0, 0.0, 0.0, 0.0, 0.0, 0.0, 0.0, 0.0, 0.0, 0.0, 0.0, 0.0, 0.0, 0.0, 0.0, 0.0, 0.0, 6.9742, 0.0, 0.0, 0.0, 0.0, 0.0, 0.0, 0.0, 0.0], "max_pos": 24, "max_act": 6.9727}, {"tokens": [" the", " truck", ",", " but", " Ben", " wanted", " to", " swing", " without", " it", ".", " They", " arg", "ued", " and", " shouted", ",", " until", " a", " big", " dog", " came", " and", " ran", " away", " with", " their", " truck", ".", " They", " cried", " and", " chased"], "acts": [0.0, 0.0, 0.0, 0.0, 0.0, 0.0, 0.0, 0.0, 0.0, 0.0, 0.0, 0.0, 0.0, 0.0, 0.0, 0.0, 0.0, 0.0, 0.0, 0.0, 0.0, 0.0, 0.0, 0.6599, 6.9613, 0.0, 0.0, 0.0, 0.0, 0.0, 0.0, 0.0, 1.4262], "max_pos": 24, "max_act": 6.9609}, {"tokens": ["un", "!\"", " Leo", " shouted", ",", " picking", " up", " his", " car", ".", " \"", "He", " might", " want", " our", " toys", " too", "!\"", "\n", "\n", "Mia", " and", " Leo", " ran", " away", " from", " the", " dog", ",", " leaving", " their", " blanket", " and"], "acts": [0.0, 0.0, 0.0, 0.0, 0.0, 0.0, 0.0, 0.0, 0.0, 0.0, 0.0, 0.0, 0.0, 0.0, 0.0, 0.0, 0.0, 0.0, 0.0, 0.0, 0.0, 0.0, 0.0, 0.0, 6.954, 0.0, 0.0, 0.0, 0.0, 1.2773, 0.0, 0.0, 0.0], "max_pos": 24, "max_act": 6.9531}, {"tokens": [".", "\n", "\n", "But", " as", " he", " touched", " it", ",", " the", " beetle", " opened", " its", " wings", " and", " flew", " away", ".", " Anna", " and", " Ben", " screamed", " and", " ran", " away", " from", " the", " beetle", ".", "\n", "\n", "They", " bump"], "acts": [0.0, 0.0, 0.0, 0.0, 0.0, 0.0, 0.0, 0.0, 0.0, 0.0, 0.0, 0.0, 0.0, 0.0, 0.0, 0.0, 5.144, 0.0, 0.0, 0.0, 0.0, 0.0, 0.0, 0.0, 6.9379, 0.0, 0.0, 0.0, 0.0, 0.0, 0.0, 0.4832, 0.0], "max_pos": 24, "max_act": 6.9375}, {"tokens": [" You", " are", " fu", "el", " too", ".", " Come", " here", ".\"", "\n", "\n", "The", " robot", " re", "aches", " for", " Tom", " and", " Lily", ".", " They", " scream", " and", " run", " away", ".", " But", " the", " robot", " is", " faster", ".", " He"], "acts": [0.0, 0.0, 0.0, 0.0, 0.0, 0.0, 0.0, 0.0, 0.0, 0.0, 0.0, 0.0, 0.0, 0.0, 0.0, 0.0, 0.0, 0.0, 0.0, 0.0, 0.0, 0.0, 0.0, 0.0, 6.9087, 0.0, 0.0, 0.0, 0.0, 0.0, 1.016, 0.0, 0.0], "max_pos": 24, "max_act": 6.9102}, {"tokens": [" \"", "That", " is", " our", " ball", "!\"", "\n", "\n", "The", " dog", " did", " not", " listen", ".", " It", " picked", " up", " the", " ball", " in", " its", " mouth", " and", " ran", " away", ".", " Ben", " and", " Lily", " chased", " the", " dog", ","], "acts": [0.0, 0.0, 0.0, 0.0, 0.0, 0.0, 0.0, 0.0, 0.0, 0.0, 0.0, 0.0, 0.7506, 0.0, 0.0, 0.0, 0.0, 0.0, 0.0, 0.0, 0.0, 0.0, 0.0, 0.0, 6.869, 0.0, 0.0, 0.0, 0.0, 1.328, 0.0, 0.0, 0.0], "max_pos": 24, "max_act": 6.8672}]}