{"id": 1504, "density": 0.00591075, "max_act": 7.66015625, "hist": {"edges": [0.01, 0.0133, 0.0178, 0.0237, 0.0316, 0.0422, 0.0562, 0.075, 0.1, 0.1334, 0.1778, 0.2371, 0.3162, 0.4217, 0.5623, 0.7499, 1.0, 1.3335, 1.7783, 2.3714, 3.1623, 4.217, 5.6234, 7.4989, 10.0, 13.3352, 17.7828, 23.7137, 31.6228, 42.1697, 56.2341, 74.9894, 100.0], "counts": [0, 0, 0, 0, 0, 0, 0, 0, 0, 0, 0, 5, 85, 657, 2232, 4064, 4316, 3572, 3033, 1559, 1840, 1732, 544, 4, 0, 0, 0, 0, 0, 0, 0, 0]}, "logit_lens": {"promoted": [["time", 0.375], ["ot", 0.273], [" tail", 0.211], [" asleep", 0.209], ["s", 0.199], [" up", 0.197], [" home", 0.194], ["us", 0.19], [" because", 0.189], [" long", 0.189]], "suppressed": [[" pushes", 0.321], [" showed", 0.312], ["w", 0.298], ["sely", 0.293], [" shows", 0.289], ["ement", 0.288], ["izz", 0.27], [" clap", 0.261], ["ray", 0.251], ["aul", 0.247]]}, "examples": [{"tokens": [" flew", " away", ",", " leaving", " the", " little", " boy", " all", " alone", ".", " He", " was", " so", " tired", " and", " wanted", " to", " go", " back", " to", " sleep", ".", " \n", "\n", "The", " little", " boy", " lean", "ed"], "acts": [0.0, 0.0, 0.0, 0.0, 0.0, 0.0, 0.0, 0.0, 0.0, 0.0, 0.0, 0.0, 0.0, 3.8513, 0.0, 0.0, 0.0, 0.902, 0.0, 0.0, 7.6596, 0.0, 0.0, 0.0, 0.0, 0.0, 0.0, 0.0, 0.0], "max_pos": 20, "max_act": 7.6602}, {"tokens": ["ather", ".", " \n", "\n", "He", " hopped", " around", " all", " day", ",", " and", " soon", " the", " sun", " was", " set", "ting", " and", " it", " was", " time", " to", " go", " to", " sleep", ".", " F", "u", "z", "zy", " was", " so", " happy"], "acts": [0.0, 0.0, 0.0, 0.0, 0.0, 0.0, 0.0, 0.0, 0.0, 0.0, 0.0, 0.0, 0.0, 0.0, 0.0, 0.0, 0.0, 0.0, 0.0, 0.0, 0.0, 0.0, 2.5075, 0.0, 7.6039, 0.0, 0.0, 0.0, 0.0, 0.0, 0.0, 0.0, 0.0], "max_pos": 24, "max_act": 7.6055}, {"tokens": [".", " She", " told", " him", " everything", " was", " al", "r", "ight", " and", " ur", "ged", " him", " to", " go", " back", " to", " sleep", ".", " He", " felt", " better", " and", " snuggled", " into", " his"], "acts": [0.0, 0.0, 0.0, 0.0, 0.0, 0.0, 0.0, 0.0, 0.0, 0.0, 0.0, 0.0, 0.0, 0.0, 0.0, 0.0, 0.0, 7.5768, 0.0, 0.0, 0.0, 0.0, 0.0, 2.0198, 0.0, 1.3266], "max_pos": 17, "max_act": 7.5781}, {"tokens": [" day", ",", " John", " was", " tired", " and", " happy", ".", " He", " had", " started", " the", " day", " with", " a", " spray", " and", " now", " it", " was", " time", " to", " go", " to", " sleep", " with", " wonderful", " mem", "or", "ies", " from", " the", " day"], "acts": [0.0, 0.0, 0.0, 0.0, 3.9697, 0.0, 0.0, 0.0, 0.0, 0.0, 0.0, 0.0, 0.0, 0.0, 0.0, 0.0, 0.0, 0.0, 0.0, 0.0, 0.0, 0.0, 2.7505, 0.0, 7.5018, 0.0, 0.0, 0.0, 0.0, 0.0, 0.0, 0.0, 0.0], "max_pos": 24, "max_act": 7.5}, {"tokens": [" to", " play", ".", " They", " ran", " and", " played", " all", " day", ".", " They", " had", " so", " much", " fun", " together", ".", " When", " it", " was", " time", " to", " go", " to", " sleep", " again", ",", " Tim", " hugged", " Max", " and", " said", ","], "acts": [0.0, 0.0, 0.0, 0.0, 0.0, 0.0, 0.0, 0.0, 0.0, 0.0, 0.0, 0.0, 0.0, 0.0, 0.0, 0.0, 0.0, 0.0, 0.0, 0.0, 0.0, 0.0, 2.5342, 0.0, 7.3995, 0.0, 0.0, 0.0, 0.0, 0.0, 0.0, 0.0, 0.0], "max_pos": 24, "max_act": 7.3984}, {"tokens": [" to", " play", " with", " their", " toys", " and", " books", ".", " But", " when", " it", " is", " night", ",", " they", " have", " to", " go", " to", " sleep", ".", "\n", "\n", "One", " night", ",", " Tom", " does"], "acts": [0.0, 0.0, 0.0, 0.0, 0.0, 0.0, 0.0, 0.0, 0.0, 0.0, 0.0, 0.0, 1.7206, 0.0, 0.0, 0.0, 0.0, 0.0, 0.0, 7.3555, 0.0, 0.0, 0.0, 0.0, 0.0, 0.0, 0.0, 0.0], "max_pos": 19, "max_act": 7.3555}, {"tokens": [" Lily", ".", " She", " was", " very", " sleepy", " and", " wanted", " to", " go", " to", " bed", ".", " Her", " mommy", " said", ",", " \"", "Lily", ",", " it", "'s", " time", " to", " sleep", " now", ".\"", " Lily", " replied", ",", " \"", "Okay", ","], "acts": [0.0, 0.0, 0.0, 0.0, 0.0, 4.5942, 0.0, 0.0, 0.0, 0.0, 0.0, 6.2828, 0.0, 0.0, 0.0, 0.0, 0.0, 0.0, 0.0, 0.0, 0.0, 0.0, 0.0, 0.0, 7.3519, 1.6355, 0.0, 0.0, 0.0, 0.0, 0.0, 0.6696, 0.0], "max_pos": 24, "max_act": 7.3516}, {"tokens": [" boy", " who", " was", " only", " three", " years", " old", ".", "\n", "\n", "One", " day", ",", " the", " parents", " told", " their", " son", " it", " was", " time", " to", " go", " to", " sleep", ".", " He", " did", " not", " like", " this", " idea", "."], "acts": [0.0, 0.0, 0.0, 0.0, 0.0, 0.0, 0.0, 0.0, 0.0, 0.0, 0.0, 0.0, 0.0, 0.0, 0.0, 0.0, 0.0, 0.0, 0.0, 0.0, 0.0, 0.0, 1.0234, 0.0, 7.3237, 0.0, 0.0, 0.0, 0.0, 0.0, 0.0, 0.0, 0.0], "max_pos": 24, "max_act": 7.3242}, {"tokens": [" she", " got", " back", ",", " she", " went", " to", " tell", " M", "ine", " all", " about", " her", " day", " at", " school", ".", " But", " M", "ine", " had", " already", " gone", " to", " sleep", ".", "\n", "\n", "So", " the", " little", " girl", " soft"], "acts": [0.0, 0.0, 0.0, 0.0, 0.0, 0.0, 0.0, 0.0, 0.0, 0.0, 0.0, 0.0, 0.0, 0.0, 0.0, 1.1042, 0.0, 0.0, 0.0, 0.0, 0.0, 0.0, 0.0, 0.0, 7.2837, 0.0, 0.0, 0.0, 0.0, 0.0, 0.0, 0.0, 0.0], "max_pos": 24, "max_act": 7.2852}, {"tokens": [".", "\n", "\n", "But", " no", " matter", " how", " much", " fun", " he", " had", ",", " when", " it", " was", " time", " for", " bed", " he", " would", " always", " go", " back", " to", " sleep", ".", " He", " was", " a", " happy", " and", " healthy", " mouse"], "acts": [0.0, 0.0, 0.0, 0.0, 0.0, 0.0, 0.0, 0.0, 0.0, 0.0, 0.0, 0.0, 0.0, 0.0, 0.0, 0.0, 2.4008, 6.0197, 0.0, 0.0, 0.0, 0.9856, 0.0, 0.0, 7.279, 0.0, 0.0, 0.0, 0.0, 0.0, 0.0, 0.0, 0.0], "max_pos": 24, "max_act": 7.2773}, {"tokens": [".\"", "\n", "\n", "L", "illy", " felt", " much", " better", " and", " brave", " enough", " to", " go", " to", " sleep", ".", " She", " fell", " asleep", " safe", " in", " the", " know"], "acts": [0.0, 0.0, 0.0, 0.0, 0.0, 0.0, 0.0, 0.0, 0.0, 0.0, 0.0, 0.0, 0.5005, 0.0, 7.1864, 0.0, 0.0, 0.0, 4.7504, 0.0, 0.0, 0.0, 0.0], "max_pos": 14, "max_act": 7.1875}, {"tokens": [" said", " \"", "Jack", ",", " you", " need", " to", " go", " to", " sleep", ".", " It", "s", " getting", " late", "\".", " But", " Jack", " was", " too", " tired", " to", " go", " to", " sleep", ".", " He", " was", " jumping", " around", " too", " much", ","], "acts": [0.0, 0.0, 0.0, 0.0, 0.0, 0.0, 0.0, 0.0, 0.0, 6.2178, 0.0, 0.0, 0.0, 0.0, 0.0, 0.0, 0.0, 0.0, 0.0, 0.0, 2.9875, 0.0, 1.0166, 0.0, 7.1837, 0.0, 0.0, 0.0, 0.0, 0.0, 0.0, 0.0, 0.0], "max_pos": 24, "max_act": 7.1836}]}