{"id": 1506, "density": 0.05686725, "max_act": 4.609375, "hist": {"edges": [0.01, 0.0133, 0.0178, 0.0237, 0.0316, 0.0422, 0.0562, 0.075, 0.1, 0.1334, 0.1778, 0.2371, 0.3162, 0.4217, 0.5623, 0.7499, 1.0, 1.3335, 1.7783, 2.3714, 3.1623, 4.217, 5.6234, 7.4989, 10.0, 13.3352, 17.7828, 23.7137, 31.6228, 42.1697, 56.2341, 74.9894, 100.0], "counts": [0, 0, 0, 0, 0, 0, 0, 0, 0, 2, 54, 849, 8376, 26312, 43368, 44581, 37917, 30148, 22771, 11180, 1875, 36, 0, 0, 0, 0, 0, 0, 0, 0, 0, 0]}, "logit_lens": {"promoted": [["Mom", 0.401], [" Mommy", 0.385], ["Mommy", 0.38], [" dad", 0.38], [" Mom", 0.377], [" mommy", 0.376], [" mom", 0.374], [" Dad", 0.366], ["Mum", 0.36], [" Mum", 0.314]], "suppressed": [["ball", 0.265], ["fully", 0.256], [" able", 0.256], [" throw", 0.247], [" try", 0.237], [" sto", 0.225], [" further", 0.22], [" came", 0.219], ["Give", 0.213], ["hood", 0.212]]}, "examples": [{"tokens": [" pass", "port", " you", " can", " still", " have", " a", " great", " adventure", "!", "<|endoftext|>", "One", " day", ",", " O", "l", "iver", " went", " to", " the", " backyard", " with", " his", " mom", ".", " He", " saw", " a", " big", " hole", " in", " the", " ground"], "acts": [0.0, 0.0, 0.0, 0.0, 0.0, 0.0, 0.0, 0.0, 0.0, 0.0, 0.0, 0.0, 0.0, 0.0, 0.0, 0.0, 0.0, 0.0, 0.0, 0.0, 0.0, 0.7064, 0.0, 0.0, 4.6097, 0.0, 0.0, 0.0, 0.0, 0.0, 0.0, 0.0, 0.0], "max_pos": 24, "max_act": 4.6094}, {"tokens": [" home", " now", ",", " it", "'s", " getting", " too", " noisy", " here", "!\"", "<|endoftext|>", "One", " day", ",", " S", "im", "on", " went", " to", " the", " beach", " with", " his", " mom", ".", " He", " was", " happy", " to", " be", " exploring", " the", " sand"], "acts": [0.0, 0.0, 0.0, 0.0, 0.0, 0.0, 0.0, 0.0, 0.0, 1.6255, 0.0, 0.0, 0.0, 0.0, 0.0, 0.0, 0.0, 0.0, 0.0, 0.0, 0.0, 1.2846, 0.0, 0.0, 4.5225, 0.0, 0.0, 0.0, 0.0, 0.0, 0.0, 0.0, 0.0], "max_pos": 24, "max_act": 4.5234}, {"tokens": [",", " why", " is", " there", " a", " sign", " up", " ahead", "?\"", " asked", " J", "ames", ".", " \n", "\n", "\"", "That", "'s", " a", " stop", " sign", ",\"", " said", " mommy", ".", "\n", "\n", "Suddenly", ",", " it", " started", " to", " rain"], "acts": [1.1002, 0.0, 0.0, 0.0, 0.0, 0.0, 0.0, 0.0, 1.2666, 0.0, 0.0, 0.0, 2.8724, 0.6526, 3.0406, 2.4296, 0.0, 0.0, 0.0, 0.0, 0.0, 1.1737, 0.0, 0.0, 4.5061, 2.2452, 3.8497, 0.8163, 0.0, 0.0, 0.0, 0.0, 0.0], "max_pos": 24, "max_act": 4.5078}, {"tokens": [".", "<|endoftext|>", "Once", " upon", " a", " time", " there", " was", " a", " mom", " and", " a", " dad", ".", " The", " mom", " was", " in", " the", " kitchen", ",", " prep", "are", " dinner", ".", " She", " had", " made", " a", " big", " pot", " of", " soup"], "acts": [0.9859, 0.0, 0.0, 0.0, 0.0, 0.0, 0.0, 0.0, 0.0, 0.0, 1.6107, 1.4411, 0.0, 4.34, 2.4777, 0.0, 0.8835, 0.849, 0.8527, 0.0, 0.0, 0.0, 0.0, 0.0, 4.5019, 0.5983, 0.0, 0.5191, 0.0, 0.0, 0.0, 0.0, 0.0], "max_pos": 24, "max_act": 4.5}, {"tokens": [" polite", " and", " ask", ".", "\n", "\n", "\"", "Mommy", ",", " what", " is", " that", "?\"", "\n", "\n", "\"", "It", "'s", " a", " z", "ipper", ",\"", " replied", " Mom", ".", "\n", "\n", "Em", "ily", " then", " discovered", " she", " could"], "acts": [0.0, 0.0, 0.0, 0.9835, 0.8867, 1.4471, 1.2889, 0.0, 0.8393, 0.0, 0.0, 0.0, 0.8017, 2.1121, 2.9337, 2.1878, 0.0, 0.0, 0.0, 0.0, 0.0, 0.8167, 0.0, 0.0, 4.4931, 1.992, 3.7229, 0.0, 0.0, 0.0, 0.0, 0.0, 0.0], "max_pos": 24, "max_act": 4.4922}, {"tokens": ["\n", "\"", "Mom", ",", " what", " is", " that", "?\"", " in", "qu", "ired", " Sam", ".", "\n", "\n", "\"", "It", "'s", " a", " scale", ",\"", " replied", " his", " Mom", ".", " \"", "It", " we", "igh", "s", " things", ".\"", "\n"], "acts": [2.2868, 2.2131, 0.0, 1.0533, 0.0, 0.0, 0.0, 0.796, 0.0, 0.0, 0.0, 0.0, 3.109, 1.6642, 3.1562, 3.0308, 0.0, 0.0, 0.0, 0.0, 1.1308, 0.0, 0.0, 0.0, 4.4838, 1.5332, 0.0, 0.0, 0.0, 0.0, 0.0, 2.287, 1.8149], "max_pos": 24, "max_act": 4.4844}, {"tokens": [" He", " smiled", " and", " said", ",", " \"", "Okay", ",", " Mommy", ".", " Let", "'s", " go", "!\"", "<|endoftext|>", "Once", " upon", " a", " time", ",", " there", " was", " a", " mommy", ".", " She", " was", " doing", " the", " la", "und", "ry", ","], "acts": [0.0, 0.0, 0.0, 0.0, 0.0, 1.0903, 0.0, 0.0, 0.0, 2.7256, 0.0, 0.0, 0.0, 1.2907, 0.0, 0.0, 0.0, 0.0, 0.0, 0.0, 0.0, 0.0, 0.0, 0.0, 4.4818, 0.0, 0.4993, 0.0, 0.0, 0.0, 0.0, 0.0, 0.0], "max_pos": 24, "max_act": 4.4805}, {"tokens": [",", " they", " walked", " up", " to", " a", " big", ",", " tall", " house", ".", " \n", "\n", "\u00e2\u20ac\u0153", "A", "h", ",", " this", " is", " my", " house", ",\u00e2\u20ac", " said", " Mama", ".", " Inside", ",", " she", " opened", " the", " large", ",", " wood"], "acts": [0.0, 0.0, 0.0, 0.0, 0.0, 0.0, 0.0, 0.0, 0.0, 0.0, 1.5368, 0.5429, 2.1131, 1.0167, 0.0, 0.0, 0.0, 0.0, 0.0, 0.0, 0.0, 0.5746, 0.0, 0.0, 4.4554, 0.0, 0.0, 0.0, 0.0, 0.0, 0.0, 0.0, 0.0], "max_pos": 24, "max_act": 4.457}, {"tokens": [" her", " birthday", " and", " her", " special", " cake", " with", " magical", " cand", "les", ".", "<|endoftext|>", "Once", " upon", " a", " time", ",", " there", " was", " a", " mom", " and", " a", " dad", ".", " They", " had", " a", " little", " boy", " who", " was", " only"], "acts": [0.0, 0.0, 0.0, 0.0, 0.0, 0.0, 0.0, 0.0, 0.0, 0.0, 0.0, 0.0, 0.0, 0.0, 0.0, 0.0, 0.0, 0.0, 0.0, 0.0, 0.0, 1.3285, 1.2193, 0.0, 4.431, 0.0, 0.0, 0.5758, 0.0, 0.0, 0.0, 0.0, 0.0], "max_pos": 24, "max_act": 4.4297}, {"tokens": [" dad", " asked", ",", " \"", "What", " is", " it", "?\"", "\n", "\n", "\"", "It", "'s", " a", " book", "m", "ark", "!\"", " said", " Joe", "'s", " mom", ",", " proudly", ".", " She", " held", " the", " book", "m", "ark", " up", " to"], "acts": [0.0, 0.0, 0.0, 2.4902, 0.0, 0.0, 0.0, 2.6129, 2.2025, 3.084, 2.2052, 0.0, 0.0, 0.0, 0.0, 0.0, 0.0, 1.7066, 0.0, 0.0, 0.0, 0.0, 0.0, 0.0, 4.4014, 0.5318, 0.0, 0.0, 0.0, 0.0, 0.0, 0.0, 0.0], "max_pos": 24, "max_act": 4.4023}, {"tokens": ["\n", "\"", "What", "'s", " wrong", ",", " Mama", "?\"", " asked", " the", " little", " girl", ".", "\n", "\n", "\"", "The", " carpet", " is", " r", "ipped", ",\"", " said", " Mama", ".", "\n", "\n", "\"", "Can", " you", " rep", "air", " it"], "acts": [3.2299, 3.0488, 0.0, 0.0, 0.0, 0.0, 0.0, 1.7562, 0.0, 0.7082, 0.0, 0.0, 2.7401, 1.8925, 2.547, 2.5601, 0.9765, 0.0, 0.0, 0.0, 0.0, 1.1871, 0.0, 0.0, 4.399, 2.258, 3.6484, 2.6513, 0.0, 0.0, 0.0, 0.0, 0.0], "max_pos": 24, "max_act": 4.3984}, {"tokens": [",\"", " Lucy", " said", ",", " \"", "c", "an", " I", " keep", " the", " gl", "ove", "?\"", "\n", "\n", "\"", "I", " supp", "ose", " so", ",\"", " replied", " her", " mom", ".", "\n", "\n", "Lucy", " was", " so", " happy", " and", " hugged"], "acts": [1.1563, 0.0, 0.0, 0.0, 2.8733, 0.0, 0.0, 0.0, 0.0, 0.0, 0.0, 0.0, 1.8328, 1.179, 2.2577, 1.5572, 0.0, 0.0, 0.0, 0.0, 0.0, 0.0, 0.0, 0.0, 4.3885, 1.8824, 3.2075, 0.0, 0.0, 0.0, 0.0, 0.0, 0.0], "max_pos": 24, "max_act": 4.3867}]}