{"id": 1511, "density": 0.0582185, "max_act": 4.80078125, "hist": {"edges": [0.01, 0.0133, 0.0178, 0.0237, 0.0316, 0.0422, 0.0562, 0.075, 0.1, 0.1334, 0.1778, 0.2371, 0.3162, 0.4217, 0.5623, 0.7499, 1.0, 1.3335, 1.7783, 2.3714, 3.1623, 4.217, 5.6234, 7.4989, 10.0, 13.3352, 17.7828, 23.7137, 31.6228, 42.1697, 56.2341, 74.9894, 100.0], "counts": [0, 0, 0, 0, 0, 0, 0, 1, 9, 111, 564, 2238, 10462, 32056, 47676, 44735, 37088, 28932, 18408, 8476, 2033, 85, 0, 0, 0, 0, 0, 0, 0, 0, 0, 0]}, "logit_lens": {"promoted": [[" Tom", 0.668], ["Tom", 0.62], [" Jack", 0.501], ["Jack", 0.429], [" Anna", 0.413], [" Joe", 0.406], ["Jill", 0.387], [" Lucy", 0.377], [" Jill", 0.371], ["Anna", 0.366]], "suppressed": [[" Johnny", 0.337], [" Tweetie", 0.289], ["Jo", 0.267], ["ar", 0.249], [" pi", 0.238], [" cage", 0.232], [" sa", 0.218], [" counted", 0.215], [" free", 0.215], [" Mar", 0.215]]}, "examples": [{"tokens": ["ive", " too", "!\"", " The", " butterfly", " smiled", " and", " said", ",", " \"", "That", " is", " a", " very", " good", " idea", "!", " But", " you", " must", " be", " careful", ".\"", "\n", "\n", "Tom", " got", " into", " the", " stream", ".", " He", " was"], "acts": [0.0, 0.0, 3.8793, 0.0, 0.0, 0.4474, 1.114, 1.7018, 0.0, 1.8852, 0.0, 0.0, 0.0, 0.0, 0.0, 0.0, 0.7568, 2.4194, 0.0, 0.0, 0.0, 0.0, 3.5379, 2.2043, 4.8008, 0.0, 0.0, 0.0, 0.0, 0.0, 3.0429, 0.0, 0.0], "max_pos": 24, "max_act": 4.8008}, {"tokens": [" give", " you", " a", " coat", " so", " you", " don", "'t", " get", " too", " cold", ".\"", " Tom", " put", " the", " coat", " on", " and", " soon", " they", " were", " off", ".", "\n", "\n", "Tom", " and", " his", " mum", " went", " for", " a", " lovely"], "acts": [0.0, 0.0, 0.0, 0.0, 0.0, 0.0, 0.0, 0.0, 0.0, 0.0, 0.0, 3.7762, 0.0, 0.0, 0.0, 0.0, 0.0, 1.6961, 0.0, 0.0, 0.0, 0.0, 3.5335, 1.967, 4.7168, 0.0, 3.3872, 0.0, 0.0, 0.0, 0.0, 0.0, 0.0], "max_pos": 24, "max_act": 4.7188}, {"tokens": [" The", " store", "keeper", " smiled", " and", " said", ",", " \"", "Yes", ",", " I", " do", ".", " Here", " it", " is", ",", " it", " will", " work", " perfect", "ly", ".\"", "\n", "\n", "Tom", " was", " very", " proud", " that", " he", " had", " done"], "acts": [0.0, 0.0, 0.0, 0.0, 0.5986, 1.1744, 0.0, 0.9347, 0.0, 1.6083, 0.0, 0.0, 0.0, 0.0, 0.0, 0.0, 1.498, 0.0, 0.0, 0.0, 0.0, 0.0, 2.9122, 1.953, 4.7079, 0.0, 0.0, 0.0, 0.0, 1.7339, 0.0, 0.0, 0.0], "max_pos": 24, "max_act": 4.707}, {"tokens": [" golf", " balls", " into", " my", " pond", "?\"", "\n", "\n", "The", " golf", "er", " replied", ",", " \"", "I", "'m", " pract", "is", "ing", " my", " golf", " game", "!\"", "\n", "\n", "Tom", " shook", " his", " head", " and", " said"], "acts": [0.0, 0.0, 0.0, 0.0, 0.0, 3.0457, 2.1999, 4.499, 0.0, 0.0, 0.0, 1.7284, 0.7573, 1.707, 0.0, 0.0, 0.0, 0.0, 0.0, 0.0, 0.0, 0.0, 3.3055, 2.1717, 4.6744, 0.0, 0.0, 0.0, 0.0, 0.0, 1.3028], "max_pos": 24, "max_act": 4.6758}, {"tokens": [".", " It", " came", " from", " the", " garden", ".\"", " \n", "\n", "Tom", " was", " scared", " and", " said", ",", " \"", "Let", "'s", " go", " check", " it", " out", ".\"", " \n", "\n", "H", "arry", " was", " brave", " and", " said", ",", " \""], "acts": [0.4753, 0.0, 0.0, 0.0, 0.0, 0.0, 3.0949, 1.848, 4.5241, 0.0, 0.0, 0.0, 0.0, 0.5686, 0.0, 1.0198, 0.0, 0.0, 0.0, 0.0, 0.0, 0.0, 3.3913, 1.9121, 4.6113, 0.0, 0.0, 0.0, 0.0, 0.0, 0.7485, 0.0, 1.5511], "max_pos": 24, "max_act": 4.6094}, {"tokens": [" quickly", " ran", " over", " to", " the", " other", " side", " of", " the", " barn", ".", "\n", "\n", "Tom", " and", " Anna", " played", " together", " all", " day", ".", " From", " then", " on", ",", " Tom", " became", " less", " selfish", " and", " would", " always", " let"], "acts": [0.0, 0.0, 0.0, 1.5692, 0.0, 0.0, 0.0, 0.0, 0.0, 0.0, 2.6688, 1.7568, 4.2678, 0.0, 3.3816, 0.0, 0.0, 0.0, 0.0, 0.0, 3.5126, 0.5631, 0.0, 1.8778, 4.5924, 0.0, 0.668, 0.0, 0.0, 1.2525, 0.0, 0.0, 0.0], "max_pos": 24, "max_act": 4.5938}, {"tokens": ["'s", " mom", " put", " a", " bandage", " on", " his", " skin", " and", " gave", " him", " a", " big", " kiss", ".", " Tom", " felt", " much", " better", ".", " From", " that", " day", " on", ",", " Tom", " played", " more", " carefully", " with", " his", " sharp", " toy"], "acts": [0.0, 0.0, 0.0, 0.0, 0.0, 0.0, 0.0, 0.0, 0.0, 1.8138, 0.0, 0.0, 0.0, 0.0, 2.7084, 0.0, 0.0, 0.0, 0.0, 2.5731, 0.7021, 0.0, 0.934, 0.5191, 4.5889, 0.0, 0.0, 0.0, 0.0, 0.0, 0.0, 0.0, 0.0], "max_pos": 24, "max_act": 4.5898}, {"tokens": [" giving", " it", " to", " Jill", ".", "\n", "\n", "\"", "Yay", "!\"", " she", " cheered", ".", " \"", "Let", "'s", " have", " a", " fun", " dance", " with", " it", ".\"", "\n", "\n", "Tom", " smiled", ".", " He", " and", " Jill", " started", " to"], "acts": [0.9201, 0.0, 2.4384, 0.0, 2.8478, 1.5774, 4.3175, 1.6688, 0.0, 3.8404, 0.0, 0.0, 1.9686, 0.0, 0.0, 0.0, 0.0, 0.0, 0.0, 0.0, 0.0, 0.0, 3.4383, 2.1348, 4.5602, 0.0, 0.0, 2.0328, 0.0, 2.1445, 0.0, 0.0, 0.0], "max_pos": 24, "max_act": 4.5586}, {"tokens": [",", " \"", "I", " am", " glad", " I", " was", " patient", " and", " helped", " the", " little", " girl", " cross", " the", " road", " safely", ".\"", " \n", "\n", "From", " that", " day", " on", ",", " Tom", " always", " tried", " to", " be", " patient", " and", " kind"], "acts": [0.0, 1.6139, 0.0, 0.0, 0.0, 0.0, 0.0, 0.0, 0.0, 0.9868, 0.0, 0.0, 0.0, 0.0, 0.0, 0.0, 0.0, 2.6676, 1.2715, 4.1373, 0.0, 0.0, 0.6835, 0.0, 4.5578, 0.0, 0.0, 0.0, 0.0, 0.0, 0.0, 0.0, 0.0], "max_pos": 24, "max_act": 4.5586}, {"tokens": [" lose", " it", ".\"", " Tom", " nodded", " and", " promised", " never", " to", " forget", ".", " Then", " the", " brothers", " hugged", ",", " happy", " to", " still", " have", " each", " other", ".", "\n", "\n", "The", " moral", " of", " this", " story", " is", " never", " take"], "acts": [0.0, 0.0, 4.1308, 0.0, 1.0267, 3.0096, 0.8892, 0.0, 0.0, 0.0, 3.7646, 3.2754, 0.0, 0.0, 2.1078, 0.0, 0.0, 0.0, 0.0, 0.0, 0.0, 0.0, 2.8422, 2.4118, 4.548, 0.0, 0.0, 0.0, 0.0, 0.0, 0.0, 0.0, 0.0], "max_pos": 24, "max_act": 4.5469}, {"tokens": ["!", " Let", "'s", " add", " it", " to", " the", " basket", "!", " We", " can", " make", " it", " s", "up", "ers", "h", "iny", " with", " this", " new", " ring", ".\"", "\n", "\n", "The", " little", " girl", " thanked", " him", ",", " and", " Tom"], "acts": [0.0, 0.0, 0.0, 0.0, 0.0, 0.0, 0.0, 0.0, 0.0, 0.0, 0.0, 0.0, 0.0, 0.0, 0.0, 0.0, 0.0, 0.0, 0.0, 0.0, 0.0, 0.0, 2.9478, 1.0801, 4.5292, 0.0, 0.0, 0.0, 3.0186, 0.0, 0.0, 1.2836, 0.0], "max_pos": 24, "max_act": 4.5273}, {"tokens": ["s", " mom", ".", " She", " added", ",", " \u00e2\u20ac\u0153", "Tom", ",", " if", " you", " don", "\u00e2\u20ac\u2122", "t", " listen", " to", " me", ",", " something", " bad", " can", " happen", ".\u00e2\u20ac", " \n", "\n", "But", " Tom", " was", " too", " naughty", ".", " He", " ran"], "acts": [0.0, 0.0, 2.5768, 0.0, 0.0, 0.0, 1.2521, 0.0, 0.0, 0.0, 0.0, 0.0, 0.0, 0.0, 0.0, 1.1701, 0.0, 1.2571, 0.0, 0.0, 0.0, 0.0, 3.4216, 1.9373, 4.5176, 2.7308, 0.0, 0.0, 0.0, 0.0, 2.3949, 0.0, 0.0], "max_pos": 24, "max_act": 4.5195}]}