{"id": 1517, "density": 0.01381825, "max_act": 5.60546875, "hist": {"edges": [0.01, 0.0133, 0.0178, 0.0237, 0.0316, 0.0422, 0.0562, 0.075, 0.1, 0.1334, 0.1778, 0.2371, 0.3162, 0.4217, 0.5623, 0.7499, 1.0, 1.3335, 1.7783, 2.3714, 3.1623, 4.217, 5.6234, 7.4989, 10.0, 13.3352, 17.7828, 23.7137, 31.6228, 42.1697, 56.2341, 74.9894, 100.0], "counts": [0, 0, 0, 0, 0, 0, 0, 0, 0, 1, 10, 161, 1741, 6794, 10524, 10076, 8190, 6588, 5885, 3542, 1419, 342, 0, 0, 0, 0, 0, 0, 0, 0, 0, 0]}, "logit_lens": {"promoted": [["She", 0.246], ["ild", 0.245], ["\".", 0.239], ["It", 0.233], [" glad", 0.224], ["uff", 0.22], ["illed", 0.217], [".\u00e2\u20ac", 0.213], [" window", 0.21], [" should", 0.21]], "suppressed": [["op", 0.285], ["ven", 0.27], ["ally", 0.255], [" turned", 0.239], ["urn", 0.225], ["aff", 0.212], ["ase", 0.212], ["ndp", 0.211], ["rage", 0.211], [" knock", 0.206]]}, "examples": [{"tokens": [".", " He", " is", " a", " baby", ".", " He", " needs", " love", " and", " care", ",", " not", " games", " and", " toys", ".\"", "\n", "\n", "Sara", " felt", " sorry", " and", " ashamed", ".", " She", " said", ",", " \"", "I", " am", " sorry", ","], "acts": [0.0, 0.0, 0.0, 0.0, 0.0, 0.0, 0.0, 0.0, 0.0, 0.0, 0.0, 0.0, 0.0, 0.0, 0.0, 0.0, 0.0, 0.0, 0.0, 0.0, 0.9464, 0.0, 0.0, 0.0, 5.6064, 0.0, 0.0, 0.0, 0.0, 0.0, 0.0, 0.0, 0.0], "max_pos": 24, "max_act": 5.6055}, {"tokens": [" work", " again", ".", " She", " told", " them", " to", " be", " more", " careful", " and", " respectful", " next", " time", ".", "\n", "\n", "Ben", " and", " Lily", " felt", " sorry", " and", " ashamed", ".", " They", " hugged", " each", " other", " and", " their", " toys", "."], "acts": [0.0, 0.0, 0.0, 0.0, 0.0, 0.0, 0.0, 0.0, 0.0, 0.0, 0.0, 0.0, 0.0, 0.0, 1.0277, 0.0, 0.6751, 0.0, 0.7604, 0.0, 1.6783, 0.0, 0.0, 0.0, 5.5874, 0.0, 0.7395, 0.0, 0.0, 0.0, 0.0, 0.0, 1.6576], "max_pos": 24, "max_act": 5.5859}, {"tokens": [" find", ".", " You", " disturb", "ed", " me", " and", " ruined", " the", " surprise", ".", " How", " could", " you", "?\"", "\n", "\n", "Tom", " and", " Mia", " felt", " sorry", " and", " ashamed", ".", " They", " did", " not", " mean", " to", " make", " Mom", " upset"], "acts": [0.0, 0.0, 0.0, 0.0, 0.0, 0.0, 0.0, 0.0, 0.0, 0.0, 0.0, 0.0, 0.0, 0.0, 0.0, 0.0, 0.0, 0.0, 0.7879, 0.0, 0.8917, 0.0, 0.0, 0.0, 5.583, 0.0, 0.4261, 0.0, 0.0, 0.0, 0.0, 0.0, 0.0], "max_pos": 24, "max_act": 5.582}, {"tokens": [" as", " she", " wanted", ".", " She", " said", " she", " was", " a", " great", " listen", "er", " and", " a", " great", " sister", ".", "\n", "\n", "Tom", " felt", " sorry", " and", " ashamed", ".", " He", " realized"], "acts": [0.0, 0.0, 0.0, 0.829, 0.0, 0.0, 0.0, 0.0, 0.0, 0.0, 0.0, 0.0, 0.0, 0.0, 0.0, 0.0, 0.6949, 0.0, 0.0, 0.0, 1.2878, 0.0, 0.0, 0.0, 5.4966, 0.0, 0.0], "max_pos": 24, "max_act": 5.4961}, {"tokens": [" play", " or", " watch", " TV", " or", " have", " dessert", ".", " He", " said", " they", " had", " to", " learn", " their", " lesson", ".", "\n", "\n", "Lily", " and", " Tom", " felt", " bad", ".", " They", " said", " they", " were", " sorry", ".", " They", " did"], "acts": [0.0, 0.0, 0.0, 0.0, 0.0, 0.0, 0.0, 0.0, 0.0, 0.0, 0.0, 0.0, 0.0, 0.0, 0.0, 0.0, 0.0, 0.0, 0.0, 0.0, 0.0, 0.0, 1.2777, 0.0, 5.4762, 0.0, 0.0, 0.7154, 0.0, 0.0, 3.2603, 0.0, 0.0], "max_pos": 24, "max_act": 5.4766}, {"tokens": [" told", " them", " to", " go", " to", " their", " room", " and", " think", " about", " what", " they", " had", " done", ".", "\n", "\n", "Lily", " and", " Tom", " felt", " sorry", " and", " ashamed", ".", " They", " said", " sorry", " to", " their", " mom", " and", " to"], "acts": [0.0, 0.0, 0.0, 0.0, 0.0, 0.0, 0.0, 0.0, 0.0, 0.0, 0.0, 0.0, 0.0, 0.0, 0.6644, 0.0, 0.2566, 0.0, 0.0, 0.0, 1.0124, 0.0, 0.0, 0.0, 5.4259, 0.0, 0.0, 0.6085, 0.0, 0.0, 0.0, 0.0, 0.0], "max_pos": 24, "max_act": 5.4258}, {"tokens": [" always", " be", " careful", " and", " listen", " to", " your", " friends", " who", " are", " afraid", ".", " They", " might", " be", " right", ".\"", "\n", "\n", "Tim", " and", " Lily", " felt", " ashamed", ".", " They", " realized", " they", " had", " been", " foolish", " and", " re"], "acts": [0.0, 0.0, 0.0, 0.0, 0.0, 0.0, 0.0, 0.0, 0.0, 0.0, 0.0, 0.0, 0.0, 0.0, 0.0, 0.0, 0.0, 0.0, 0.0, 0.0, 0.6516, 0.0, 1.7901, 0.0, 5.3718, 0.0, 0.0, 0.0, 0.0, 0.0, 0.0, 0.0, 0.0], "max_pos": 24, "max_act": 5.3711}, {"tokens": [".", " They", " told", " them", " to", " learn", " to", " be", " grateful", " and", " respectful", " and", " kind", ".", "\n", "\n", "Tom", " and", " Lily", " felt", " very", " sorry", " and", " ashamed", ".", " They", " hugged", " Mrs", ".", " L", "ee", " and", " said"], "acts": [0.0, 0.0, 0.0, 0.0, 0.0, 0.0, 0.0, 0.0, 0.0, 0.0, 0.0, 0.0, 0.0, 0.0, 0.0, 0.0, 0.0, 0.8406, 0.0, 1.4287, 1.1279, 0.0, 0.0, 0.0, 5.354, 0.0, 0.7819, 0.0, 0.0, 0.0, 0.0, 0.0, 0.0], "max_pos": 24, "max_act": 5.3555}, {"tokens": ["'s", " a", " pr", "ank", " box", ".", " I", " hope", " you", " had", " fun", ".", " B", "ye", "!\"", "\n", "\n", "Ben", " and", " Mia", " felt", " sad", " and", " angry", ".", " They", " had", " been", " tri"], "acts": [0.0, 0.0, 0.0, 0.0, 0.0, 0.0, 0.0, 0.0, 0.0, 0.0, 0.0, 0.0, 0.0, 0.0, 0.0, 0.0, 0.0, 0.0, 0.0, 0.0, 1.3491, 0.0, 0.0, 0.0, 5.3353, 0.0, 0.0, 0.0, 0.0], "max_pos": 24, "max_act": 5.3359}, {"tokens": [" laughed", " at", " their", " str", "uc", "ture", "s", " and", " said", " they", " were", " silly", " and", " small", ".", "\n", "\n", "Ben", " and", " Mia", " felt", " sad", " and", " angry", ".", " They", " did", " not", " want", " to", " play", " with", " Leo"], "acts": [0.0, 0.0, 0.0, 0.0, 0.0, 0.0, 0.0, 0.0, 0.0, 0.0, 0.0, 0.0, 0.0, 0.0, 0.0, 0.0, 0.0, 0.0, 0.0, 0.0, 0.8354, 0.0, 0.0, 0.0, 5.3301, 0.0, 0.0, 0.0, 0.0, 0.0, 0.0, 0.0, 0.0], "max_pos": 24, "max_act": 5.332}, {"tokens": [" Lily", " and", " Ben", " had", " to", " go", " to", " their", " room", "s", " and", " think", " about", " what", " they", " did", ".", "\n", "\n", "Lily", " and", " Ben", " felt", " bad", ".", " They", " wished", " they", " had", " not", " played", " with", " the"], "acts": [0.0, 0.0, 0.0, 0.0, 0.0, 0.0, 0.0, 0.0, 0.0, 0.0, 0.0, 0.0, 0.0, 0.0, 0.0, 0.0, 0.9578, 0.0, 0.0, 0.0, 0.0, 0.0, 1.2282, 0.0, 5.2782, 0.0, 0.0, 0.0, 0.0, 0.0, 0.0, 0.0, 0.0], "max_pos": 24, "max_act": 5.2773}, {"tokens": [".", " She", " said", " Lily", " had", " to", " learn", " to", " respect", " the", " things", " that", " were", " not", " her", "s", ".", "\n", "\n", "Lily", " felt", " sorry", " and", " ashamed", ".", " She", " said", " she", " was", " sorry", " and", " she", " would"], "acts": [0.82, 0.0, 0.0, 0.0, 0.0, 0.0, 0.0, 0.0, 0.0, 0.0, 0.0, 0.0, 0.0, 0.0, 0.0, 0.0, 1.148, 0.0, 0.0, 0.0, 1.2034, 0.0, 0.0, 0.0, 5.2573, 0.0, 0.0, 0.0, 0.0, 0.0, 0.0, 0.0, 0.0], "max_pos": 24, "max_act": 5.2578}]}