{"id": 1528, "density": 0.02245125, "max_act": 6.3203125, "hist": {"edges": [0.01, 0.0133, 0.0178, 0.0237, 0.0316, 0.0422, 0.0562, 0.075, 0.1, 0.1334, 0.1778, 0.2371, 0.3162, 0.4217, 0.5623, 0.7499, 1.0, 1.3335, 1.7783, 2.3714, 3.1623, 4.217, 5.6234, 7.4989, 10.0, 13.3352, 17.7828, 23.7137, 31.6228, 42.1697, 56.2341, 74.9894, 100.0], "counts": [0, 0, 0, 0, 0, 0, 0, 0, 0, 0, 4, 109, 1162, 5935, 13069, 19197, 19535, 14308, 8228, 4955, 2843, 453, 7, 0, 0, 0, 0, 0, 0, 0, 0, 0]}, "logit_lens": {"promoted": [["ud", 0.293], [" join", 0.284], [" let", 0.281], ["'", 0.277], [" message", 0.26], [" agreed", 0.258], [" cheered", 0.255], [" joined", 0.255], [" calling", 0.247], [" warned", 0.236]], "suppressed": [[" wo", 0.281], ["ape", 0.279], [" its", 0.271], ["le", 0.268], [" sunny", 0.248], ["fully", 0.241], ["et", 0.231], [" grow", 0.225], [" a", 0.224], ["ating", 0.22]]}, "examples": [{"tokens": [" out", " of", " the", " microphone", ".", " He", " was", " surprised", " and", " excited", "!", " He", " started", " to", " sing", " and", " me", "ow", " into", " the", " microphone", ".", " The", " other", " cats", " heard", " him", " and", " came", " to", " listen", ".", " They"], "acts": [0.0, 0.0, 0.0, 1.0824, 0.0, 0.0, 0.0, 0.0, 0.0, 0.0, 0.0, 0.0, 0.0, 0.6128, 0.0, 0.0, 0.0, 0.0, 0.0, 0.0, 0.0, 0.0, 0.0, 1.5069, 6.3187, 0.0, 0.0, 0.0, 0.0, 0.0, 0.0, 0.0, 0.8144], "max_pos": 24, "max_act": 6.3203}, {"tokens": [" day", ",", " until", " the", " hive", " was", " full", ".", "\n", "\n", "The", " bee", " became", " very", " famous", " for", " making", " this", " original", " drink", ".", " All", " the", " other", " bees", " started", " coming", " to", " the", " hive", " to", " try", " it"], "acts": [0.0, 0.0, 0.0, 0.0, 0.9554, 0.0, 0.0, 0.0, 0.0, 0.0, 0.0, 0.695, 0.0, 0.0, 0.0, 0.0, 0.0, 0.0, 0.0, 0.0, 0.0, 0.0, 0.0, 0.0, 6.2516, 0.0, 0.0, 0.0, 0.0, 1.667, 0.0, 0.0, 0.0], "max_pos": 24, "max_act": 6.25}, {"tokens": [" more", ".", " Finally", ",", " one", " chicken", " jumped", " the", " hig", "he", "st", " and", " the", " little", " girl", " nodded", " towards", " it", ".", "\n", "\n", "The", " other", " chick", "ens", " were", " disappointed", " but", " the", " little", " girl", " said", ","], "acts": [0.0, 0.0, 0.0, 0.0, 0.0, 0.0, 0.0, 0.0, 0.0, 0.0, 0.0, 0.0, 0.0, 0.0, 0.0, 0.0, 0.0, 0.0, 0.0, 0.0, 0.0, 0.0, 0.7527, 2.5747, 5.8844, 0.0, 0.0, 0.0, 0.0, 0.0, 0.0, 0.0, 0.0], "max_pos": 24, "max_act": 5.8828}, {"tokens": [" One", " day", ",", " O", "t", "ty", " wanted", " to", " try", " something", " new", ",", " so", " he", " let", " out", " a", " loud", " be", "llow", ".", " All", " the", " other", " animals", " stopped", " and", " looked", ".", " O", "t", "ty", " felt"], "acts": [0.0, 0.0, 0.0, 0.0, 0.0, 0.0, 0.0, 0.0, 0.0, 0.0, 0.0, 0.0, 0.0, 0.0, 0.0, 0.0, 0.0, 0.0, 0.0, 0.0, 0.0, 0.0, 0.0, 1.6615, 5.79, 0.0, 0.0, 0.0, 0.0, 0.0, 0.0, 0.0, 0.0], "max_pos": 24, "max_act": 5.7891}, {"tokens": ["o", "dy", ".", " The", " rabbit", " hopped", " around", " joy", "fully", ",", " moving", " to", " the", " r", "hy", "th", "m", " of", " the", " music", ".", " All", " the", " other", " people", " in", " the", " park", " stopped", " to", " listen", " and", " enjoy"], "acts": [0.0, 2.077, 0.0, 0.0, 0.0, 0.0, 0.0, 0.0, 0.0, 0.0, 0.0, 0.0, 0.0, 0.0, 0.0, 0.0, 0.0, 0.0, 0.0, 0.0, 0.0, 0.0, 0.0, 0.9538, 5.6612, 0.0, 0.0, 1.6258, 0.0, 0.0, 0.0, 0.0, 0.0], "max_pos": 24, "max_act": 5.6602}, {"tokens": [" animal", ".", " He", " thought", ",", " \"", "How", " can", " I", " win", " the", " race", "?\"", "\n", "\n", "The", " day", " of", " the", " race", " came", ".", " All", " the", " animals", " started", " to", " run", ".", " The", " rabbit", " had", " a"], "acts": [0.0, 0.0, 0.0, 0.0, 0.0, 0.0, 0.0, 0.0, 0.0, 0.0, 0.0, 0.0, 0.0, 0.0, 0.0, 0.0, 0.0, 0.0, 0.0, 0.0, 0.0, 0.0, 0.0, 0.0, 5.6507, 0.0, 0.9397, 0.0, 0.0, 0.0, 0.0, 0.0, 0.0], "max_pos": 24, "max_act": 5.6523}, {"tokens": [" blew", " the", " smoke", " away", ",", " and", " the", " sun", " came", " out", ".", " Bob", " and", " Bella", " got", " mar", "ried", " under", " the", " big", " tree", ".", " All", " their", " friends", " came", " to", " the", " party", ",", " and", " they", " danced"], "acts": [0.0, 0.0, 0.0, 0.0, 0.0, 0.0, 0.0, 0.0, 0.0, 0.0, 0.0, 0.0, 0.0, 0.9815, 0.594, 0.0, 0.0, 0.0, 0.0, 0.0, 0.0, 0.0, 0.0, 0.0, 5.6238, 0.0, 0.0, 0.0, 1.4428, 0.7383, 0.0, 2.448, 0.0], "max_pos": 24, "max_act": 5.625}, {"tokens": [" and", " gently", " put", " down", " the", " big", " sack", ".", " The", " swan", " was", " so", " excited", " she", " danced", " around", " the", " sack", " and", " sang", ".", " All", " the", " other", " animals", " in", " the", " lake", " were", " amazed", ".", " \n", "\n"], "acts": [0.0, 0.0, 0.0, 0.0, 0.0, 0.0, 0.0, 0.0, 0.0, 0.8498, 0.0, 0.0, 0.0, 0.0, 0.0, 0.0, 0.0, 0.0, 0.0, 0.0, 0.0, 0.0, 0.0, 0.8137, 5.6169, 0.0, 0.0, 0.0, 0.0, 0.0, 0.0, 0.0, 0.0], "max_pos": 24, "max_act": 5.6172}, {"tokens": [" dependable", " goose", ".", " Every", " day", ",", " the", " goose", " would", " go", " out", " to", " pick", " flowers", " for", " the", " people", " in", " the", " village", ".", " The", " vill", "ag", "ers", " were", " so", " grateful", " for", " the", " goose", "'s", " kindness"], "acts": [0.0, 0.0, 0.0, 0.0, 0.0, 0.0, 0.0, 0.0, 0.0, 0.0, 0.0, 0.0, 0.0, 0.0, 0.0, 0.0, 0.0, 0.0, 0.0, 2.6856, 0.0, 0.0, 0.0, 1.9276, 5.5992, 0.0, 0.0, 0.0, 0.0, 0.0, 0.0, 0.0, 0.0], "max_pos": 24, "max_act": 5.5977}, {"tokens": [" he", " was", " very", " silly", ".", " He", " loved", " to", " ra", "ise", " his", " paws", " up", " in", " the", " air", " and", " spin", " in", " circles", ".", " All", " the", " other", " animals", " in", " the", " forest", " would", " gather", " around", " to", " watch"], "acts": [0.0, 0.0, 0.0, 0.0, 0.0, 0.0, 0.0, 0.0, 0.0, 0.0, 0.0, 0.0, 0.0, 0.0, 0.0, 0.0, 0.0, 0.0, 0.0, 0.0, 0.0, 0.0, 0.0, 0.9975, 5.5834, 0.0, 0.0, 2.8207, 0.6704, 0.0, 0.0, 0.0, 0.0], "max_pos": 24, "max_act": 5.582}, {"tokens": [" race", ".", " Joe", " raced", " as", " fast", " as", " he", " could", ",", " but", " suddenly", " he", " tripped", " again", " and", " fell", " into", " the", " mud", ".", " All", " the", " other", " animals", " laughed", " at", " him", " and", " called", " him", " names", "."], "acts": [0.0, 0.0, 0.0, 0.0, 0.0, 0.0, 0.0, 0.0, 0.0, 0.0, 0.0, 0.0, 0.0, 0.0, 0.0, 0.0, 0.0, 0.0, 0.0, 0.0, 0.0, 0.0, 0.0, 0.6092, 5.5801, 0.0, 0.0, 0.0, 0.0, 0.0, 0.0, 0.0, 0.0], "max_pos": 24, "max_act": 5.582}, {"tokens": [" you", " need", ".\"", " The", " pa", "ir", " carried", " the", " he", "ap", "s", " of", " corn", " back", " to", " the", " creature", "'s", " village", ".", " All", " the", " vill", "ag", "ers", " were", " so", " happy", " and", " thankful", ".", " They", " filled"], "acts": [0.0, 0.0, 0.0, 0.0, 0.0, 0.0, 0.0, 0.0, 0.0, 0.0, 0.0, 0.0, 0.0, 0.0, 0.0, 0.0, 0.0, 0.0, 1.8503, 0.0, 0.0, 0.0, 0.0, 1.521, 5.559, 0.0, 0.0, 0.0, 0.0, 0.0, 0.0, 1.1975, 0.0], "max_pos": 24, "max_act": 5.5586}]}