{"id": 1521, "density": 0.012405, "max_act": 6.5546875, "hist": {"edges": [0.01, 0.0133, 0.0178, 0.0237, 0.0316, 0.0422, 0.0562, 0.075, 0.1, 0.1334, 0.1778, 0.2371, 0.3162, 0.4217, 0.5623, 0.7499, 1.0, 1.3335, 1.7783, 2.3714, 3.1623, 4.217, 5.6234, 7.4989, 10.0, 13.3352, 17.7828, 23.7137, 31.6228, 42.1697, 56.2341, 74.9894, 100.0], "counts": [0, 0, 0, 0, 0, 0, 0, 0, 1, 7, 103, 329, 801, 2373, 5840, 8285, 8013, 6572, 5535, 5607, 4417, 1617, 120, 0, 0, 0, 0, 0, 0, 0, 0, 0]}, "logit_lens": {"promoted": [["ly", 0.274], [" sight", 0.269], [" day", 0.212], [" adventure", 0.201], [" time", 0.201], [" idea", 0.19], [" job", 0.189], [" things", 0.186], [" thing", 0.185], [" morning", 0.183]], "suppressed": [[" really", 0.331], ["ur", 0.33], ["hes", 0.318], ["in", 0.314], ["ors", 0.311], ["ho", 0.308], ["hip", 0.292], ["iness", 0.289], ["uc", 0.288], ["ins", 0.279]]}, "examples": [{"tokens": [" The", " eraser", " started", " to", " come", " back", " to", " life", " and", " everyone", " laughed", " and", " cheered", ".", " \n", "\n", "The", " eraser", " was", " saved", " and", " everyone", " enjoyed", " their", " delicious", " treats", "!", "<|endoftext|>", "Once", " upon", " a", " time", ","], "acts": [0.0, 0.0, 0.0, 0.0, 0.0, 0.0, 0.0, 0.0, 0.0, 0.0, 0.0, 0.0, 0.0, 0.0, 0.0, 0.0, 0.0, 0.0, 0.0, 0.0, 0.0, 0.0, 0.0, 3.724, 6.5553, 0.0, 0.0, 0.0, 0.0, 0.0, 0.0, 0.0, 0.0], "max_pos": 24, "max_act": 6.5547}, {"tokens": ["Oh", ",", " I", " see", ".", " So", " you", " are", " lying", " on", " a", " white", " leaf", " so", " you", " can", " take", " a", " nap", ".", " That", " sounds", " like", " a", " wonderful", " idea", "!\"", "\n", "\n", "The", " little", " girl", " smiled"], "acts": [0.0, 0.0, 0.0, 0.0, 0.0, 0.0, 0.0, 0.0, 0.0, 0.0, 0.0, 0.0, 0.0, 0.0, 0.0, 0.0, 0.0, 0.0, 0.0, 0.0, 0.0, 0.0, 0.0, 0.8584, 6.4732, 0.0, 0.0, 0.0, 0.0, 0.0, 0.0, 0.0, 0.0], "max_pos": 24, "max_act": 6.4727}, {"tokens": [" \n", "\n", "The", " two", " friends", " sa", "m", "pl", "ed", " the", " different", " spicy", " treats", " they", " found", " and", ",", " after", " th", "or", "ough", "ly", " enjoying", " their", " delicious", " discover", "ies", ",", " Tim", " and", " D", "an", " left"], "acts": [0.0, 0.0, 0.0, 0.0, 0.0, 0.0, 0.0, 0.0, 0.0, 0.0, 0.0, 1.3281, 0.0, 0.0, 0.0, 0.0, 0.0, 0.0, 0.0, 0.0, 0.0, 0.0, 0.0, 3.0063, 6.4236, 0.0, 0.0, 0.0, 0.0, 0.0, 0.0, 0.0, 0.0], "max_pos": 24, "max_act": 6.4219}, {"tokens": [" girl", " called", " P", "enny", ",", " and", " she", " had", " the", " most", " amazing", " imag", "ination", "!", " P", "enny", " loved", " to", " design"], "acts": [0.0, 0.0, 0.0, 0.0, 0.0, 0.0, 0.0, 0.0, 0.0, 1.349, 6.3609, 0.0, 0.0, 0.0, 0.0, 0.0, 0.0, 0.0, 0.0], "max_pos": 10, "max_act": 6.3594}, {"tokens": [" I", " even", " heard", " a", " story", " about", " a", " beautiful", " princess", "!\"", "\n", "\n", "The", " old", " woman", " smiled", " and", " said", ",", " \"", "That", " sounds", " like", " a", " wonderful", " exper", "ience", ".", " I", " am", " sure", " you", " enjoyed"], "acts": [0.0, 0.0, 0.0, 0.0, 0.0, 0.0, 0.0, 3.5918, 0.0, 0.0, 0.0, 0.0, 0.0, 0.0, 0.0, 0.0, 0.0, 0.0, 0.0, 0.0, 0.0, 0.0, 0.0, 0.0, 6.3139, 0.0, 0.0, 0.0, 0.0, 0.0, 0.0, 0.0, 0.0], "max_pos": 24, "max_act": 6.3125}, {"tokens": [" a", " big", " pond", " with", " lots", " of", " yummy", " bugs", " and", " fish", ".\"", "\n", "\n", "The", " farmer", " smiled", " and", " said", ",", " \"", "That", " sounds", " like", " a", " wonderful", " idea", ".", " Let", "'s", " go", " explore", " this", " big"], "acts": [0.0, 0.0, 0.0, 0.0, 0.0, 0.0, 3.0746, 0.0, 0.0, 0.0, 0.0, 0.0, 0.0, 0.0, 0.0, 0.0, 0.0, 0.0, 0.0, 0.0, 0.0, 0.0, 0.0, 0.0, 6.271, 0.0, 0.0, 0.0, 0.0, 0.0, 0.0, 0.0, 0.0], "max_pos": 24, "max_act": 6.2695}, {"tokens": ["!\"", "\n", "\n", "Lily", " waved", " back", " and", " watched", " the", " balloon", " flo", "at", " away", ".", " She", " couldn", "'t", " believe", " it", ",", " it", " was", " the", " most", " amazing", " thing", " she", " had", " ever", " seen", ".", "\n", "\n"], "acts": [0.0, 0.0, 0.0, 0.0, 0.0, 0.0, 0.0, 0.0, 0.0, 0.0, 0.0, 0.0, 0.0, 0.0, 0.0, 0.0, 0.0, 0.0, 0.0, 0.0, 0.0, 0.0, 0.0, 0.9756, 6.2345, 0.8926, 0.0, 0.0, 0.0, 0.0, 0.0, 0.0, 0.0], "max_pos": 24, "max_act": 6.2344}, {"tokens": [",", " and", " she", " wanted", " to", " give", " the", " animals", " some", " food", ".", "\n", "\n", "And", " with", " that", ",", " Alex", " and", " her", " parents", " spent", " the", " most", " wonderful", " day", " at", " the", " saf", "ar", "i", ".", " When"], "acts": [0.0, 0.0, 0.0, 0.0, 0.0, 0.0, 0.0, 0.0, 0.0, 0.0, 0.0, 0.0, 0.0, 0.0, 0.0, 0.0, 0.0, 0.0, 0.0, 0.0, 0.0, 0.0, 1.1232, 2.3377, 6.2345, 0.0, 0.0, 0.0, 0.0, 0.0, 0.0, 0.0, 0.0], "max_pos": 24, "max_act": 6.2344}, {"tokens": [" grandma", " for", " the", " wonderful", " gift", ".", " He", " promised", " to", " always", " wear", " his"], "acts": [0.0, 0.0, 1.0075, 6.2165, 0.0, 0.0, 0.0, 0.0, 0.0, 0.0, 0.0, 0.0], "max_pos": 3, "max_act": 6.2148}, {"tokens": ["ination", " pa", "id", " off", ".", " She", " had", " design", "ed", " the", " most", " wonderful", " cre", "ation", ",", " and", " it", " made", " her", " very"], "acts": [0.0, 0.0, 0.0, 0.0, 0.0, 0.0, 0.0, 0.0, 0.0, 0.0, 0.0, 6.2099, 0.0, 0.0, 0.0, 0.0, 0.0, 0.0, 0.0, 0.0], "max_pos": 11, "max_act": 6.2109}, {"tokens": [" competit", "ion", ".", " She", " was", " present", "ed", " with", " a", " big", " shiny", " trophy", ".", " All", " her", " friends", " cheered", " and", " clapped", " \u00e2\u20ac\ufffd", "\ufffd", " it", " was", " an", " amazing", " moment", " for", " T", "ri", "x", "ie", "!", "\n"], "acts": [0.0, 0.0, 0.0, 0.0, 0.0, 1.1404, 0.0, 0.0, 0.0, 0.0, 0.0, 0.0, 0.0, 0.0, 0.0, 0.0, 0.0, 0.0, 0.0, 0.0, 0.0, 0.0, 0.0, 0.0, 6.2061, 0.0, 0.0, 0.0, 0.0, 0.0, 0.0, 0.0, 0.0], "max_pos": 24, "max_act": 6.207}, {"tokens": [" is", " a", " wonderful", " present", ".", " I", " love", " you", " both", ".\"", "\n"], "acts": [0.0, 0.0, 6.2073, 1.9731, 0.0, 0.0, 0.0, 0.0, 0.0, 0.0, 0.0], "max_pos": 2, "max_act": 6.207}]}