{"id": 166, "density": 0.28140625, "max_act": 5.1484375, "hist": {"edges": [0.01, 0.0133, 0.0178, 0.0237, 0.0316, 0.0422, 0.0562, 0.075, 0.1, 0.1334, 0.1778, 0.2371, 0.3162, 0.4217, 0.5623, 0.7499, 1.0, 1.3335, 1.7783, 2.3714, 3.1623, 4.217, 5.6234, 7.4989, 10.0, 13.3352, 17.7828, 23.7137, 31.6228, 42.1697, 56.2341, 74.9894, 100.0], "counts": [0, 0, 0, 0, 0, 0, 0, 0, 8, 101, 897, 4761, 20733, 71657, 159080, 234477, 258218, 211330, 118917, 39724, 5642, 80, 0, 0, 0, 0, 0, 0, 0, 0, 0, 0]}, "logit_lens": {"promoted": [[" chair", 0.257], [" closet", 0.243], [" maybe", 0.241], ["self", 0.235], [" herself", 0.221], [" stuck", 0.218], [" if", 0.216], [" first", 0.212], [" himself", 0.207], [" deep", 0.205]], "suppressed": [[" celebrate", 0.312], [" enjoyed", 0.3], [" arri", 0.298], [" celebr", 0.292], [" ate", 0.29], [" passed", 0.277], [" impressed", 0.272], [" such", 0.272], [" were", 0.268], ["Wow", 0.252]]}, "examples": [{"tokens": [" and", " started", " to", " climb", " up", ",", " but", " he", " soon", " realized", " it", " was", " too", " high", ".", " He", " started", " to", " get", " scared", " but", " then", " he", " thought", " to", " himself", ",", " I", " can", " do", " it", "!", " I"], "acts": [2.3319, 1.9892, 2.4034, 1.3009, 1.4662, 1.6206, 1.2874, 1.7862, 1.0516, 2.5274, 1.6241, 1.6356, 1.1533, 0.0, 0.8358, 1.185, 1.5475, 1.8247, 1.0446, 1.5172, 2.4876, 2.1288, 3.3861, 3.97, 5.1499, 2.298, 3.8014, 2.9116, 3.0481, 2.6414, 2.9647, 3.0459, 3.0685], "max_pos": 24, "max_act": 5.1484}, {"tokens": ["\n", "Lily", " wanted", " to", " qu", "it", " looking", " for", " her", " diamond", ",", " but", " she", " didn", "'t", " want", " to", " lose", " it", " forever", ".", " So", " she", " asked", " her", " mom", " for", " help", ".", " Together", ",", " they", " searched"], "acts": [1.5157, 1.1359, 0.6955, 1.3096, 1.6601, 0.0, 0.0, 0.0, 1.0692, 0.0, 1.1556, 2.4143, 2.8747, 2.3042, 2.7946, 1.6988, 1.2725, 0.913, 1.5622, 1.2333, 1.1554, 1.5862, 2.1729, 3.9692, 4.7655, 3.8594, 1.9543, 1.4815, 2.254, 1.0804, 0.0, 0.7697, 0.0], "max_pos": 24, "max_act": 4.7656}, {"tokens": ["ast", "le", " was", " gone", ".", " He", " felt", " sad", " and", " angry", ".", " He", " didn", "'t", " know", " what", " to", " do", ".", " But", " then", ",", " he", " remembered", " that", " he", " helped", " the", " little", " girl", " and", " that", " made"], "acts": [0.0, 0.0, 0.0, 1.5131, 0.0, 0.0, 0.0, 1.0936, 1.1085, 0.716, 0.0, 0.0, 0.8816, 0.0, 1.5315, 0.0, 0.0, 0.0, 0.7258, 1.22, 1.789, 2.1462, 3.3893, 3.389, 4.7372, 2.7257, 3.3709, 1.7934, 1.8559, 0.8873, 0.0, 1.1564, 0.0], "max_pos": 24, "max_act": 4.7383}, {"tokens": [" was", " very", " sad", " but", " then", " he", " remembered", " that", " he", " had", " a", " nice", " new", " pa", "ir", " of"], "acts": [0.5921, 0.0, 0.0, 1.04, 1.6962, 2.8167, 3.4446, 4.6977, 2.7834, 2.7906, 2.2543, 1.4727, 2.4181, 0.0, 0.0, 1.2108], "max_pos": 7, "max_act": 4.6992}, {"tokens": [",", " so", " she", " wondered", " what", " she", " could", " make", ".", "\n", "\n", "Sarah", " thought", ",", " \"", "Maybe", " I", " can", " cook", " something", " in", " it", "\".", " She", " went", " down", "stairs", " to", " the", " kitchen", " and", " found", " ingredients"], "acts": [0.0, 0.0, 1.5353, 2.7231, 2.3581, 1.6617, 1.5606, 1.095, 2.2015, 1.4338, 2.1699, 1.478, 2.9584, 4.1373, 3.7019, 2.0233, 1.6439, 2.3251, 1.6593, 0.9745, 0.8008, 0.946, 2.5639, 3.4376, 4.6752, 2.8379, 1.1158, 2.3148, 1.7965, 2.092, 1.7432, 2.8773, 2.2112], "max_pos": 24, "max_act": 4.6758}, {"tokens": [" read", " it", ",", " but", " she", " was", " too", " little", " to", " reach", " it", ".", " So", ",", " she", " asked", " her", " daddy", " to", " help", " her", ".", " He", " kne", "el"], "acts": [0.0, 0.0, 1.2989, 1.7954, 1.7477, 1.7191, 0.9706, 0.0, 0.0, 0.0, 0.6521, 1.5301, 0.7885, 1.7522, 1.9958, 3.8666, 4.6636, 3.1602, 1.3967, 1.3777, 1.347, 1.6457, 2.5608, 1.3401, 1.056], "max_pos": 16, "max_act": 4.6641}, {"tokens": [" too", " young", " to", " use", " it", ".", "\n", "\n", "Timmy", " was", " sad", " and", " didn", "'t", " know", " what", " to", " do", ".", " But", " then", ",", " he", " remembered", " that", " he", " could", " turn", " to", " his", " mom", " for", " help"], "acts": [0.0, 0.0, 0.0, 0.0, 0.0, 0.6569, 0.8729, 0.0, 0.0, 0.5859, 0.9509, 0.6878, 0.0, 0.0, 1.627, 0.0, 0.0, 0.0, 1.0956, 1.5954, 2.0889, 2.4974, 3.5635, 3.4238, 4.6565, 2.538, 2.0967, 0.0, 2.1536, 1.7745, 2.3146, 1.6825, 0.8495], "max_pos": 24, "max_act": 4.6562}, {"tokens": [",", " but", " she", " wasn", "'t", " sure", " which", " way", " to", " go", ".", "\n", "\n", "\u00e2\u20ac\u0153", "W", "h", "ich", " way", " should", " I", " go", "?\u00e2\u20ac", " She", " asked", " her", " fluffy", " white", " cat", ".", "\n", "\n", "\u00e2\u20ac\u0153", "Me"], "acts": [0.0, 1.306, 2.6239, 0.0, 1.8015, 2.0376, 1.5063, 0.0, 0.0, 0.0, 0.0, 0.0, 0.0, 0.7238, 0.8048, 1.5945, 1.596, 0.0, 0.0, 0.0, 0.0, 0.6171, 2.6614, 2.8404, 4.6526, 2.7343, 2.3886, 3.068, 1.4109, 1.7488, 2.1759, 0.7202, 0.0], "max_pos": 24, "max_act": 4.6523}, {"tokens": [" she", " wanted", " to", " make", " a", " cu", "be", " for", " him", " quickly", ".", " She", " thought", " and", " thought", " and", " then", " she", " had", " an", " idea", ".", " She", " asked", " her", " U", "n", "cle", " if", " he", " could", " help", " her"], "acts": [0.0, 0.0, 0.4301, 1.1456, 0.0, 0.0, 0.0, 1.3422, 0.5653, 0.0, 0.6368, 2.3818, 3.341, 3.3741, 3.779, 3.2508, 2.2557, 3.1557, 2.7053, 1.9903, 1.242, 1.8786, 2.75, 3.963, 4.6315, 1.6575, 2.0304, 3.6337, 1.4997, 1.9679, 1.8683, 1.8195, 1.8585], "max_pos": 24, "max_act": 4.6328}, {"tokens": [" tried", " again", " and", " again", ",", " but", " still", " nothing", ".", " Then", ",", " he", " remembered", " that", " he", " needed", " to", " add", " some", " special", " so", "il"], "acts": [1.7012, 2.6421, 0.0, 1.7324, 1.0494, 1.3806, 0.7627, 0.0, 0.5763, 0.6599, 1.2496, 2.253, 3.0736, 4.6106, 2.6605, 2.022, 2.9175, 1.5262, 1.9989, 0.7519, 0.925, 1.3949], "max_pos": 13, "max_act": 4.6094}, {"tokens": [" a", " big", " miss", "ile", " flying", " through", " the", " sky", "!", " He", " was", " scared", " and", " didn", "'t", " know", " what", " to", " do", ".", " But", " then", " he", " remembered", " that", " his", " toy", " truck", " had", " an", " open", " back", ","], "acts": [1.0527, 1.6236, 0.0, 0.0, 0.0, 0.0, 0.0, 0.0, 0.5459, 0.9859, 0.0, 0.0, 2.113, 0.6649, 0.858, 1.8922, 0.6923, 0.0, 0.0, 0.5538, 1.827, 1.7016, 3.3089, 3.4053, 4.5914, 1.558, 1.2025, 2.4389, 2.4148, 1.0878, 0.0, 0.8211, 0.0], "max_pos": 24, "max_act": 4.5898}, {"tokens": [" lived", " in", " a", " purple", " castle", ".", " She", " wanted", " to", " explore", " the", " forest", ",", " but", " she", " was", " scared", " to", " go", " alone", ".", " So", " she", " asked", " her", " dad", " for", " help", ".", "\n", "\n", "Dad", " gave"], "acts": [0.0, 0.0, 0.0, 0.0, 0.0, 0.0, 0.0, 0.0, 0.0, 0.0, 0.0, 0.0, 0.0, 1.0237, 2.1962, 1.6764, 1.3843, 1.5605, 0.8137, 1.4541, 0.7587, 0.0, 2.2408, 3.5641, 4.5916, 3.5404, 1.6577, 1.0913, 1.0309, 0.6021, 1.2668, 1.3601, 0.0], "max_pos": 24, "max_act": 4.5898}]}