{"id": 178, "density": 0.02318075, "max_act": 6.99609375, "hist": {"edges": [0.01, 0.0133, 0.0178, 0.0237, 0.0316, 0.0422, 0.0562, 0.075, 0.1, 0.1334, 0.1778, 0.2371, 0.3162, 0.4217, 0.5623, 0.7499, 1.0, 1.3335, 1.7783, 2.3714, 3.1623, 4.217, 5.6234, 7.4989, 10.0, 13.3352, 17.7828, 23.7137, 31.6228, 42.1697, 56.2341, 74.9894, 100.0], "counts": [0, 0, 0, 0, 0, 0, 0, 0, 0, 0, 3, 56, 645, 3417, 10593, 18685, 20142, 16100, 11657, 7085, 3338, 941, 61, 0, 0, 0, 0, 0, 0, 0, 0, 0]}, "logit_lens": {"promoted": [[".", 0.253], [" ap", 0.235], [" or", 0.214], [" can", 0.199], ["?", 0.197], [" if", 0.196], [" some", 0.194], [".\u00e2\u20ac", 0.194], [".\"", 0.192], ["ual", 0.189]], "suppressed": [["lp", 0.358], ["les", 0.313], ["ished", 0.312], ["vent", 0.311], ["ent", 0.311], ["ict", 0.31], ["uck", 0.302], ["ish", 0.301], [" D", 0.294], [" surprise", 0.289]]}, "examples": [{"tokens": [" to", " ride", ".", " He", " loved", " the", " way", " the", " wind", " felt", " on", " his", " face", ",", " the", " way", " the", " bike", " seemed", " to", " move", " ben", "e", "ath", " him", " like", " a", " wild", " animal", ".", " He", " was", " an"], "acts": [0.0, 0.0, 0.0, 0.0, 0.0, 0.0, 0.0, 0.0, 0.0, 0.0, 0.0, 0.0, 0.0, 0.0, 0.0, 0.0, 0.0, 0.0, 0.0, 0.0, 1.0172, 0.0, 1.7783, 0.0, 6.9946, 0.0, 0.0, 0.0, 0.0, 0.0, 0.0, 0.0, 0.0], "max_pos": 24, "max_act": 6.9961}, {"tokens": [" little", " green", " frog", ".", " He", " was", " sitting", " in", " the", " pond", " and", " enjoying", " the", " sun", ".", " Suddenly", " he", " felt", " the", " earth", " shaking", " ben", "e", "ath", " him", ".", " It", " was", " an", " earth", "qu", "ake", "!"], "acts": [0.0, 0.0, 0.0, 0.0, 0.0, 0.0, 0.0, 0.0, 0.0, 0.0, 0.0, 0.0, 0.0, 0.0, 0.0, 0.0, 0.0, 0.0, 0.0, 0.0, 1.6395, 0.0, 2.435, 0.0, 6.8014, 0.0, 0.0, 0.0, 0.0, 0.0, 0.0, 0.0, 0.0], "max_pos": 24, "max_act": 6.8008}, {"tokens": [" She", " looked", " back", " and", " saw", " a", " giant", " bear", "!", " He", " let", " out", " a", " loud", " roar", " that", " seemed", " to", " shake", " the", " ground", " ben", "e", "ath", " them", ".", "\n", "\n", "The", " bear", " slowly", " began", " to"], "acts": [0.0, 0.0, 0.0, 0.0, 0.0, 0.0, 0.0, 0.0, 0.0, 0.0, 0.0, 0.0, 0.0, 0.0, 0.0, 0.0, 0.0, 0.0, 0.0, 0.0, 1.6413, 0.0, 2.4881, 0.0, 6.5195, 0.0, 0.0, 0.0, 0.0, 0.0, 0.0, 0.0, 0.0], "max_pos": 24, "max_act": 6.5195}, {"tokens": [" She", " was", " so", " flexible", " and", " careful", " that", " Timmy", " b", "are", "ly", " felt", " her", " arms", " around", " him", ".", "<|endoftext|>", "Once", " there", " was", " a", " hairy", " farmer"], "acts": [0.0, 0.0, 0.0, 0.0, 0.0, 0.0, 0.0, 0.0, 0.0, 0.0, 1.2277, 0.0, 0.0, 0.0, 0.0, 6.5153, 0.0, 0.0, 0.0, 0.0, 0.0, 0.0, 0.0, 0.0], "max_pos": 15, "max_act": 6.5156}, {"tokens": [" bear", " reached", " out", " with", " his", " paw", " and", " grabbed", " a", " big", " hand", "ful", " of", " berries", ".", "\n", "\n", "Suddenly", ",", " the", " ground", " ben", "e", "ath", " him", " began", " to", " shake", "!", " The"], "acts": [0.0, 0.0, 0.0, 0.0, 0.0, 0.0, 0.0, 0.0, 0.0, 0.0, 0.0, 0.0, 0.0, 0.0, 0.0, 0.0, 0.0, 0.0, 0.0, 0.0, 0.0, 0.0, 1.836, 0.0, 6.4298, 0.0, 0.0, 0.0, 0.0, 0.0], "max_pos": 24, "max_act": 6.4297}, {"tokens": [".", "\n", "\n", "The", " little", " boy", " jumped", " and", " ran", " around", " in", " the", " snow", ".", " He", " could", " feel", " the", " snow", "f", "l", "akes", " tick", "ling", " him", " as", " they", " dropped", " from", " the", " sky", ".", " After"], "acts": [0.0, 0.0, 0.0, 0.3431, 0.0, 0.0, 0.0, 0.0, 0.0, 0.0, 0.0, 0.0, 0.0, 0.0, 0.0, 0.0, 0.0, 0.0, 0.0, 0.0, 0.0, 0.0, 0.0, 0.0, 6.3979, 0.0, 1.446, 1.3157, 0.9042, 0.0, 0.8283, 0.0, 0.0], "max_pos": 24, "max_act": 6.3984}, {"tokens": [" it", " to", " come", " to", " us", ",\"", " Anna", " said", ",", " sitting", " down", " on", " the", " grass", ".", " \"", "Maybe", " it", " will", " land", " on", " a", " flower", " near", " us", ",", " and", " we", " can", " watch", " it", ".\"", "\n"], "acts": [0.653, 0.0, 0.0, 0.0, 3.23, 0.0, 0.0, 0.0, 0.0, 0.0, 0.0, 0.0, 0.0, 0.0, 0.0, 0.0, 0.0, 0.0, 0.0, 0.0, 0.0, 0.0, 0.0, 0.0, 6.3581, 0.0, 0.0, 0.0, 0.0, 0.0, 1.0421, 0.0, 0.0], "max_pos": 24, "max_act": 6.3594}, {"tokens": [" fl", "a", "pping", " his", " wings", " in", " the", " sun", "light", ".", " As", " he", " landed", " in", " the", " park", ",", " he", " felt", " the", " grass", " ben", "e", "ath", " him", " and", " even", " saw", " a", " few", " other", " animals", " there"], "acts": [0.0, 0.0, 0.0, 0.0, 0.0, 0.0, 0.0, 0.0, 0.0, 0.0, 0.0, 0.0, 0.0, 0.0, 0.0, 0.0, 0.0, 0.0, 0.0, 0.0, 0.0, 0.0, 2.3462, 0.0, 6.324, 0.0, 0.0, 0.0, 0.0, 0.0, 0.0, 0.0, 0.0], "max_pos": 24, "max_act": 6.3242}, {"tokens": [" Spot", " was", " too", " excited", ".", " Then", " Billy", " heard", " it", ",", " a", " loud", " '", "S", "l", "am", "'", ".", " Spot", " had", " shut", " the", " gate", " behind", " him", "!", "\n", "\n", "Billy", " dropped", " the", " leash", " and"], "acts": [0.0, 0.0, 0.0, 0.0, 0.0, 0.0, 0.0, 0.0, 0.0, 0.0, 0.0, 0.0, 0.0, 0.0, 0.0, 0.0, 0.0, 0.0, 0.0, 0.0, 0.0, 0.0, 0.0, 0.0, 6.2917, 0.0, 0.0, 0.0, 0.0, 0.0, 0.0, 0.0, 0.0], "max_pos": 24, "max_act": 6.293}, {"tokens": [",", " I", " don", "'t", " want", " to", " go", " near", " it", "!\"", "\n", "\n", "J", "ord", "an", " said", ","], "acts": [0.0, 0.0, 0.0, 0.0, 0.0, 0.0, 0.0, 1.2288, 6.1995, 0.0, 0.0, 0.0, 0.0, 0.0, 0.0, 0.0, 0.0], "max_pos": 8, "max_act": 6.1992}, {"tokens": [" cold", " and", " heavy", " mist", " wrap", " around", " him", ".", "\n", "\n", "He", " laughed", " and", " smiled", " as"], "acts": [0.0, 0.0, 0.0, 0.0, 0.0, 2.8282, 6.1669, 0.0, 0.0, 0.0, 0.0, 0.0, 0.0, 0.0, 0.0], "max_pos": 6, "max_act": 6.168}, {"tokens": [" nuts", " away", " from", " us", ",\"", " Tim", " said", ".", "\n", "\n", "But", " they"], "acts": [0.0, 2.6213, 1.7081, 6.1573, 0.0, 0.0, 0.0, 0.0, 0.0, 0.0, 0.0, 0.0], "max_pos": 3, "max_act": 6.1562}]}