{"id": 184, "density": 0.05482075, "max_act": 3.033203125, "hist": {"edges": [0.01, 0.0133, 0.0178, 0.0237, 0.0316, 0.0422, 0.0562, 0.075, 0.1, 0.1334, 0.1778, 0.2371, 0.3162, 0.4217, 0.5623, 0.7499, 1.0, 1.3335, 1.7783, 2.3714, 3.1623, 4.217, 5.6234, 7.4989, 10.0, 13.3352, 17.7828, 23.7137, 31.6228, 42.1697, 56.2341, 74.9894, 100.0], "counts": [0, 0, 0, 0, 0, 0, 0, 0, 3, 37, 432, 2805, 14259, 42779, 62674, 52489, 30547, 11201, 1980, 77, 0, 0, 0, 0, 0, 0, 0, 0, 0, 0, 0, 0]}, "logit_lens": {"promoted": [[" himself", 0.275], [" never", 0.273], [" sight", 0.266], ["fully", 0.238], [" amazed", 0.237], [" welcome", 0.234], [",", 0.233], ["ily", 0.229], [" herself", 0.228], ["Thank", 0.227]], "suppressed": [[" tomorrow", 0.254], [" rubbed", 0.251], ["?\"", 0.236], [" ruined", 0.221], [" finish", 0.221], [" later", 0.22], [" cleaning", 0.218], [" cleaned", 0.217], [" party", 0.21], ["ray", 0.208]]}, "examples": [{"tokens": [" a", " few", " week", "s", ",", " the", " tooth", " and", " the", " girl", " met", " in", " the", " park", ".", " The", " tooth", " waved", " and", " the", " girl", " happily", " waved", " back", ".", " She", " laughed", " and", " asked", " the", " tooth", " what", " it"], "acts": [0.0, 0.0, 0.0, 0.0, 0.0, 0.0, 0.0, 0.0, 0.0, 0.5664, 1.2364, 0.0, 0.0, 0.8527, 1.1513, 0.0, 0.0, 0.0, 0.0, 0.8027, 0.6649, 0.6944, 0.0, 0.0, 3.0341, 0.8615, 0.0, 0.0, 1.4017, 0.0, 0.0, 0.0, 0.0], "max_pos": 24, "max_act": 3.0332}, {"tokens": [" best", " day", " ever", ".", " At", " the", " end", " of", " the", " day", ",", " they", " said", " goodbye", " and", " the", " whale", " waved", " as", " the", " little", " girl", " sailed", " away", ".", "<|endoftext|>", "Once", " upon", " a", " time", ",", " there", " was"], "acts": [0.0, 0.0, 0.0, 1.266, 0.0, 0.0, 0.8799, 0.0, 0.0, 0.0, 0.5299, 0.0, 0.0, 0.0, 1.4686, 0.0, 0.0, 0.0, 0.0, 0.0, 0.0, 0.0, 0.0, 0.0, 2.7469, 0.5488, 0.5507, 0.0, 0.0, 0.0, 0.0, 0.0, 0.0], "max_pos": 24, "max_act": 2.7461}, {"tokens": [" explore", " more", ".", "\n", "\n", "She", " grabbed", " her", " cord", " and", " began", " to", " walk", " around", " the", " lake", ".", " She", " wa", "d", "ed", " in", " the", " sh", "all", "ow", " part", " of", " the", " lake", ",", " feeling", " the"], "acts": [0.0, 0.0, 0.5405, 0.4435, 0.7404, 0.0, 0.0, 0.0, 0.0, 0.0, 0.0, 0.0, 0.0, 0.0, 0.0, 0.0, 0.6664, 0.0, 0.0, 1.2513, 0.0, 0.0, 0.0, 0.0, 2.7451, 0.0, 0.0, 0.0, 0.0, 0.0, 0.0, 1.2188, 0.6515], "max_pos": 24, "max_act": 2.7441}, {"tokens": ["ling", " her", " sweet", " song", ",", " until", " she", " flew", " out", " of", " sight", ".", " The", " children", " waved", " goodbye", " and", " the", " bird", " flew", " off", " into", " the", " sky", ".", "\n", "\n", "The", " children", " talked", " and", " smiled", ","], "acts": [0.0, 0.0, 0.0, 0.0, 0.0, 0.0, 0.0, 0.0, 0.0, 0.0, 0.0, 1.8545, 0.7226, 0.0, 0.0, 0.0, 1.7911, 1.037, 0.0, 0.0, 0.6814, 0.0, 0.0, 0.0, 2.7395, 1.555, 2.5349, 1.2623, 0.878, 1.1269, 0.0, 0.0, 0.7025], "max_pos": 24, "max_act": 2.7402}, {"tokens": [" and", " had", " an", " amazing", " time", ".", " \n", "\n", "At", " the", " end", " of", " the", " day", ",", " the", " child", " thanked", " the", " elderly", " person", " and", " said", " goodbye", ".", " They", " waved", " goodbye", " to", " the", " elderly", " person", " as"], "acts": [0.0, 0.0, 0.0, 0.0, 0.0, 1.2757, 0.4926, 1.906, 0.0, 0.0, 1.037, 0.0, 0.0, 0.0, 0.5167, 0.0, 0.0, 1.2325, 0.7873, 0.0, 0.0, 1.8014, 0.0, 0.0, 2.7282, 0.6895, 0.0, 0.0, 1.5394, 0.0, 0.0, 0.0, 0.0], "max_pos": 24, "max_act": 2.7285}, {"tokens": [" tricks", ".", " He", " was", " having", " an", " amazing", " time", "!", "\n", "\n", "At", " the", " end", " of", " the", " day", ",", " the", " boy", " waved", " goodbye", " to", " everyone", ".", " He", " felt", " much", " bra", "ver", " walking", " out", " of"], "acts": [0.0, 0.4564, 0.0, 0.0, 0.0, 0.0, 0.0, 0.0, 0.4399, 0.0, 0.0, 0.0, 0.0, 0.0, 0.0, 0.0, 0.0, 0.0, 0.0, 0.0, 0.0, 0.0, 1.1902, 0.0, 2.7182, 1.1535, 1.1342, 0.0, 0.0, 0.0, 1.127, 0.0, 0.0], "max_pos": 24, "max_act": 2.7188}, {"tokens": [" to", " everyone", " on", " the", " bus", " and", " still", " had", " a", " big", " smile", " on", " his", " face", ".", " He", " waved", " and", " waved", " until", " the", " bus", " drove", " away", ".", " Then", " the", " little", " boy", " walked", " happily", " home", ","], "acts": [1.3075, 0.0, 0.8469, 0.0, 0.0, 0.7918, 0.0, 0.8211, 0.8172, 0.0, 0.0, 0.0, 0.9119, 0.0, 1.9774, 0.0, 0.0, 0.0, 0.0, 0.8423, 0.0, 0.0, 0.0, 0.0, 2.7097, 0.6476, 0.0, 0.0, 0.0, 0.0, 0.0, 0.0, 1.2804], "max_pos": 24, "max_act": 2.709}, {"tokens": [" watched", " the", " lake", " and", " soon", " the", " sky", " grew", " dark", ".", " He", " quickly", " said", " goodbye", " to", " the", " fis", "her", "man", " and", " ran", " home", ".", "\n", "\n", "The", " next", " day", ",", " the", " young", " boy", " was"], "acts": [1.2786, 0.9894, 0.0, 1.8289, 0.6683, 1.1215, 0.0, 0.0, 0.9715, 2.539, 0.9979, 0.0, 0.3882, 0.0, 1.6286, 0.0, 0.0, 0.0, 0.0, 0.8888, 0.0, 0.0, 2.4675, 1.7572, 2.6826, 0.7993, 0.0, 0.0, 0.6767, 0.6125, 0.0, 0.0, 0.3272], "max_pos": 24, "max_act": 2.6816}, {"tokens": [" The", " kids", " were", " happy", " to", " see", " the", " letter", " from", " their", " gra", "ndp", "are", "nts"], "acts": [0.0, 0.0, 0.0, 0.8546, 2.1176, 2.6692, 0.0, 0.0, 0.0, 0.0, 0.0, 0.0, 0.0, 0.0], "max_pos": 5, "max_act": 2.6699}, {"tokens": ["The", " monkey", " smiled", " and", " said", ",", " \"", "You", " can", " explore", " the", " powerful", " jungle", " too", "!\"", "\n", "\n", "The", " bird", " waved", " goodbye", " and", " flew", " away", ".", " The", " monkey", " happily", " ran", " back", " home", ",", " proud"], "acts": [0.0, 0.0, 0.7691, 0.0, 0.0, 0.0, 0.0, 0.0, 0.0, 0.0, 0.0, 0.0, 0.0, 0.0, 1.552, 1.1317, 1.6532, 0.0, 0.0, 0.0, 0.5765, 2.1342, 0.0, 0.0, 2.6195, 0.0, 0.0, 0.8216, 0.0, 0.0, 0.0, 1.1647, 0.8267], "max_pos": 24, "max_act": 2.6191}, {"tokens": [" continued", " her", " walk", " in", " the", " forest", ",", " happy", " to", " have", " met", " the", " naughty", " frog", ".", "<|endoftext|>", "Once", " upon"], "acts": [0.0, 0.0, 0.0, 0.0, 0.0, 0.0, 1.5705, 0.8017, 2.362, 2.6028, 1.1779, 0.0, 0.0, 0.0, 0.9996, 0.9043, 0.5367, 0.0], "max_pos": 9, "max_act": 2.6035}, {"tokens": [" The", " dog", " y", "el", "ped", " and", " ran", " away", ",", " but", " Lily", " and", " Timmy", " were", " too", " scared", " to", " keep", " playing", ".", " They", " went", " home", " and", " promised", " never", " to", " go", " near", " that", " dog", " again", "."], "acts": [0.0, 0.0, 0.0, 0.0, 0.0, 0.0, 0.0, 0.0, 0.0, 0.909, 0.0, 1.0993, 0.0, 0.0, 0.0, 0.0, 0.0, 0.0, 0.0, 0.6938, 0.0, 0.0, 0.0, 0.0, 2.5788, 0.0, 0.0, 0.0, 0.0, 0.0, 0.0, 0.0, 0.9662], "max_pos": 24, "max_act": 2.5781}]}