{"id": 195, "density": 0.00410275, "max_act": 7.43359375, "hist": {"edges": [0.01, 0.0133, 0.0178, 0.0237, 0.0316, 0.0422, 0.0562, 0.075, 0.1, 0.1334, 0.1778, 0.2371, 0.3162, 0.4217, 0.5623, 0.7499, 1.0, 1.3335, 1.7783, 2.3714, 3.1623, 4.217, 5.6234, 7.4989, 10.0, 13.3352, 17.7828, 23.7137, 31.6228, 42.1697, 56.2341, 74.9894, 100.0], "counts": [0, 0, 0, 0, 0, 0, 0, 0, 0, 0, 1, 11, 186, 792, 1392, 1341, 1433, 1736, 3294, 3429, 805, 965, 1026, 0, 0, 0, 0, 0, 0, 0, 0, 0]}, "logit_lens": {"promoted": [[" go", 0.32], ["t", 0.304], [" down", 0.26], [" out", 0.257], ["ting", 0.241], [" sail", 0.234], ["ors", 0.231], [" come", 0.226], ["en", 0.225], ["or", 0.222]], "suppressed": [["ano", 0.278], ["pper", 0.267], [" disappointed", 0.264], ["uggled", 0.261], [" starting", 0.253], [" clo", 0.248], [" broken", 0.248], ["ery", 0.248], [" until", 0.242], ["Why", 0.24]]}, "examples": [{"tokens": [" came", " outside", " and", " saw", " L", "iz", " standing", " in", " front", " of", " the", " gray", " gate", ".", " She", " opened", " the", " gate", " and", " let", " L", "iz", " in", ".", "\n", "\n", "L", "iz"], "acts": [0.0, 0.0, 0.0, 0.0, 0.0, 0.0, 0.0, 0.0, 0.0, 0.0, 0.0, 0.0, 0.0, 0.0, 0.0, 0.0, 0.0, 0.0, 0.0, 7.4334, 0.0, 0.0, 0.0, 0.0, 0.0, 0.0, 0.0, 0.0], "max_pos": 19, "max_act": 7.4336}, {"tokens": [" something", " for", " me", "?\".", " \n", "\n", "The", " cop", " smiled", " and", " said", ",", " \"", "Sure", ",", " let", " me", " guess", ".", " You", " want", " me", " to", " play"], "acts": [0.0, 0.0, 0.0, 0.0, 0.0, 0.0, 0.0, 0.0, 0.0, 0.0, 0.0, 0.0, 0.0, 0.0, 0.0, 7.3126, 0.0, 0.0, 0.0, 0.0, 0.0, 0.0, 0.0, 0.0], "max_pos": 15, "max_act": 7.3125}, {"tokens": ["Jack", " looked", " around", " the", " backyard", " and", " noticed", " a", " large", " tree", " nearby", ".", " He", " smiled", " and", " held", " out", " his", " hand", ".", " \"", "Come", " on", ",", " let", "'s", " run", " under", " the", " tree", ".", " That", " way"], "acts": [0.0, 0.0, 0.0, 0.0, 0.0, 0.0, 0.0, 0.0, 0.0, 0.0, 0.0, 0.0, 0.0, 0.0, 0.0, 0.0, 0.0, 0.0, 0.0, 0.0, 0.0, 0.0, 0.0, 0.0, 7.2823, 0.0, 0.0, 0.0, 0.0, 0.0, 0.0, 0.0, 0.0], "max_pos": 24, "max_act": 7.2812}, {"tokens": [" around", " and", " saw", " W", "ill", " in", " the", " cage", ".", " She", " opened", " the", " door", " and", " let", " him", " out", " and", " said", ",", " \"", "You", " can"], "acts": [0.0, 0.0, 0.0, 0.0, 0.0, 0.0, 0.0, 0.0, 0.0, 0.0, 0.0, 0.0, 0.0, 0.0, 7.2023, 0.0, 0.0, 0.0, 0.0, 0.0, 0.0, 0.0, 0.0], "max_pos": 14, "max_act": 7.2031}, {"tokens": [" said", ",", " \"", "Sure", ",", " let", "'s", " put", " it", " in", " a", " jar", " so", " we"], "acts": [0.0, 0.0, 0.0, 0.0, 0.0, 7.1805, 0.0, 3.1683, 0.0, 0.0, 0.0, 0.0, 0.0, 0.0], "max_pos": 5, "max_act": 7.1797}, {"tokens": [" oven", ",", " and", " saw", " that", " it", " was", " a", " perfect", " fit", ".", " He", " let", " it", " cool", " down", ".", "\n", "\n", "Once", " it"], "acts": [0.0, 0.0, 0.0, 0.0, 0.0, 0.0, 0.0, 0.0, 0.0, 0.0, 0.0, 0.0, 7.1695, 0.0, 0.0, 0.0, 0.0, 0.0, 0.0, 0.0, 0.0], "max_pos": 12, "max_act": 7.168}, {"tokens": [" said", ",", " \"", "Okay", ",", " let", "'s", " eat", "!\"", " \n", "\n", "And", " so", " every"], "acts": [0.0, 0.0, 0.0, 0.0, 0.0, 7.1445, 0.0, 0.0, 0.0, 0.0, 0.0, 0.0, 0.0, 0.0], "max_pos": 5, "max_act": 7.1445}, {"tokens": [" it", " is", " time", " to", " go", " home", ".", " Come", " on", ",", " let", "'s", " go", ".\"", "\n", "\n", "Anna", " and", " Ben"], "acts": [0.0, 0.0, 0.0, 0.0, 0.0, 0.0, 0.0, 0.0, 0.0, 0.0, 7.0532, 0.0, 0.0, 0.0, 0.0, 0.0, 0.0, 0.0, 0.0], "max_pos": 10, "max_act": 7.0547}, {"tokens": [" and", " the", " beetle", " for", " a", " few", " more", " minutes", ".", " Then", " they", " opened", " the", " jar", " and", " let", " them", " go", ".", " They", " said", " goodbye", " to", " their"], "acts": [0.0, 0.0, 0.0, 0.0, 0.0, 0.0, 0.0, 0.0, 0.0, 0.0, 0.0, 0.0, 0.0, 0.0, 0.0, 7.0162, 0.0, 0.0, 0.0, 0.0, 0.0, 0.0, 0.0, 0.0], "max_pos": 15, "max_act": 7.0156}, {"tokens": [" and", " said", ",", " \"", "Of", " course", ",", " you", " can", ".", " Fluffy", " loves", " to", " be", " pet", "ted", ".", " Come", ",", " let", " me", " show", " you", " the", " class", "room", ".", " There"], "acts": [0.0, 0.0, 0.0, 0.0, 0.0, 0.0, 0.0, 0.0, 0.0, 0.0, 0.0, 0.0, 0.0, 0.0, 0.0, 0.0, 0.0, 0.0, 0.0, 6.99, 0.0, 0.0, 0.0, 0.0, 0.0, 0.0, 0.0, 0.0], "max_pos": 19, "max_act": 6.9883}, {"tokens": [",", " \"", "Tommy", ",", " it", "'s", " time", " to", " bat", "he", ".", " Come", " on", ",", " let", "'s", " go", " to", " the", " bathroom", ".\"", "\n", "\n"], "acts": [0.0, 0.0, 0.0, 0.0, 0.0, 0.0, 0.0, 0.0, 0.0, 0.0, 0.0, 0.0, 0.0, 0.0, 6.966, 0.0, 0.0, 0.0, 0.0, 0.0, 0.0, 0.0, 0.0], "max_pos": 14, "max_act": 6.9648}, {"tokens": ["ile", "y", " get", " into", " with", " a", " ref", "r", "iger", "ator", "?", " He", " couldn", "'t", " wait", " to", " find", " out", ".", "<|endoftext|>", "\"", "Come", " on", ",", " let", "'s", " go", " collect", " the", " books", "he", "lf", ",\""], "acts": [0.0, 0.0, 0.0, 0.0, 0.0, 0.0, 0.0, 0.0, 0.0, 0.0, 0.0, 0.0, 0.0, 0.0, 0.0, 0.0, 0.0, 0.0, 0.0, 0.0, 0.0, 0.0, 0.0, 0.0, 6.9612, 0.0, 0.0, 0.0, 0.0, 0.0, 0.0, 0.0, 0.0], "max_pos": 24, "max_act": 6.9609}]}