{"id": 199, "density": 0.02193325, "max_act": 6.75390625, "hist": {"edges": [0.01, 0.0133, 0.0178, 0.0237, 0.0316, 0.0422, 0.0562, 0.075, 0.1, 0.1334, 0.1778, 0.2371, 0.3162, 0.4217, 0.5623, 0.7499, 1.0, 1.3335, 1.7783, 2.3714, 3.1623, 4.217, 5.6234, 7.4989, 10.0, 13.3352, 17.7828, 23.7137, 31.6228, 42.1697, 56.2341, 74.9894, 100.0], "counts": [0, 0, 0, 0, 0, 0, 0, 0, 0, 0, 4, 68, 980, 5316, 11496, 14536, 13721, 12106, 9619, 8469, 6783, 4334, 301, 0, 0, 0, 0, 0, 0, 0, 0, 0]}, "logit_lens": {"promoted": [[" hope", 0.26], [" walk", 0.243], [" thank", 0.242], [" hug", 0.235], ["es", 0.225], [" forget", 0.225], [" hoped", 0.224], [" bark", 0.221], [" wish", 0.207], [" smile", 0.206]], "suppressed": [["selves", 0.304], ["uck", 0.275], ["ub", 0.27], [" yourself", 0.247], ["b", 0.245], ["self", 0.243], [" than", 0.239], [" badly", 0.236], ["Al", 0.236], [" room", 0.233]]}, "examples": [{"tokens": [" Ben", " are", " scared", ".", " They", " run", " away", " from", " the", " gate", ".", " They", " go", " back", " to", " the", " park", ".", " They", " play", " with", " their", " toys", ".", " They", " forget", " about", " the", " rich", " house", ".", "\n", "\n"], "acts": [1.1812, 0.0, 0.0, 0.0, 3.6359, 0.0, 0.0, 0.0, 0.0, 0.0, 0.0, 5.7211, 0.0, 0.0, 0.0, 0.0, 0.0, 0.0, 6.3931, 0.0, 0.7274, 0.0, 0.5542, 0.5254, 6.7541, 0.0, 0.0, 0.0, 0.0, 0.0, 0.4384, 0.0, 0.0], "max_pos": 24, "max_act": 6.7539}, {"tokens": ["\n", "They", " run", " and", " chase", " each", " other", ".", " They", " roll", " on", " the", " grass", ".", " They", " have", " fun"], "acts": [0.0, 3.066, 1.0997, 1.5612, 0.0, 0.0, 0.0, 0.0, 6.7517, 0.0, 0.0, 0.0, 0.0, 0.0, 6.2501, 0.0, 0.0], "max_pos": 8, "max_act": 6.75}, {"tokens": ["\n", "They", " are", " friends", " again", ".", " They", " go", " to", " the", " house", ".", " They", " show", " their", " shiny", " things", " to", " their", " mom", "."], "acts": [0.0, 3.066, 0.0, 0.0, 0.0, 0.0, 6.3246, 0.0, 0.0, 0.0, 0.0, 0.4145, 6.699, 0.0, 0.0, 0.0, 0.0, 0.0, 0.0, 0.0, 0.0], "max_pos": 12, "max_act": 6.6992}, {"tokens": [" like", " the", " dog", ".", " They", " run", " away", " from", " the", " slide", " and", " the", " dog", ".", "\n", "\n", "They", " find", " a", " bench", " in", " the", " park", ".", " They", " sit", " on", " the", " bench", " and", " hug", " each", " other"], "acts": [0.0, 0.0, 0.0, 0.0, 5.2757, 1.1475, 0.0, 0.0, 0.0, 0.0, 2.5432, 1.3577, 0.0, 0.0, 0.0, 0.0, 4.8951, 0.0, 1.0212, 0.0, 0.0, 0.0, 0.0, 0.0, 6.5558, 0.0, 0.0, 0.0, 0.0, 2.2964, 0.0, 0.0, 0.0], "max_pos": 24, "max_act": 6.5547}, {"tokens": [" he", " will", " send", " you", " flying", " in", " the", " air", ".\"", "\n", "\n", "They", " go", " back", " to", " the", " park", ".", " They", " play", " with", " other", " toys", ".", " They", " are", " still", " friends", ".", " They", " are", " happy", "."], "acts": [0.0, 0.0, 0.0, 0.0, 0.0, 0.0, 0.0, 0.0, 0.0, 0.0, 0.0, 3.5781, 0.0, 0.0, 0.0, 0.0, 0.0, 0.0, 6.0038, 0.0, 0.0, 0.0, 0.0, 0.393, 6.5393, 0.0, 0.0, 0.0, 0.6316, 6.1893, 0.0, 0.0, 0.0], "max_pos": 24, "max_act": 6.5391}, {"tokens": [" and", " Tom", " say", ".", "\n", "\n", "They", " wave", " to", " Bob", ".", " They", " run", " back", " to", " their", " house", ".", " They", " play", " with", " the", " ball", ".", " They", " are", " happy", ".", " They", " have", " a", " new", " friend"], "acts": [0.0, 0.0, 0.0, 0.0, 0.0, 0.0, 3.588, 0.0, 0.0, 0.0, 0.0, 5.1809, 0.0, 0.0, 0.0, 0.0, 0.0, 0.0, 6.4216, 0.0, 0.0, 0.0, 0.0, 0.3756, 6.5233, 0.0, 0.0, 0.0, 5.0769, 0.0, 0.0, 0.0, 0.0], "max_pos": 24, "max_act": 6.5234}, {"tokens": [" are", " happy", ".", " They", " hug", " Mom", ".", " They", " say", " thank", " you", ".", " They", " run", " to", " the", " park", ".", " They", " play", " with", " their", " friends", ".", " They", " have", " fun", ".", " They", " listen", " to", " Mom", "."], "acts": [0.0, 0.0, 0.0, 3.6111, 0.0, 0.0, 0.0, 4.0934, 0.0, 0.0, 0.0, 0.0, 4.0314, 0.0, 0.0, 0.0, 0.0, 0.0, 5.8837, 0.0, 0.0, 0.0, 0.0, 0.4787, 6.512, 0.9504, 0.0, 0.0, 5.4807, 0.0, 0.0, 0.0, 0.0], "max_pos": 24, "max_act": 6.5117}, {"tokens": [" Thank", " you", ",", " dog", ".\"", " They", " pet", " the", " dog", ".", " They", " play", " with", " the", " dog", ".", " They", " throw", " the", " ball", " for", " the", " dog", ".", " The"], "acts": [0.0, 0.0, 0.0, 0.0, 0.0, 3.4146, 0.0, 0.0, 0.0, 0.0, 5.5993, 0.0, 0.0, 0.0, 0.0, 0.6281, 6.4862, 1.4905, 1.9011, 0.0, 0.0, 0.0, 0.0, 0.5496, 2.1509], "max_pos": 16, "max_act": 6.4844}, {"tokens": [" bad", " dog", ".", " He", " scared", " us", ".\"", " Sara", " says", ".", "\n", "\n", "They", " look", " out", " the", " window", " and", " see", " the", " dog", " running", " away", ".", " They", " are", " glad", ".", " They", " are", " glad", " he", " is"], "acts": [0.0, 0.0, 0.0, 1.7002, 0.0, 0.0, 0.0, 0.0, 0.0, 0.0, 0.0, 0.0, 3.6026, 0.0, 0.0, 0.0, 0.0, 2.1215, 0.0, 0.0, 0.0, 0.0, 0.0, 0.0, 6.4602, 0.0, 0.0, 0.0, 5.0697, 0.0, 0.0, 0.0, 0.0], "max_pos": 24, "max_act": 6.4609}, {"tokens": [" Maybe", " the", " dog", " will", " give", " it", " back", ".\"", " They", " run", " to", " the", " pond", ".", " They", " see", " the", " dog", ".", " They", " call", " the", " dog", ".", " They", " say", ",", " \"", "Hey", ",", " dog", ".", " Give"], "acts": [0.0, 0.0, 0.0, 0.0, 0.0, 0.0, 0.0, 0.0, 3.0311, 0.0, 0.0, 0.0, 0.0, 0.0, 5.0489, 0.0, 0.5875, 0.0, 0.0, 5.7906, 0.0, 0.0, 0.0, 0.0, 6.4399, 0.9591, 0.0, 0.0, 0.0, 0.0, 0.0, 0.0, 0.0], "max_pos": 24, "max_act": 6.4414}, {"tokens": [" dog", ".", " The", " dog", " smiles", " and", " li", "cks", " their", " faces", ".", " They", " are", " happy", ".", " They", " walk", " to", " their", " house", " with", " the", " dog", ".", " They", " hope", " their", " parents", " will", " say", " yes", ".", " They"], "acts": [0.0, 0.0, 1.111, 1.6529, 0.0, 0.9361, 0.0, 0.0, 0.0, 0.0, 0.0, 4.9593, 0.0, 0.0, 0.0, 4.8896, 0.0, 0.0, 0.0, 0.0, 0.0, 0.0, 0.0, 0.7421, 6.4295, 0.0, 0.0, 0.9131, 0.0, 0.0, 0.0, 0.0, 5.184], "max_pos": 24, "max_act": 6.4297}, {"tokens": [" share", ".\"", "\n", "\n", "Sara", " and", " Ben", " say", " sorry", " and", " hug", ".", " They", " go", " to", " their", " room", "s", " and", " play", " with", " their", " toys", ".", " They", " learn", " to", " be", " modest", " and", " share", ".", " They"], "acts": [0.0, 0.0, 0.0, 0.0, 0.0, 0.0, 1.0861, 0.0, 0.0, 0.0, 0.0, 0.0, 3.3522, 0.0, 0.0, 0.0, 0.0, 0.0, 1.1978, 0.0, 0.0, 0.0, 0.0, 0.0, 6.3857, 0.0, 0.0, 0.0, 0.0, 0.0, 0.0, 0.0, 4.7637], "max_pos": 24, "max_act": 6.3867}]}