{"id": 202, "density": 0.01478075, "max_act": 11.21875, "hist": {"edges": [0.01, 0.0133, 0.0178, 0.0237, 0.0316, 0.0422, 0.0562, 0.075, 0.1, 0.1334, 0.1778, 0.2371, 0.3162, 0.4217, 0.5623, 0.7499, 1.0, 1.3335, 1.7783, 2.3714, 3.1623, 4.217, 5.6234, 7.4989, 10.0, 13.3352, 17.7828, 23.7137, 31.6228, 42.1697, 56.2341, 74.9894, 100.0], "counts": [0, 0, 0, 0, 0, 0, 0, 0, 0, 0, 1, 104, 920, 2908, 4073, 4117, 3385, 2654, 2888, 4383, 7673, 12600, 9295, 4056, 66, 0, 0, 0, 0, 0, 0, 0]}, "logit_lens": {"promoted": [["y", 0.428], ["Okay", 0.409], ["Yes", 0.391], ["Let", 0.37], ["No", 0.35], ["OK", 0.339], ["n", 0.338], ["b", 0.333], ["Can", 0.324], ["Good", 0.321]], "suppressed": [[" old", 0.247], [" up", 0.237], [" them", 0.223], [" white", 0.2], [" big", 0.185], [" little", 0.185], [" lost", 0.175], [" him", 0.172], [" black", 0.167], [" say", 0.163]]}, "examples": [{"tokens": [" tree", "?\"", "\n", "\n", "The", " little", " girl", " s", "imp", "ly", " smiled", " and", " answered", " \"", "I", " was", " playing", " hide", " and", " seek", " with", " my"], "acts": [0.0, 0.0, 0.0, 0.0, 0.0, 0.0, 0.0, 0.0, 0.0, 0.0, 0.0, 0.0, 0.0, 11.2153, 0.9711, 0.0, 0.0, 0.0, 0.0, 0.0, 0.0, 0.0], "max_pos": 13, "max_act": 11.2188}, {"tokens": [" something", " for", " me", "?\".", " \n", "\n", "The", " cop", " smiled", " and", " said", ",", " \"", "Sure", ",", " let", " me", " guess", ".", " You", " want"], "acts": [0.0, 0.0, 0.0, 0.0, 0.0, 0.0, 0.0, 0.0, 0.0, 0.0, 0.0, 0.0, 11.1999, 0.0, 0.0, 0.0, 0.0, 0.0, 0.6358, 0.0, 0.0], "max_pos": 12, "max_act": 11.2031}, {"tokens": [" a", " teacher", ".", "\n", "\n", "He", " met", " a", " friendly", " cat", " and", " asked", " \"", "W", "ill", " you", " teach", " me", "?\"", " The", " cat", " smiled", " and", " said", " \"", "Yes", ",", " I", "'d", " be", " happy", " to", " teach"], "acts": [0.0, 0.0, 0.0, 0.0, 0.0, 0.0, 0.0, 0.0, 0.0, 0.0, 0.0, 0.0, 5.6996, 0.0, 0.0, 0.0, 0.0, 0.0, 0.0, 0.0, 0.0, 0.0, 0.0, 0.0, 11.1287, 0.0, 0.0, 0.7648, 0.0, 0.0, 0.0, 0.0, 0.0], "max_pos": 24, "max_act": 11.125}, {"tokens": ["s", " the", " stream", " trust", " to", " play", " in", "?\"", " asked", " Joe", ".", "\n", "\n", "Sam", "my", " thought", " for", " a", " moment", ",", " then", " smiled", " and", " said", " \"", "Yes", ",", " I", " trust", " it", ".\"", "\n", "\n"], "acts": [0.0, 0.0, 0.0, 0.0, 0.0, 0.0, 0.0, 0.0, 0.0, 0.0, 0.0, 0.0, 0.0, 0.0, 0.0, 0.0, 0.0, 0.0, 0.0, 0.9048, 0.0, 0.0, 0.0, 0.0, 11.0919, 0.0, 1.017, 0.7973, 0.0, 0.0, 0.0, 0.0, 0.0], "max_pos": 24, "max_act": 11.0938}, {"tokens": [" how", " lovely", " the", " park", " looks", " now", " with", " all", " these", " lights", "!\"", "\n", "\n", "Lucy", " smiled", " and", " said", " \"", "This", " is", " the", " power", " of", " sharing", "!", " We"], "acts": [0.0, 0.0, 0.0, 0.0, 0.0, 0.0, 0.0, 0.0, 0.0, 0.0, 0.0, 0.0, 0.0, 0.0, 0.0, 0.0, 0.0, 11.0811, 0.0, 0.0, 0.0, 0.0, 0.0, 0.0, 0.0, 0.0], "max_pos": 17, "max_act": 11.0781}, {"tokens": [" \"", "Don", "'t", " you", " think", " it", " would", " be", " nice", " if", " we", " could", " mar", "ry", " and", " live", " together", " forever", "?\"", " The", " sheep", " smiled", " and", " said", " \"", "y", "es", ",", " I", " think", " it", " would", " be"], "acts": [7.5397, 0.0, 0.0, 0.0, 0.0, 0.0, 0.0, 0.0, 0.0, 0.0, 0.0, 0.0, 0.0, 0.0, 0.0, 0.0, 0.0, 0.0, 0.0, 0.0, 0.0, 0.0, 0.733, 0.0, 11.0673, 0.0, 0.0, 0.0, 0.0, 0.924, 0.0, 0.0, 0.0], "max_pos": 24, "max_act": 11.0703}, {"tokens": ["!", " The", " knight", " said", " \"", "Don", "'t", " worry", ",", " I", " can", " resc", "ue", " your", " puppy", "!\"", " \n", "\n", "The", " young", " boy", " smiled", " and", " said", " \"", "Thank", " you", "!\"", " The", " brave", " knight", " nodded", " his"], "acts": [0.0, 0.0, 0.0, 0.0, 8.0271, 0.0, 0.0, 0.0, 0.0, 0.0, 0.0, 0.0, 0.0, 0.0, 0.0, 0.0, 0.0, 0.0, 0.0, 0.0, 0.0, 0.0, 0.0, 0.0, 11.0558, 0.0, 0.0, 0.0, 0.0, 0.0, 0.0, 0.0, 0.0], "max_pos": 24, "max_act": 11.0547}, {"tokens": ["\n", "Jack", " asked", " his", " mommy", ":", " \"", "Do", "es", " this", " ice", "-", "cream", " belong", " to", " me", "?\"", " \n", "\n", "His", " mommy", " smiled", " and", " said", " \"", "Yes", ",", " this", " ice", "-", "cream", " belong", "s"], "acts": [0.0, 0.0, 0.0, 0.0, 0.0, 0.0, 5.0765, 0.0, 0.0, 0.0, 0.0, 0.0, 0.0, 0.0, 0.0, 0.0, 0.0, 0.0, 0.0, 0.0, 0.0, 0.0, 0.0, 0.7683, 10.9214, 0.0, 1.135, 0.0, 0.0, 0.0, 0.0, 0.0, 0.0], "max_pos": 24, "max_act": 10.9219}, {"tokens": [" carefully", " and", " asked", " \"", "Oh", " really", ",", " that", " sounds", " very", " nice", ".", " I", "s", " it", " honest", "?\".", "\n", "\n", "P", "eter", " nodded", " and", " said", " \"", "Yes", ",", " it", " is", " honest", " and", " I", " love"], "acts": [0.0, 0.0, 0.0, 7.0959, 0.8816, 0.0, 0.0, 0.0, 0.0, 0.0, 0.0, 0.0, 0.5917, 0.0, 0.0, 0.0, 0.0, 0.0, 0.0, 0.0, 0.0, 0.0, 0.0, 0.0, 10.9026, 0.0, 0.9824, 0.0, 0.0, 0.0, 0.0, 0.0, 0.0], "max_pos": 24, "max_act": 10.9062}, {"tokens": [" water", "ing", ".", " \n", "\n", "\"", "Be", " polite", ",", " Max", "\"", " said", " his", " dad", ".", "\n", "\n", "Max", " nodded", " and", " said", " with", " a", " smile", " \"", "Thank", " you", "!\"", " ", "\n", "\"", "You", "'re"], "acts": [0.0, 0.0, 0.0, 0.0, 0.0, 6.7634, 0.0, 0.0, 0.0, 0.0, 2.595, 0.0, 0.0, 0.0, 0.0, 0.0, 0.0, 0.0, 0.0, 0.0, 0.0, 0.0, 0.0, 0.0, 10.7692, 0.0, 0.0, 0.6097, 0.0, 0.0, 7.0479, 0.0, 0.0], "max_pos": 24, "max_act": 10.7656}, {"tokens": [" put", " their", " c", "ig", "are", "t", "t", "es", " in", " when", " they", "'re", " finished", ".\"", "\n", "\n", "The", " little", " boy", " nodded", " his", " head", " and", " said", " \"", "Oh", ",", " ok", ".\"", " Then", " he", " went", " back"], "acts": [0.0, 0.0, 0.0, 0.0, 0.0, 0.0, 0.0, 0.0, 0.0, 0.0, 0.0, 0.0, 0.0, 0.6136, 0.0, 0.0, 0.0, 0.0, 0.0, 0.0, 0.0, 0.0, 0.0, 0.4173, 10.7224, 1.5165, 0.7616, 0.0, 0.8367, 0.0, 0.0, 0.0, 0.0], "max_pos": 24, "max_act": 10.7188}, {"tokens": ["as", "?\"", " \n", "\n", "Em", "ma", " smiled", " and", " replied", ",", " \"", "M", "u", "y", " b", "i", "en", ",", " gra"], "acts": [0.0, 0.0, 0.0, 0.0, 0.0, 0.0, 0.0, 0.7193, 0.0, 0.0, 10.722, 0.0, 0.0, 0.0, 0.0, 0.0, 0.0, 0.0, 0.0], "max_pos": 10, "max_act": 10.7188}]}