{"id": 206, "density": 0.0184455, "max_act": 10.140625, "hist": {"edges": [0.01, 0.0133, 0.0178, 0.0237, 0.0316, 0.0422, 0.0562, 0.075, 0.1, 0.1334, 0.1778, 0.2371, 0.3162, 0.4217, 0.5623, 0.7499, 1.0, 1.3335, 1.7783, 2.3714, 3.1623, 4.217, 5.6234, 7.4989, 10.0, 13.3352, 17.7828, 23.7137, 31.6228, 42.1697, 56.2341, 74.9894, 100.0], "counts": [0, 0, 0, 0, 0, 0, 0, 0, 0, 0, 3, 56, 592, 3150, 8217, 11891, 10584, 8221, 6683, 6216, 6368, 6795, 4421, 584, 1, 0, 0, 0, 0, 0, 0, 0]}, "logit_lens": {"promoted": [[" share", 0.247], [" find", 0.233], [" listen", 0.231], [" came", 0.219], ["se", 0.215], [" work", 0.207], [" listened", 0.202], [" answered", 0.194], [" grew", 0.19], [".", 0.185]], "suppressed": [["ually", 0.374], [" almost", 0.291], [" suddenly", 0.267], [" must", 0.262], ["ittle", 0.26], [" gloomy", 0.258], [" im", 0.252], [" tears", 0.247], [" bit", 0.246], ["ted", 0.24]]}, "examples": [{"tokens": [" laugh", " anymore", ".", " He", " felt", " very", " an", "n", "oy", "ed", ".", "\n", "\n", "He", " tried", " to", " roar", " louder", ",", " but", " the", " other", " animals", " did", " not", " stop", ".", " They", " made", " more", " and", " more", " noises"], "acts": [0.0, 0.0, 0.0, 0.0, 0.0, 0.0, 0.0, 0.0, 0.0, 0.0, 0.0, 0.0, 0.0, 0.0, 0.0, 0.0, 1.0736, 0.0, 0.0, 0.0, 0.0, 0.0, 0.0, 0.0, 10.1368, 1.9101, 0.0, 1.151, 0.0, 0.0, 0.0, 0.0, 0.0], "max_pos": 24, "max_act": 10.1406}, {"tokens": [" the", " man", " and", " the", " truck", ".", " He", " me", "owed", " and", " scrat", "ched", ".", " He", " tried", " to", " get", " his", " box", ".", " But", " the", " man", " did", " not", " see", " him", " or", " hear", " him", ".", " The", " man"], "acts": [0.0, 0.0, 0.0, 0.0, 0.0, 0.0, 0.0, 0.0, 0.0, 0.0, 0.0, 0.0, 0.0, 0.0, 0.0, 0.7786, 1.4585, 0.6805, 0.0, 0.0, 0.0, 0.0, 0.0, 0.0, 9.6892, 0.0, 0.0, 0.0, 0.0, 0.0, 0.0, 0.0, 0.0], "max_pos": 24, "max_act": 9.6875}, {"tokens": [" them", ".", " She", " asked", " her", " mom", ",", " but", " her", " mom", " did", " not", " know", ".", " She", " asked", " her", " cat", ",", " but", " her", " cat", " did", " not", " care", ".", " She", " was", " sad", ".", "\n", "\n"], "acts": [0.0, 0.0, 0.0, 0.0, 0.0, 0.0, 0.0, 0.0, 0.0, 0.0, 0.0, 8.6346, 1.0808, 0.6464, 0.0, 0.0, 0.0, 0.0, 0.0, 0.0, 0.0, 0.0, 0.741, 9.6422, 1.9923, 0.718, 0.0, 2.0298, 1.57, 0.0, 0.0, 0.0], "max_pos": 23, "max_act": 9.6406}, {"tokens": [" thought", " Lily", " was", " being", " mean", ".", " He", " wanted", " to", " keep", " the", " red", " block", ".", " He", " tried", " to", " push", " Lily", " away", ",", " but", " she", " did", " not", " move", ".", "\n", "\n", "\"", "Stop", ",", " Lily"], "acts": [0.0, 0.0, 0.0, 1.6725, 0.0, 0.0, 0.0, 0.0, 0.0, 0.0, 0.0, 0.0, 0.0, 0.0, 0.0, 0.0, 0.4237, 0.0, 0.0, 0.0, 0.0, 0.0, 1.2329, 0.0, 9.636, 1.1226, 0.0, 0.0, 0.0, 0.0, 0.0, 0.0, 0.0], "max_pos": 24, "max_act": 9.6328}, {"tokens": [" he", " was", " a", " bad", " boy", " and", " he", " had", " to", " go", " away", ".", " They", " tried", " to", " take", " the", " bell", " from", " him", ",", " but", " he", " did", " not", " let", " go", ".", "\n", "\n", "They", " started", " to"], "acts": [0.0, 0.0, 0.0, 0.0, 0.0, 0.0, 0.0, 0.0, 2.5253, 0.0, 0.0, 0.0, 0.0, 0.0, 0.0, 0.0, 0.0, 0.0, 0.0, 0.0, 0.0, 0.0, 1.2563, 0.0, 9.5691, 0.0, 1.8692, 0.0, 0.0, 0.0, 0.0, 0.0, 0.0], "max_pos": 24, "max_act": 9.5703}, {"tokens": ["'t", " looking", ".", "\n", "\n", "Lily", " was", " very", " sad", " and", " cried", " a", " lot", ".", " She", " asked", " her", " parents", " for", " help", ",", " but", " they", " couldn", "'t", " find", " the", " clever", " fox", ".", " Lily"], "acts": [4.7855, 0.9957, 0.0, 0.0, 0.0, 0.0, 0.0, 0.0, 0.0, 0.0, 0.0, 0.0, 0.0, 0.0, 0.0, 0.0, 0.0, 0.0, 0.899, 0.0, 0.0, 0.0, 1.1888, 0.0, 9.5722, 1.5049, 0.0, 0.0, 0.0, 0.7165, 0.0], "max_pos": 24, "max_act": 9.5703}, {"tokens": ["\n", "Tom", " and", " Lily", " were", " scared", " and", " sad", ".", " They", " wanted", " their", " bag", " back", ".", " They", " shouted", " at", " the", " dog", ",", " but", " it", " did", " not", " listen", ".", " It", " was", " too", " fast", " and", " too"], "acts": [0.0, 0.0, 0.0, 0.0, 0.0, 0.0, 0.0, 0.0, 0.0, 0.0, 0.0, 0.0, 0.0, 0.0, 0.0, 0.0, 0.0, 0.0, 0.0, 0.0, 0.0, 0.0, 1.8895, 0.0, 9.5223, 1.8015, 0.0, 0.0, 1.7017, 4.1622, 0.0, 0.0, 2.5959], "max_pos": 24, "max_act": 9.5234}, {"tokens": [" what", " happened", ".", " She", " rushed", " Lily", " to", " the", " hospital", ",", " but", " it", " was", " too", " late", ".", " Lily", " had", " hurt", " herself", " too", " badly", " and", " could", " not", " be"], "acts": [0.0, 0.0, 0.0, 0.0, 0.0, 0.0, 0.0, 0.0, 0.0, 0.0, 0.0, 0.0, 1.2786, 2.5297, 0.0, 0.0, 0.0, 1.8381, 0.0, 0.0, 0.0, 0.9522, 0.0, 1.5731, 9.5231, 3.9248], "max_pos": 24, "max_act": 9.5234}, {"tokens": [" and", " cried", " and", " tried", " to", " grab", " something", ".", " But", " the", " p", "it", " was", " too", " deep", " and", " too", " wide", " and", " too", " dark", ".", " He", " could", " not", " see", " or", " hear", " or", " feel", " anything", ".", "\n"], "acts": [0.0, 1.3592, 0.0, 0.0, 1.5414, 0.0, 0.0, 0.0, 0.0, 0.0, 0.0, 0.0, 3.5632, 4.8961, 0.0, 0.0, 3.8178, 0.0, 0.0, 3.9521, 2.2106, 0.528, 0.0, 0.9738, 9.4152, 0.0, 1.4615, 0.0, 0.0, 0.0, 0.0, 0.574, 0.0], "max_pos": 24, "max_act": 9.4141}, {"tokens": [" and", " grab", " his", " car", ",", " but", " he", " could", " not", ".", " He", " was", " scared", " and", " cold", ".", " He", " shouted", " for", " Jen", ",", " but", " she", " could", " not", " hear", " him", ".", "\n", "\n", "J", "en", " saw"], "acts": [0.0, 0.0, 0.0, 0.0, 0.0, 0.0, 1.0024, 0.0, 8.0404, 0.663, 0.0, 2.5474, 0.0, 0.0, 0.0, 0.0, 0.0, 0.0, 1.2643, 0.0, 0.0, 0.0, 2.1059, 1.6813, 9.3143, 0.0, 0.0, 1.1243, 0.0, 0.0, 0.0, 0.0, 0.0], "max_pos": 24, "max_act": 9.3125}, {"tokens": [" doll", ".", " She", " cried", " for", " her", " doll", ".", " But", " her", " doll", " did", " not", " wake", " up", ".", "\n", "\n", "Lily", "'s", " mom"], "acts": [0.0, 0.0, 0.0, 0.0, 0.0, 0.0, 0.0, 0.0, 0.0, 1.3332, 0.0, 0.0, 9.2399, 0.0, 0.0, 0.0, 0.0, 0.0, 0.0, 0.0, 0.0], "max_pos": 12, "max_act": 9.2422}, {"tokens": [" The", " witch", " was", " very", " angry", ".", " She", " did", " not", " like", " careless", " kids", " who", " did", " not", " follow", " the", " rules", ".", "\n", "\n", "The", " witch"], "acts": [0.0, 0.0, 0.0, 0.0, 0.0, 0.0, 0.0, 0.0, 6.6152, 0.0, 0.0, 0.0, 0.0, 0.0, 9.2246, 0.0, 0.0, 1.3245, 0.0, 0.0, 0.0, 0.0, 0.0], "max_pos": 14, "max_act": 9.2266}]}