{"id": 208, "density": 0.0310265, "max_act": 5.42578125, "hist": {"edges": [0.01, 0.0133, 0.0178, 0.0237, 0.0316, 0.0422, 0.0562, 0.075, 0.1, 0.1334, 0.1778, 0.2371, 0.3162, 0.4217, 0.5623, 0.7499, 1.0, 1.3335, 1.7783, 2.3714, 3.1623, 4.217, 5.6234, 7.4989, 10.0, 13.3352, 17.7828, 23.7137, 31.6228, 42.1697, 56.2341, 74.9894, 100.0], "counts": [0, 0, 0, 0, 0, 0, 0, 0, 0, 2, 51, 461, 4452, 16776, 28476, 27658, 18670, 10937, 6470, 4203, 4142, 1808, 0, 0, 0, 0, 0, 0, 0, 0, 0, 0]}, "logit_lens": {"promoted": [[" best", 0.227], [" tal", 0.21], [" clap", 0.209], [" forgot", 0.201], [" outside", 0.197], ["ten", 0.184], [" You", 0.178], [" proud", 0.178], [" loves", 0.177], [" pr", 0.176]], "suppressed": [[" smaller", 0.285], [" walks", 0.276], [" eyes", 0.265], [" faces", 0.257], [" understood", 0.249], [" reading", 0.245], ["E", 0.24], [" walls", 0.24], [" wishes", 0.236], [" sounds", 0.23]]}, "examples": [{"tokens": [" she", " saw", " a", " bu", "d", " on", " the", " rose", ".", " She", " was", " very", " happy", " and", " ran", " to", " tell", " her", " mom", ".", " \"", "Mom"], "acts": [0.9524, 0.0, 0.0, 0.0, 0.0, 0.0, 0.0, 0.0, 0.0, 0.0, 0.0, 0.0, 0.0, 5.4248, 2.1683, 0.0, 0.0, 0.0, 0.0, 0.0, 0.9197, 0.0], "max_pos": 13, "max_act": 5.4258}, {"tokens": [" watch", " the", " flowers", " grow", ".", "\n", "\n", "One", " day", ",", " I", "z", "zy", " found", " a", " big", ",", " red", " apple", ".", " She", " was", " so", " happy", " and", " wanted", " to", " eat", " it", " all", " by", " herself", "."], "acts": [0.0, 0.0, 0.0, 0.0, 0.0, 0.0, 0.0, 0.0, 0.0, 0.0, 0.0, 0.0, 0.0, 0.0, 0.0, 0.0, 0.0, 0.0, 0.0, 0.0, 0.0, 0.0, 0.0, 0.0, 5.4005, 1.4454, 1.8219, 0.0, 0.0, 0.0, 0.0, 0.0, 0.0], "max_pos": 24, "max_act": 5.4023}, {"tokens": [" yellow", " bull", ".", " He", " was", " very", " happy", " and", " running", " through", " the", " field", ".", " He", " turned", " around"], "acts": [0.0, 0.0, 0.0, 0.0, 0.0, 0.0, 0.0, 5.376, 2.5933, 0.0, 0.0, 0.0, 0.0, 2.7198, 0.0, 0.0], "max_pos": 7, "max_act": 5.375}, {"tokens": [" hippo", " is", " adorable", " and", " he", " is", " very", " creative", ".", " They", " put", " his", " hippo", " on", " the", " fridge", " with", " a", " magnet", ".", " Ben", " is", " very", " happy", " and", " proud", " of", " his", " hippo", ".", " He", " gives", " his"], "acts": [0.0, 0.0, 0.0, 2.1512, 2.2766, 1.1983, 1.6624, 0.0, 0.0, 2.3068, 1.0444, 0.0, 0.0, 0.0, 0.0, 0.0, 0.8605, 0.0, 0.0, 0.0, 0.0, 0.0, 0.0, 0.0, 5.3497, 0.0, 1.995, 0.0, 0.0, 0.0, 2.946, 0.0, 0.0], "max_pos": 24, "max_act": 5.3516}, {"tokens": [" Lily", "'s", " turn", " to", " go", " inside", " the", " castle", ".", " She", " was", " so", " happy", " and", " started", " to", " run", " around", ",", " but", " her", " mom"], "acts": [0.8404, 0.0, 0.0, 0.0, 0.0, 0.0, 0.0, 0.0, 0.0, 0.0, 0.0, 0.0, 0.0, 5.3445, 2.65, 3.0616, 0.796, 0.0, 0.9298, 0.0, 0.0, 0.0], "max_pos": 13, "max_act": 5.3438}, {"tokens": [" got", " a", " ladder", " and", " climbed", " over", " the", " fence", ".", " She", " caught", " the", " ball", " and", " gave", " it", " back", " to", " Max", ".", " Max", " was", " so", " happy", " and", " thanked", " his", " neighbor", ".", " From", " that", " day", " on"], "acts": [0.0, 0.0, 0.0, 0.0, 0.0, 0.0, 0.0, 0.0, 0.0, 0.0, 0.0, 0.0, 0.0, 0.0, 0.0, 0.0, 0.0, 0.0, 0.0, 0.0, 0.0, 0.0, 0.0, 0.0, 5.2556, 0.8168, 0.0, 0.0, 0.0, 0.0, 0.0, 0.0, 0.0], "max_pos": 24, "max_act": 5.2539}, {"tokens": [" loved", " to", " wear", ".", " One", " day", ",", " Lily", "'s", " mom", " bought", " her", " a", " new", " v", "ide", "o", " to", " watch", ".", " Lily", " was", " very", " happy", " and", " said", ",", " \"", "Mommy", ",", " can", " we", " open"], "acts": [0.0, 0.0, 1.122, 0.0, 0.0, 0.0, 0.0, 0.0, 0.0, 0.0, 0.0, 0.0, 0.0, 0.0, 0.0, 0.0, 0.0, 0.0, 0.0, 0.0, 0.0, 0.0, 0.0, 0.0, 5.2452, 1.7811, 0.894, 1.4358, 0.0, 0.0, 0.0, 0.0, 0.0], "max_pos": 24, "max_act": 5.2461}, {"tokens": [" were", " very", " nice", " and", " let", " the", " cat", " stay", " in", " the", " garage", ".", " He", " was", " very", " happy", " and", " always", " gre", "et", "ed", " them", " when", " they", " arrived"], "acts": [0.0, 0.0, 0.0, 1.3328, 0.0, 0.0, 0.0, 0.0, 0.0, 0.0, 0.0, 0.0, 0.0, 0.0, 0.0, 0.0, 5.2452, 2.0356, 0.0, 0.0, 0.0, 0.0, 0.0, 0.0, 0.0], "max_pos": 16, "max_act": 5.2461}, {"tokens": [" happy", " and", " proud", " of", " her", ".", " They", " put", " her", " m", "all", " design", " on", " the", " fridge", " for", " everyone", " to", " see", ".", " Lily", " felt", " very", " happy", " and", " couldn", "'t", " wait", " to", " design", " more", " things", "."], "acts": [0.0, 4.943, 0.0, 1.2012, 0.0, 0.0, 2.4845, 1.5691, 0.0, 0.0, 0.0, 0.0, 0.0, 0.0, 0.0, 0.0, 0.0, 0.0, 0.0, 0.0, 1.2945, 2.003, 2.225, 0.0, 5.2366, 0.0, 1.4537, 0.0, 0.0, 0.0, 0.0, 0.0, 0.0], "max_pos": 24, "max_act": 5.2383}, {"tokens": [" her", " good", " arm", ".", " Lily", " was", " so", " happy", " and", " grateful", " to", " have", " such", " wonderful", " friends", ".", " Even"], "acts": [0.0, 0.0, 0.0, 0.0, 0.0, 0.0, 0.5454, 0.0, 5.2386, 0.0, 1.2609, 0.0, 0.0, 0.0, 0.0, 0.0, 0.0], "max_pos": 8, "max_act": 5.2383}, {"tokens": [" dress", " and", " called", " her", " friends", " to", " come", " over", ".", " She", " was", " so", " happy", " and", " excited", ".", "\n", "\n", "Lily", " and", " her", " friends"], "acts": [1.7518, 0.0, 0.0, 0.0, 0.0, 0.0, 0.0, 0.0, 0.0, 0.0, 0.0, 0.0, 0.0, 5.2341, 0.0, 0.0, 0.0, 0.0, 2.425, 0.0, 0.0, 1.5618], "max_pos": 13, "max_act": 5.2344}, {"tokens": ["\n", "\n", "One", " day", ",", " her", " mom", " gave", " her", " a", " big", " box", " with", " a", " picture", " of", " the", " ocean", " on", " it", ".", " Lila", " was", " happy", " and", " excited", ".", " She", " opened", " the", " box", " and", " saw"], "acts": [0.0, 0.0, 0.0, 0.0, 0.0, 0.0, 0.0, 0.0, 0.0, 0.0, 0.0, 0.0, 0.0, 0.0, 0.0, 0.0, 0.0, 0.0, 0.0, 0.0, 0.0, 0.0, 0.0, 0.0, 5.2318, 0.0, 0.0, 3.5904, 0.0, 0.0, 0.0, 0.0, 0.0], "max_pos": 24, "max_act": 5.2305}]}