{"id": 211, "density": 0.01561625, "max_act": 7.92578125, "hist": {"edges": [0.01, 0.0133, 0.0178, 0.0237, 0.0316, 0.0422, 0.0562, 0.075, 0.1, 0.1334, 0.1778, 0.2371, 0.3162, 0.4217, 0.5623, 0.7499, 1.0, 1.3335, 1.7783, 2.3714, 3.1623, 4.217, 5.6234, 7.4989, 10.0, 13.3352, 17.7828, 23.7137, 31.6228, 42.1697, 56.2341, 74.9894, 100.0], "counts": [0, 0, 0, 0, 0, 0, 0, 0, 0, 0, 75, 397, 1194, 4262, 9692, 14207, 13066, 8482, 4628, 2521, 1588, 1398, 938, 17, 0, 0, 0, 0, 0, 0, 0, 0]}, "logit_lens": {"promoted": [["ting", 0.484], ["ass", 0.399], [" blow", 0.347], [" pour", 0.316], ["ter", 0.309], [" shining", 0.308], ["oring", 0.304], ["asing", 0.303], [" blew", 0.302], ["ching", 0.296]], "suppressed": [[" myster", 0.215], [" were", 0.196], ["E", 0.161], [" reached", 0.156], [" apolog", 0.155], [" felt", 0.153], [" pieces", 0.152], [" do", 0.151], [" cl", 0.145], [" friends", 0.144]]}, "examples": [{"tokens": [" but", " they", " couldn", "'t", " see", " him", " in", " the", " fo", "g", ".", "\n", "\n", "Sam", " stayed", " out", " in", " the", " fo", "g", " until", " the", " sun", " started", " to", " r", "ise", ".", " He", " waved", " goodbye", " to", " the"], "acts": [0.0, 0.0, 0.0, 0.0, 0.0, 0.0, 0.0, 0.0, 0.0, 0.0, 0.0, 0.0, 0.0, 0.0, 0.0, 0.0, 0.0, 0.0, 0.0, 0.0, 0.0, 0.0, 0.0, 7.1644, 7.9274, 4.1529, 4.3797, 0.0, 0.0, 0.0, 0.0, 0.0, 0.0], "max_pos": 24, "max_act": 7.9258}, {"tokens": [" would", " stop", " and", " watch", ".", " Joe", " was", " so", " proud", " of", " his", " cre", "ation", " and", " kept", " playing", " with", " the", " black", " miss", "ile", " until", " the", " sun", " went", " down", ".", " \n", "\n", "The", " black", " miss", "ile"], "acts": [0.0, 0.0, 0.0, 0.0, 0.0, 0.0, 0.0, 0.0, 0.0, 0.0, 0.0, 0.0, 0.0, 0.0, 0.0, 0.0, 0.0, 0.0, 0.0, 0.0, 0.0, 0.0, 0.0, 0.0, 7.7952, 7.2524, 0.0, 0.0, 0.0, 0.0, 0.0, 0.0, 0.0], "max_pos": 24, "max_act": 7.7969}, {"tokens": [" sho", "vel", ".", " Even", " though", " it", " was", " rain", "ing", ",", " J", "ames", " was", " having", " to", "n", "s", " of", " fun", ".", " When", " the", " sun", " began", " to", " set", ",", " J", "ames", " stopped", " his", " work", " and"], "acts": [0.0, 0.0, 0.0, 0.0, 0.0, 0.0, 0.0, 0.0, 1.6632, 0.0, 0.0, 0.0, 0.0, 0.0, 0.0, 0.0, 0.0, 0.0, 0.0, 0.0, 0.0, 0.0, 0.0, 6.6829, 7.7837, 5.6514, 0.7745, 0.0, 0.0, 0.0, 0.0, 0.0, 0.0], "max_pos": 24, "max_act": 7.7852}, {"tokens": [" field", " was", " filled", " with", " a", " lot", " of", " loud", " shout", "ing", ".", " The", " pig", "s", " were", " very", " happy", ".", " They", " shouted", " together", " until", " the", " sun", " went", " down", ".", "<|endoftext|>", "Once", " upon", " a", " time", " there"], "acts": [0.0, 0.0, 1.0256, 0.0, 0.0, 0.0, 0.0, 0.0, 1.681, 0.0, 0.0, 0.0, 0.0, 0.0, 0.0, 0.0, 0.0, 0.0, 0.0, 0.0, 0.0, 0.7861, 0.0, 1.1359, 7.7334, 7.1796, 0.0, 0.0, 0.0, 0.0, 0.0, 0.0, 0.0], "max_pos": 24, "max_act": 7.7344}, {"tokens": [" the", " colorful", " boxes", ".", " They", " played", " at", " the", " har", "b", "or", " all", " day", ",", " mat", "ching", " the", " pretty", " match", " boxes", " until", " the", " sun", " started", " to", " go", " down", ".", " \n", "\n", "That", " day", ","], "acts": [0.0, 0.0, 0.0, 0.0, 0.0, 0.0, 0.0, 0.0, 0.0, 0.0, 0.0, 0.0, 0.0, 0.0, 0.0, 0.0, 0.0, 0.0, 0.0, 0.0, 0.6625, 0.0, 0.7358, 6.8178, 7.7091, 6.4599, 4.2407, 0.0, 0.0, 0.0, 0.0, 0.0, 0.0], "max_pos": 24, "max_act": 7.7109}, {"tokens": [" on", " it", " and", " laughing", ".", " When", " the", " sun", " started", " to", " set", ",", " Max", " and", " Lily", " said", " goodbye", " to"], "acts": [0.0, 0.0, 0.0, 0.0, 0.0, 0.0, 0.0, 1.2126, 7.3262, 7.6802, 5.779, 0.9978, 0.0, 0.0, 0.0, 0.0, 0.0, 0.0], "max_pos": 9, "max_act": 7.6797}, {"tokens": [".", "\n", "\n", "So", ",", " all", " the", " kids", " danced", " in", " the", " sand", ".", " They", " laughed", " and", " had", " fun", ".", " They", " danced", " until", " the", " sun", " went", " down", ".", " Then", ",", " they", " said", " goodbye", " to"], "acts": [0.0, 0.0, 0.0, 0.0, 0.0, 0.0, 0.0, 0.0, 0.0, 0.0, 0.0, 0.0, 0.0, 0.0, 0.0, 0.0, 0.0, 0.0, 0.0, 0.0, 0.0, 0.0, 0.0, 0.0, 7.6498, 6.7013, 0.0, 0.0, 0.0, 0.0, 0.0, 0.0, 0.0], "max_pos": 24, "max_act": 7.6484}, {"tokens": [" for", " the", " old", " man", " and", " his", " missing", " son", ".", " He", " stayed", " with", " the", " old", " man", " for", " a", " few", " hours", ",", " until", " the", " sun", " started", " to", " set", " and", " there", " was", " still", " no", " sign", " of"], "acts": [0.0, 0.0, 0.0, 0.0, 0.0, 0.0, 0.0, 0.0, 0.0, 0.0, 0.0, 0.0, 0.0, 0.0, 0.0, 0.0, 0.6089, 0.0, 0.0, 0.0, 0.0, 0.0, 1.2291, 7.1963, 7.6277, 5.489, 4.9105, 0.0, 0.0, 0.0, 0.0, 0.0, 0.0], "max_pos": 24, "max_act": 7.6289}, {"tokens": [" he", " p", "un", "ched", " Sam", " and", " Sam", " p", "un", "ched", " him", " back", ".", " They", " started", " to", " fight", ".", " \n", "\n", "Suddenly", ",", " the", " sun", " went", " dark", ".", " They", " looked", " up", ",", " and", " there"], "acts": [0.0, 0.0, 0.0, 0.0, 0.0, 0.0, 0.0, 0.0, 0.0, 0.0, 0.0, 0.0, 0.0, 0.0, 0.0, 0.0, 0.0, 0.0, 0.0, 0.0, 0.0, 0.0, 0.0, 0.0, 7.6292, 4.5913, 1.284, 0.0, 0.0, 0.0, 0.0, 0.0, 0.0], "max_pos": 24, "max_act": 7.6289}, {"tokens": [",", " the", " sun", " started", " to", " go", " down", " and", " the", " two", " friends", " said", " their", " good"], "acts": [0.0, 0.0, 0.6996, 7.4458, 7.3176, 7.608, 5.7226, 4.4169, 0.0, 0.0, 0.0, 0.0, 0.0, 0.0], "max_pos": 5, "max_act": 7.6094}, {"tokens": [" Spot", " jumped", " and", " barked", ",", " trying", " to", " catch", " the", " water", ".", " They", " played", " and", " spray", "ed", " water", " until", " the", " sun", " went", " down", ".", " Then", ",", " they", " went", " home", ","], "acts": [0.0, 0.0, 0.0, 0.0, 0.0, 0.0, 0.0, 0.0, 0.0, 0.0, 0.0, 0.0, 0.0, 0.0, 0.0, 0.0, 0.0, 0.0, 0.0, 0.0, 7.5818, 6.9583, 0.0, 0.0, 0.0, 0.0, 0.0, 0.0, 0.0], "max_pos": 20, "max_act": 7.582}, {"tokens": [" turns", " splas", "hing", " in", " the", " water", " again", ".", " The", " lake", " was", " back", "!", " They", " cheered", " and", " danced", " all", " around", " the", " lake", " until", " the", " sun", " went", " down", ".", "\n", "\n", "From", " then", " on", ","], "acts": [0.0, 0.0, 0.0, 0.0, 0.0, 0.0, 0.0, 0.0, 0.0, 0.0, 0.0, 0.0, 0.0, 0.0, 0.0, 0.0, 0.0, 0.0, 0.0, 0.0, 0.0, 0.0, 0.0, 0.6728, 7.5795, 7.0147, 0.0, 0.0, 0.0, 0.0, 0.0, 0.0, 0.0], "max_pos": 24, "max_act": 7.5781}]}