{"id": 217, "density": 0.01419775, "max_act": 6.2578125, "hist": {"edges": [0.01, 0.0133, 0.0178, 0.0237, 0.0316, 0.0422, 0.0562, 0.075, 0.1, 0.1334, 0.1778, 0.2371, 0.3162, 0.4217, 0.5623, 0.7499, 1.0, 1.3335, 1.7783, 2.3714, 3.1623, 4.217, 5.6234, 7.4989, 10.0, 13.3352, 17.7828, 23.7137, 31.6228, 42.1697, 56.2341, 74.9894, 100.0], "counts": [0, 0, 0, 0, 0, 0, 0, 0, 0, 6, 144, 634, 1085, 2952, 8748, 12028, 9378, 7712, 5514, 3967, 2782, 1695, 146, 0, 0, 0, 0, 0, 0, 0, 0, 0]}, "logit_lens": {"promoted": [[" means", 0.348], [" boy", 0.315], ["stead", 0.313], ["ience", 0.279], ["ople", 0.263], [" man", 0.263], [" many", 0.263], [" turns", 0.26], ["ci", 0.258], [" thie", 0.255]], "suppressed": [["b", 0.237], [" read", 0.191], [" lunch", 0.19], [" delicious", 0.188], [" father", 0.187], ["ake", 0.186], [" favourite", 0.175], [".\"", 0.175], [" P", 0.172], [" apple", 0.169]]}, "examples": [{"tokens": [" They", " hope", " they", " can", " watch", " more", " cartoon", "s", " later", ".", "<|endoftext|>", "Jill", " and", " Ben", " like", " to", " play", " in", " the", " park", ".", " They", " see", " a", " big", " slide", " and", " run", " to", " it", ".", " Jill", " goes"], "acts": [0.0, 0.0, 0.0, 0.0, 0.0, 0.0, 0.0, 0.0, 0.0, 0.0, 0.0, 0.0, 0.0, 0.0, 0.0, 0.0, 0.0, 0.0, 0.0, 0.0, 0.0, 0.0, 0.0, 5.6627, 6.2565, 0.0, 0.0, 0.0, 0.0, 0.0, 0.0, 0.0, 0.0], "max_pos": 24, "max_act": 6.2578}, {"tokens": [" and", " Ben", " say", ".", "\n", "\n", "They", " walk", " to", " the", " park", " with", " their", " mom", " and", " dad", ".", " They", " see", " a", " big", " fountain", " with", " water", " and", " coins", ".", " They", " stop"], "acts": [0.0, 0.0, 0.0, 0.0, 0.0, 0.0, 0.0, 0.0, 0.0, 0.0, 0.0, 0.0, 0.0, 0.0, 0.0, 0.0, 0.0, 0.0, 0.0, 5.5804, 6.1957, 0.0, 0.0, 0.0, 0.0, 0.0, 0.0, 0.0, 0.0], "max_pos": 20, "max_act": 6.1953}, {"tokens": [" her", " per", "fu", "me", " again", ".", "<|endoftext|>", "Lily", " and", " Ben", " are", " friends", ".", " They", " like", " to", " play", " in", " the", " park", ".", " They", " see", " a", " big", " slide", ".", " Lily", " wants", " to", " go", " on", " the"], "acts": [0.0, 0.0, 0.0, 0.0, 0.0, 0.0, 0.0, 0.0, 0.0, 0.0, 0.0, 0.0, 0.0, 0.0, 0.0, 0.0, 0.0, 0.0, 0.0, 0.0, 0.0, 0.0, 0.0, 5.758, 6.1452, 0.0, 0.0, 0.0, 0.0, 0.0, 0.0, 0.0, 0.0], "max_pos": 24, "max_act": 6.1445}, {"tokens": [" his", " plane", ".", "<|endoftext|>", "Tom", " and", " Anna", " like", " to", " play", " in", " the", " park", ".", " They", " run", " and", " jump", " and", " laugh", ".", " They", " see", " a", " big", " bush", " with", " red", " berries", ".", " Tom", " says", ","], "acts": [0.0, 0.0, 0.0, 0.0, 0.0, 0.0, 0.0, 0.0, 0.0, 0.0, 0.0, 0.0, 0.0, 0.0, 0.0, 0.0, 0.0, 0.0, 0.0, 0.0, 0.0, 0.0, 0.0, 5.6446, 6.0886, 0.0, 0.0, 1.1147, 0.0, 0.0, 0.0, 0.0, 0.0], "max_pos": 24, "max_act": 6.0898}, {"tokens": [".", " They", " love", " each", " other", ".", "<|endoftext|>", "Lily", " and", " Ben", " are", " twins", ".", " They", " like", " to", " play", " in", " the", " park", ".", " They", " see", " a", " big", " pond", " with", " ducks", " and", " fish", ".", " They", " want"], "acts": [0.0, 0.0, 0.0, 0.0, 0.0, 0.0, 0.0, 0.0, 0.0, 0.0, 0.0, 0.0, 0.0, 0.0, 0.0, 0.0, 0.0, 0.0, 0.0, 0.0, 0.0, 0.0, 0.0, 5.4151, 6.0704, 0.8398, 0.0, 0.0, 1.5421, 0.0, 0.0, 0.0, 0.0], "max_pos": 24, "max_act": 6.0703}, {"tokens": [" to", " see", " a", " shoot", "ing", " star", " and", " make", " a", " wish", ".", "<|endoftext|>", "Lily", " and", " Ben", " are", " playing", " in", " the", " park", ".", " They", " see", " a", " big", " brown", " dog", ".", " The", " dog", " is", " friendly", " and"], "acts": [0.7979, 0.0, 2.3901, 0.0, 0.0, 0.0, 0.0, 0.0, 0.0, 0.0, 0.0, 0.0, 0.0, 0.0, 0.0, 0.0, 0.0, 0.0, 0.0, 0.0, 0.0, 0.0, 0.0, 5.718, 6.0264, 3.8764, 1.0349, 0.0, 0.0, 0.0, 0.0, 0.0, 0.0], "max_pos": 24, "max_act": 6.0273}, {"tokens": [" dragon", ".", " She", " was", " happy", ".", "<|endoftext|>", "Lila", " and", " Sam", " are", " friends", ".", " They", " like", " to", " play", " in", " the", " park", ".", " They", " see", " a", " big", " slide", ".", " It", " looks", " like", " a", " p", "al"], "acts": [0.0, 0.0, 0.0, 0.0, 0.0, 0.0, 0.0, 0.0, 0.0, 0.0, 0.0, 0.0, 0.0, 0.0, 0.0, 0.0, 0.0, 0.0, 0.0, 0.0, 0.0, 0.0, 0.0, 5.5229, 6.0224, 0.0, 0.0, 0.5908, 0.0, 0.0, 1.8583, 0.0, 0.0], "max_pos": 24, "max_act": 6.0234}, {"tokens": [" They", " hold", " Mama", "'s", " hands", " and", " walk", " to", " the", " park", ".", "<|endoftext|>", "Sara", " and", " Ben", " are", " playing", " in", " the", " park", ".", " They", " see", " a", " big", " slide", " and", " run", " to", " it", ".", " Sara", " goes"], "acts": [0.0, 0.0, 0.0, 0.0, 0.0, 0.0, 0.0, 0.0, 0.0, 0.0, 0.0, 0.0, 0.0, 0.0, 0.0, 0.0, 0.0, 0.0, 0.0, 0.0, 0.0, 0.0, 0.0, 5.5296, 6.0188, 0.0, 0.0, 0.0, 0.0, 0.0, 0.0, 0.0, 0.0], "max_pos": 24, "max_act": 6.0195}, {"tokens": [" to", " do", ".", "<|endoftext|>", "Lily", " and", " Ben", " like", " to", " play", " in", " the", " park", ".", " They", " run", " and", " jump", " and", " laugh", ".", " They", " see", " a", " big", " lake", " with", " ducks", " and", " fish", ".", " Lily", " and"], "acts": [0.0, 0.0, 0.0, 0.0, 0.0, 0.0, 0.0, 0.0, 0.0, 0.0, 0.0, 0.0, 0.0, 0.0, 0.0, 0.0, 0.0, 0.0, 0.0, 0.0, 0.0, 0.0, 0.0, 5.6539, 6.0069, 0.0, 0.0, 0.0, 1.6567, 0.0, 0.0, 0.0, 0.0], "max_pos": 24, "max_act": 6.0078}, {"tokens": [" you", " do", ".", " That", " is", " the", " moral", " of", " the", " story", ".\"", "<|endoftext|>", "Sara", " and", " Tom", " are", " playing", " in", " the", " park", ".", " They", " see", " a", " big", " sign", " that", " says", " \"", "K", "e", "ep", " off"], "acts": [0.0, 0.0, 0.0, 0.6663, 0.0, 0.0, 0.0, 0.0, 0.0, 0.0, 0.0, 0.0, 0.0, 0.0, 0.0, 0.0, 0.0, 0.0, 0.0, 0.0, 0.0, 0.0, 0.0, 5.6683, 5.9687, 1.0373, 1.8219, 0.0, 0.6892, 0.0, 0.0, 0.0, 0.0], "max_pos": 24, "max_act": 5.9688}, {"tokens": [" not", " want", " to", " see", " Tom", " or", " the", " pepper", " ever", " again", ".", "<|endoftext|>", "Ben", " and", " Lily", " are", " playing", " in", " the", " park", ".", " They", " see", " a", " big", ",", " hairy", " dog", ".", " The", " dog", " is", " friendly"], "acts": [0.0, 0.0, 0.0, 0.0, 0.0, 0.0, 0.0, 0.0, 0.0, 0.0, 0.0, 0.0, 0.0, 0.0, 0.0, 0.0, 0.0, 0.0, 0.0, 0.0, 0.0, 0.0, 0.0, 5.5956, 5.956, 0.0, 4.1503, 0.992, 0.0, 0.0, 0.0, 0.0, 0.0], "max_pos": 24, "max_act": 5.957}, {"tokens": ["Sara", " and", " Tom", " are", " friends", ".", " They", " like", " to", " play", " in", " the", " park", ".", " They", " skip", " and", " run", " and", " laugh", ".", " They", " see", " a", " big", " orange", " slide", ".", " They", " want", " to", " go", " on"], "acts": [0.0, 0.0, 0.0, 0.0, 0.0, 0.0, 0.0, 0.0, 0.0, 0.0, 0.0, 0.0, 0.0, 0.0, 0.0, 0.0, 0.0, 0.0, 0.0, 0.0, 0.0, 0.0, 0.0, 5.5602, 5.9478, 2.5854, 0.0, 0.0, 0.0, 0.0, 0.0, 0.0, 0.0], "max_pos": 24, "max_act": 5.9492}]}