{"id": 223, "density": 0.0096485, "max_act": 9.6328125, "hist": {"edges": [0.01, 0.0133, 0.0178, 0.0237, 0.0316, 0.0422, 0.0562, 0.075, 0.1, 0.1334, 0.1778, 0.2371, 0.3162, 0.4217, 0.5623, 0.7499, 1.0, 1.3335, 1.7783, 2.3714, 3.1623, 4.217, 5.6234, 7.4989, 10.0, 13.3352, 17.7828, 23.7137, 31.6228, 42.1697, 56.2341, 74.9894, 100.0], "counts": [0, 0, 0, 0, 0, 0, 0, 0, 0, 0, 1, 35, 127, 636, 2224, 5342, 8223, 7741, 5929, 4413, 2390, 1217, 241, 75, 0, 0, 0, 0, 0, 0, 0, 0]}, "logit_lens": {"promoted": [["ered", 0.513], ["ers", 0.433], ["er", 0.403], ["ular", 0.358], ["re", 0.343], ["en", 0.34], ["r", 0.333], ["ress", 0.332], ["her", 0.33], ["ins", 0.33]], "suppressed": [["Okay", 0.197], ["ly", 0.195], [" night", 0.187], ["No", 0.181], [" remembered", 0.171], [" himself", 0.168], ["b", 0.168], ["zz", 0.167], ["bo", 0.167], ["time", 0.164]]}, "examples": [{"tokens": [" that", " they", " worked", " together", " as", " a", " team", ".", " ", " From", " then", " on", ",", " they", " knew", " that", " any", " ch", "all", "en", "ge", " could", " be", " con", "qu", "ered", " if", " they", " worked", " hard", " together", ".", "<|endoftext|>"], "acts": [0.0, 0.0, 0.0, 0.0, 0.0, 0.0, 0.0, 0.0, 0.0, 0.0, 0.0, 0.0, 0.0, 0.0, 0.0, 0.0, 0.0, 0.0, 2.9865, 1.6336, 0.0, 0.0, 0.0, 0.0, 9.6346, 0.0, 0.0, 0.0, 0.0, 0.0, 0.0, 0.0, 0.0], "max_pos": 24, "max_act": 9.6328}, {"tokens": [" enough", ",\"", " he", " said", ".", " \"", "If", " you", " don", "'t", " give", " me", " your", " o", "x", "y", "g", "en", ",", " there", " will", " be", " con", "se", "qu", "en", "ces", ".\"", "\n", "\n", "The", " tiny", " bug"], "acts": [0.0, 0.0, 0.0, 0.0, 0.0, 0.0, 0.0, 0.0, 0.0, 0.0, 0.0, 0.0, 0.0, 0.0, 0.0, 1.3605, 5.0048, 0.0, 0.0, 0.0, 0.0, 0.0, 0.0, 4.7582, 9.4737, 1.8583, 0.0, 0.0, 0.0, 0.0, 0.0, 0.0, 0.0], "max_pos": 24, "max_act": 9.4766}, {"tokens": [",", " we", " should", " always", " listen", " to", " the", " wise", " advice", " of", " others", ".", " I", "gn", "oring", " it", " may", " have", " ne", "g", "at", "ive", " con", "se", "qu", "en", "ces", ".", "<|endoftext|>", "Once", " upon", " a", " time"], "acts": [0.0, 0.0, 0.0, 0.0, 0.0, 0.0, 0.0, 0.0, 0.0, 0.0, 0.0, 0.0, 0.0, 2.4397, 0.0, 0.0, 0.0, 0.0, 0.0, 4.2848, 0.0, 0.0, 0.0, 4.465, 9.4602, 1.9715, 0.0, 0.0, 0.0, 0.0, 0.0, 0.0, 0.0], "max_pos": 24, "max_act": 9.4609}, {"tokens": ["'s", " important", " to", " be", " careful", " and", " listen", " to", " your", " eld", "ers", " so", " you", " don", "'t", " s", "uff", "er", " un", "w", "ant", "ed", " con", "se", "qu", "en", "ces", ".", "<|endoftext|>", "Once", " upon", " a", " time"], "acts": [0.0, 0.0, 0.0, 0.0, 0.0, 0.0, 0.0, 0.0, 0.0, 3.1087, 0.0, 0.0, 0.0, 0.0, 0.0, 0.0, 3.0962, 0.0, 0.0, 0.0, 0.0, 0.0, 0.0, 4.0625, 9.4034, 1.7531, 0.0, 0.0, 0.0, 0.0, 0.0, 0.0, 0.0], "max_pos": 24, "max_act": 9.4062}, {"tokens": [",", " think", " before", " you", " act", " and", " be", " mind", "ful", " of", " the", " con", "se", "qu", "en", "ces", ".", "<|endoftext|>", "One", " day", " two", " young"], "acts": [0.0, 0.0, 0.0, 0.0, 0.0, 0.0, 0.0, 0.0, 0.0, 0.0, 0.0, 0.0, 4.2473, 9.3472, 1.9996, 0.0, 0.0, 0.0, 0.0, 0.0, 0.0, 0.0], "max_pos": 13, "max_act": 9.3438}, {"tokens": [" important", " thing", ".", " He", " learned", " to", " be", " more", " careful", " with", " his", " laser", " gun", " and", " to", " think", " about", " the", " con", "se", "qu", "en", "ces", " of", " his", " act", "ions", ".", "<|endoftext|>"], "acts": [0.0, 0.0, 0.0, 0.0, 0.0, 0.0, 0.0, 0.0, 0.0, 0.0, 0.0, 0.0, 0.0, 0.0, 0.0, 0.0, 0.0, 0.0, 0.0, 4.3118, 9.2749, 2.3459, 0.0, 0.0, 0.0, 0.0, 0.0, 0.0, 0.0], "max_pos": 20, "max_act": 9.2734}, {"tokens": [" listen", " to", " me", ".", " You", " did", " not", " respect", " me", ".", " You", " did", " not", " love", " me", ".", " You", " have", " to", " face", " the", " con", "se", "qu", "en", "ces", ".", " You", " have", " to", " get", " out"], "acts": [0.0, 0.0, 0.0, 0.0, 0.0, 0.0, 0.0, 0.0, 0.0, 0.0, 0.0, 0.0, 0.0, 0.0, 0.0, 0.0, 0.0, 0.0, 0.0, 0.0, 0.0, 0.0, 4.2491, 9.2409, 2.1934, 0.0, 0.0, 0.0, 0.0, 0.0, 0.0, 0.0], "max_pos": 23, "max_act": 9.2422}, {"tokens": [" must", " be", " o", "be", "y", "ed", " and", " respect", " must", " be", " gi", "ven", ".", " If", " you", " cannot", " do", " that", ",", " there", " will", " be", " con", "se", "qu", "en", "ces", ".\"", "\n", "\n", "D", "en", "n"], "acts": [0.0, 0.0, 0.0, 1.2879, 0.0, 0.0, 0.0, 0.0, 1.4606, 0.0, 0.0, 0.0, 0.0, 0.0, 0.0, 0.0, 0.0, 0.0, 0.0, 0.0, 0.0, 0.0, 0.0, 4.4321, 9.1076, 1.7335, 0.0, 0.0, 0.0, 0.0, 0.0, 0.0, 0.0], "max_pos": 24, "max_act": 9.1094}, {"tokens": ["M", "or", "al", " of", " the", " St", "ory", ":", " Be", " careful", " who", " you", " are", " jealous", " of", ",", " because", " it", " could", " lead", " to", " bad", " con", "se", "qu", "en", "ces", ".", "<|endoftext|>", "Molly", " had", " been", " playing"], "acts": [0.0, 0.0, 0.0, 0.0, 0.0, 0.0, 0.0, 0.0, 0.0, 0.0, 0.0, 0.0, 0.0, 0.0, 0.0, 0.0, 0.0, 0.0, 0.0, 0.0, 0.0, 0.0, 0.0, 4.0384, 9.0081, 1.6503, 0.0, 0.0, 0.0, 0.0, 0.0, 0.0, 0.0], "max_pos": 24, "max_act": 9.0078}, {"tokens": [" He", " soon", " realized", " that", " the", " strange", " fruit", " had", " made", " him", " sick", ".", " He", " realized", " too", " late", " how", " pr", "ide", " can", " lead", " to", " con", "se", "qu", "en", "ces", ".", "<|endoftext|>", "There", " was", " once", " a"], "acts": [0.0, 0.0, 0.0, 0.0, 0.0, 0.0, 0.0, 0.0, 0.0, 0.0, 0.0, 0.0, 0.0, 0.0, 0.0, 0.0, 0.0, 0.0, 0.0, 0.0, 0.0, 0.0, 0.0, 3.9922, 8.8431, 1.6231, 0.0, 0.0, 0.0, 0.0, 0.0, 0.0, 0.0], "max_pos": 24, "max_act": 8.8438}, {"tokens": [" herself", " badly", ".", " Lily", " felt", " so", " sad", " and", " scared", ".", " She", " learned", " that", " sometimes", ",", " even", " little", " mist", "akes", " can", " have", " big", " con", "se", "qu", "en", "ces", ".", "<|endoftext|>", "Once", " upon", " a", " time"], "acts": [0.0, 0.0, 0.0, 0.0, 0.0, 0.0, 0.0, 0.0, 0.0, 0.0, 0.0, 0.0, 0.0, 0.0, 0.0, 0.0, 0.0, 0.0, 0.0, 0.0, 0.0, 0.0, 0.0, 3.6942, 8.8266, 1.434, 0.0, 0.0, 0.0, 0.0, 0.0, 0.0, 0.0], "max_pos": 24, "max_act": 8.8281}, {"tokens": [".", " He", " had", " learned", " a", " valuable", " lesson", " that", " day", " -", " that", " sharing", " is", " car", "ing", ",", " and", " that", " true", " love", " and", " kindness", " can", " con", "qu", "er", " anything", "!", "<|endoftext|>", "Sally", " was", " 3", "-"], "acts": [0.0, 0.0, 0.0, 0.0, 0.0, 0.0, 0.0, 0.0, 0.0, 0.0, 0.0, 0.0, 0.0, 0.0, 0.0, 0.0, 0.0, 0.0, 0.0, 0.0, 0.0, 0.0, 0.0, 0.0, 8.7618, 0.0, 0.0, 0.0, 0.0, 0.0, 0.0, 0.0, 0.0], "max_pos": 24, "max_act": 8.7656}]}