{"id": 240, "density": 0.006561, "max_act": 13.1953125, "hist": {"edges": [0.01, 0.0133, 0.0178, 0.0237, 0.0316, 0.0422, 0.0562, 0.075, 0.1, 0.1334, 0.1778, 0.2371, 0.3162, 0.4217, 0.5623, 0.7499, 1.0, 1.3335, 1.7783, 2.3714, 3.1623, 4.217, 5.6234, 7.4989, 10.0, 13.3352, 17.7828, 23.7137, 31.6228, 42.1697, 56.2341, 74.9894, 100.0], "counts": [0, 0, 0, 0, 0, 0, 0, 0, 0, 0, 0, 17, 194, 952, 2280, 3373, 3633, 3638, 3118, 1297, 196, 129, 1424, 4984, 1009, 0, 0, 0, 0, 0, 0, 0]}, "logit_lens": {"promoted": [["wards", 0.429], [" home", 0.344], [" at", 0.318], [" to", 0.313], ["ard", 0.306], [" into", 0.306], ["ed", 0.297], [" where", 0.292], [" onto", 0.278], [" in", 0.274]], "suppressed": [["ree", 0.341], ["it", 0.313], ["ic", 0.263], ["und", 0.255], [" end", 0.24], ["ee", 0.228], ["ass", 0.228], [" elderly", 0.224], ["ec", 0.223], ["ience", 0.22]]}, "examples": [{"tokens": ["After", " a", " while", ",", " the", " little", " girl", " learnt", " how", " to", " sail", " the", " ship", ".", " She", " thanked", " the", " pirate", " and", " said", " goodbye", " before", " head", "ing", " back", " to", " the", " beach", " with", " a", " smile", ".", "<|endoftext|>"], "acts": [0.0, 0.0, 0.0, 0.0, 0.0, 0.0, 0.0, 0.0, 0.0, 0.0, 0.0, 0.0, 0.0, 0.0, 0.0, 0.0, 0.0, 0.0, 0.0, 0.0, 0.0, 0.0, 3.3359, 0.0, 13.198, 0.9888, 0.0, 0.0, 0.0, 0.0, 0.0, 0.0, 0.0], "max_pos": 24, "max_act": 13.1953}, {"tokens": [".", "\n", "\n", "The", " little", " fish", " was", " so", " happy", ".", " He", " splashed", " around", " in", " the", " water", " and", " then", " sett", "led", " back", " down", " into", " his", " home", ".", " Everything", " was", " normal"], "acts": [0.0, 0.0, 0.0, 0.0, 0.0, 0.0, 0.0, 0.0, 0.0, 0.0, 0.0, 0.0, 0.0, 0.0, 0.0, 0.0, 0.0, 0.0, 0.0, 0.0, 12.9604, 2.5187, 0.0, 0.0, 0.0, 0.0, 0.0, 0.0, 0.0], "max_pos": 20, "max_act": 12.9609}, {"tokens": [" a", " while", ",", " the", " kite", " and", " m", "op", " landed", " safely", " back", " on", " the", " ground", ".", " The", " m", "op", " was"], "acts": [0.0, 0.0, 0.0, 0.0, 0.0, 0.0, 0.0, 0.0, 0.0, 3.0233, 12.6881, 0.0, 0.0, 0.0, 0.0, 0.0, 0.0, 0.0, 0.0], "max_pos": 10, "max_act": 12.6875}, {"tokens": [" held", " out", " his", " arm", ",", " but", " the", " lady", " was", " so", " surprised", " she", " jumped", " back", ".", " Sam", " knew", " she", " was", " very", " scared", " and"], "acts": [0.0, 0.0, 0.0, 0.0, 0.0, 0.0, 0.0, 0.0, 0.0, 0.0, 0.0, 0.0, 0.0, 12.662, 0.0, 0.0, 0.0, 0.0, 0.0, 0.0, 0.0, 0.0], "max_pos": 13, "max_act": 12.6641}, {"tokens": [" again", " somet", "ime", "!\"", " \n", "\n", "And", " so", " they", " both", " skipped", " happily", " back", " home", ".", "<|endoftext|>", "Once", " upon", " a", " time", ","], "acts": [2.148, 0.0, 0.0, 0.0, 0.0, 0.0, 0.0, 0.0, 0.0, 0.0, 0.0, 0.0, 12.6205, 0.0, 0.0, 0.0, 0.0, 0.0, 0.0, 0.0, 0.0], "max_pos": 12, "max_act": 12.6172}, {"tokens": [" swam", " back", " to", " his", " side", " of", " the", " lake", ",", " feeling"], "acts": [0.0, 12.5303, 0.0, 0.0, 0.0, 0.0, 0.0, 0.0, 0.0, 0.0], "max_pos": 1, "max_act": 12.5312}, {"tokens": [" the", " night", " sky", ".", " When", " she", " looked", " down", " she", " saw", " the", " world", " bel", "ow", " her", ".", " She", " felt", " so", " happy", ",", " and", " sett", "led", " back"], "acts": [0.0, 0.0, 0.0, 0.0, 0.0, 0.0, 0.0, 0.0, 0.0, 0.0, 0.0, 0.0, 0.0, 0.0, 0.0, 0.0, 0.0, 0.0, 0.0, 0.0, 0.0, 0.0, 0.0, 0.0, 12.5282], "max_pos": 24, "max_act": 12.5312}, {"tokens": [" have", " their", " dragon", " friend", ".", " They", " even", " threw", " a", " special", " party", " for", " it", "!", " The", " dragon", " had", " a", " wonderful", " time", ",", " and", " sett", "led", " back", " in", " its", " cave", " when", " the", " night", " end", "ed"], "acts": [0.0, 0.0, 0.0, 0.0, 0.0, 0.0, 0.0, 0.0, 0.0, 0.0, 0.0, 0.0, 0.0, 0.0, 0.0, 0.0, 0.0, 0.0, 0.0, 0.0, 0.0, 0.0, 0.0, 0.0, 12.4653, 0.0, 0.0, 0.0, 0.0, 0.0, 0.0, 1.4081, 0.0], "max_pos": 24, "max_act": 12.4688}, {"tokens": [" each", " other", " around", ".", " After", " a", " while", ",", " the", " mouse", " got", " tired", ",", " so", " the", " kitten", " gave", " him", " a", " p", "igg", "y", " back", " ride", " back", " to", " the", " barn", ".", "\n", "\n", "The", " mouse"], "acts": [0.0, 0.0, 0.0, 0.0, 0.0, 0.0, 0.0, 0.0, 0.0, 0.0, 0.0, 0.0, 0.0, 0.0, 0.0, 0.0, 0.0, 0.0, 0.0, 0.0, 0.0, 0.0, 9.7414, 0.0, 12.4408, 0.0, 0.0, 0.0, 0.0, 0.0, 0.0, 0.0, 0.0], "max_pos": 24, "max_act": 12.4375}, {"tokens": [" voice", " and", " began", " his", " expl", "or", "ation", ".", " He", " spent", " the", " day", " exploring", " and", " learning", " about", " all", " the", " plan", "ets", " before", " eventually", " sett", "ling", " back", " in", " his", " room", ".", " He", " was", " tired", " but"], "acts": [0.0, 0.0, 0.0, 0.0, 0.0, 0.0, 0.0, 0.0, 0.0, 0.0, 0.0, 0.0, 0.0, 0.0, 0.0, 0.0, 0.0, 0.0, 0.0, 0.0, 0.0, 0.0, 0.0, 0.0, 12.4098, 0.0, 0.0, 0.0, 0.0, 0.0, 0.0, 0.0, 0.0], "max_pos": 24, "max_act": 12.4062}, {"tokens": ["o", "ger", " jumped", " back", " with", " a", " laugh", ".", " He", " quickly", " put", " on"], "acts": [0.0, 0.0, 0.0, 12.3683, 0.0, 0.0, 0.0, 0.0, 0.0, 0.0, 0.0, 0.0], "max_pos": 3, "max_act": 12.3672}, {"tokens": [",", " they", " knew", " they", " had", " to", " be", " brave", " and", " be", " quick", ".", " So", ",", " they", " jumped", " back", " through", " the", " window", " and", " scr", "am", "bled", " back", " inside", " as", " fast", " as", " they", " could", ".", "\n"], "acts": [0.0, 0.0, 0.0, 0.0, 0.0, 0.0, 0.0, 0.0, 0.0, 0.0, 0.0, 0.0, 0.0, 0.0, 0.0, 0.0, 11.3954, 0.0, 0.0, 0.0, 0.0, 0.0, 0.0, 0.0, 12.3425, 0.0, 0.0, 0.0, 0.0, 0.0, 0.0, 0.0, 0.0], "max_pos": 24, "max_act": 12.3438}]}