{"id": 29, "density": 0.00741975, "max_act": 7.73046875, "hist": {"edges": [0.01, 0.0133, 0.0178, 0.0237, 0.0316, 0.0422, 0.0562, 0.075, 0.1, 0.1334, 0.1778, 0.2371, 0.3162, 0.4217, 0.5623, 0.7499, 1.0, 1.3335, 1.7783, 2.3714, 3.1623, 4.217, 5.6234, 7.4989, 10.0, 13.3352, 17.7828, 23.7137, 31.6228, 42.1697, 56.2341, 74.9894, 100.0], "counts": [0, 0, 0, 0, 0, 0, 0, 0, 0, 1, 24, 127, 560, 2287, 4520, 5012, 4418, 3854, 3064, 2525, 1635, 895, 754, 3, 0, 0, 0, 0, 0, 0, 0, 0]}, "logit_lens": {"promoted": [[" she", 0.216], [" they", 0.209], [" he", 0.189], [" did", 0.177], [" the", 0.173], [" had", 0.169], [" do", 0.162], [" there", 0.151], [" I", 0.145], [" you", 0.143]], "suppressed": [["vel", 0.392], ["fully", 0.363], [" jealous", 0.348], ["ard", 0.345], ["ain", 0.341], ["ti", 0.335], ["reed", 0.334], [" envious", 0.334], ["ol", 0.334], [" louder", 0.332]]}, "examples": [{"tokens": [" and", " take", " it", " away", ".", " She", " hugged", " Tommy", " and", " said", " she", " was", " sorry", ".", " She", " said", " she", " was", " glad", " he", " was", " safe", ".", " She", " said", " he", " should", " not", " exam", "ine", " things", " he", " did"], "acts": [0.0, 0.0, 0.0, 0.0, 0.0, 0.0, 0.0, 0.0, 0.0, 6.3863, 0.0, 0.0, 0.0, 0.0, 0.0, 7.3547, 0.0, 0.0, 1.8682, 0.0, 0.0, 0.0, 0.0, 0.0, 7.7309, 0.0, 0.8661, 0.0, 0.0, 0.0, 0.0, 0.0, 0.0], "max_pos": 24, "max_act": 7.7305}, {"tokens": [" she", " would", " not", " do", " it", " again", ".", " She", " said", " she", " learned", " her", " lesson", ".", " She", " said", " she", " did", " not", " like", " fire", " anymore", ".", " She", " said", " she", " liked", " water", " and", " ice", " and", " snow", "."], "acts": [0.0, 0.0, 0.0, 0.0, 0.0, 0.0, 0.0, 0.0, 6.8412, 0.0, 0.0, 0.0, 0.0, 0.0, 0.0, 7.4751, 0.0, 0.0, 1.3315, 0.0, 0.0, 0.0, 0.0, 0.0, 7.6301, 0.0, 0.6108, 0.0, 0.0, 0.0, 0.0, 0.0, 0.0], "max_pos": 24, "max_act": 7.6289}, {"tokens": ["Sara", " smiled", ".", " She", " said", " she", " loved", " them", " and", " the", " we", "ather", " too", ".", " She", " said", " she", " was", " sorry", " for", " being", " mean", ".", " She", " said", " she", " wanted", " to", " be", " smart", " and", " nice", "."], "acts": [0.0, 0.0, 0.0, 0.0, 4.0082, 0.0, 0.0, 0.0, 0.0, 0.0, 0.0, 0.0, 0.0, 0.0, 0.0, 6.8541, 0.0, 0.0, 0.0, 0.0, 0.0, 0.0, 0.0, 0.0, 7.5505, 0.0, 0.0, 0.0, 0.0, 0.0, 0.0, 0.0, 0.0], "max_pos": 24, "max_act": 7.5508}, {"tokens": [" cry", " and", " say", " they", " are", " sorry", ".", " But", " Mom", " does", " not", " forgive", " them", ".", " She", " says", " they", " have", " to", " learn", " their", " lesson", ".", " She", " says", " they", " have", " to", " stay", " in", " their", " room", "."], "acts": [0.0, 0.0, 4.7822, 0.0, 0.0, 0.0, 0.0, 0.0, 0.0, 0.0, 0.0, 0.0, 0.0, 0.0, 0.0, 6.8786, 0.0, 0.0, 0.0, 0.0, 0.0, 0.0, 0.0, 0.0, 7.421, 0.0, 0.0, 0.0, 0.0, 0.0, 0.0, 0.0, 0.0], "max_pos": 24, "max_act": 7.4219}, {"tokens": [" was", " sorry", " for", " taking", " their", " toys", ",", " bre", "aking", " their", " toys", " and", " making", " them", " cry", ".", " He", " said", " he", " learned", " his", " lesson", ".", " He", " said", " he", " would", " not", " do", " it", " again", ".", "\n"], "acts": [0.0, 0.0, 0.0, 0.0, 0.0, 0.0, 0.0, 0.0, 0.0, 0.0, 0.0, 0.0, 0.0, 0.0, 0.0, 0.0, 0.0, 6.7874, 0.0, 0.0, 0.0, 0.0, 0.0, 0.5565, 7.3342, 0.0, 1.834, 0.5573, 0.0, 0.0, 0.0, 0.0, 0.0], "max_pos": 24, "max_act": 7.3359}, {"tokens": [".", " She", " said", " she", " was", " sorry", " too", ".", " She", " said", " she", " should", " have", " watched", " her", " better", ".", " She", " said", " she", " loved", " her", ".", " She", " said", " they", " would", " go", " home", " soon", " and", " see", " Spot"], "acts": [0.0, 0.0, 6.9551, 0.0, 0.0, 0.0, 0.0, 0.0, 0.0, 7.2845, 0.0, 0.0, 0.0, 0.0, 0.0, 0.0, 0.0, 0.0, 7.1113, 0.0, 0.0, 0.0, 0.0, 0.0, 7.3114, 0.0, 0.8615, 0.0, 0.0, 0.0, 0.0, 0.0, 0.0], "max_pos": 24, "max_act": 7.3125}, {"tokens": [" says", " they", " have", " to", " always", " hold", " her", " hand", " and", " stay", " close", ".", " She", " says", " she", " will", " always", " protect", " them", " and", " teach", " them", ".", " She", " says", " she", " is", " a", " wise", " and", " kind", " Mom", "."], "acts": [6.8696, 0.0, 0.0, 0.0, 0.0, 0.0, 0.0, 0.0, 0.0, 0.0, 0.0, 0.0, 0.0, 7.0291, 0.0, 0.9332, 0.0, 0.0, 0.0, 0.0, 0.0, 0.0, 0.0, 0.0, 7.3093, 0.0, 0.0, 0.0, 0.0, 0.0, 0.0, 0.0, 0.0], "max_pos": 24, "max_act": 7.3086}, {"tokens": [" took", " her", " teddy", " bear", " and", " hugged", " it", ".", " She", " said", " sorry", " to", " it", " for", " being", " scared", ".", " She", " said", " she", " loved", " it", ".", " She", " said", " good", " night", " to", " Mom", " and", " Dad", ".", " They"], "acts": [0.0, 0.0, 0.0, 0.0, 0.0, 0.0, 0.0, 0.0, 0.0, 5.8759, 0.0, 0.0, 0.0, 0.0, 0.0, 0.0, 0.0, 0.0, 6.9764, 0.0, 0.0, 0.0, 0.0, 0.0, 7.2746, 0.0, 0.0, 0.0, 0.0, 0.0, 0.0, 0.0, 0.0], "max_pos": 24, "max_act": 7.2734}, {"tokens": [".", " He", " said", " it", " was", " a", " mistake", ".", " He", " said", " the", " rhinoceros", " was", " not", " hungry", ".", " He", " said", " it", " was", " just", " curious", ".", " He", " said", " it", " did", " not", " mean", " to", " hurt", " Lily", "."], "acts": [0.0, 0.0, 6.4266, 0.0, 0.0, 0.0, 0.0, 0.0, 0.0, 6.9743, 0.0, 0.0, 0.0, 0.0, 0.0, 0.0, 0.0, 7.06, 0.0, 0.0, 0.0, 0.0, 0.0, 0.0, 7.2698, 0.0, 0.0, 0.0, 0.0, 0.0, 0.0, 0.0, 0.0], "max_pos": 24, "max_act": 7.2695}, {"tokens": ["ate", "ful", " and", " foolish", ".", " She", " sighed", " and", " said", " she", " was", " sorry", ".", " She", " said", " she", " wanted", " to", " be", " smart", " and", " nice", ".", " She", " said", " she", " wanted", " to", " share", " her", " books", " and", " play"], "acts": [0.0, 0.0, 0.0, 0.0, 0.0, 0.0, 0.0, 0.0, 5.2759, 0.0, 0.0, 0.0, 0.0, 0.0, 6.657, 0.0, 0.0, 0.0, 0.0, 0.0, 0.0, 0.0, 0.0, 0.0, 7.2596, 0.0, 0.0, 0.0, 0.0, 0.0, 0.0, 0.0, 0.0], "max_pos": 24, "max_act": 7.2578}, {"tokens": [" a", " worm", ".", " He", " hugged", " it", " and", " said", " he", " was", " sorry", ".", " He", " said", " he", " would", " never", " qu", "it", " playing", " with", " it", ".", " He", " said", " he", " loved", " it", ".", "\n", "\n", "But", " the"], "acts": [0.0, 0.0, 0.0, 0.0, 0.0, 0.0, 0.0, 4.9932, 0.0, 0.0, 0.0, 0.0, 0.0, 6.8496, 0.0, 1.6287, 1.0345, 0.0, 0.0, 0.0, 0.0, 0.0, 0.0, 0.0, 7.2228, 0.0, 0.0, 0.0, 0.0, 0.0, 0.0, 0.0, 0.0], "max_pos": 24, "max_act": 7.2227}, {"tokens": ["er", "ve", " to", " have", " the", " f", "ile", " or", " the", " kitten", ".", " She", " said", " they", " had", " to", " learn", " to", " share", " and", " be", " kind", ".", " She", " said", " she", " would", " give", " the", " f", "ile", " and", " the"], "acts": [0.0, 0.0, 0.0, 0.0, 0.0, 0.0, 0.0, 0.0, 0.0, 0.0, 0.0, 0.0, 6.4159, 0.0, 0.0, 0.0, 0.0, 0.0, 0.0, 0.0, 0.0, 0.0, 0.0, 0.0, 7.2212, 0.0, 2.0375, 0.0, 0.0, 0.0, 0.0, 0.0, 0.0], "max_pos": 24, "max_act": 7.2227}]}