{"id": 299, "density": 0.054128, "max_act": 5.91015625, "hist": {"edges": [0.01, 0.0133, 0.0178, 0.0237, 0.0316, 0.0422, 0.0562, 0.075, 0.1, 0.1334, 0.1778, 0.2371, 0.3162, 0.4217, 0.5623, 0.7499, 1.0, 1.3335, 1.7783, 2.3714, 3.1623, 4.217, 5.6234, 7.4989, 10.0, 13.3352, 17.7828, 23.7137, 31.6228, 42.1697, 56.2341, 74.9894, 100.0], "counts": [0, 0, 0, 0, 0, 0, 0, 0, 0, 3, 42, 669, 5946, 21315, 35320, 37949, 35369, 31013, 26203, 16852, 5172, 651, 8, 0, 0, 0, 0, 0, 0, 0, 0, 0]}, "logit_lens": {"promoted": [[" forth", 0.318], [" \"", 0.289], [" Mr", 0.286], ["ble", 0.277], [" someone", 0.272], [" might", 0.272], [" pulls", 0.261], [" others", 0.26], [" The", 0.251], [" belonged", 0.245]], "suppressed": [["and", 0.28], ["ge", 0.221], [" nowhere", 0.219], ["out", 0.219], ["Where", 0.212], [" about", 0.21], [" waiting", 0.209], ["robe", 0.207], [" world", 0.203], [" sleepy", 0.198]]}, "examples": [{"tokens": ["The", " big", " boy", " is", " angry", ".", " He", " tries", " to", " grab", " the", " balls", " from", " Anna", " and", " Ben", ".", " He", " pushes", " them", " and", " shouts", " at", " them", ".", " He", " is", " mean", ".", "\n", "\n", "Anna", " and"], "acts": [0.0, 0.0, 0.0, 0.0, 0.0, 0.0, 0.0, 0.0, 0.0, 0.0, 0.0, 0.0, 0.0, 0.0, 0.0, 0.0, 3.2076, 0.0, 0.0, 0.0, 0.0, 0.0, 0.0, 0.0, 5.9097, 0.0, 0.0, 0.0, 3.6706, 0.8516, 1.5024, 0.0, 0.0], "max_pos": 24, "max_act": 5.9102}, {"tokens": [" to", "ng", "ue", " at", " her", ".", "\n", "\n", "Lily", " and", " Tom", " started", " to", " fight", " over", " the", " doll", ".", " They", " pulled", " and", " pushed", " and", " yelled", ".", " Their", " mom", " saw", " them", " and", " said", ",", " \""], "acts": [0.0, 0.0, 0.0, 0.0, 0.0, 1.704, 0.0, 0.0, 0.0, 0.0, 0.0, 0.0, 0.0, 0.0, 0.0, 0.0, 0.0, 1.7381, 0.0, 0.0, 0.0, 0.0, 0.0, 0.0, 5.8668, 0.0, 0.0, 0.0, 0.0, 0.0, 0.0, 0.0, 0.0], "max_pos": 24, "max_act": 5.8672}, {"tokens": [" She", " grabbed", " the", " ball", " and", " hugged", " it", ".", " She", " threw", " it", " in", " the", " air", " and", " caught", " it", ".", " She", " kicked", " it", " and", " rolled", " it", ".", " She", " had", " so", " much", " fun", " with", " the", " ball"], "acts": [0.0, 0.0, 0.0, 0.0, 0.0, 0.0, 0.0, 4.1131, 0.0, 0.0, 0.0, 0.0, 0.0, 0.0, 0.0, 0.0, 0.0, 4.7258, 0.0, 0.0, 0.0, 0.0, 0.0, 0.0, 5.8468, 0.0, 0.0, 0.0, 0.0, 0.0, 0.0, 0.0, 0.0], "max_pos": 24, "max_act": 5.8477}, {"tokens": [" and", " ran", " away", ".", " Ben", " was", " brave", " and", " stayed", " to", " protect", " Lily", ".", "\n", "\n", "He", " shouted", " at", " the", " dog", " and", " threw", " a", " stick", ".", " The", " dog", " chased", " the", " stick", " and", " left", " them"], "acts": [0.0, 0.0, 0.0, 1.2547, 0.0, 0.0, 0.0, 0.0, 0.0, 0.0, 0.0, 0.0, 0.0, 0.0, 0.0, 0.0, 0.0, 0.0, 0.0, 0.0, 0.0, 0.0, 0.0, 0.0, 5.8486, 0.0, 0.0, 0.0, 0.0, 0.0, 0.0, 0.0, 0.0], "max_pos": 24, "max_act": 5.8477}, {"tokens": [" stick", " and", " po", "ked", " the", " snowman", "'s", " hat", ".", " He", " pulled", " the", " scarf", " and", " the", " carrot", " nose", ".", " He", " kicked", " the", " snowman", "'s", " body", ".", " Tim", " and", " Sam", " were", " very", " sad", " and", " angry"], "acts": [0.0, 0.0, 0.0, 0.0, 0.0, 0.0, 0.0, 0.0, 3.0809, 0.0, 0.0, 0.0, 0.0, 0.0, 0.0, 0.0, 0.0, 4.8511, 0.0, 0.0, 0.0, 0.0, 0.0, 0.0, 5.8328, 0.0, 0.0, 0.0, 0.0, 0.0, 0.0, 0.0, 0.0], "max_pos": 24, "max_act": 5.832}, {"tokens": [" and", " ran", " to", " Lily", ".", " He", " tried", " to", " grab", " the", " wallet", ",", " but", " Lily", " held", " it", " tight", ".", " They", " pulled", " and", " pushed", " and", " yelled", ".", "\n", "\n", "A", " man", " was", " walking", " his", " dog"], "acts": [0.0, 0.0, 0.0, 0.0, 2.3475, 0.0, 0.0, 0.0, 0.0, 0.0, 0.0, 0.0, 0.0, 0.0, 0.0, 0.0, 0.0, 3.6094, 0.0, 0.0, 0.8473, 0.0, 0.0, 0.0, 5.8027, 1.0564, 1.495, 0.0, 0.0, 0.0, 0.0, 0.0, 0.0], "max_pos": 24, "max_act": 5.8047}, {"tokens": [" listen", " and", " kept", " trying", " to", " make", " Lily", " get", " off", " the", " swing", ".", " He", " pulled", " her", " hair", ",", " kicked", " her", " legs", " and", " shouted", " at", " her", ".", " Lily", " started", " to", " cry", " and", " felt", " very", " sad"], "acts": [0.0, 0.0, 0.0, 0.0, 0.0, 0.0, 0.0, 0.0, 0.0, 0.0, 0.0, 1.9112, 0.0, 0.0, 0.0, 0.0, 0.0, 0.0, 0.0, 0.0, 0.0, 0.0, 0.0, 0.0, 5.6853, 0.0, 0.0, 0.0, 0.0, 0.0, 0.0, 0.0, 0.0], "max_pos": 24, "max_act": 5.6836}, {"tokens": [" she", " said", ".", "\n", "\n", "Ben", " was", " angry", ".", " He", " did", " not", " like", " to", " share", " his", " car", ".", " He", " pulled", " it", " back", " and", " shouted", ".", " \"", "No", ",", " it", " is", " my", " car", "!"], "acts": [0.0, 0.0, 2.9369, 0.0, 0.6866, 0.0, 0.0, 0.0, 0.0, 0.0, 0.0, 0.0, 0.0, 0.0, 0.0, 0.0, 0.0, 1.0599, 0.0, 0.0, 0.0, 0.0, 0.0, 0.0, 5.6313, 0.0, 0.0, 0.0, 0.0, 0.0, 0.0, 0.0, 0.0], "max_pos": 24, "max_act": 5.6328}, {"tokens": [" bo", "ot", " from", " Tom", ".", "\n", "\n", "Tom", " and", " Sara", " started", " to", " fight", " over", " the", " bo", "ot", ".", " They", " pulled", " and", " pushed", " and", " shouted", ".", " The", " bo", "ot", " flew", " out", " of", " their", " hands"], "acts": [0.0, 0.0, 0.0, 0.0, 3.2831, 0.0, 1.1664, 0.0, 0.0, 0.0, 0.0, 0.0, 0.0, 0.0, 0.0, 0.0, 0.0, 1.6644, 0.0, 0.0, 0.0, 0.0, 0.0, 0.0, 5.6116, 0.0, 0.0, 0.0, 0.0, 0.0, 0.0, 0.0, 0.0], "max_pos": 24, "max_act": 5.6133}, {"tokens": [" in", " its", " mouth", ".", "\n", "\n", "Sara", " was", " brave", ".", " She", " picked", " up", " a", " stick", " and", " hit", " the", " bear", ".", " She", " yelled", " at", " it", ".", " She", " made", " it", " drop", " Ben", ".", " She", " grabbed"], "acts": [0.0, 0.0, 0.0, 0.0, 0.0, 0.0, 0.0, 0.0, 0.0, 0.0, 0.0, 0.0, 0.0, 0.0, 0.0, 0.0, 0.0, 0.0, 0.0, 3.4796, 0.0, 0.0, 0.0, 0.0, 5.6006, 0.0, 0.0, 0.0, 0.0, 0.0, 4.0747, 0.0, 0.0], "max_pos": 24, "max_act": 5.6016}, {"tokens": [" too", " hard", " or", " too", " far", ".\"", "\n", "\n", "Ben", " nodded", " and", " threw", " the", " ball", " to", " Lily", ".", " She", " caught", " it", " and", " threw", " it", " back", "."], "acts": [0.0, 1.0931, 0.0, 0.0, 0.0, 0.0, 0.0, 0.0, 0.0, 0.0, 0.0, 0.0, 0.0, 0.0, 0.0, 0.0, 3.476, 0.0, 0.0, 0.0, 0.0, 0.0, 0.0, 0.0, 5.5401], "max_pos": 24, "max_act": 5.5391}, {"tokens": [" want", " to", " share", ".", " Lily", " got", " angry", " and", " tried", " to", " grab", " the", " ", "iron", " from", " Tom", ".", " They", " both", " pulled", " and", " pushed", " and", " shouted", ".", "\n", "\n", "Tom", "'s", " mom", " heard", " the", " noise"], "acts": [0.0, 0.0, 0.0, 0.0, 0.0, 0.0, 0.0, 0.0, 0.0, 0.0, 0.0, 0.0, 0.0, 0.0, 0.0, 0.0, 2.5483, 0.0, 0.0, 0.0, 0.0, 0.0, 0.0, 0.0, 5.5321, 0.5925, 1.6425, 0.0, 0.0, 0.0, 0.0, 0.0, 0.0], "max_pos": 24, "max_act": 5.5312}]}