{"id": 302, "density": 0.010059, "max_act": 7.23828125, "hist": {"edges": [0.01, 0.0133, 0.0178, 0.0237, 0.0316, 0.0422, 0.0562, 0.075, 0.1, 0.1334, 0.1778, 0.2371, 0.3162, 0.4217, 0.5623, 0.7499, 1.0, 1.3335, 1.7783, 2.3714, 3.1623, 4.217, 5.6234, 7.4989, 10.0, 13.3352, 17.7828, 23.7137, 31.6228, 42.1697, 56.2341, 74.9894, 100.0], "counts": [0, 0, 0, 0, 0, 0, 0, 0, 0, 1, 3, 45, 442, 2005, 5416, 9146, 8686, 6006, 3773, 2459, 1637, 464, 153, 0, 0, 0, 0, 0, 0, 0, 0, 0]}, "logit_lens": {"promoted": [["er", 0.283], [" arms", 0.238], ["se", 0.222], ["r", 0.219], ["ery", 0.211], [" air", 0.208], [" of", 0.207], ["side", 0.205], ["ound", 0.204], ["ic", 0.204]], "suppressed": [[" grandpa", 0.265], [" birthday", 0.257], [" Grandpa", 0.246], [" hive", 0.233], [" fairy", 0.233], [" party", 0.226], [" Mia", 0.226], ["Mia", 0.223], [" clay", 0.219], [" dreaming", 0.217]]}, "examples": [{"tokens": [" He", " could", " feel", " his", " little", " feet", " getting", " tired", ".", " \n", "\n", "The", " rabbit", " found", " a", " comfortable"], "acts": [0.0, 0.0, 0.0, 0.0, 1.4465, 0.0, 1.5319, 7.2368, 0.0, 0.0, 0.0, 0.0, 0.0, 0.0, 0.0, 0.0], "max_pos": 7, "max_act": 7.2383}, {"tokens": [" Ella", " didn", "'t", " listen", ".", " She", " stayed", " on", " the", " be", "am", " for", " a", " really", " long", " time", ".", " Eventually", ",", " her", " mus", "c", "les", " got", " tired", " and", " she", " fell", " off", ".", " Everyone", " was", " very"], "acts": [0.0, 0.0, 0.0, 0.0, 0.0, 0.0, 0.0, 0.0, 0.0, 0.0, 0.0, 0.0, 0.0, 0.0, 0.0, 0.8022, 0.0, 0.0, 0.0, 0.0, 0.0, 0.0, 0.0, 0.0, 7.037, 0.0, 0.0, 0.4635, 1.1509, 0.0, 0.0, 0.0, 0.0], "max_pos": 24, "max_act": 7.0352}, {"tokens": [" couldn", "'t", " help", " but", " smile", ".", "\n", "\n", "E", "ventually", " the", " man", " got", " tired", " and", " he", " stopped", " to", " rest", ".", " But", " the"], "acts": [0.0, 0.0, 0.0, 0.0, 0.0, 0.0, 0.0, 0.0, 0.0, 0.0, 0.0, 0.0, 0.0, 6.9499, 0.0, 0.0, 0.738, 0.0, 0.0, 0.0, 0.0, 0.0], "max_pos": 13, "max_act": 6.9492}, {"tokens": [" a", " pro", "!", " He", " was", " so", " proud", " of", " himself", " and", " his", " mum", " was", " too", ".", " She", " clapped", " and", " cheered", " until", " R", "ick", "y", " got", " tired", ".", "\n", "\n", "R", "ick", "y", " had", " done"], "acts": [0.0, 0.0, 0.0, 0.0, 0.0, 0.0, 0.0, 0.0, 0.0, 0.0, 0.0, 0.0, 0.0, 0.0, 0.0, 0.0, 0.0, 0.0, 0.0, 0.0, 0.0, 0.0, 0.0, 0.0, 6.9149, 0.0, 0.0, 0.0, 0.0, 0.0, 0.0, 0.0, 0.0], "max_pos": 24, "max_act": 6.9141}, {"tokens": ["O", "k", ",", " let", "\u00e2\u20ac\u2122", "s", " jump", " together", "!\u00e2\u20ac", " The", " two", " of", " them", " started", " jumping", " and", " laughing", ".", " They", " jumped", " until", " they", " both", " got", " tired", ".", "\n", "\n", "The", " woman", " looked", " at", " the"], "acts": [0.0, 0.0, 0.0, 0.0, 0.0, 0.0, 0.0, 0.0, 0.0, 0.0, 0.0, 0.0, 0.0, 0.0, 0.0, 0.0, 0.0, 0.0, 0.0, 0.0, 0.0, 0.0, 0.0, 0.0, 6.7446, 0.0, 0.0, 0.0, 0.0, 0.0, 0.0, 0.0, 0.0], "max_pos": 24, "max_act": 6.7461}, {"tokens": [" the", " fight", ".", " So", ",", " Jack", " kept", " moving", " and", " tried", " to", " ign", "ore", " the", " it", "ches", ".", " \n", "\n", "At", " last", ",", " Sam", " got", " tired", " and", " stopped", " fighting", ".", " Jack", " was", " relieved", " -"], "acts": [0.8488, 0.0, 0.0, 0.0, 0.0, 0.0, 0.0, 0.0, 0.0, 0.0, 0.0, 0.0, 0.0, 0.0, 0.0, 0.0, 0.0, 0.4241, 0.0, 0.0, 0.0, 0.0, 0.0, 0.0, 6.7236, 0.0, 0.852, 0.0, 0.0, 0.0, 0.0, 0.0, 0.0], "max_pos": 24, "max_act": 6.7227}, {"tokens": [" swam", " so", " fast", " that", " all", " his", " friends", " said", " he", " was", " a", " great", " swim", "mer", ".", " After", " swimming", " for", " a", " while", ",", " E", "ric", " got", " tired", " and", " head", "ed", " back", " the", " arm", "ch", "air"], "acts": [0.0, 0.0, 0.0, 0.0, 0.0, 0.0, 0.0, 0.0, 0.0, 0.0, 0.0, 0.0, 0.0, 0.0, 0.0, 0.0, 0.0, 0.0, 0.0, 0.0, 0.0, 0.0, 0.0, 0.0, 6.7086, 0.0, 1.3449, 0.0, 1.1075, 0.0, 0.0, 0.0, 0.0], "max_pos": 24, "max_act": 6.707}, {"tokens": [" get", " sleepy", " if", " you", " don", "'t", " eat", " your", " cereal", "."], "acts": [5.2742, 6.65, 0.0, 0.0, 0.0, 0.0, 0.0, 0.0, 0.0, 0.0], "max_pos": 1, "max_act": 6.6484}, {"tokens": [" high", " as", " she", " could", ".", " But", " it", " was", " hard", " work", " and", " she", " got", " tired", " very", " quickly", ".", "\n", "\n", "One", " day", ","], "acts": [2.0742, 0.0, 0.0, 0.0, 0.0, 0.0, 0.0, 0.0, 0.0, 0.0, 0.0, 0.0, 0.0, 6.6358, 0.9633, 0.0, 0.0, 0.0, 0.0, 0.0, 0.0, 0.0], "max_pos": 13, "max_act": 6.6367}, {"tokens": [" a", " long", " time", ".", " The", " other", " birds", " watched", ",", " waiting", " to", " see", " who", " would", " win", ".", " After", " a", " while", ",", " the", " cr", "ow", " got", " tired", " and", " fell", " off", " the", " branch", ".", " The", " owl"], "acts": [0.0, 0.0, 0.0, 0.0, 0.0, 0.0, 0.0, 0.0, 0.0, 0.0, 0.0, 0.0, 0.0, 0.0, 0.0, 0.0, 0.0, 0.0, 0.0, 0.0, 0.0, 0.0, 0.0, 0.0, 6.5879, 0.0, 0.0, 1.1296, 0.0, 0.0, 0.0, 0.0, 0.0], "max_pos": 24, "max_act": 6.5898}, {"tokens": [" skeleton", " until", " he", " got", " tired", ".", " As", " he", " left", " the", " castle", ",", " he"], "acts": [0.0, 0.0, 0.0, 0.0, 6.5596, 0.0, 0.0, 0.0, 0.0, 0.0, 0.0, 0.0, 0.0], "max_pos": 4, "max_act": 6.5586}, {"tokens": [" you", ",\"", " Ann", " says", ".", " She", " pushes", " the", " box", " from", " the", " other", " side", ",", " but", " it", " is", " still", " too", " heavy", ".", " They", " both", " get", " tired", " and", " sit", " on", " the", " grass", ".", "\n", "\n"], "acts": [0.0, 0.0, 0.0, 0.0, 0.0, 0.0, 0.0, 0.0, 0.0, 0.0, 0.0, 0.0, 0.0, 0.0, 0.0, 0.0, 0.0, 0.0, 0.0, 0.0, 0.0, 0.0, 0.0, 0.0, 6.5298, 0.0, 0.0, 0.0, 0.0, 0.0, 0.0, 0.0, 0.0], "max_pos": 24, "max_act": 6.5312}]}