{"id": 31, "density": 0.00437, "max_act": 8.8515625, "hist": {"edges": [0.01, 0.0133, 0.0178, 0.0237, 0.0316, 0.0422, 0.0562, 0.075, 0.1, 0.1334, 0.1778, 0.2371, 0.3162, 0.4217, 0.5623, 0.7499, 1.0, 1.3335, 1.7783, 2.3714, 3.1623, 4.217, 5.6234, 7.4989, 10.0, 13.3352, 17.7828, 23.7137, 31.6228, 42.1697, 56.2341, 74.9894, 100.0], "counts": [0, 0, 0, 0, 0, 0, 0, 0, 0, 0, 0, 18, 110, 729, 2278, 3758, 3584, 2252, 1298, 808, 721, 950, 742, 232, 0, 0, 0, 0, 0, 0, 0, 0]}, "logit_lens": {"promoted": [[" of", 0.605], [" shelf", 0.256], ["r", 0.227], ["ic", 0.225], ["w", 0.224], [" bed", 0.188], [" seat", 0.186], [" tall", 0.178], [" room", 0.173], ["ways", 0.172]], "suppressed": [[" nicely", 0.318], [" fighting", 0.31], ["ue", 0.287], ["ither", 0.282], [" joke", 0.28], ["ipper", 0.28], ["it", 0.278], ["ess", 0.274], [" accident", 0.273], ["erly", 0.272]]}, "examples": [{"tokens": [" he", " decided", " to", " go", " up", "stairs", " to", " see", " what", " was", " up", " there", ".", " He", " carefully", " walked", " up", " the", " stairs", " and", " when", " he", " reached", " the", " top", " he", " found", " a", " very", " big", " room", ".", " Inside"], "acts": [0.0, 0.0, 0.0, 0.0, 0.0, 0.0, 0.0, 0.0, 0.0, 0.0, 0.0, 0.0, 0.0, 0.0, 0.0, 0.0, 0.0, 0.0, 0.0, 0.0, 0.0, 0.0, 0.8815, 1.4808, 8.852, 0.0, 0.0, 0.0, 0.0, 0.0, 0.0, 0.0, 0.0], "max_pos": 24, "max_act": 8.8516}, {"tokens": [" the", " ladder", " and", " started", " to", " climb", ".", " He", " went", " up", " and", " up", " until", " he", " reached", " the", " top", ".", " He", " looked", " over", " the", " wall", " and", " saw"], "acts": [0.0, 0.0, 0.0, 0.0, 0.0, 0.0, 0.0, 0.0, 0.0, 0.0, 0.0, 0.0, 0.0, 0.0, 0.7732, 0.0, 8.7951, 0.0, 0.0, 0.0, 0.0, 0.0, 0.0, 0.0, 0.0], "max_pos": 16, "max_act": 8.7969}, {"tokens": [" hig", "he", "st", " mountain", " in", " the", " land", ".", "\n", "\n", "The", " king", " set", " off", " and", " climbed", " higher", " and", " higher", ",", " until", " he", " reached", " the", " top", " of", " the", " mountain", ".", " It", " was", " very", " ch"], "acts": [0.0, 0.0, 0.0, 0.0, 0.0, 0.0, 0.0, 0.0, 0.0, 0.0, 0.0, 0.0, 0.0, 0.0, 0.0, 0.0, 0.0, 0.0, 0.0, 0.0, 0.0, 0.0, 0.0, 1.4085, 8.7561, 0.0, 0.856, 0.0, 0.0, 0.0, 0.0, 0.0, 0.0], "max_pos": 24, "max_act": 8.7578}, {"tokens": [" She", " climbed", " higher", " and", " higher", " until", " she", " reached", " the", " top", ".", " She", " felt", " like", " a", " queen", "!", " \n"], "acts": [0.0, 0.0, 0.0, 0.0, 0.0, 0.0, 0.0, 1.5295, 1.2642, 8.7017, 0.0, 0.0, 0.0, 0.0, 0.0, 0.0, 0.0, 0.0], "max_pos": 9, "max_act": 8.7031}, {"tokens": [" hopped", " up", " one", " by", " one", ".", " \n", "\n", "When", " he", " finally", " got", " to", " the", " top", ",", " he", " put", " the", " comb", " carefully", " on", " the"], "acts": [0.0, 0.0, 0.0, 0.0, 2.1722, 0.0, 0.0, 0.0, 0.0, 0.0, 0.0, 0.0, 0.0, 0.0, 8.5879, 0.0, 0.0, 0.0, 0.0, 0.0, 0.0, 0.0, 0.0], "max_pos": 14, "max_act": 8.5859}, {"tokens": [" and", " helped", " each", " other", ".", "\n", "\n", "When", " they", " reached", " the", " top", ",", " they", " saw", " a", " surprise", ".", " There", " was"], "acts": [0.0, 0.0, 0.0, 0.0, 0.0, 0.0, 0.0, 0.0, 0.0, 0.0, 0.0, 8.568, 0.0, 0.0, 0.0, 0.0, 0.0, 0.0, 0.0, 0.0], "max_pos": 11, "max_act": 8.5703}, {"tokens": [" the", " bird", " decided", " to", " soar", " up", " into", " the", " clouds", ".", " It", " fl", "apped", " its", " wings", " and", " went", " higher", " and", " higher", " until", " it", " reached", " the", " top", ".", " It", " felt", " happy", " and", " free", " up", " there"], "acts": [0.0, 0.0, 0.0, 0.0, 0.0, 0.0, 0.0, 0.0, 0.0, 0.0, 0.0, 0.0, 0.0, 0.0, 0.0, 0.0, 0.0, 0.0, 0.0, 0.0, 0.0, 0.0, 0.0, 1.6333, 8.5618, 0.0, 0.0, 0.0, 0.0, 0.0, 0.0, 0.0, 0.0], "max_pos": 24, "max_act": 8.5625}, {"tokens": [" on", " an", " adventure", ".", " ", "\n", "The", " friends", " rolled", " through", " the", " meadow", ",", " laughing", " and", " talking", ".", " They", " kept", " rolling", " until", " they", " reached", " the", " top", " of", " a", " big", " hill", ".", "\n", "\n", "\""], "acts": [0.0, 0.0, 0.0, 0.0, 0.0, 0.0, 0.0, 0.0, 0.0, 0.0, 0.0, 0.0, 0.0, 0.0, 0.0, 0.0, 0.0, 0.0, 0.0, 0.0, 0.0, 0.0, 0.0, 1.142, 8.545, 0.0, 0.0, 0.0, 0.0, 0.0, 0.0, 0.0, 0.0], "max_pos": 24, "max_act": 8.5469}, {"tokens": ["\n", "\n", "One", " day", ",", " the", " bird", " was", " feeling", " especially", " adventurous", " and", " decided", " to", " fly", " even", " higher", " than", " before", ",", " until", " it", " reached", " the", " top", " of", " the", " tall", "est", " tree", " around", ".", " Be"], "acts": [0.0, 0.0, 0.0, 0.0, 0.0, 0.0, 0.0, 0.0, 0.0, 0.0, 0.0, 0.0, 0.0, 0.0, 0.0, 0.0, 0.0, 0.0, 0.0, 0.0, 0.0, 0.0, 0.0, 1.4845, 8.5348, 0.0, 0.7762, 0.0, 0.0, 0.0, 0.0, 0.0, 0.0], "max_pos": 24, "max_act": 8.5312}, {"tokens": [" climb", " the", " hill", ",", " but", " it", " was", " a", " long", " way", " up", ".", " When", " they", " finally", " reached", " the", " top", ",", " it", " was", " still", " a", " very", " long", " way"], "acts": [0.0, 0.0, 0.0, 0.0, 0.0, 0.0, 0.0, 0.0, 0.0, 0.0, 0.0, 0.0, 0.0, 0.0, 0.0, 0.8283, 0.0, 8.5291, 0.0, 0.0, 0.0, 0.0, 0.0, 0.0, 0.0, 0.0], "max_pos": 17, "max_act": 8.5312}, {"tokens": ["<|endoftext|>", "Once", " upon", " a", " time", ",", " there", " was", " a", " boy", " who", " loved", " to", " climb", ".", " One", " day", ",", " he", " decided", " to", " climb", " to", " the", " top", " of", " a", " mountain", " to", " get", " a", " better", " view"], "acts": [0.0, 0.0, 0.0, 0.0, 0.0, 0.0, 0.0, 0.0, 0.0, 0.0, 0.0, 0.0, 0.0, 0.0, 0.0, 0.0, 0.0, 0.0, 0.0, 0.0, 0.0, 0.0, 0.0, 0.0, 8.4661, 0.0, 0.0, 0.0, 0.0, 0.0, 0.0, 0.0, 2.8933], "max_pos": 24, "max_act": 8.4688}, {"tokens": [".", " He", " was", " surprised", " to", " see", " that", " the", " volcano", " looked", " much", " bigger", " up", " close", ".", " He", " kept", " climb", "ing", ",", " and", " finally", " reached", " the", " top", ".", " \n", "\n", "When", " he", " looked", " inside", ","], "acts": [0.0, 0.0, 0.0, 0.0, 0.0, 0.0, 0.0, 0.0, 0.0, 0.0, 0.0, 0.0, 0.0, 0.0, 0.0, 0.0, 0.0, 0.0, 0.0, 0.0, 0.0, 0.0, 0.0, 1.1002, 8.4229, 0.0, 0.0, 0.0, 0.0, 0.0, 0.0, 0.0, 0.0], "max_pos": 24, "max_act": 8.4219}]}