{"id": 326, "density": 0.0162085, "max_act": 6.328125, "hist": {"edges": [0.01, 0.0133, 0.0178, 0.0237, 0.0316, 0.0422, 0.0562, 0.075, 0.1, 0.1334, 0.1778, 0.2371, 0.3162, 0.4217, 0.5623, 0.7499, 1.0, 1.3335, 1.7783, 2.3714, 3.1623, 4.217, 5.6234, 7.4989, 10.0, 13.3352, 17.7828, 23.7137, 31.6228, 42.1697, 56.2341, 74.9894, 100.0], "counts": [0, 0, 0, 0, 0, 0, 0, 0, 0, 0, 6, 97, 1156, 5255, 10516, 13092, 11290, 8168, 6738, 4255, 3458, 790, 13, 0, 0, 0, 0, 0, 0, 0, 0, 0]}, "logit_lens": {"promoted": [[" to", 0.316], ["a", 0.257], ["n", 0.254], [" his", 0.219], ["ed", 0.208], [",", 0.206], [" back", 0.199], [" and", 0.196], [" same", 0.18], ["i", 0.169]], "suppressed": [["hood", 0.372], [" sudden", 0.361], [" practice", 0.336], [" days", 0.335], ["ary", 0.317], ["ove", 0.315], [" breath", 0.311], [" study", 0.309], [" afternoon", 0.306], ["time", 0.303]]}, "examples": [{"tokens": [" \"", "You", "'re", " right", ".", " I", "'m", " sorry", " for", " being", " rude", ".", " I", " will", " be", " n", "ic", "er", " to"], "acts": [0.0, 0.0, 0.0, 0.0, 0.0, 0.0, 0.0, 0.0, 0.0, 0.0, 6.33, 0.0, 0.0, 0.0, 0.0, 1.1914, 0.0, 0.0, 0.9466], "max_pos": 10, "max_act": 6.3281}, {"tokens": ["\n", "\n", "The", " squirrel", " said", ",", " \"", "Thank", " you", ".", " That", "'s", " very", " nice", " of", " you", ".", " I", "'m", " sorry", " for", " being", " rude", ".", " You", " can", " have", " a", " small", " one", " if"], "acts": [0.0, 0.0, 0.0, 0.0, 0.0, 0.0, 0.0, 0.0, 0.0, 0.0, 0.0, 0.0, 0.0, 0.0, 0.0, 0.0, 0.0, 0.0, 0.0, 0.0, 0.0, 0.0, 6.2035, 0.0, 0.0, 0.0, 0.0, 0.0, 0.0, 0.0, 0.0], "max_pos": 22, "max_act": 6.2031}, {"tokens": ["\n", "From", " that", " day", " on", ",", " Lily", " learned", " that", " it", "'s", " always", " better", " to", " be", " kind", " and", " share", " with", " others", ",", " instead", " of", " being", " rude", " and", " taking", " things", " that", " don", "'t", " belong", " to"], "acts": [0.0, 0.0, 0.0, 0.0, 0.0, 0.0, 0.0, 0.0, 0.0, 0.0, 0.0, 0.0, 0.0, 0.0, 0.0, 4.5767, 0.0, 4.2366, 0.8231, 0.0, 0.0, 0.0, 0.0, 0.0, 6.1333, 0.0, 0.0, 0.0, 0.0, 0.0, 0.0, 0.0, 0.0], "max_pos": 24, "max_act": 6.1328}, {"tokens": [" to", " reach", " Mia", "'s", " cup", ".", "\n", "\n", "Mia", " says", ",", " \"", "No", ",", " Ben", ".", " Le", "ave", " me", " alone", ".", " You", " are", " being", " rude", ".\"", " She", " holds", " her", " cup", " higher", " and", " higher"], "acts": [0.0, 0.0, 0.0, 0.0, 0.0, 0.0, 0.0, 0.0, 0.0, 0.7506, 0.0, 0.0, 0.0, 0.0, 0.0, 0.0, 1.6549, 0.0, 0.0, 0.0, 0.0, 0.0, 0.0, 0.0, 6.1208, 0.9404, 0.0, 0.0, 0.0, 0.0, 0.0, 0.0, 0.0], "max_pos": 24, "max_act": 6.1211}, {"tokens": [" said", " he", " would", " let", " them", " touch", " his", " truck", " if", " they", " wanted", ".", "\n", "\n", "Lily", " smiled", ".", " She", " said", " she", " was", " sorry", " for", " being", " rude", ".", " She", " said", " she", " liked", " her", " doll", ","], "acts": [0.4673, 0.0, 0.0, 0.0, 0.0, 0.0, 0.0, 0.0, 0.0, 0.0, 0.0, 0.0, 0.0, 0.0, 0.0, 0.0, 0.0, 0.0, 0.5747, 0.0, 0.0, 0.0, 0.0, 0.6631, 6.0493, 0.0, 0.0, 0.0, 0.0, 1.4435, 0.0, 0.0, 0.0], "max_pos": 24, "max_act": 6.0508}, {"tokens": [" and", " decided", " to", " listen", " to", " mom", ".", " They", " said", ",", " \"", "Okay", ",", " mom", ",", " we", " will", " wash", ".", " We", " are", " sorry", " for", " being", " rude", ".", " We", " love", " you", " and", " we", " want", " to"], "acts": [0.0, 0.0, 0.0, 0.0, 0.0, 0.0, 0.0, 0.0, 1.3447, 0.0, 0.0, 0.0, 0.0, 0.0, 0.0, 0.0, 0.0, 0.0, 0.0, 0.0, 0.0, 0.0, 0.0, 0.0, 5.9691, 0.0, 0.0, 0.0, 0.0, 0.0, 0.0, 0.0, 0.0], "max_pos": 24, "max_act": 5.9688}, {"tokens": ["Max", " nodded", " and", " smiled", " too", ".", " He", " said", " he", " was", " sorry", " for", " being", " mean", " to", " Sam", ".", " He", " said", " they", " could", " all"], "acts": [0.0, 2.704, 0.0, 0.0, 0.0, 0.0, 0.0, 0.6269, 0.0, 0.0, 0.0, 0.0, 0.0, 5.8974, 1.8714, 0.0, 0.0, 0.0, 0.5321, 0.0, 0.0, 0.0], "max_pos": 13, "max_act": 5.8984}, {"tokens": [" her", " what", " happened", ".", " She", " said", " her", " car", " broke", " down", " and", " she", " lost", " cont", "ro", "l", ".", " She", " said", " she", " was", " sorry", " for", " being", " rude", " to", " Tom", " and", " wished", " she", " had", " listened", " to"], "acts": [0.0, 0.0, 0.0, 0.0, 0.0, 0.0, 0.0, 0.0, 0.0, 0.0, 0.0, 0.0, 0.0, 1.3461, 0.0, 0.0, 0.0, 0.0, 0.0, 0.0, 0.0, 0.0, 0.0, 0.0, 5.8945, 1.4422, 0.0, 0.0, 0.0, 0.0, 0.0, 0.0, 0.0], "max_pos": 24, "max_act": 5.8945}, {"tokens": [" feel", " ashamed", ".", " They", " real", "ize", " they", " have", " been", " wrong", ".", " They", " say", ",", " \"", "Sorry", ",", " mom", ".", " We", " are", " sorry", " for", " being", " rude", " and", " selfish"], "acts": [0.0, 0.0, 0.0, 0.0, 0.0, 0.0, 0.0, 0.0, 0.0, 1.2985, 0.0, 0.0, 0.0, 0.0, 0.0, 0.0, 0.0, 0.0, 0.0, 0.0, 0.6864, 0.0, 0.0, 0.0, 5.8777, 0.0, 2.0554], "max_pos": 24, "max_act": 5.8789}, {"tokens": [" like", " them", " very", " much", ".", " They", " say", ",", " \"", "No", ",", " Mom", ",", " we", " do", " not", " want", " that", ".", " We", " are", " sorry", " for", " being", " rude", ".", " We", " will", " clean", " up", " our", " track", " now"], "acts": [0.0, 0.0, 0.0, 0.0, 0.0, 0.0, 0.0, 0.0, 0.0, 0.0, 0.0, 0.625, 0.0, 0.0, 0.7527, 0.0, 0.0, 0.6198, 0.0, 0.0, 0.0, 0.0, 0.0, 0.0, 5.8647, 0.0, 0.0, 0.0, 0.0, 0.0, 0.0, 0.0, 0.0], "max_pos": 24, "max_act": 5.8633}, {"tokens": [" was", " not", " a", " drink", " for", " k", "ings", ".", " He", " learned", " that", " lying", " was", " not", " a", " good", " thing", " to", " do", ".", " He", " learned", " that", " being", " rude", " was", " not", " a", " way", " to", " make", " friends", "."], "acts": [0.0, 0.0, 0.0, 0.0, 0.0, 0.0, 0.0, 0.0, 0.0, 0.0, 0.0, 0.0, 0.0, 0.0, 0.0, 0.0, 0.0, 0.0, 0.0, 0.0, 0.0, 0.0, 0.0, 0.0, 5.7823, 0.0, 0.0, 0.0, 0.0, 0.0, 0.0, 0.0, 0.0], "max_pos": 24, "max_act": 5.7812}, {"tokens": [" smell", " the", " best", ",", " but", " he", " is", " my", " best", " friend", " and", " I", " love", " him", ".\"", " Her", " friend", " felt", " bad", " and", " apolog", "ized", " for", " being", " mean", " to", " the", " reindeer", ".", "\n", "\n", "From", " that"], "acts": [0.0, 0.0, 0.0, 0.0, 0.0, 0.0, 0.0, 0.0, 0.0, 0.0, 0.0, 0.0, 0.0, 0.0, 0.0, 0.0, 0.0, 0.0, 0.0, 0.0, 0.0, 1.9768, 0.0, 0.0, 5.6778, 1.9309, 0.0, 0.0, 0.0, 0.0, 0.0, 0.0, 0.0], "max_pos": 24, "max_act": 5.6797}]}