{"id": 33, "density": 0.013332, "max_act": 7.33984375, "hist": {"edges": [0.01, 0.0133, 0.0178, 0.0237, 0.0316, 0.0422, 0.0562, 0.075, 0.1, 0.1334, 0.1778, 0.2371, 0.3162, 0.4217, 0.5623, 0.7499, 1.0, 1.3335, 1.7783, 2.3714, 3.1623, 4.217, 5.6234, 7.4989, 10.0, 13.3352, 17.7828, 23.7137, 31.6228, 42.1697, 56.2341, 74.9894, 100.0], "counts": [0, 0, 0, 0, 0, 0, 0, 0, 0, 0, 4, 47, 564, 2829, 8149, 12513, 11397, 7381, 4935, 3293, 1530, 378, 308, 0, 0, 0, 0, 0, 0, 0, 0, 0]}, "logit_lens": {"promoted": [[" out", 0.51], [" down", 0.361], [" himself", 0.328], [" off", 0.3], ["ake", 0.282], [" from", 0.282], [" themselves", 0.279], [" up", 0.256], [" asleep", 0.249], [" wrong", 0.24]], "suppressed": [["round", 0.31], [" showed", 0.281], ["cks", 0.27], ["robe", 0.269], [" where", 0.252], [" showing", 0.242], ["ho", 0.24], [" shows", 0.221], [" birthday", 0.221], ["gy", 0.22]]}, "examples": [{"tokens": [" a", " gloomy", " restaurant", " with", " dark", " walls", " and", " no", " windows", ".", " Lily", " didn", "'t", " like", " it", ",", " but", " her", " parents", " said", " they", " had", " to", " try", " it", ".", "\n", "\n", "As", " they", " sat", " down", " to"], "acts": [0.0, 0.0, 0.0, 0.0, 0.0, 0.0, 0.0, 0.0, 0.0, 0.0, 0.0, 0.0, 0.0, 0.0, 0.0, 0.0, 0.0, 0.0, 0.0, 0.0, 0.0, 0.0, 0.0, 1.0707, 7.3388, 0.0, 0.0, 0.0, 0.0, 0.0, 0.0, 0.0, 0.0], "max_pos": 24, "max_act": 7.3398}, {"tokens": ["\n", "\n", "Her", " mom", " said", ",", " \"", "No", ",", " Lily", ".", " You", " need", " to", " eat", " your", " dinner", ".", " I", " d", "are", " you", " to", " try", " it", " again", " and", " see", " if", " you", " like", " it", ".\""], "acts": [0.0, 0.0, 0.0, 0.0, 0.0, 0.0, 0.0, 0.0, 0.0, 0.0, 0.0, 0.0, 0.0, 0.0, 0.0, 0.0, 0.0, 0.0, 0.0, 0.0, 0.0, 1.1066, 0.0, 1.0504, 7.1976, 0.0, 0.0, 0.0, 0.0, 0.0, 0.0, 0.8173, 0.0], "max_pos": 24, "max_act": 7.1992}, {"tokens": [" I", " will", " try", " it", ".", " But", " you", " have", " to", " hold", " my", " hand"], "acts": [0.0, 0.0, 1.3131, 7.1283, 0.0, 0.0, 0.0, 0.0, 0.0, 0.0, 0.0, 0.0], "max_pos": 3, "max_act": 7.1289}, {"tokens": ["'s", " not", " for", " little", " kids", " like", " you", ".\"", " Lily", " nodded", " and", " said", ",", " \"", "I", " understand", " now", ",", " Mom", ".", " I", " won", "'t", " try", " it", " again", ".\"", " They", " both", " smiled", " and", " hugged", " each"], "acts": [0.0, 0.0, 0.0, 0.0, 0.0, 0.0, 0.0, 0.0, 0.0, 0.0, 0.0, 0.0, 0.0, 0.0, 0.0, 0.0, 0.0, 0.0, 0.0, 0.0, 0.0, 0.0, 0.0, 0.0, 7.0718, 0.0, 0.0, 0.0, 0.0, 0.0, 0.0, 0.0, 0.0], "max_pos": 24, "max_act": 7.0703}, {"tokens": [" She", " said", " no", ",", " but", " maybe", " when", " he", " was", " older", " he", " could", " try", " it", ".", " Timmy", " was", " happy", " with", " that", " answer", " and"], "acts": [0.0, 0.0, 0.0, 0.0, 0.0, 0.0, 0.0, 0.0, 0.0, 0.0, 0.0, 0.0, 0.8749, 7.0606, 0.0, 0.0, 0.0, 0.0, 0.0, 0.0, 0.0, 0.0], "max_pos": 13, "max_act": 7.0625}, {"tokens": [" Go", " away", ".\"", "\n", "\n", "R", "av", "i", " says", ",", " \"", "That", " is", " not", " fair", ".", " You", " have", " to", " share", ".", " Let", " me", " try", " it", ".\"", "\n", "\n", "M", "ir", "a", " says", ","], "acts": [0.0, 0.0, 0.0, 0.0, 0.0, 0.0, 0.0, 0.0, 0.0, 0.0, 0.0, 0.0, 0.0, 0.0, 0.0, 0.0, 0.0, 0.0, 0.0, 0.0, 0.0, 0.0, 1.6356, 1.2546, 7.0296, 0.0, 0.0, 0.0, 0.0, 0.0, 0.0, 0.0, 0.0], "max_pos": 24, "max_act": 7.0312}, {"tokens": ["Amy", " wr", "ink", "led", " her", " nose", " and", " frowned", ".", " She", " didn", "'t", " like", " spicy", " food", ".", " But", " Mommy", " said", " that", " she", " had", " to", " try", " it", ".", "\n", "\n", "So", " Amy", " took", " a", " tiny"], "acts": [0.0, 0.0, 0.0, 0.0, 0.0, 0.0, 0.0, 0.0, 0.0, 0.0, 0.0, 0.0, 0.0, 0.0, 0.0, 0.0, 0.0, 0.0, 0.0, 0.0, 0.0, 0.0, 0.0, 0.7136, 7.0133, 0.0, 0.0, 0.0, 0.0, 0.0, 0.0, 0.0, 0.0], "max_pos": 24, "max_act": 7.0117}, {"tokens": ["!\"", "\n", "The", " fox", " dis", "ag", "reed", " and", " it", " smiled", ".", " \"", "Why", " don", "'t", " you", " try", " it", "?", " It", "'s", " fun", "!\"", "\n", "\n", "So"], "acts": [0.0, 0.0, 0.0, 0.0, 0.0, 0.0, 2.5323, 0.0, 0.0, 0.0, 0.0, 0.0, 0.0, 0.0, 0.0, 0.0, 0.5976, 7.0079, 0.0, 0.0, 0.0, 0.0, 0.0, 0.0, 0.0, 0.0], "max_pos": 17, "max_act": 7.0078}, {"tokens": ["\n", "Jimmy", " and", " his", " mom", " decided", " to", " try", " it", " out", ".", " They", " looked", " at", " all", " the", " rec"], "acts": [0.0, 0.0, 0.0, 0.0, 0.0, 0.0, 0.0, 0.5372, 6.998, 0.0, 0.0, 0.0, 0.0, 0.0, 0.0, 0.0, 0.0], "max_pos": 8, "max_act": 6.9961}, {"tokens": [" made", " some", " spicy", " soup", " for", " dinner", ".", " Lily", " didn", "'t", " like", " spicy", " food", ",", " but", " her", " mom", " said", ",", " \"", "You", " have", " to", " try", " it", ",", " Lily", ".", " It", "'s", " good", " for", " you"], "acts": [0.0, 0.8387, 0.0, 0.0, 0.0, 0.0, 0.0, 0.0, 0.0, 0.0, 0.0, 0.0, 0.0, 0.0, 0.0, 0.0, 0.0, 0.0, 0.0, 0.0, 0.0, 0.0, 0.0, 0.9571, 6.9924, 0.0, 0.0, 0.0, 0.7307, 0.0, 0.0, 0.0, 0.0], "max_pos": 24, "max_act": 6.9922}, {"tokens": [" liked", " it", " very", " much", ",", " and", " wanted", " to", " try", " it", ".", "\n", "\n", "The", " girl", " asked", " her", " parents", " and", " they", " said", " she", " could", " try", " it", ".", " So", ",", " the", " very", " next", " day", ","], "acts": [0.0, 0.0, 0.0, 0.0, 0.0, 0.0, 0.0, 0.0, 0.0, 6.0071, 0.0, 0.0, 0.0, 0.0, 0.0, 0.0, 0.0, 0.0, 0.0, 0.0, 0.0, 0.0, 0.0, 0.0, 6.9547, 0.0, 0.0, 0.0, 0.0, 0.0, 0.0, 0.0, 0.0], "max_pos": 24, "max_act": 6.9531}, {"tokens": [" She", " did", " not", " like", " fruit", ".", " She", " said", ",", " \"", "No", ",", " thank", " you", ".\"", "\n", "\n", "Her", " mom", " ur", "ged", " her", " to", " try", " it", ".", " She", " said", ",", " \"", "It", " is", " sweet"], "acts": [0.0, 0.0, 0.0, 0.0, 0.0, 0.0, 0.0, 0.0, 0.0, 0.0, 0.0, 0.0, 0.0, 0.0, 0.0, 0.0, 0.0, 0.0, 0.0, 0.0, 0.0, 0.0, 0.0, 0.0, 6.9518, 0.0, 0.0, 0.0, 0.0, 0.0, 0.0, 0.0, 0.0], "max_pos": 24, "max_act": 6.9531}]}