{"id": 335, "density": 0.0086085, "max_act": 8.78125, "hist": {"edges": [0.01, 0.0133, 0.0178, 0.0237, 0.0316, 0.0422, 0.0562, 0.075, 0.1, 0.1334, 0.1778, 0.2371, 0.3162, 0.4217, 0.5623, 0.7499, 1.0, 1.3335, 1.7783, 2.3714, 3.1623, 4.217, 5.6234, 7.4989, 10.0, 13.3352, 17.7828, 23.7137, 31.6228, 42.1697, 56.2341, 74.9894, 100.0], "counts": [0, 0, 0, 0, 0, 0, 0, 0, 0, 0, 1, 56, 554, 2544, 5996, 7456, 6229, 4446, 2899, 1855, 1494, 293, 389, 222, 0, 0, 0, 0, 0, 0, 0, 0]}, "logit_lens": {"promoted": [["ot", 0.309], [" wind", 0.294], [" ur", 0.279], ["ump", 0.265], [" breath", 0.238], ["ye", 0.226], ["th", 0.223], [" hide", 0.22], ["u", 0.218], ["d", 0.218]], "suppressed": [["v", 0.289], [" happening", 0.288], ["ase", 0.282], ["akes", 0.24], ["iz", 0.238], [" anymore", 0.225], ["ity", 0.22], ["ord", 0.218], [" about", 0.218], ["side", 0.217]]}, "examples": [{"tokens": [" She", " was", " still", " sorry", ",", " but", " she", " felt", " a", " little", " better", ".", "\n", "\n", "\"", "I", " understand"], "acts": [0.0, 0.0, 0.0, 0.0, 0.0, 0.0, 0.0, 1.2199, 8.7819, 1.8891, 1.3544, 0.0, 0.0, 0.0, 0.0, 0.0, 0.0], "max_pos": 8, "max_act": 8.7812}, {"tokens": [" and", " not", " touch", " it", ".", " Then", " it", " will", " not", " st", "ing", " you", ".\"", "\n", "\n", "Sara", " nodded", " and", " wiped", " her", " tears", ".", " She", " felt", " a", " little", " better", ".", " She", " said", ",", " \"", "Okay"], "acts": [0.0, 0.0, 0.0, 0.0, 0.0, 0.0, 0.0, 0.0, 0.0, 0.0, 0.0, 0.0, 0.0, 0.0, 0.0, 0.0, 0.0, 0.0, 0.0, 0.8304, 0.0, 0.0, 0.0, 0.0, 8.7747, 2.3491, 2.2689, 0.0, 0.0, 0.0, 0.0, 0.0, 0.0], "max_pos": 24, "max_act": 8.7734}, {"tokens": [" But", " don", "'t", " worry", " \u00e2\u20ac\ufffd", "\ufffd", " you", "'ll", " be", " able", " to", " do", " it", " s", "omed", "ay", "!\"", "\n", "\n", "B", "o", "bb", "ie", " felt", " a", " bit", " ashamed", " and", " walked", " away", ".", " She", " kept"], "acts": [0.0, 0.0, 0.0, 0.0, 0.0, 0.0, 0.0, 0.0, 0.0, 0.0, 0.0, 0.0, 0.0, 0.0, 0.0, 0.0, 0.0, 0.0, 0.0, 0.0, 0.0, 0.0, 0.0, 0.0, 8.6672, 3.6834, 0.0, 0.0, 0.0, 0.0, 0.0, 0.0, 0.0], "max_pos": 24, "max_act": 8.6641}, {"tokens": [" of", " the", " slide", ".", " She", " looked", " down", " and", " saw", " other", " kids", " slid", "ing", " and", " laughing", ".", " She", " felt", " a", " little", " brave", " and", " let", " go", " of", " her", " mom"], "acts": [0.0, 0.0, 0.0, 0.0, 0.0, 0.0, 0.0, 0.0, 0.0, 0.0, 0.0, 0.0, 0.0, 0.0, 0.0, 0.0, 0.0, 0.0, 8.5907, 1.9365, 1.5116, 0.0, 0.0, 0.0, 0.0, 0.0, 0.0], "max_pos": 18, "max_act": 8.5938}, {"tokens": [" sometimes", " stay", " who", " have", " done", " wrong", " things", " and", " need", " help", ".\"", "\n", "J", "u", "dy", " was", " still", " a", " little", " scared", ",", " but", " she", " felt", " a", " bit", " better", ".", " Her", " daddy", " said", ",", " \""], "acts": [0.0, 0.0, 0.0, 0.0, 0.0, 0.0, 0.0, 0.0, 0.0, 0.0, 0.0, 0.0, 0.0, 0.0, 0.0, 0.0, 0.0, 0.0, 0.0, 0.0, 0.0, 0.0, 0.0, 0.9797, 8.5914, 3.3932, 1.1172, 0.0, 0.0, 0.0, 0.0, 0.0, 0.0], "max_pos": 24, "max_act": 8.5938}, {"tokens": [" heard", " a", " loud", " crack", ".", " The", " branch", " she", " was", " on", " broke", " and", " she", " fell", ".", " She", " screamed", " and", " closed", " her", " eyes", ".", " She", " felt", " a", " deep", " pain", " in", " her", " arm", " and", " her", " leg"], "acts": [0.0, 1.9214, 0.9793, 0.0, 0.0, 0.0, 0.0, 0.0, 0.0, 0.0, 0.0, 0.0, 0.0, 0.0, 0.0, 0.0, 0.0, 0.0, 0.0, 0.0, 0.0, 0.0, 0.0, 0.7248, 8.5581, 4.5796, 0.0, 1.3938, 0.0, 0.0, 0.0, 0.0, 1.039], "max_pos": 24, "max_act": 8.5547}, {"tokens": ["ned", " and", " told", " her", ",", " \"", "It", "'s", " a", " monster", " movie", " -", " and", " you", "'ll", " love", " it", "!\"", " \n", "\n", "C", "ind", "y", " felt", " a", " bit", " better", ",", " but", " she", " was", " still", " a"], "acts": [0.0, 0.0, 0.0, 0.0, 0.0, 0.0, 0.0, 0.0, 0.0, 0.0, 0.0, 0.0, 0.0, 0.0, 0.0, 0.0, 0.0, 0.0, 0.0, 0.0, 0.0, 0.0, 0.0, 0.5726, 8.5018, 3.3651, 1.5265, 0.0, 0.0, 0.0, 0.0, 0.0, 1.6712], "max_pos": 24, "max_act": 8.5}, {"tokens": [" I", " promise", ".", " S", "ee", "-", " the", " thunder", " is", "n", "'t", " moving", " closer", ".", " Everything", " is", " al", "r", "ight", ".\"", "\n", "\n", "John", " felt", " a", " little", " bit", " better", " and", " slowly", " reached", " out", " his"], "acts": [0.0, 0.0, 0.0, 0.0, 0.0, 0.0, 0.0, 0.0, 0.0, 0.0, 0.0, 0.0, 0.0, 0.0, 0.0, 0.0, 0.0, 0.0, 0.0, 0.0, 0.0, 0.0, 0.0, 0.0, 8.4663, 2.4952, 2.9067, 0.0, 0.0, 0.0, 0.0, 0.0, 0.0], "max_pos": 24, "max_act": 8.4688}, {"tokens": [".", " He", " squ", "ished", " it", " with", " his", " che", "ek", "s", " and", " his", " teeth", " were", " very", " close", ".", "\n", "\n", "Just", " then", ",", " Bob", " felt", " a", " big", " pain", " on", " his", " nose", ".", " He", " jumped"], "acts": [0.0, 0.0, 0.0, 0.0, 0.0, 2.0762, 0.0, 0.0, 0.0, 0.0, 0.0, 0.0, 0.0, 0.0, 0.0, 0.0, 0.0, 0.0, 0.0, 0.0, 0.0, 0.0, 0.0, 0.4638, 8.4584, 4.8597, 1.288, 0.0, 0.0, 0.0, 0.0, 0.0, 0.0], "max_pos": 24, "max_act": 8.4609}, {"tokens": ["Then", " the", " mus", "cle", " said", " \"", "c", "an", " you", " help", " me", " look", " for", " her", "?", " I", " am", " getting", " worried", ".\"", " J", "an", "ie", " felt", " a", " little", " sorry", " for", " the", " mus", "cle", " so", " she"], "acts": [0.0, 0.0, 0.0, 0.0, 0.0, 0.0, 0.0, 0.0, 0.0, 0.0, 0.0, 0.0, 0.0, 0.0, 0.0, 0.0, 0.0, 0.0, 0.0, 0.0, 0.0, 0.0, 0.0, 0.0, 8.4318, 2.4632, 0.0, 0.0, 0.0, 0.0, 0.0, 0.9241, 0.0], "max_pos": 24, "max_act": 8.4297}, {"tokens": [" up", " and", " put", " them", " in", " his", " bucket", ".", " He", " was", " having", " fun", ".", "\n", "\n", "Mia", " watched", " him", " from", " a", " distance", ".", " She", " felt", " a", " little", " lonely", ".", " She", " wished", " Sam", " would", " play"], "acts": [0.0, 0.0, 0.0, 0.0, 0.0, 0.0, 0.0, 0.0, 0.0, 0.0, 0.0, 0.0, 0.0, 0.0, 0.0, 0.0, 0.0, 0.0, 0.0, 0.0, 0.0, 0.0, 0.0, 0.0, 8.4235, 1.9699, 0.0, 0.0, 0.0, 0.0, 0.0, 0.0, 0.0], "max_pos": 24, "max_act": 8.4219}, {"tokens": [" she", " could", ".", " But", " the", " man", " was", " too", " fast", ",", " and", " he", " grabbed", " hold", " of", " her", " arm", ".", "\n", "\n", "Molly", " screamed", " and", " felt", " a", " sharp", " pain", " as", " the", " man", " pulled", " her", " away"], "acts": [0.0, 0.0, 0.0, 0.0, 0.0, 0.0, 0.0, 0.0, 0.0, 0.0, 0.0, 0.0, 0.0, 0.0, 0.0, 0.0, 0.0, 0.0, 0.0, 0.0, 0.0, 0.0, 0.0, 0.0, 8.4117, 4.1575, 0.0, 3.8464, 1.1009, 0.0, 0.0, 0.0, 0.0], "max_pos": 24, "max_act": 8.4141}]}