{"id": 367, "density": 0.01813325, "max_act": 11.53125, "hist": {"edges": [0.01, 0.0133, 0.0178, 0.0237, 0.0316, 0.0422, 0.0562, 0.075, 0.1, 0.1334, 0.1778, 0.2371, 0.3162, 0.4217, 0.5623, 0.7499, 1.0, 1.3335, 1.7783, 2.3714, 3.1623, 4.217, 5.6234, 7.4989, 10.0, 13.3352, 17.7828, 23.7137, 31.6228, 42.1697, 56.2341, 74.9894, 100.0], "counts": [0, 0, 0, 0, 0, 0, 0, 0, 0, 0, 0, 45, 513, 3269, 10234, 14941, 13691, 9901, 6962, 4712, 3251, 2112, 1591, 1145, 166, 0, 0, 0, 0, 0, 0, 0]}, "logit_lens": {"promoted": [[" eyes", 0.51], [" door", 0.44], [" window", 0.366], [" gate", 0.342], [" wide", 0.305], [" mouth", 0.302], [" eye", 0.3], [" l", 0.299], [" windows", 0.298], [" ears", 0.28]], "suppressed": [["body", 0.288], [" time", 0.248], ["cess", 0.236], [" rode", 0.232], [" ducks", 0.23], ["bbit", 0.229], [" ride", 0.224], ["ony", 0.22], [" finished", 0.22], ["ier", 0.217]]}, "examples": [{"tokens": [".", " Her", " mom", " said", ",", " \"", "Let", "'s", " pray", " for", " Mr", ".", " Bunny", " to", " wake", " up", ".\"", " So", ",", " Amy", " and", " her", " mom", " closed", " their", " eyes", " and", " pray", "ed", ".", " \n", "\n", "The"], "acts": [0.0, 0.0, 0.0, 0.0, 0.0, 0.0, 0.0, 0.0, 0.0, 0.0, 0.0, 0.0, 0.0, 0.0, 0.0, 0.0, 0.0, 0.0, 0.0, 0.0, 0.0, 0.0, 0.0, 0.0, 11.5349, 5.6814, 0.0, 0.0, 0.0, 0.0, 0.0, 0.0, 0.0], "max_pos": 24, "max_act": 11.5312}, {"tokens": [" dream", ".", " They", " wished", " they", " could", " see", " the", " pink", " world", " too", ".", " So", ",", " they", " all", " closed", " their", " eyes", " and", " imagined", " the", " pink", " world", " together", "."], "acts": [2.3674, 0.0, 0.0, 0.0, 0.0, 0.0, 0.0, 0.0, 0.0, 0.7741, 0.0, 0.0, 0.0, 0.0, 0.0, 0.0, 0.0, 11.4211, 5.7494, 0.0, 0.0, 0.0, 0.0, 0.0, 0.0, 0.0], "max_pos": 17, "max_act": 11.4219}, {"tokens": [" said", ",", " \"", "We", " should", " go", " to", " sleep", " now", ".", " The", " night", " is", " coming", ".\"", "\n", "\n", "So", ",", " Jane", " and", " her", " mom", " closed", " their", " eyes", " and", " fell", " asleep", " at", " the", " cl", "iff"], "acts": [0.0, 0.0, 0.0, 0.0, 0.0, 0.0, 0.0, 0.0, 0.0, 0.0, 0.0, 0.0, 0.0, 0.0, 0.0, 0.0, 0.0, 0.0, 0.0, 0.0, 0.0, 0.0, 0.0, 0.0, 11.3695, 5.8495, 0.0, 0.0, 0.0, 0.0, 0.0, 0.0, 0.0], "max_pos": 24, "max_act": 11.3672}, {"tokens": [" Ben", ".", " G", "et", " well", " soon", "!\"", "\n", "\n", "She", " packed", " her", " bag", " and", " left", ".", " Ben", " lay", " down", " on", " his", " bed", " and", " closed", " his", " eyes", ".", " He", " felt", " a", " little", " better", "."], "acts": [0.0, 0.0, 0.0, 0.0, 0.0, 0.0, 0.0, 0.0, 0.0, 0.0, 0.0, 4.5509, 2.6968, 0.0, 0.0, 0.0, 0.0, 0.0, 0.0, 0.0, 0.0, 0.0, 0.0, 0.0, 11.1841, 5.2434, 0.0, 0.0, 0.0, 0.0, 0.0, 0.0, 0.0], "max_pos": 24, "max_act": 11.1875}, {"tokens": [" to", " sleep", ".\"", " \n", "\n", "Lily", " agreed", " and", " they", " both", " closed", " their", " eyes", ",", " ready", " for", " a", " good", " night", "'s"], "acts": [0.0, 0.0, 0.0, 0.0, 0.0, 0.0, 0.0, 0.0, 0.0, 0.0, 0.0, 11.0223, 5.0356, 0.0, 0.9165, 0.0, 0.0, 0.0, 0.0, 0.0], "max_pos": 11, "max_act": 11.0234}, {"tokens": [" and", " br", "ushed", " their", " teeth", ".", " They", " put", " on", " their", " pa", "j", "am", "as", ",", " and", " crawled", " into", " their", " bed", "s", ".", " They", " closed", " their", " eyes", ",", " and", " dreamed", " of", " comet", "s", " and"], "acts": [0.0, 0.0, 0.0, 1.6748, 0.0, 0.0, 0.0, 0.0, 0.0, 1.7666, 1.9153, 0.0, 0.0, 0.0, 0.0, 0.0, 0.0, 0.0, 2.2144, 0.0, 1.2591, 0.0, 0.0, 0.0, 10.9673, 5.0183, 0.0, 0.0, 0.0, 0.0, 0.0, 0.0, 0.0], "max_pos": 24, "max_act": 10.9688}, {"tokens": ["<|endoftext|>", "John", " wanted", " to", " do", " something", " special", ".", " He", " kne", "el", "ed", " down", " on", " the", " ground", " in", " the", " bright", " sunshine", " and", " closed", " his", " eyes", ".", " He", " reached", " out", " to", " the", " ground"], "acts": [0.0, 0.0, 0.0, 0.0, 0.0, 0.0, 0.0, 0.0, 0.0, 0.0, 0.0, 0.0, 0.0, 0.0, 0.0, 0.0, 0.0, 0.0, 0.9856, 0.0, 0.0, 1.6674, 10.943, 5.1894, 0.0, 0.0, 0.0, 0.0, 0.0, 0.9494, 0.0], "max_pos": 22, "max_act": 10.9453}, {"tokens": [" of", " grass", ".", " He", " was", " now", " ready", " for", " a", " nice", ",", " peaceful", " sleep", ".", " The", " bee", " cur", "led", " up", " inside", " his", " sack", " and", " closed", " his", " eyes", ".", " He", " dreamed", " of", " all", " the", " wonderful"], "acts": [0.0, 0.0, 0.0, 0.0, 0.0, 0.0, 0.0, 0.0, 0.0, 0.0, 0.0, 0.0, 0.0, 0.0, 0.0, 0.0, 0.0, 0.0, 0.0, 0.0, 3.1135, 1.0605, 0.0, 1.4636, 10.9104, 4.9236, 0.0, 0.0, 0.0, 0.0, 0.0, 0.0, 0.0], "max_pos": 24, "max_act": 10.9141}, {"tokens": ["<|endoftext|>", "Once", ",", " there", " was", " a", " little", " boy", " who", " wanted", " to", " take", " a", " nap", ".", " He", " la", "id", " down", " in", " the", " grass", ",", " closed", " his", " eyes", ",", " and", " was", " about", " to", " dri", "ft"], "acts": [0.0, 0.0, 0.0, 0.0, 0.0, 0.0, 0.0, 0.0, 0.0, 0.0, 0.0, 0.0, 0.0, 0.0, 0.0, 0.0, 0.0, 0.0, 0.0, 0.0, 0.0, 0.0, 0.0, 1.0145, 10.8972, 5.2619, 0.0, 0.0, 0.0, 0.0, 0.0, 0.0, 0.0], "max_pos": 24, "max_act": 10.8984}, {"tokens": [" have", " to", " share", " it", " with", " anyone", ".", "<|endoftext|>", "Tommy", " wanted", " a", " dream", ".", " So", ",", " he", " went", " to", " the", " dark", " room", ".", " He", " closed", " his", " eyes", ",", " and", " made", " a", " wish", ".", " He"], "acts": [0.0, 0.0, 0.0, 0.0, 0.0, 0.0, 0.0, 0.0, 0.0, 0.0, 0.0, 0.0, 0.0, 0.0, 0.0, 0.0, 0.0, 0.0, 0.0, 0.0, 0.0, 0.0, 0.0, 0.0, 10.8772, 5.7286, 0.0, 0.0, 0.0, 0.0, 0.0, 0.0, 0.0], "max_pos": 24, "max_act": 10.875}, {"tokens": [" first", ",", " but", " his", " mommy", " said", " it", " was", " time", " for", " his", " nap", ".", "\n", "\n", "The", " boy", " lay", " down", " on", " his", " bed", " and", " closed", " his", " eyes", ".", " He", " do", "zed", " off", " and", " soon"], "acts": [0.0, 0.0, 0.0, 0.7984, 0.0, 0.0, 0.0, 0.0, 0.0, 0.0, 0.0, 0.0, 0.0, 0.0, 0.0, 0.0, 0.0, 0.0, 0.0, 0.0, 0.0, 0.0, 0.0, 0.0, 10.8531, 5.1004, 0.0, 0.0, 0.0, 0.0, 0.0, 0.0, 0.0], "max_pos": 24, "max_act": 10.8516}, {"tokens": [" will", " see", " you", " with", " a", " te", "les", "c", "ope", ".", " But", " for", " now", ",", " I", " will", " dream", " of", " you", ".\"", "\n", "\n", "He", " closed", " his", " eyes", " and", " fell", " asleep", ".", " He", " dreamed", " of"], "acts": [0.0, 0.0, 0.0, 0.0, 0.0, 0.0, 0.0, 0.0, 0.0, 0.0, 0.0, 0.0, 0.0, 0.0, 0.0, 0.0, 0.0, 0.0, 0.0, 0.0, 0.0, 0.0, 0.0, 0.0, 10.7967, 5.4512, 0.0, 0.0, 0.0, 0.0, 0.0, 0.0, 0.0], "max_pos": 24, "max_act": 10.7969}]}