{"id": 375, "density": 0.022454, "max_act": 8.359375, "hist": {"edges": [0.01, 0.0133, 0.0178, 0.0237, 0.0316, 0.0422, 0.0562, 0.075, 0.1, 0.1334, 0.1778, 0.2371, 0.3162, 0.4217, 0.5623, 0.7499, 1.0, 1.3335, 1.7783, 2.3714, 3.1623, 4.217, 5.6234, 7.4989, 10.0, 13.3352, 17.7828, 23.7137, 31.6228, 42.1697, 56.2341, 74.9894, 100.0], "counts": [0, 0, 0, 0, 0, 0, 0, 0, 0, 6, 87, 696, 2941, 8127, 15681, 19379, 16485, 11737, 6988, 4284, 2132, 812, 429, 32, 0, 0, 0, 0, 0, 0, 0, 0]}, "logit_lens": {"promoted": [[" pain", 0.346], [" dropped", 0.319], [" fear", 0.306], [" cla", 0.303], [" hurts", 0.287], ["ble", 0.277], ["Help", 0.275], [" gu", 0.263], [" ow", 0.259], [" splashed", 0.244]], "suppressed": [[" ha", 0.255], ["ually", 0.24], [" chose", 0.222], ["sc", 0.221], [" slowly", 0.207], ["'s", 0.195], ["E", 0.195], ["w", 0.194], ["side", 0.191], [" end", 0.191]]}, "examples": [{"tokens": [" a", " big", " mess", ".", " Mrs", ".", " L", "ee", " woke", " up", " and", " felt", " the", " cake", ".", " She", " was", " very", " angry", " and", " shocked", ".", " She", " screamed", " and", " cried", ".", " Tom", " and", " Lily", " were", " scared", "."], "acts": [0.0, 0.0, 0.0, 0.0, 0.0, 0.0, 0.0, 0.0, 0.0, 0.0, 1.3858, 0.71, 0.0, 0.0, 0.0, 0.0, 0.0, 0.0, 0.0, 5.2466, 0.0, 1.4494, 2.9309, 1.156, 8.3572, 0.9481, 2.0311, 0.0, 2.0364, 0.0, 0.0, 0.0, 0.815], "max_pos": 24, "max_act": 8.3594}, {"tokens": [" and", " paper", ".", "\n", "\n", "Tom", " and", " Lily", " were", " scared", ".", " They", " screamed", " and", " cried", ".", " They", " dropped", " their", " pencil", "s", " and"], "acts": [0.0, 0.0, 0.0, 0.0, 0.0, 0.0, 0.9489, 0.0, 0.0, 0.0, 0.0, 2.7381, 0.0, 8.3101, 0.0, 1.2809, 3.8386, 2.434, 0.0, 0.0, 0.0, 0.7474], "max_pos": 13, "max_act": 8.3125}, {"tokens": [" They", " slid", " right", " past", " the", " lady", " and", " knocked", " her", " down", ".", " She", " fell", " on", " the", " snow", " and", " got", " wet", " and", " cold", ".", " She", " screamed", " and", " cried", ".", "\n", "\n", "The", " boy", " and", " the"], "acts": [0.0, 0.0, 0.0, 0.0, 0.0, 0.0, 0.0, 0.0, 0.0, 0.0, 0.0, 0.7273, 0.0, 1.3323, 0.0, 0.0, 1.9505, 2.1624, 0.0, 3.5734, 0.0, 0.0, 1.4026, 0.8827, 8.0954, 0.0, 1.8575, 0.8507, 0.8013, 0.0, 0.0, 0.0, 0.0], "max_pos": 24, "max_act": 8.0938}, {"tokens": [" been", " waiting", " to", " bite", ".", "\n", "\n", "The", " snake", " bit", " Lily", " and", " Ben", " on", " their", " arms", ".", " It", " hurt", " a", " lot", ".", " They", " screamed", " and", " cried", ".", " They", " tried", " to", " run", " away", ","], "acts": [0.0, 0.0, 0.0, 0.0, 0.0, 0.0, 0.0, 0.0, 0.0, 0.0, 0.0, 0.615, 0.0, 0.0, 0.0, 0.0, 0.0, 0.8685, 0.0, 1.3358, 0.0, 0.0, 0.9773, 0.0, 8.0837, 0.5495, 1.6109, 2.9445, 0.0, 1.7344, 0.0, 0.0, 0.0], "max_pos": 24, "max_act": 8.0859}, {"tokens": [" They", " did", " not", " move", " or", " make", " a", " sound", ".", "\n", "\n", "Their", " mom", " came", " running", " and", " saw", " them", " in", " the", " bathtub", ".", " She", " screamed", " and", " cried", ".", " She", " tried", " to", " help", " them", ","], "acts": [1.5757, 0.0, 0.0, 0.0, 0.0, 0.0, 0.0, 0.0, 0.0, 0.0, 0.0, 0.9459, 0.0, 0.0, 1.5329, 3.6855, 0.0, 0.0, 0.0, 0.0, 0.0, 0.0, 0.0, 0.0, 8.014, 0.0, 1.0535, 2.3979, 0.0, 2.0608, 0.0, 0.0, 0.0], "max_pos": 24, "max_act": 8.0156}, {"tokens": [" in", " front", " of", " her", " face", ".", " She", " made", " a", " funny", " noise", ".", "\n", "\n", "Lily", " and", " Tom", " were", " scared", ".", " They", " screamed", " and", " ran", " away", ".", " They", " thought", " Mom", " was", " a"], "acts": [0.0, 0.0, 0.0, 0.0, 0.0, 0.0, 0.0, 0.0, 0.0, 0.0, 0.0, 0.0, 0.0, 0.0, 0.0, 0.0, 0.0, 0.0, 0.0, 0.0, 2.3346, 0.0, 7.9664, 0.0, 0.0, 0.0, 2.2887, 0.0, 0.0, 0.0, 0.0], "max_pos": 22, "max_act": 7.9648}, {"tokens": ["ight", " legs", " and", " many", " eyes", ".", " It", " was", " crawl", "ing", " on", " the", " wall", ".", " Lily", " was", " very", " scared", " of", " spid", "ers", ".", " She", " screamed", " and", " ran", " back", " to", " the", " door", ".", "\n", "\n"], "acts": [0.0, 0.0, 1.625, 0.0, 0.0, 0.0, 1.1371, 0.0, 0.0, 0.0, 0.0, 0.0, 0.0, 0.0, 0.0, 0.0, 0.0, 0.0, 0.0, 0.0, 0.0, 0.0, 1.9268, 0.6609, 7.9568, 0.0, 1.485, 0.0, 0.0, 0.0, 0.0, 0.6038, 0.0], "max_pos": 24, "max_act": 7.957}, {"tokens": [" candle", ".", " But", " she", " was", " not", " careful", ".", " She", " touched", " the", " fl", "ame", " with", " her", " finger", ".", " It", " hurt", " a", " lot", ".", " She", " screamed", " and", " dropped", " the", " crayon", ".", " It", " landed", " on", " the"], "acts": [0.0, 0.0, 0.0, 0.0, 0.0, 0.0, 0.0, 0.0, 0.0, 0.0, 0.0, 0.0, 0.0, 1.1171, 0.0, 0.0, 0.0, 0.5922, 0.0, 1.0541, 0.0, 0.0, 1.2214, 0.8487, 7.9548, 1.5761, 0.0, 0.0, 0.9437, 2.0001, 0.0, 0.0, 0.0], "max_pos": 24, "max_act": 7.9531}, {"tokens": [".", "\n", "\n", "The", " rat", " ran", " towards", " them", ".", " It", " bit", " Tom", "'s", " leg", ".", " It", " scrat", "ched", " Lily", "'s", " face", ".", " They", " screamed", " and", " cried", ".", " They", " tried", " to", " run", " away", "."], "acts": [0.0, 0.0, 0.0, 0.0, 0.0, 0.4586, 0.0, 0.0, 0.0, 3.412, 0.0, 0.0, 0.0, 0.0, 0.0, 3.998, 0.0, 0.0, 0.0, 0.0, 0.0, 0.0, 1.0862, 0.8703, 7.94, 0.8428, 1.5674, 2.8289, 0.0, 2.2334, 0.0, 0.0, 0.0], "max_pos": 24, "max_act": 7.9414}, {"tokens": ["w", "s", ".", " It", " grow", "led", " and", " sn", "ar", "led", " and", " tried", " to", " grab", " Ben", ".", "\n", "\n", "Ben", " was", " scared", ".", " He", " screamed", " and", " jumped", " out", " of", " his", " bed", ".", " He", " ran"], "acts": [0.0, 0.0, 0.0, 2.648, 0.0, 0.0, 6.8153, 0.0, 0.0, 0.0, 3.7915, 0.0, 1.4983, 0.0, 0.0, 0.0, 1.3047, 0.0, 0.0, 0.0, 0.0, 1.0531, 3.0466, 1.0051, 7.9412, 0.0, 0.0, 2.1709, 0.0, 0.0, 0.8508, 2.4693, 0.0], "max_pos": 24, "max_act": 7.9414}, {"tokens": [" ran", " to", " them", " and", " jumped", " on", " them", ".", " The", " dog", " was", " heavy", " and", " strong", ".", " The", " dog", " hurt", " Lily", " and", " Ben", ".", " They", " screamed", " and", " cried", ".", "\n", "\n", "Mom", " and", " Dad", " heard"], "acts": [0.0, 0.0, 0.0, 1.8123, 0.0, 0.0, 0.0, 0.0, 0.0, 0.0, 0.0, 0.0, 2.2799, 0.0, 0.0, 0.0, 0.0, 0.0, 0.0, 0.0, 0.0, 0.0, 0.7516, 0.5838, 7.9283, 0.0, 1.7096, 0.0, 0.0, 0.0, 0.7691, 0.0, 0.0], "max_pos": 24, "max_act": 7.9297}, {"tokens": [".", "\n", "\n", "But", " then", ",", " Sara", " heard", " a", " loud", " crack", ".", " The", " branch", " she", " was", " on", " broke", " and", " she", " fell", ".", " She", " screamed", " and", " closed", " her", " eyes", ".", " She", " felt", " a", " deep"], "acts": [0.0, 0.0, 0.0, 0.0, 0.0, 0.0, 0.0, 0.0, 0.0, 0.0, 0.0, 0.0, 0.0, 0.0, 0.0, 0.0, 0.0, 0.0, 2.0748, 0.9302, 0.0, 0.0, 1.8473, 0.6134, 7.9096, 0.0, 0.0, 0.0, 0.0, 1.3243, 1.6634, 1.0515, 0.0], "max_pos": 24, "max_act": 7.9102}]}