{"id": 401, "density": 0.06591725, "max_act": 7.91796875, "hist": {"edges": [0.01, 0.0133, 0.0178, 0.0237, 0.0316, 0.0422, 0.0562, 0.075, 0.1, 0.1334, 0.1778, 0.2371, 0.3162, 0.4217, 0.5623, 0.7499, 1.0, 1.3335, 1.7783, 2.3714, 3.1623, 4.217, 5.6234, 7.4989, 10.0, 13.3352, 17.7828, 23.7137, 31.6228, 42.1697, 56.2341, 74.9894, 100.0], "counts": [0, 0, 0, 0, 0, 0, 0, 1, 6, 108, 596, 1425, 3856, 13667, 32618, 46596, 43106, 33501, 27868, 23831, 19305, 13876, 3301, 8, 0, 0, 0, 0, 0, 0, 0, 0]}, "logit_lens": {"promoted": [[" rain", 0.466], [" dark", 0.309], [" late", 0.29], [" time", 0.233], ["ble", 0.227], [" ple", 0.207], [" sunny", 0.203], ["fort", 0.196], [" wind", 0.187], [" a", 0.182]], "suppressed": [[" promised", 0.334], [" promise", 0.318], ["p", 0.3], [" it", 0.296], [" This", 0.29], [" face", 0.29], [" kn", 0.29], ["ident", 0.288], ["ug", 0.276], ["itc", 0.265]]}, "examples": [{"tokens": [",", " Sara", "?\"", "\n", "\n", "Sara", " looked", " at", " the", " c", "el", "ery", " and", " said", ",", " \"", "It", " goes", " with", " the", " green", " ones", ",", " silly", ".", " It"], "acts": [0.0, 0.0, 0.0, 0.0, 0.0, 0.0, 0.0, 0.0, 0.0, 0.0, 0.0, 0.0, 0.0, 0.0, 0.0, 0.0, 0.0, 7.918, 2.3034, 1.7602, 0.0, 0.0, 0.0, 0.0, 0.0, 0.0], "max_pos": 17, "max_act": 7.918}, {"tokens": [" park", ".", " \n", "\n", "One", " day", ",", " as", " they", " were", " getting", " ready", " for", " their", " picnic", ",", " Lily", "'s", " mom", " warned", " her", " that", " it", " might", " be", " a", " bit", " noisy", " at", " the", " park", ".", " Lily"], "acts": [0.0, 0.0, 0.0, 0.0, 0.0, 0.0, 0.0, 0.618, 0.0, 0.0, 0.0, 0.0, 0.0, 0.0, 0.0, 0.0, 0.0, 0.0, 0.0, 0.0, 0.0, 0.0, 0.0, 5.7797, 7.8195, 3.8107, 4.5945, 0.0, 1.6201, 0.0, 0.0, 0.0, 0.0], "max_pos": 24, "max_act": 7.8203}, {"tokens": [".", " But", " then", " she", " remembered", " the", " beautiful", " picture", " and", " smiled", ",", " knowing", " she", " wasn", "'t", " alone", ".", "<|endoftext|>", "Timmy", " was", " so", " excited", ".", " It", " was", " the", " first", " day", " of", " class", " after", " his", " s"], "acts": [0.0, 0.0, 0.0, 0.0, 0.0, 0.0, 0.0, 0.0, 0.0, 0.0, 0.0, 0.0, 0.0, 0.0, 0.0, 0.0, 0.0, 0.0, 0.0, 0.0, 0.0, 0.0, 0.0, 0.8913, 7.7706, 4.3091, 0.7668, 0.0, 0.0, 0.0, 0.0, 0.0, 0.0], "max_pos": 24, "max_act": 7.7695}, {"tokens": ["ro", "d", "uc", "ing", " yourself", ".\"", " \n", "\n", "As", " they", " walked", " inside", ",", " Lily", "'s", " mom", " turned", " on", " the", " light", ".", " \"", "It", "'s", " getting", " dark", " outside", ",", " we", " need", " some", " light", " in"], "acts": [0.0, 0.0, 0.0, 0.0, 0.0, 0.0, 0.0, 0.0, 0.0, 0.0, 0.0, 0.0, 0.0, 0.0, 0.0, 0.0, 0.0, 0.0, 0.0, 0.0, 0.0, 0.0, 0.0, 6.7847, 7.7647, 2.8242, 2.6172, 0.0, 0.0, 0.0, 1.4089, 0.0, 0.0], "max_pos": 24, "max_act": 7.7656}, {"tokens": [" lived", " in", " a", " big", " house", " with", " her", " family", ".", " One", " day", ",", " Lily", "'s", " mom", " asked", " her", " to", " shut", " the", " window", " because", " it", " was", " getting", " cold", ".", " Lily", " was", " polite", " and", " said", ","], "acts": [0.0, 0.0, 0.0, 0.0, 0.0, 0.0, 0.0, 0.0, 0.0, 0.3785, 0.0, 0.0, 0.0, 0.0, 0.0, 0.0, 0.0, 0.0, 0.0, 0.0, 0.0, 0.0, 0.0, 5.872, 7.5669, 3.4763, 0.0, 0.0, 0.0, 0.0, 0.0, 0.0, 0.0], "max_pos": 24, "max_act": 7.5664}, {"tokens": [" to", " stay", " and", " play", ".", " He", " said", ",", " \"", "No", "!", " I", "'m", " not", " tired", ".\"", " His", " mommy", " said", ",", " \"", "But", " it", " is", " getting", " dark", ".", " We", " should", " go", " home", " before", " it"], "acts": [0.0, 0.0, 0.0, 0.0, 0.0, 0.5445, 0.0, 0.0, 0.0, 0.0, 0.0, 0.0, 0.0, 0.0, 0.0, 0.0, 0.0, 0.0, 0.0, 0.0, 0.0, 0.0, 1.7705, 6.6656, 7.5578, 3.1759, 0.0, 0.0, 0.6448, 0.0, 0.0, 0.0, 0.0], "max_pos": 24, "max_act": 7.5586}, {"tokens": [" his", " mom", " if", " he", " could", " go", " outside", " and", " see", " the", " moon", ".", " His", " mom", " said", " yes", ",", " but", " she", " warned", " him", " that", " it", " was", " getting", " late", " so", " he", " had", " to", " be", " quick", "."], "acts": [0.0, 0.0, 0.0, 0.0, 0.0, 0.0, 0.0, 0.0, 0.0, 0.0, 0.0, 0.0, 0.0, 0.0, 0.0, 0.0, 0.0, 0.0, 0.0, 1.022, 0.0, 0.0, 0.0, 6.8613, 7.533, 2.2107, 1.0075, 0.0, 0.0, 0.6648, 0.5797, 0.0, 0.0], "max_pos": 24, "max_act": 7.5312}, {"tokens": [" shy", " or", " mean", " will", " only", " create", " more", " trouble", "s", ".", " Al", "ways", " be", " kind", "!", "<|endoftext|>", "Mum", " and", " Dad", " were", " very", " happy", ";", " it", " was", " a", " sunny", " day", " so", " they", " decided", " to", " take"], "acts": [0.0, 0.0, 0.0, 0.0, 0.0, 0.0, 0.0, 0.0, 0.0, 0.0, 0.0, 0.0, 0.0, 0.0, 0.0, 0.0, 0.0, 0.0, 0.0, 0.0, 0.0, 0.0, 0.0, 0.6351, 7.5282, 6.1376, 2.0146, 1.0969, 0.7284, 0.0, 0.0, 0.8315, 0.0], "max_pos": 24, "max_act": 7.5273}, {"tokens": [" on", " the", " swings", " and", " they", " had", " been", " there", " a", " long", " time", ".", " ", "\n", "Mummy", " said", ",", " \"", "We", " should", " go", " soon", ".", " It", "'s", " getting", " dark", ".\"", "\n", "But", " the", " little", " girl"], "acts": [0.0, 0.0, 0.0, 0.0, 0.0, 0.0, 0.0, 0.6602, 0.0, 0.0, 0.0, 0.0, 0.0, 0.0, 0.0, 0.0, 0.0, 0.0, 0.0, 0.8897, 0.0, 0.0, 0.0, 0.0, 7.4765, 7.3536, 2.785, 0.0, 0.0, 0.0, 0.0, 0.0, 0.0], "max_pos": 24, "max_act": 7.4766}, {"tokens": [" knew", " he", " could", " play", " and", " be", " noisy", " with", " his", " friends", " but", " come", " back", " to", " his", " peaceful", " room", " when", " he", " wanted", " to", ".", "<|endoftext|>", "It", " was", " a", " sunny", " day", " in", " the", " park", ".", " Susie"], "acts": [0.0, 0.0, 0.0, 0.0, 0.0, 0.0, 0.0, 0.0, 0.0, 0.0, 0.0, 0.0, 0.0, 0.0, 0.0, 0.0, 0.0, 0.0, 0.0, 0.0, 0.0, 0.0, 0.0, 0.6851, 7.4654, 5.7717, 1.2214, 0.0, 0.0, 0.5942, 0.0, 0.0, 0.0], "max_pos": 24, "max_act": 7.4648}, {"tokens": [" zoo", ".", " Let", "'s", " go", " home", ".\"", "<|endoftext|>", "Molly", " was", " so", " excited", ".", " It", " was", " her", " first", " time", " in", " a", " swimming", " pool", "."], "acts": [0.0, 0.0, 0.0, 0.0, 0.0, 0.0, 0.0, 0.0, 0.0, 0.0, 0.0, 0.0, 0.0, 1.6006, 7.4618, 3.0328, 0.0, 0.0, 0.0, 0.0, 0.0, 0.0, 0.0], "max_pos": 14, "max_act": 7.4609}, {"tokens": [" liked", " to", " go", " outside", " and", " play", " with", " his", " toys", ".", " One", " day", ",", " Timmy", "'s", " mommy", " told", " him", " to", " come", " inside", " because", " it", " was", " getting", " dark", " outside", ".", " \n", "\n", "Timmy", " went", " inside"], "acts": [0.0, 0.0, 0.0, 0.0, 0.0, 0.0, 0.0, 0.0, 0.0, 0.0, 0.0, 0.0, 0.0, 0.0, 0.0, 0.0, 0.0, 0.0, 0.0, 0.0, 0.0, 0.0, 0.0, 6.1198, 7.4301, 2.6854, 2.2163, 0.0, 0.0, 0.0, 0.0, 0.0, 0.0], "max_pos": 24, "max_act": 7.4297}]}