{"id": 407, "density": 0.019923, "max_act": 5.91796875, "hist": {"edges": [0.01, 0.0133, 0.0178, 0.0237, 0.0316, 0.0422, 0.0562, 0.075, 0.1, 0.1334, 0.1778, 0.2371, 0.3162, 0.4217, 0.5623, 0.7499, 1.0, 1.3335, 1.7783, 2.3714, 3.1623, 4.217, 5.6234, 7.4989, 10.0, 13.3352, 17.7828, 23.7137, 31.6228, 42.1697, 56.2341, 74.9894, 100.0], "counts": [0, 0, 0, 0, 0, 0, 0, 0, 0, 11, 262, 1350, 2669, 6364, 12396, 15895, 13277, 10384, 8642, 5844, 2161, 434, 3, 0, 0, 0, 0, 0, 0, 0, 0, 0]}, "logit_lens": {"promoted": [[" sudden", 0.429], [" way", 0.409], [" side", 0.311], [" story", 0.276], [" farm", 0.273], [" village", 0.263], ["ee", 0.263], [":", 0.263], [" town", 0.263], [" gathered", 0.259]], "suppressed": [["ent", 0.227], [" fly", 0.216], [" happen", 0.211], ["ball", 0.204], [" on", 0.198], [" air", 0.195], [" onto", 0.193], [" smo", 0.188], [" for", 0.187], [" sec", 0.178]]}, "examples": [{"tokens": ["Once", " upon", " a", " time", ",", " there", " was", " a", " big", " boat", " with", " a", " brown", " an", "ch", "or", ".", " The", " boat", " was", " in", " the", " middle", " of", " the", " sea", ".", " A", " man", " was", " sitting", " on", " the"], "acts": [0.0, 0.0, 0.5365, 0.0, 0.0, 0.0, 0.0, 0.0, 0.0, 0.0, 0.0, 0.0, 0.0, 0.0, 0.0, 0.0, 0.0, 0.0, 0.0, 0.0, 0.0, 3.8887, 1.9434, 0.8299, 5.9182, 1.5502, 0.0, 0.0, 0.0, 0.0, 0.0, 0.0, 3.1546], "max_pos": 24, "max_act": 5.918}, {"tokens": [" of", " fun", ",", " and", " they", " both", " learnt", " a", " lot", ".", "<|endoftext|>", "Once", " upon", " a", " time", " there", " was", " a", " modest", " lake", " in", " the", " middle", " of", " the", " forest", ".", " All", " the", " animals", " around", " were", " waiting"], "acts": [0.0, 0.0, 0.0, 0.0, 0.0, 0.8118, 0.0, 0.0, 0.0, 0.0, 0.0, 0.0, 0.0, 0.0, 0.0, 0.2199, 0.0, 0.0, 0.0, 0.0, 0.0, 4.1452, 2.3099, 1.2434, 5.8183, 1.7728, 0.0, 0.0, 1.8131, 0.0, 1.038, 0.0, 0.0], "max_pos": 24, "max_act": 5.8164}, {"tokens": [" and", " thanked", " the", " duck", " for", " being", " so", " helpful", ".", "<|endoftext|>", "Once", " upon", " a", " time", ",", " there", " was", " a", " little", " island", " in", " the", " middle", " of", " the", " sea", ".", " The", " island", " had", " many", " trees", ","], "acts": [0.0, 0.0, 0.0, 0.0, 0.0, 0.0, 0.0, 0.0, 0.0, 0.0, 0.0, 0.0, 0.371, 0.0, 0.0, 0.0, 0.0, 0.0, 0.0, 0.0, 0.0, 4.2691, 2.3293, 1.341, 5.7535, 1.5576, 0.0, 0.0, 0.0, 0.0, 0.0, 0.0, 0.0], "max_pos": 24, "max_act": 5.7539}, {"tokens": [" always", " eager", " to", " learn", " and", " try", " new", " things", ".", "<|endoftext|>", "Once", " upon", " a", " time", ",", " there", " was", " a", " big", " island", " in", " the", " middle", " of", " the", " sea", ".", " The", " island", " was", " very"], "acts": [0.0, 0.0, 0.0, 0.0, 0.0, 0.0, 0.0, 0.0, 0.0, 0.0, 0.0, 0.0, 0.0, 0.0, 0.0, 0.0, 0.0, 0.0, 0.0, 0.0, 0.0, 4.048, 2.0125, 1.0241, 5.5431, 1.4745, 0.0, 0.0, 0.0, 0.0, 0.0], "max_pos": 24, "max_act": 5.543}, {"tokens": [" moral", " of", " the", " story", " is", " that", " regular", " ha", "b", "it", "s"], "acts": [0.0, 3.8907, 5.436, 1.2926, 1.2322, 0.0, 0.0, 0.0, 0.0, 0.0, 0.0], "max_pos": 2, "max_act": 5.4375}, {"tokens": [" and", " kept", " discover", "ing", " new", " things", " with", " it", ".", "<|endoftext|>", "Once", " upon", " a", " time", ",", " there", " was", " an", " old", " tree", " in", " the", " middle", " of", " the", " forest", ".", " \"", "What", " is", " this", " old", " thing"], "acts": [0.0, 0.0, 0.0, 0.0, 0.0, 0.0, 0.0, 0.0, 0.0, 0.0, 0.0, 0.0, 0.0, 0.0, 0.0, 0.0, 0.0, 0.0, 0.0, 0.0, 0.0, 4.1657, 2.1191, 1.2657, 5.3407, 1.6138, 0.0, 0.0, 0.0, 0.0, 0.0, 0.0, 0.0], "max_pos": 24, "max_act": 5.3398}, {"tokens": [" felt", " better", " and", " heal", "th", "ier", ".", " And", " her", " mom", " was", " proud", " of", " her", " for", " making", " a", " good", " cho", "ice", ".", " The", " moral", " of", " the", " story", " is", " that", " eating", " too", " much", " candy", " is"], "acts": [0.0, 0.0, 0.0, 0.0, 0.0, 0.0, 0.0, 0.0, 0.0, 0.0, 0.0, 0.0, 0.0, 0.0, 0.0, 0.0, 0.0, 0.0, 0.0, 0.0, 0.0, 0.0, 0.0, 1.5139, 5.3053, 2.1292, 1.0823, 0.0, 0.0, 0.0, 0.0, 0.0, 0.0], "max_pos": 24, "max_act": 5.3047}, {"tokens": [".", " Sam", " lived", " in", " a", " small", " pond", " near", " a", " wood", ".", " Every", "day", " Sam", " would", " sun", " himself", " on", " a", " rock", " in", " the", " middle", " of", " the", " pond", ".", "\n", "\n", "One", " day", ",", " Sam"], "acts": [0.0, 0.0, 0.0, 0.0, 1.8034, 0.6864, 0.0, 0.0, 1.8152, 0.0, 0.0, 0.0, 0.0, 0.0, 0.0, 0.0, 0.0, 0.0, 0.885, 0.0, 0.0, 2.9275, 1.6666, 0.8647, 5.3024, 1.3092, 0.0, 0.0, 0.0, 0.0, 0.0, 0.0, 0.0], "max_pos": 24, "max_act": 5.3008}, {"tokens": [" to", " eat", " their", " toast", " and", " enjoyed", " breakfast", " together", ".", "<|endoftext|>", "Once", " upon", " a", " time", ",", " there", " was", " a", " big", " stand", " in", " the", " middle", " of", " the", " woods", ".", " All", " the", " animals", " had", " never", " seen"], "acts": [0.0, 0.0, 0.0, 0.0, 0.0, 0.0, 0.0, 0.0, 0.0, 0.0, 0.0, 0.0, 0.0, 0.0, 0.0, 0.0, 0.0, 0.0, 0.0, 0.0, 0.0, 2.6879, 1.1686, 0.8279, 5.2959, 0.8062, 0.0, 0.0, 1.8035, 0.0, 0.0, 0.0, 0.0], "max_pos": 24, "max_act": 5.2969}, {"tokens": [" show", " how", " much", " they", " c", "ared", " for", " one", " another", ".", " \n", "\n", "The", " moral", " of", " the", " story", " is", " that", " it", "'s", " always", " important", " to"], "acts": [0.0, 0.0, 0.0, 0.0, 0.0, 0.0, 0.0, 0.0, 0.0, 0.0, 0.0, 0.0, 0.0, 0.0, 1.5007, 5.2954, 1.666, 0.0, 0.0, 1.9931, 0.0, 1.0375, 0.0, 0.0], "max_pos": 15, "max_act": 5.2969}, {"tokens": [".", " The", " moral", " of", " the", " story", " is", " to", " always", " be", " careful", " and", " not"], "acts": [0.0, 0.0, 0.0, 2.1158, 5.269, 1.5757, 1.0892, 0.0, 0.0, 1.083, 0.0, 0.0, 0.0], "max_pos": 4, "max_act": 5.2695}, {"tokens": [" went", " out", " on", " his", " boat", ".", " On", " this", " part", "ic", "ular", " day", " something", " weird", " happened", ".", "\n", "\n", "Max", " was", " in", " the", " middle", " of", " the", " lake", ",", " fis", "hing", ".", " Then", ",", " something"], "acts": [0.0, 0.0, 0.0, 0.7699, 0.0, 0.0, 0.0, 1.0784, 0.0, 0.0, 1.4347, 0.0, 0.0, 0.0, 0.0, 0.0, 0.0, 0.0, 0.0, 0.0, 0.0, 2.8317, 1.1791, 0.7969, 5.2288, 1.0304, 0.0, 0.0, 0.0, 0.0, 0.0, 0.0, 0.0], "max_pos": 24, "max_act": 5.2305}]}