{"id": 431, "density": 0.0261845, "max_act": 6.15625, "hist": {"edges": [0.01, 0.0133, 0.0178, 0.0237, 0.0316, 0.0422, 0.0562, 0.075, 0.1, 0.1334, 0.1778, 0.2371, 0.3162, 0.4217, 0.5623, 0.7499, 1.0, 1.3335, 1.7783, 2.3714, 3.1623, 4.217, 5.6234, 7.4989, 10.0, 13.3352, 17.7828, 23.7137, 31.6228, 42.1697, 56.2341, 74.9894, 100.0], "counts": [0, 0, 0, 0, 0, 0, 0, 0, 0, 0, 5, 51, 800, 5360, 15289, 23561, 22419, 15107, 9539, 7282, 4285, 1011, 29, 0, 0, 0, 0, 0, 0, 0, 0, 0]}, "logit_lens": {"promoted": [[" anywhere", 0.277], [" everywhere", 0.265], [" hidden", 0.262], [" sol", 0.258], [" hiding", 0.245], [" under", 0.234], [" spot", 0.198], [" where", 0.19], [" missing", 0.185], [" ne", 0.18]], "suppressed": [["hood", 0.308], [" years", 0.299], [" trip", 0.293], [" face", 0.285], ["ave", 0.282], ["ek", 0.267], [" wish", 0.261], ["an", 0.26], ["day", 0.26], [" mistake", 0.259]]}, "examples": [{"tokens": [" find", " her", " past", "el", " box", ".", " She", " looked", " everywhere", " but", " couldn", "'t", " find", " it", ".", "\n", "\n", "Then", ",", " her", " mom", " came"], "acts": [4.5064, 4.3572, 2.4277, 3.477, 3.6115, 0.9989, 0.0, 0.0, 0.0, 0.0, 0.0, 0.0, 1.6508, 6.1577, 0.0, 0.7943, 0.4581, 0.0, 0.0, 0.0, 0.0, 0.0], "max_pos": 13, "max_act": 6.1562}, {"tokens": [" cry", ".", "\n", "\n", "As", " she", " sat", " outside", ",", " she", " realized", " her", " necklace", " was", " missing", ".", " She", " searched", " and", " searched", " but", " couldn", "'t", " find", " it", ".", " Lily", " was", " so", " sad", " that", " she", " couldn"], "acts": [0.0, 0.0, 0.0, 0.0, 0.0, 0.0, 0.0, 0.0, 0.0, 0.0, 0.0, 0.0, 1.1852, 0.0, 0.0, 0.0, 0.0, 0.0, 0.0, 0.0, 0.0, 0.0, 0.0, 1.3793, 5.9418, 0.0, 0.0, 0.0, 0.0, 0.0, 0.0, 0.0, 0.0], "max_pos": 24, "max_act": 5.9414}, {"tokens": [" The", " big", " elephant", " wanted", " to", " help", ",", " so", " he", " went", " to", " find", " the", " toy", ".", " \n", "\n", "He", " searched", " everywhere", " but", " couldn", "'t", " find", " it", ".", " Then", ",", " he", " had", " an", " idea", "."], "acts": [0.0, 0.0, 0.0, 0.0, 0.0, 0.0, 0.0, 0.0, 0.0, 0.0, 0.0, 0.0, 2.2636, 3.2922, 0.0, 0.0, 0.0, 0.0, 0.0, 0.0, 0.0, 0.0, 0.0, 1.0718, 5.9409, 0.4791, 0.0, 0.0, 0.0, 0.0, 0.0, 0.0, 0.0], "max_pos": 24, "max_act": 5.9414}, {"tokens": [" He", " noticed", " that", " one", " of", " his", " favorite", " toys", ",", " a", " little", " dinosaur", ",", " was", " missing", ".", " Timmy", " searched", " and", " searched", " but", " couldn", "'t", " find", " it", " anywhere", ".", " Suddenly", ",", " he", " remembered", " that", " he"], "acts": [0.0, 0.0, 0.0, 0.0, 0.0, 0.0, 0.0, 0.0, 0.0, 0.0, 0.0, 0.0, 0.0, 0.0, 0.0, 0.0, 0.0, 0.0, 0.0, 0.0, 0.0, 0.0, 0.0, 1.507, 5.9308, 1.9693, 0.0, 0.0, 0.0, 0.0, 0.0, 0.0, 0.0], "max_pos": 24, "max_act": 5.9297}, {"tokens": [" you", " find", " it", ",\"", " Lily", " said", " kind", "ly", ".", "\n", "\n", "They", " all", " searched", " for", " Sarah", "'s", " toy", ",", " but", " they", " couldn", "'t", " find", " it", ".", " \"", "I", "'m", " sorry", " we", " couldn", "'t"], "acts": [0.0, 0.0, 5.2069, 0.0, 0.0, 0.0, 0.0, 0.0, 0.0, 0.0, 0.0, 0.0, 0.0, 0.0, 0.9246, 3.6784, 0.7586, 2.7434, 1.1442, 0.0, 1.0826, 0.0, 0.0, 1.0391, 5.8949, 0.0, 0.0, 0.8165, 0.0, 0.0, 0.0, 0.0, 0.0], "max_pos": 24, "max_act": 5.8945}, {"tokens": [" named", " Timmy", ".", " Timmy", " was", " very", " upset", " because", " he", " lost", " his", " favorite", " toy", ".", " He", " searched", " and", " searched", ",", " but", " he", " couldn", "'t", " find", " it", " anywhere", ".", " \n", "\n", "Then", ",", " Timmy", "'s"], "acts": [0.0, 0.0, 0.0, 0.0, 0.0, 0.0, 0.0, 0.0, 0.0, 0.0, 1.3403, 0.9348, 1.1986, 0.0, 0.0, 0.0, 0.0, 0.0, 0.8898, 0.0, 0.0, 0.0, 0.0, 1.3098, 5.8542, 1.7487, 0.0, 0.0, 0.0, 0.0, 0.0, 0.0, 0.0], "max_pos": 24, "max_act": 5.8555}, {"tokens": [" Lily", " said", " no", ",", " but", " she", " wanted", " to", " help", " the", " man", ".", " She", " asked", " him", " where", " he", " lost", " it", " and", " they", " all", " looked", " for", " it", " together", ".", "\n", "\n", "After", " a", " while", ","], "acts": [0.0, 0.0, 0.0, 0.0, 0.0, 0.0, 0.0, 0.0, 0.0, 0.0, 0.0, 0.0, 0.0, 0.0, 0.0, 0.0, 1.3269, 0.0, 2.4773, 0.0, 0.0, 0.0, 0.0, 0.0, 5.7815, 0.0, 0.0, 0.0, 0.0, 0.0, 0.0, 0.0, 0.0], "max_pos": 24, "max_act": 5.7812}, {"tokens": [" decided", " to", " run", " through", " the", " ma", "ze", " to", " find", " the", " cheese", ".", " He", " ran", " and", " ran", ",", " but", " he", " couldn", "'t", " find", " it", ".", " Just", " when", " Timmy", " was", " about", " to", " give"], "acts": [1.2779, 0.0, 0.0, 0.0, 0.0, 0.0, 0.0, 0.0, 0.0, 2.9254, 3.0645, 0.0, 0.0, 0.0, 0.0, 0.0, 0.0, 0.0, 0.0, 0.0, 0.0, 0.0, 5.7803, 0.0, 0.0, 0.0, 0.0, 0.0, 0.0, 0.0, 0.0], "max_pos": 22, "max_act": 5.7812}, {"tokens": [" coin", " was", " gone", ".", " She", " was", " very", " sad", " and", " didn", "'t", " know", " what", " to", " do", ".", " She", " searched", " and", " searched", " but", " couldn", "'t", " find", " it", ".", "\n", "\n", "E", "ventually", ",", " the", " rabbit"], "acts": [0.8352, 0.0, 0.0, 0.0, 0.0, 0.0, 0.0, 0.0, 0.0, 0.0, 0.0, 0.0, 1.7373, 0.0, 0.0, 0.0, 0.0, 0.0, 0.0, 0.0, 0.0, 0.0, 0.0, 1.4313, 5.7745, 0.0, 0.0, 0.0, 0.0, 0.0, 0.0, 0.0, 0.0], "max_pos": 24, "max_act": 5.7734}, {"tokens": [" sad", ".", " He", " looked", " everywhere", ",", " but", " he", " couldn", "'t", " find", " it", ".", " He", " had", " lost", " his", " wagon", "!", "\n"], "acts": [0.0, 0.0, 0.0, 0.0, 0.0, 0.0, 0.0, 0.0, 0.0, 0.0, 1.1457, 5.7372, 0.0, 0.0, 0.0, 1.2774, 1.9709, 3.3298, 0.0, 0.0], "max_pos": 11, "max_act": 5.7383}, {"tokens": [" shiny", ".", " One", " day", ",", " he", " lost", " his", " pin", " and", " felt", " very", " sad", ".", " He", " looked", " everywhere", " for", " it", ",", " but", " could", " not", " find", " it", ".", "\n", "\n", "Tom", " met", " a", " friendly", " cat"], "acts": [0.0, 0.0, 0.0, 0.0, 0.0, 0.0, 0.0, 0.0, 1.3046, 0.0, 0.0, 0.0, 0.0, 0.0, 0.0, 0.0, 0.0, 0.0, 4.7019, 0.8385, 0.0, 0.0, 0.0, 0.8066, 5.7353, 0.0, 0.0, 0.0, 0.0, 0.0, 0.0, 0.0, 0.0], "max_pos": 24, "max_act": 5.7344}, {"tokens": [" a", " little", " squirrel", " named", " Sammy", " was", " looking", " for", " his", " acorn", ".", " He", " searched", " high", " and", " low", ",", " but", " he", " couldn", "'t", " find", " it", " anywhere", ".", " Sammy", " was", " sad", " because", " he", " needed"], "acts": [0.0, 0.0, 0.0, 0.0, 0.0, 0.0, 0.0, 0.0, 2.6889, 4.1867, 0.0, 0.0, 0.0, 0.0, 0.0, 0.0, 1.1693, 0.0, 0.6646, 0.0, 0.0, 1.0914, 5.7323, 1.9707, 0.0, 0.0, 0.0, 0.0, 0.0, 0.0, 0.0], "max_pos": 22, "max_act": 5.7305}]}