{"id": 443, "density": 0.01170925, "max_act": 8.8203125, "hist": {"edges": [0.01, 0.0133, 0.0178, 0.0237, 0.0316, 0.0422, 0.0562, 0.075, 0.1, 0.1334, 0.1778, 0.2371, 0.3162, 0.4217, 0.5623, 0.7499, 1.0, 1.3335, 1.7783, 2.3714, 3.1623, 4.217, 5.6234, 7.4989, 10.0, 13.3352, 17.7828, 23.7137, 31.6228, 42.1697, 56.2341, 74.9894, 100.0], "counts": [0, 0, 0, 0, 0, 0, 0, 0, 0, 2, 9, 278, 1691, 5156, 8196, 8133, 5560, 4174, 2509, 3089, 2912, 908, 3778, 442, 0, 0, 0, 0, 0, 0, 0, 0]}, "logit_lens": {"promoted": [[" to", 0.358], ["ten", 0.333], [" forgot", 0.26], ["ting", 0.222], [" about", 0.212], [",", 0.21], [" he", 0.205], [".", 0.205], [" not", 0.202], [" she", 0.2]], "suppressed": [["p", 0.353], ["ver", 0.34], ["am", 0.33], ["sc", 0.327], ["lp", 0.324], ["af", 0.324], [" gir", 0.32], [" breath", 0.315], ["fore", 0.314], [" distance", 0.306]]}, "examples": [{"tokens": ["ient", "ist", " would", " create", " interesting", " things", " using", " the", " lab", " e", "qu", "ip", "ment", ".", " One", " cold", " win", "ter", " day", ",", " the", " sc", "ient", "ist", " decided", " to", " make", " a", " robot", ".", " With", " the", " help"], "acts": [0.0, 0.0, 0.0, 0.0, 0.0, 0.0, 0.0, 0.0, 0.0, 0.0, 0.0, 0.0, 0.0, 0.0, 0.0, 0.0, 0.0, 0.0, 0.0, 0.0, 0.0, 0.0, 0.0, 0.0, 8.8231, 0.0, 0.0, 0.0, 0.0, 0.0, 0.0, 0.0, 0.0], "max_pos": 24, "max_act": 8.8203}, {"tokens": [" the", " park", ".", " Today", ",", " S", "ad", "ie", " decided", " to", " bring", " a", " special", " friend", " \u00e2\u20ac\ufffd", "\ufffd", " a"], "acts": [0.0, 0.0, 0.0, 0.0, 0.0, 0.0, 0.0, 0.0, 8.7122, 0.0, 0.0, 0.0, 0.0, 0.0, 0.0, 0.0, 0.0], "max_pos": 8, "max_act": 8.7109}, {"tokens": [".", " Every", " day", " he", " kicked", " it", " and", " rolled", " it", " around", " the", " garden", ".", " One", " hot", " s", "ummer", " day", ",", " J", "am", "ie", " decided", " to", " spread", " his", " football", " around", " the", " neighbour", "hood"], "acts": [0.0, 0.0, 0.0, 0.0, 0.0, 0.0, 0.0, 0.0, 0.0, 0.0, 0.0, 0.0, 0.0, 0.0, 0.0, 0.0, 0.0, 0.0, 0.0, 0.0, 0.0, 0.0, 8.2159, 0.0, 0.0, 0.0, 0.0, 0.0, 0.0, 0.0, 0.0], "max_pos": 22, "max_act": 8.2188}, {"tokens": [" it", ".", " Every", " day", " she", " would", " look", " for", " ways", " to", " show", " her", " gener", "os", "ity", ".", " \n", "\n", "One", " day", ",", " C", "o", "co", " decided", " to", " have", " a", " party", ".", " She", " invited", " her"], "acts": [0.0, 0.0, 0.0, 0.0, 0.0, 0.0, 0.0, 0.0, 0.0, 0.0, 0.0, 0.0, 0.0, 0.0, 0.0, 0.0, 0.0, 0.0, 0.0, 0.0, 0.0, 0.0, 0.0, 0.0, 8.1904, 0.0, 0.0, 0.0, 0.0, 0.0, 0.0, 0.0, 0.0], "max_pos": 24, "max_act": 8.1875}, {"tokens": [" fish", " friends", ".", " One", " day", ",", " they", " decided", " to", " have", " a", " race", " to", " see", " who", " was"], "acts": [0.0, 0.0, 0.0, 0.0, 0.7679, 0.0, 0.0, 8.1608, 0.0, 0.0, 0.0, 0.0, 0.0, 0.0, 0.0, 0.0], "max_pos": 7, "max_act": 8.1641}, {"tokens": ["One", " day", ",", " J", "u", "dy", " decided", " to", " go", " for", " a", " ride", " on", " the", " bus"], "acts": [0.0, 0.8697, 0.0, 0.0, 0.0, 0.0, 8.1476, 0.0, 0.0, 0.0, 0.0, 0.0, 0.0, 0.0, 0.0], "max_pos": 6, "max_act": 8.1484}, {"tokens": [" take", " trip", "s", " together", " and", " one", " day", " they", " decided", " to", " go", " to", " the", " air", "port", ".", " The"], "acts": [0.0, 0.0, 0.0, 0.0, 0.0, 0.0, 0.0, 0.0, 8.1464, 0.0, 0.0, 0.0, 0.0, 0.0, 0.0, 0.0, 0.0], "max_pos": 8, "max_act": 8.1484}, {"tokens": [" in", " the", " kitchen", ".", " One", " day", ",", " the", " kid", " decided", " to", " make", " cookies", ".", " He", " got", " out", " all"], "acts": [0.0, 0.0, 0.0, 0.0, 0.0, 0.5859, 0.0, 0.0, 0.0, 8.1321, 0.0, 0.0, 0.0, 0.0, 0.0, 0.0, 0.0, 0.0], "max_pos": 9, "max_act": 8.1328}, {"tokens": [" time", ",", " M", "ina", " and", " Jack", " decided", " to", " play", " a", " game", ".", " They", " put", " one"], "acts": [0.0, 0.0, 0.0, 0.0, 0.0, 0.0, 8.1332, 0.0, 0.0, 0.0, 0.0, 0.0, 0.0, 0.0, 0.0], "max_pos": 6, "max_act": 8.1328}, {"tokens": [" R", "y", "an", ".", " He", " was", " 3", " years", " old", " and", " he", " was", " always", " looking", " for", " new", " adventures", ".", "One", " day", ",", " R", "y", "an", " decided", " to", " go", " on", " a", " treasure", " hunt", ".", " He"], "acts": [0.0, 0.0, 0.0, 0.0, 0.0, 0.0, 0.0, 0.0, 0.0, 0.0, 0.0, 0.0, 0.0, 0.0, 0.0, 0.0, 0.0, 0.0, 0.0, 0.3724, 0.0, 0.0, 0.0, 0.0, 8.0886, 0.0, 0.0, 0.0, 0.0, 0.0, 0.0, 0.0, 0.0], "max_pos": 24, "max_act": 8.0859}, {"tokens": [" he", " went", " he", " made", " sure", " he", " inc", "l", "ud", "ed", " lots", " of", " friends", " in", " the", " adventure", ".", " \n", "\n", "One", " day", " Fred", "d", "ie", " decided", " to", " go", " on", " an", " extra", " special", " adventure", " -"], "acts": [0.0, 0.0, 0.0, 0.0, 1.0062, 0.0, 0.0, 0.0, 0.0, 0.0, 0.0, 0.0, 0.0, 0.0, 0.0, 0.0, 0.0, 0.0, 0.0, 0.0, 0.0, 0.0, 0.0, 0.0, 8.0837, 0.0, 0.0, 0.0, 0.0, 0.0, 0.0, 0.0, 0.0], "max_pos": 24, "max_act": 8.0859}, {"tokens": [" was", " a", " little", " girl", " named", " Jane", ".", " She", " was", " three", " years", " old", " and", " loved", " playing", " out", "d", "o", "ors", ".", " One", " day", ",", " Jane", " decided", " to", " explore", " the", " field", "s", " near", " her", " home"], "acts": [0.0, 0.0, 0.0, 0.0, 0.0, 0.0, 0.0, 0.0, 0.0, 0.0, 0.0, 0.0, 0.0, 0.0, 0.0, 0.0, 0.0, 0.0, 0.0, 0.0, 0.0, 0.8101, 0.0, 0.0, 8.0684, 0.0, 0.0, 0.0, 0.0, 0.0, 0.0, 0.0, 0.0], "max_pos": 24, "max_act": 8.0703}]}