{"id": 452, "density": 0.01019525, "max_act": 8.765625, "hist": {"edges": [0.01, 0.0133, 0.0178, 0.0237, 0.0316, 0.0422, 0.0562, 0.075, 0.1, 0.1334, 0.1778, 0.2371, 0.3162, 0.4217, 0.5623, 0.7499, 1.0, 1.3335, 1.7783, 2.3714, 3.1623, 4.217, 5.6234, 7.4989, 10.0, 13.3352, 17.7828, 23.7137, 31.6228, 42.1697, 56.2341, 74.9894, 100.0], "counts": [0, 0, 0, 0, 0, 0, 0, 0, 0, 0, 1, 35, 481, 2491, 5343, 6532, 6074, 5693, 6395, 4609, 873, 1148, 1080, 26, 0, 0, 0, 0, 0, 0, 0, 0]}, "logit_lens": {"promoted": [[" that", 0.34], [" the", 0.255], [" how", 0.248], [" he", 0.246], [" they", 0.244], [" bl", 0.215], [" it", 0.214], [" she", 0.212], [" what", 0.21], [" sn", 0.204]], "suppressed": [["ect", 0.353], ["ave", 0.342], ["ad", 0.332], ["led", 0.308], ["ins", 0.305], ["uring", 0.302], ["wn", 0.299], ["ried", 0.295], ["gged", 0.293], ["ort", 0.292]]}, "examples": [{"tokens": [" in", " Tom", "\u00e2\u20ac\u2122", "s", " eyes", ".", " He", " realised", " that", " the", " children", " were", " app", "l", "au", "d"], "acts": [0.0, 0.0, 0.0, 0.0, 0.0, 0.0, 0.0, 8.7632, 2.1027, 0.0, 0.0, 0.0, 0.0, 0.0, 0.0, 0.0], "max_pos": 7, "max_act": 8.7656}, {"tokens": ["\n", "L", "ike", " a", " torn", "ado", ",", " W", "in", "n", "ie", " put", " the", " trumpet", " down", " and", " got", " off", " it", " -", " shocked", ".", " She", " had", " realised", " that", " the", " trumpet", " belonged", " to", " some", "body", " else"], "acts": [0.0, 0.0, 0.0, 0.0, 0.0, 0.0, 0.0, 0.0, 0.0, 0.0, 0.0, 0.0, 0.0, 0.0, 0.0, 0.0, 0.0, 0.0, 0.0, 0.0, 0.0, 0.0, 0.0, 0.0, 8.0651, 1.8111, 0.0, 0.0, 0.0, 0.0, 0.0, 0.0, 0.0], "max_pos": 24, "max_act": 8.0625}, {"tokens": [" the", " squirrel", " saw", " something", " gl", "im", "mer", "ing", " am", "ong", "st", " the", " trees", ".", " When", " he", " got", " closer", ",", " he", " realised", " it", " was", " a", " rec", "or", "der", ".", " He"], "acts": [0.0, 0.0, 0.0, 0.0, 0.0, 0.0, 0.0, 0.0, 0.0, 0.0, 0.0, 0.0, 0.0, 0.0, 0.0, 0.0, 0.0, 0.0, 0.0, 0.0, 7.9847, 0.0, 0.0, 0.0, 0.0, 0.0, 0.0, 0.0, 0.0], "max_pos": 20, "max_act": 7.9844}, {"tokens": [" he", " felt", " like", " something", " had", " just", " hit", " him", ".", " He", " looked", " down", " and", " saw", " the", " red", " rod", " on", " the", " ground", ".", " Suddenly", ",", " he", " realised", " that", " it", " was", " a", " magic", " rod", " that", " had"], "acts": [0.0, 0.0, 0.0, 0.0, 0.0, 0.0, 0.0, 0.0, 0.0, 0.0, 0.0, 0.0, 0.0, 1.8827, 0.0, 0.0, 0.0, 0.0, 0.0, 0.0, 0.0, 2.5705, 0.0, 0.0, 7.9111, 2.0502, 0.0, 0.0, 0.0, 0.0, 0.0, 0.0, 0.0], "max_pos": 24, "max_act": 7.9102}, {"tokens": [" down", " and", " stopped", " char", "g", "ing", ".", " He", " realised", " that", " he", " and", " the", " wild", "e", "be", "est"], "acts": [0.0, 0.0, 0.0, 0.0, 0.0, 0.0, 0.0, 0.0, 7.807, 1.8195, 0.0, 0.0, 0.0, 0.0, 0.0, 0.0, 0.0], "max_pos": 8, "max_act": 7.8086}, {"tokens": [" looked", " around", " her", " room", " and", " realized", " it", " was", " a", " special", " button", "!", " Whenever", " she"], "acts": [0.0, 0.0, 0.0, 0.0, 0.0, 7.7626, 0.0, 0.0, 0.0, 0.0, 0.0, 0.0, 0.0, 0.0], "max_pos": 5, "max_act": 7.7617}, {"tokens": [" not", " laugh", " or", " play", " or", " sing", ".", " She", " only", " held", " on", " to", " her", " yellow", " dress", ".", " She", " did", " not", " smile", ".", "\n", "\n", "She", " realized", " her", " mom", " was", " right", ".", " The", " party", " was"], "acts": [0.0, 0.0, 0.0, 0.0, 0.0, 0.0, 0.0, 0.0, 0.0, 0.0, 0.0, 0.0, 0.0, 0.0, 0.0, 0.0, 0.0, 0.0, 0.0, 0.0, 0.0, 0.0, 0.0, 0.0, 7.7535, 0.0, 0.0, 0.0, 0.0, 0.0, 0.0, 0.0, 0.0], "max_pos": 24, "max_act": 7.7539}, {"tokens": [",", " it", " was", " dark", " outside", ".", " The", " little", " girl", " ran", " to", " her", " pare", "nt", "'s", " room", ",", " but", " nobody", " was", " there", ".", " She", " quickly", " realised", " that", " she", " had", " over", "s", "le", "pt", " and"], "acts": [0.0, 0.0, 0.0, 0.0, 0.0, 0.0, 0.0, 0.0, 0.0, 0.0, 0.0, 0.0, 0.0, 0.0, 0.0, 0.0, 0.0, 0.0, 0.0, 0.0, 0.0, 0.0, 0.0, 0.0, 7.713, 1.7355, 0.0, 0.0, 0.0, 0.0, 0.0, 0.0, 0.0], "max_pos": 24, "max_act": 7.7148}, {"tokens": [" up", " in", " a", " blanket", ",", " to", " make", " a", " magical", " way", " out", " of", " her", " house", ".", " But", " when", " she", " stepped", " outside", " her", " door", ",", " she", " realized", " that", " without", " a", " map", " she", " would", " be", " lost"], "acts": [0.0, 0.0, 0.0, 0.0, 0.0, 0.0, 0.0, 0.0, 0.0, 0.0, 0.0, 0.0, 0.0, 0.0, 0.0, 0.0, 0.0, 0.0, 0.0, 0.0, 0.0, 0.0, 0.0, 0.0, 7.7062, 2.6171, 0.0, 0.0, 0.0, 0.0, 0.0, 0.0, 0.0], "max_pos": 24, "max_act": 7.707}, {"tokens": [" her", " jelly", " was", " not", " good", ".", " She", " realized", " that", " sometimes", ",", " even", " when", " we", " try", " our"], "acts": [0.0, 0.0, 0.0, 0.0, 0.0, 0.0, 0.0, 7.696, 2.3972, 0.0, 0.0, 0.0, 0.0, 0.0, 0.0, 0.0], "max_pos": 7, "max_act": 7.6953}, {"tokens": [" the", " boy", " away", ",", " Lily", "'s", " mom", " bought", " her", " a", " treat", " for", " being", " so", " brave", ".", " But", " when", " Lily", " took", " a", " bite", ",", " she", " realized", " it", " was", " spoiled", " and", " didn", "'t", " taste", " good"], "acts": [0.0, 0.0, 0.0, 0.0, 0.0, 0.0, 0.0, 0.0, 0.0, 0.0, 0.0, 0.0, 0.0, 0.0, 0.0, 0.0, 0.0, 0.0, 0.0, 0.0, 0.0, 0.0, 0.0, 0.0, 7.6932, 0.0, 0.0, 0.0, 0.0, 0.0, 0.0, 0.0, 0.0], "max_pos": 24, "max_act": 7.6914}, {"tokens": [" screamed", " and", " dropped", " the", " car", ".", " She", " started", " to", " cry", ".", "\n", "\n", "Tom", " heard", " Jen", "'s", " scream", " and", " saw", " her", " hand", ".", " He", " realized", " he", " had", " done", " a", " bad", " thing", ".", " He"], "acts": [0.0, 0.0, 0.0, 0.0, 0.0, 0.0, 0.0, 0.0, 0.0, 0.0, 0.0, 0.0, 0.0, 0.0, 0.777, 0.0, 0.0, 0.0, 0.0, 2.8806, 0.0, 0.0, 0.0, 0.0, 7.6865, 0.0, 0.0, 0.0, 0.0, 0.0, 0.0, 0.0, 0.0], "max_pos": 24, "max_act": 7.6875}]}