{"id": 464, "density": 0.01680175, "max_act": 5.77734375, "hist": {"edges": [0.01, 0.0133, 0.0178, 0.0237, 0.0316, 0.0422, 0.0562, 0.075, 0.1, 0.1334, 0.1778, 0.2371, 0.3162, 0.4217, 0.5623, 0.7499, 1.0, 1.3335, 1.7783, 2.3714, 3.1623, 4.217, 5.6234, 7.4989, 10.0, 13.3352, 17.7828, 23.7137, 31.6228, 42.1697, 56.2341, 74.9894, 100.0], "counts": [0, 0, 0, 0, 0, 0, 0, 0, 0, 2, 36, 367, 1549, 4853, 10778, 14267, 13231, 9888, 5048, 3619, 2924, 640, 5, 0, 0, 0, 0, 0, 0, 0, 0, 0]}, "logit_lens": {"promoted": [[" happen", 0.371], ["ay", 0.329], [" ending", 0.328], [" happening", 0.309], ["ine", 0.304], ["x", 0.301], ["ur", 0.301], [" forward", 0.295], [" happened", 0.293], ["hile", 0.288]], "suppressed": [[" gre", 0.188], ["ep", 0.181], [" to", 0.18], [" w", 0.175], ["lf", 0.172], [" dug", 0.169], [" surprised", 0.169], ["ouse", 0.168], ["ject", 0.167], ["I", 0.164]]}, "examples": [{"tokens": [" before", " but", " she", " knew", " that", " it", " was", " not", " supp", "o", "sed", " to", " be", " like", " this", ".", " She", " was", " so", " sad", ",", " wonder", "ing", " what", " went", " wrong", ".", " \n", "\n", "After", " some", " thought", " and"], "acts": [0.0, 0.0, 0.0, 0.0, 0.0, 0.0, 0.0, 0.0, 0.0, 0.0, 0.0, 0.0, 0.0, 0.0, 0.0, 0.0, 0.0, 0.0, 0.0, 0.0, 0.0, 2.0381, 1.135, 0.0, 5.7776, 3.0498, 0.0, 0.0, 0.0, 0.0, 0.0, 0.0, 0.0], "max_pos": 24, "max_act": 5.7773}, {"tokens": [" is", " over", ".\u00e2\u20ac", "\n", "\n", "They", " walked", " back", " to", " their", " house", ",", " disappointed", " that", " their", " game", " was", " over", ".", " They", " would", " never", " know", " what", " would", " have", " happened", " if", " they", " had", " finished", " mix", "ing"], "acts": [1.609, 0.0, 0.0, 0.0, 0.0, 0.0, 0.0, 0.0, 0.0, 0.0, 0.0, 0.0, 0.0, 0.0, 0.0, 0.0, 0.0, 0.0, 0.0, 0.0, 0.0, 0.0, 0.0, 0.0, 5.6888, 3.0538, 1.0216, 0.0, 0.0, 0.0, 0.0, 0.0, 0.0], "max_pos": 24, "max_act": 5.6875}, {"tokens": [" suddenly", ",", " and", " the", " d", "aisy", " was", " nowhere", " to", " be", " seen", ".", " Everyone", " looked", " and", " looked", " but", " she", " couldn", "'t", " be", " found", ".", " Where", " did", " she", " go", "?", "\n", "\n", "The", " people", " of"], "acts": [0.0, 0.0, 0.0, 0.0, 0.0, 0.0, 0.0, 0.0, 0.0, 0.0, 0.0, 0.0, 0.0, 0.0, 0.0, 0.0, 0.0, 0.0, 0.8172, 0.0, 0.0, 0.0, 0.0, 0.0, 5.6728, 0.0, 0.0, 0.0, 0.0, 0.0, 0.0, 0.0, 0.0], "max_pos": 24, "max_act": 5.6719}, {"tokens": ["our", ".", " Little", " John", " had", " never", " had", " so", " much", " fun", "!", " Now", ",", " whenever", " he", " pass", "es", " by", " the", " building", ",", " he", " knows", " what", " will", " be", " waiting", " for", " him", " inside", "-", " and", " he"], "acts": [0.0, 0.0, 0.0, 0.0, 0.0, 0.0, 0.0, 0.0, 0.0, 0.0, 0.0, 0.0, 0.0, 0.0, 0.0, 0.0, 0.0, 0.0, 0.0, 0.0, 0.0, 0.0, 0.0, 0.0, 5.651, 2.5176, 0.0, 0.0, 0.0, 0.0, 0.0, 0.0, 0.0], "max_pos": 24, "max_act": 5.6523}, {"tokens": [",", " but", " it", " does", " not", " move", ".", " She", " starts", " to", " cry", ".", "\n", "\n", "Mom", " hears", " Sara", "'s", " cry", " and", " comes", " to", " see", " what", " is", " wrong", ".", " She", " sees", " Sara", " holding", " the", " ring"], "acts": [0.0, 0.0, 0.0, 0.0, 0.8878, 0.0, 0.0, 0.0, 0.0, 0.0, 0.0, 0.0, 0.0, 0.0, 0.0, 0.8469, 0.0, 0.0, 0.0, 0.0, 0.0, 0.0, 0.616, 0.0, 5.6234, 3.2858, 0.0, 0.0, 0.0, 0.0, 0.0, 0.0, 0.0], "max_pos": 24, "max_act": 5.625}, {"tokens": [" to", " the", " wall", ".", " He", " smiled", " and", " un", "h", "oo", "ked", " it", ".", " He", " felt", " excited", " as", " he", " drove", " away", ".", "\n", "\n", "Where", " was", " the", " boy", " going", "?", " He", " was", " going", " to"], "acts": [0.0, 0.0, 0.0, 0.0, 0.0, 0.0, 0.0, 0.0, 0.0, 0.0, 0.0, 0.0, 0.0, 0.0, 0.0, 0.0, 0.0, 0.0, 0.0, 0.0, 0.0, 0.0, 0.0, 0.0, 5.5846, 0.0, 0.0, 0.0, 0.0, 0.0, 0.0, 0.0, 0.0], "max_pos": 24, "max_act": 5.5859}, {"tokens": ["ed", " his", " head", " and", " it", " hurt", ".", " He", " cried", " louder", " and", " louder", ".", "\n", "\n", "Mom", " heard", " the", " noise", " and", " came", " to", " see", " what", " was", " wrong", ".", " She", " saw", " Ben", " on", " the", " floor"], "acts": [1.5748, 0.0, 0.0, 0.0, 0.0, 0.0, 0.0, 0.0, 0.0, 0.0, 0.0, 0.0, 0.0, 0.0, 0.0, 0.0, 0.9114, 0.0, 0.0, 0.0, 0.0, 0.0, 0.7639, 0.0, 5.5412, 3.3802, 0.0, 0.0, 0.0, 0.0, 0.0, 0.0, 0.0], "max_pos": 24, "max_act": 5.543}, {"tokens": [" and", " comes", " to", " see", " what", " happened", ".", " She", " sees", " the", " broken", " block", " and", " the", " un", "h", "appy", " children", ".", "\n", "\n", "\"", "What", "'s", " going", " on", " here", "?\"", " Mom", " asks", ".", " \"", "Why"], "acts": [0.0, 0.0, 0.0, 0.0, 0.0, 1.7273, 0.0, 0.0, 0.0, 0.0, 0.0, 0.0, 0.0, 0.0, 0.0, 0.0, 0.8382, 0.0, 0.0, 0.0, 0.0, 0.0, 0.0, 4.4686, 5.5448, 0.9325, 0.0, 0.0, 0.0, 0.0, 0.0, 0.0, 0.0], "max_pos": 24, "max_act": 5.543}, {"tokens": [" more", " sad", ".", " She", " started", " to", " cry", ".", "\n", "\n", "Her", " mom", " heard", " the", " noise", " and", " the", " crying", ".", " She", " came", " to", " see", " what", " was", " wrong", ".", " She", " saw", " Lily", " with", " the", " paper"], "acts": [0.0, 0.0, 0.0, 0.0, 0.0, 0.0, 0.0, 0.0, 0.0, 0.0, 0.6598, 0.0, 0.0, 0.0, 0.0, 0.0, 0.0, 0.0, 0.0, 0.0, 0.0, 0.0, 1.0151, 0.617, 5.4854, 3.3185, 0.0, 0.0, 0.0, 0.0, 0.0, 0.0, 0.0], "max_pos": 24, "max_act": 5.4844}, {"tokens": ["ed", "y", ".", " He", " wished", " he", " had", " not", " touched", " the", " shiny", " ball", ".", " He", " was", " scared", " and", " sad", ".", " He", " did", " not", " know", " what", " would", " happen", " to", " him", ".", " He", " hoped", " someone", " would"], "acts": [0.0, 0.0, 0.0, 0.0, 0.0, 0.0, 0.0, 0.0, 0.0, 0.0, 0.0, 0.0, 0.0, 0.0, 0.0, 0.0, 0.0, 0.0, 0.0, 0.0, 0.0, 0.0, 0.4936, 0.0, 5.4654, 1.7646, 0.0, 0.0, 0.0, 0.0, 0.0, 0.0, 0.0], "max_pos": 24, "max_act": 5.4648}, {"tokens": ["ages", ".", " She", " felt", " very", " guilty", ".", " She", " started", " to", " cry", ".", "\n", "\n", "Their", " mother", " heard", " the", " noise", " and", " came", " to", " see", " what", " was", " wrong", ".", " She", " saw", " Tom", " and", " Lily", "."], "acts": [0.0, 0.0, 0.0, 0.0, 0.0, 0.0, 0.0, 0.0, 0.0, 0.0, 0.0, 0.0, 0.0, 0.0, 0.0, 0.0, 0.0, 0.0, 0.0, 0.0, 0.0, 0.0, 1.0818, 0.0, 5.4499, 3.3035, 0.0, 0.0, 0.0, 0.0, 0.0, 0.0, 0.0], "max_pos": 24, "max_act": 5.4492}, {"tokens": [" noise", " and", " came", " to", " the", " room", ".", " She", " saw", " the", " mess", " and", " the", " fight", ".", " She", " was", " not", " happy", ".", "\n", "\n", "\"", "What", " is", " going", " on", " here", "?\"", " she", " asked", ".", " She"], "acts": [0.0, 0.0, 0.0, 0.0, 0.0, 0.0, 0.0, 0.0, 0.0, 0.0, 0.0, 0.0, 0.0, 0.0, 0.0, 0.0, 0.0, 0.0, 0.0, 0.0, 0.0, 0.0, 0.0, 0.0, 5.4357, 5.3416, 1.0106, 0.0, 0.0, 0.0, 0.0, 0.0, 0.0], "max_pos": 24, "max_act": 5.4375}]}