{"id": 470, "density": 0.0124785, "max_act": 7.47265625, "hist": {"edges": [0.01, 0.0133, 0.0178, 0.0237, 0.0316, 0.0422, 0.0562, 0.075, 0.1, 0.1334, 0.1778, 0.2371, 0.3162, 0.4217, 0.5623, 0.7499, 1.0, 1.3335, 1.7783, 2.3714, 3.1623, 4.217, 5.6234, 7.4989, 10.0, 13.3352, 17.7828, 23.7137, 31.6228, 42.1697, 56.2341, 74.9894, 100.0], "counts": [0, 0, 0, 0, 0, 0, 0, 0, 0, 0, 3, 34, 567, 2449, 6528, 9547, 9197, 7192, 5479, 4266, 2654, 1557, 441, 0, 0, 0, 0, 0, 0, 0, 0, 0]}, "logit_lens": {"promoted": [[" closer", 0.286], [" sol", 0.252], [" ma", 0.232], ["ff", 0.23], [" comp", 0.219], [" better", 0.218], ["ut", 0.205], [" way", 0.202], ["om", 0.202], [" pet", 0.198]], "suppressed": [[" hard", 0.303], ["fully", 0.284], ["ies", 0.281], [" years", 0.259], ["work", 0.252], ["s", 0.233], ["ages", 0.232], [" mistake", 0.231], [" an", 0.229], [" only", 0.228]]}, "examples": [{"tokens": [" time", " there", " was", " a", " small", ",", " special", " bird", " called", " a", " laser", ".", " He", " lived", " all", " alone", " in", " the", " blue", " sky", " and", " wanted", " to", " have", " a", " friend", " to", " share", " it", " all", " with", ".", "\n"], "acts": [0.0, 0.0, 0.0, 0.0, 0.0, 0.0, 0.0, 0.0, 0.0, 0.0, 0.0, 0.0, 0.0, 0.0, 0.0, 0.0, 0.0, 0.0, 0.0, 0.0, 0.0, 0.0, 0.0, 0.0, 7.473, 1.9198, 0.0, 0.0, 0.0, 0.0, 0.0, 0.0, 0.0], "max_pos": 24, "max_act": 7.4727}, {"tokens": [" this", " exper", "ience", " she", " learnt", " that", " life", " sometimes", " can", " be", " trick", "y", ",", " but", " we", " should", " always", " do", " our", " best", " to", " try", " and", " find", " a", " way", " to", " fix", " the", " sit", "u", "ation", "."], "acts": [0.0, 0.0, 0.0, 0.0, 0.0, 0.0, 0.0, 0.0, 0.0, 0.0, 0.0, 0.0, 0.0, 0.0, 0.0, 0.0, 0.0, 0.0, 0.0, 0.0, 0.0, 0.0, 0.0, 0.0, 7.4249, 3.0789, 0.0, 0.0, 0.0, 0.0, 0.0, 0.0, 0.0], "max_pos": 24, "max_act": 7.4258}, {"tokens": [" tall", " and", " very", " scary", ".", " He", " said", " to", " the", " duck", "ling", ",", " \"", "You", " must", " work", " for", " your", " food", " if", " you", " want", " to", " have", " a", " nice", " meal", ".\"", " So", " the", " duck", "ling", " worked"], "acts": [0.0, 0.0, 0.0, 0.0, 0.0, 0.0, 0.0, 0.0, 0.0, 0.0, 0.0, 0.0, 0.0, 0.0, 0.0, 0.0, 0.0, 0.0, 0.0, 0.0, 0.0, 0.0, 0.0, 0.0, 7.343, 2.6273, 0.0, 0.0, 0.0, 0.0, 0.0, 0.0, 0.0], "max_pos": 24, "max_act": 7.3438}, {"tokens": [" up", ",", " even", " if", " the", " co", "nd", "it", "ions", " seem", " difficult", ".", " If", " you", " stay", " strong", " and", " brave", ",", " then", " you", " can", " always", " find", " a", " way", " to", " make", " something", " beautiful", ".", "<|endoftext|>", "Once"], "acts": [0.0, 0.0, 0.0, 0.0, 0.0, 0.0, 0.0, 0.0, 0.0, 0.0, 0.0, 0.0, 0.0, 0.0, 0.0, 0.0, 0.0, 0.0, 0.0, 0.0, 0.0, 0.0, 0.0, 0.0, 7.336, 3.0817, 0.0, 0.0, 2.1993, 0.0, 0.0, 0.0, 0.0], "max_pos": 24, "max_act": 7.3359}, {"tokens": [" was", " so", " strong", " and", " powerful", ".", "\n", "\n", "One", " day", ",", " a", " little", " bunny", " hopped", " over", " to", " the", " volcano", ".", " He", " wanted", " to", " have", " a", " look", " and", " see", " what", " it", " was", " like", "."], "acts": [0.0, 0.0, 0.0, 0.0, 0.0, 0.0, 0.0, 0.0, 0.0, 0.0, 0.0, 0.0, 0.0, 0.0, 0.0, 0.0, 0.0, 0.0, 0.0, 0.0, 0.0, 0.0, 0.0, 0.0, 7.3217, 1.678, 0.0, 0.0, 0.0, 0.0, 0.0, 0.0, 0.0], "max_pos": 24, "max_act": 7.3203}, {"tokens": [" very", " curious", " and", " wanted", " to", " get", " a", " special", " object", ".", " She", " asked", " her", " mom", " where"], "acts": [0.0, 0.0, 0.0, 0.0, 0.0, 0.0, 7.2024, 2.4475, 0.0, 0.0, 0.0, 0.0, 0.0, 0.0, 0.0], "max_pos": 6, "max_act": 7.2031}, {"tokens": [" soar", " whenever", " she", " wanted", ".", "<|endoftext|>", "Once", " upon", " a", " time", " there", " was", " a", " little", " girl", " who", " was", " very", " tired", " and", " she", " wanted", " to", " have", " a", " nice", " sleep", ".", " But", " as", " she", " looked", " out"], "acts": [0.0, 0.0, 0.0, 0.0, 0.0, 0.0, 0.0, 0.0, 0.0, 0.0, 0.0, 0.0, 0.0, 0.0, 0.0, 0.0, 0.0, 0.0, 0.0, 0.0, 0.0, 0.0, 0.0, 0.0, 7.1907, 1.4997, 2.1197, 0.0, 0.0, 0.0, 0.0, 0.0, 0.0], "max_pos": 24, "max_act": 7.1914}, {"tokens": [" want", " to", " find", " a", " treasure", ".", "\n", "\n", "\"", "Look", ",", " I"], "acts": [0.0, 0.0, 0.0, 7.1631, 0.0, 0.0, 0.0, 0.0, 0.4938, 0.0, 0.0, 0.0], "max_pos": 3, "max_act": 7.1641}, {"tokens": [" was", " a", " little", " scared", ",", " but", " he", " was", " still", " alert", ".", " He", " was", " determined", " to", " have", " a", " great", " time", " and", " show", " off", " his", " scooter", " riding"], "acts": [0.0, 0.0, 0.0, 0.0, 0.0, 0.0, 0.0, 0.0, 0.0, 0.0, 0.0, 0.0, 0.0, 0.0, 0.0, 0.0, 7.1657, 1.6239, 0.0, 0.0, 0.0, 0.0, 0.0, 0.0, 0.0], "max_pos": 16, "max_act": 7.1641}, {"tokens": [" time", ",", " there", " was", " a", " little", " boy", " called", " G", "re", "gg", ".", " G", "re", "gg", " was", " so", " lonely", " and", " he", " really", " wanted", " to", " find", " a", " friend", ".", " One", " day", ",", " he", " saw", " a"], "acts": [0.0, 0.0, 0.0, 0.0, 0.0, 0.0, 0.0, 0.0, 0.0, 0.0, 0.0, 0.0, 0.0, 0.0, 0.0, 0.0, 0.0, 0.0, 0.0, 0.0, 0.0, 0.0, 0.0, 0.0, 7.1087, 2.0915, 0.0, 0.0, 0.0, 0.0, 0.0, 0.0, 0.0], "max_pos": 24, "max_act": 7.1094}, {"tokens": [" parents", ".", "\n", "\n", "One", " day", " they", " went", " to", " a", " park", ".", " Tom", " saw", " a", " big", " gray", " dra", "in", " and", " he", " wanted", " to", " have", " a", " look", " inside", ".", " But", " his", " mother", "s", " said"], "acts": [0.0, 0.0, 0.0, 0.0, 0.0, 0.0, 0.0, 0.0, 0.0, 0.0, 0.0, 0.0, 0.0, 0.0, 0.0, 0.0, 0.0, 0.0, 0.0, 0.0, 0.0, 0.0, 0.0, 0.0, 7.0778, 1.4526, 0.0, 0.0, 0.0, 0.0, 0.0, 0.0, 0.0], "max_pos": 24, "max_act": 7.0781}, {"tokens": ["llie", "'s", " advice", " and", " stepped", " far", " away", " from", " the", " pond", ".", " How", "ever", ",", " he", " couldn", "'t", " resist", " the", " tem", "pt", "ation", " to", " have", " a", " little", " fun", " and", " threw", " a", " rock", " into", " the"], "acts": [0.0, 0.0, 0.0, 0.0, 0.0, 0.0, 0.0, 0.0, 0.0, 0.0, 0.0, 0.0, 0.0, 0.0, 0.0, 0.0, 0.0, 0.0, 0.0, 0.0, 0.0, 0.0, 0.0, 0.0, 7.0798, 3.015, 1.0897, 0.6976, 0.0, 1.545, 0.0, 0.0, 0.0], "max_pos": 24, "max_act": 7.0781}]}