{"id": 474, "density": 0.02994225, "max_act": 5.15625, "hist": {"edges": [0.01, 0.0133, 0.0178, 0.0237, 0.0316, 0.0422, 0.0562, 0.075, 0.1, 0.1334, 0.1778, 0.2371, 0.3162, 0.4217, 0.5623, 0.7499, 1.0, 1.3335, 1.7783, 2.3714, 3.1623, 4.217, 5.6234, 7.4989, 10.0, 13.3352, 17.7828, 23.7137, 31.6228, 42.1697, 56.2341, 74.9894, 100.0], "counts": [0, 0, 0, 0, 0, 0, 0, 0, 0, 1, 6, 142, 1524, 8605, 21735, 28693, 25203, 18166, 10350, 4163, 977, 204, 0, 0, 0, 0, 0, 0, 0, 0, 0, 0]}, "logit_lens": {"promoted": [[" my", 0.247], [" man", 0.182], [" truck", 0.17], ["vent", 0.166], [" his", 0.165], ["ber", 0.157], [" I", 0.157], ["ile", 0.155], [" balance", 0.154], [" woman", 0.152]], "suppressed": [[" brighter", 0.383], ["hood", 0.35], ["side", 0.33], [" smaller", 0.329], [" faces", 0.324], [" mist", 0.319], ["room", 0.317], [" louder", 0.313], [" face", 0.31], ["ich", 0.298]]}, "examples": [{"tokens": [" back", " to", " her", " mom", ".", " She", " was", " crying", ".", "\n", "\n", "\"", "Mom", ",", " I", "'m", " sorry", ",", " I", "'m", " sorry", ",", " I", " lost", " the", " picture", ",", " I", " lost", " the", " envelope", ",", " I"], "acts": [0.0, 0.0, 0.0, 0.0, 0.0, 0.0, 0.0, 0.0, 0.0, 0.0, 0.0, 0.0, 0.0, 0.0, 0.0, 0.0, 0.0, 0.0, 0.0, 0.0, 0.0, 0.0, 0.0, 0.0, 5.1561, 0.0, 0.0, 0.0, 0.8192, 4.7463, 0.0, 0.0, 0.0], "max_pos": 24, "max_act": 5.1562}, {"tokens": [" nowhere", " to", " be", " found", ".", "\n", "\n", "Lily", " started", " to", " cry", ",", " and", " her", " parents", " asked", " her", " what", " was", " wrong", ".", " \"", "I", " lost", " my", " fold", "er", " with", " my", " stickers", ",\"", " she", " said"], "acts": [0.0, 0.0, 0.0, 0.0, 0.0, 0.0, 0.0, 0.0, 0.0, 0.0, 0.0, 0.0, 0.0, 0.0, 0.0, 0.0, 0.0, 0.0, 0.0, 0.0, 0.0, 0.0, 0.0, 1.2638, 5.0973, 0.0, 0.0, 0.0, 1.6093, 0.0, 0.0, 0.0, 0.0], "max_pos": 24, "max_act": 5.0977}, {"tokens": [" fr", "ame", ".", " \n", "\n", "Tim", " started", " to", " cry", " and", " his", " mom", " asked", " him", " what", " was", " wrong", ".", " Tim", " said", ",", " \"", "I", " lost", " my", " fr", "ame", ",", " it", " was", " smooth", " and", " pretty"], "acts": [0.0, 0.0, 0.0, 0.0, 0.0, 0.0, 0.0, 0.0, 0.0, 0.0, 0.0, 0.0, 0.0, 0.0, 0.0, 0.0, 0.0, 0.0, 0.0, 0.0, 0.0, 0.0, 0.0, 1.3339, 4.9495, 0.0, 0.0, 0.0, 0.0, 0.0, 0.0, 0.0, 0.0], "max_pos": 24, "max_act": 4.9492}, {"tokens": [" Timmy", ",", " who", " was", " feeling", " sad", ".", " Lily", " asked", " him", ",", " \"", "What", "'s", " wrong", ",", " Timmy", "?\"", " Timmy", " said", ",", " \"", "I", " lost", " my", " toy", ".\"", " Lily", " said", ",", " \"", "Don", "'t"], "acts": [0.0, 0.0, 0.0, 0.0, 0.0, 0.0, 0.0, 0.0, 0.0, 0.0, 0.0, 0.0, 0.6218, 0.0, 0.0, 1.0608, 0.0, 0.0, 0.0, 0.0, 0.0, 0.0, 0.0, 1.0, 4.9403, 0.0, 0.0, 0.0, 0.0, 0.0, 0.0, 0.0, 0.0], "max_pos": 24, "max_act": 4.9414}, {"tokens": [" on", " Ben", ".", " Ben", " was", " scared", " and", " dropped", " the", " diamond", ".", " The", " dog", " saw", " the", " diamond", " and"], "acts": [0.0, 0.0, 0.0, 0.0, 0.0, 0.0, 0.0, 0.0, 4.8996, 1.6154, 0.0, 1.8515, 0.0, 0.0, 1.7333, 0.0, 0.0], "max_pos": 8, "max_act": 4.8984}, {"tokens": ["\n", "\n", "Lily", " went", " over", " and", " said", ",", " \"", "Hi", ",", " what", "'s", " wrong", "?\"", "\n", "\n", "The", " boy", " said", ",", " \"", "I", " lost", " my", " ball", " and", " now", " I", " can", "'t", " play", ".\""], "acts": [0.0, 0.0, 0.0, 0.0, 0.0, 0.0, 0.0, 0.0, 0.0, 0.0, 0.0, 0.0, 0.0, 0.0, 0.0, 0.0, 0.0, 0.0, 0.0, 0.0, 0.0, 0.0, 0.0, 0.8997, 4.882, 0.0, 0.0, 0.0, 0.0, 0.0, 0.0, 0.0, 0.0], "max_pos": 24, "max_act": 4.8828}, {"tokens": [" she", " saw", " a", " boy", " who", " looked", " sad", ".", " She", " asked", " him", ",", " \"", "What", "'s", " wrong", "?\"", " The", " boy", " replied", ",", " \"", "I", " lost", " my", " toy", " car", ".", " It", "'s", " stupid", ".\"", "\n"], "acts": [0.0, 0.0, 0.0, 0.0, 0.0, 0.0, 0.0, 0.0, 0.0, 0.0, 0.0, 0.0, 0.0, 0.609, 0.0, 0.0, 0.0, 0.6785, 0.0, 0.0, 0.0, 0.0, 0.0, 1.4028, 4.8823, 0.0, 0.0, 0.0, 0.0, 0.0, 0.0, 0.0, 0.0], "max_pos": 24, "max_act": 4.8828}, {"tokens": [" saw", " a", " boy", " who", " was", " crying", ".", " She", " asked", " him", ",", " \"", "Why", " are", " you", " crying", "?\"", " The", " boy", " said", ",", " \"", "I", " lost", " my", " toy", ".\"", " Lily", " felt", " sad", " for", " him", " and"], "acts": [0.0, 0.0, 0.0, 0.0, 0.0, 0.0, 0.0, 0.0, 0.0, 0.0, 0.0, 0.0, 0.0, 0.7471, 0.0, 0.0, 0.0, 0.0, 0.0, 0.0, 0.0, 0.0, 0.5713, 1.0125, 4.8827, 0.0, 0.0, 0.0, 0.0, 0.0, 0.0, 0.0, 0.0], "max_pos": 24, "max_act": 4.8828}, {"tokens": [" looked", " very", " sad", ".", " Lily", " asked", " him", ",", " \"", "Why", " are", " you", " sad", "?\"", "\n", "\n", "The", " little", " boy", " said", ",", " \"", "I", " lost", " my", " favorite", " toy", " car", ".", " I", " wish", " I", " could"], "acts": [0.0, 0.0, 0.0, 0.0, 0.0, 0.0, 0.0, 0.0, 0.0, 0.0, 0.7779, 0.0, 0.0, 0.0, 0.0, 0.0, 0.0, 0.0, 0.0, 0.0, 0.0, 0.0, 0.0, 1.0003, 4.8517, 2.5742, 0.5185, 0.0, 0.0, 0.0, 0.0, 0.0, 0.0], "max_pos": 24, "max_act": 4.8516}, {"tokens": [" Timmy", " app", "ro", "ached", " him", " and", " asked", ",", " \"", "Are", " you", " Tommy", "?\"", " The", " boy", " nodded", " and", " said", ",", " \"", "Yes", ",", " I", " lost", " my", " basket", "ball", " yes", "ter", "day", ".\"", "\n", "\n"], "acts": [0.0, 0.0, 0.0, 0.0, 0.0, 0.0, 0.0, 0.0, 0.0, 0.0, 0.0, 0.0, 0.0, 0.0, 0.0, 0.0, 0.0, 0.0, 0.0, 0.0, 0.0, 0.0, 1.2225, 1.0174, 4.8469, 0.0, 0.0, 0.0, 0.0, 0.0, 0.0, 0.0, 0.0], "max_pos": 24, "max_act": 4.8477}, {"tokens": [" doll", " at", " home", ".", " She", " started", " to", " cry", " and", " said", ",", " \"", "Mommy", ",", " I", " forgot", " my", " doll", "!", " I", "'m", " so", " sad", ".\"", " Her"], "acts": [0.0, 0.0, 0.0, 0.0, 0.0, 0.0, 0.0, 0.0, 0.0, 0.0, 0.0, 0.0, 0.0, 0.0, 0.0, 0.0, 4.8418, 0.0, 0.0, 0.0, 0.0, 0.0, 0.0, 0.0, 0.0], "max_pos": 16, "max_act": 4.8398}, {"tokens": [" a", " little", " boy", " who", " looked", " sad", ".", " \n", "\n", "\"", "What", "'s", " wrong", "?\"", " Lily", " asked", " the", " boy", ".", " \n", "\n", "\"", "I", " lost", " my", " mommy", ",\"", " the", " boy", " replied", ",", " tears", " stream"], "acts": [0.0, 0.0, 0.0, 0.0, 0.0, 0.0, 0.0, 0.0, 0.0, 0.0, 0.0, 0.0, 0.0, 0.0, 0.0, 0.0, 0.0, 0.0, 0.0, 0.0, 0.0, 0.0, 0.0, 1.1547, 4.8146, 0.0, 0.0, 2.3567, 0.0, 0.0, 0.0, 0.0, 0.0], "max_pos": 24, "max_act": 4.8164}]}