{"id": 475, "density": 0.005029, "max_act": 9.703125, "hist": {"edges": [0.01, 0.0133, 0.0178, 0.0237, 0.0316, 0.0422, 0.0562, 0.075, 0.1, 0.1334, 0.1778, 0.2371, 0.3162, 0.4217, 0.5623, 0.7499, 1.0, 1.3335, 1.7783, 2.3714, 3.1623, 4.217, 5.6234, 7.4989, 10.0, 13.3352, 17.7828, 23.7137, 31.6228, 42.1697, 56.2341, 74.9894, 100.0], "counts": [0, 0, 0, 0, 0, 0, 0, 0, 0, 0, 11, 41, 161, 771, 1934, 2487, 2371, 1951, 1523, 1602, 2109, 1983, 1975, 1197, 0, 0, 0, 0, 0, 0, 0, 0]}, "logit_lens": {"promoted": [[" she", 0.235], [" he", 0.224], [" day", 0.222], [" they", 0.214], [" way", 0.189], [" looked", 0.16], [" come", 0.157], [" look", 0.155], [" mat", 0.141], [" I", 0.141]], "suppressed": [["ning", 0.416], [" enough", 0.409], ["air", 0.388], ["arn", 0.386], [" care", 0.375], ["iting", 0.374], ["stairs", 0.369], ["ate", 0.356], ["igg", 0.351], ["d", 0.35]]}, "examples": [{"tokens": [",", " he", " saw", " that", " they", " had", " fro", "z", "en", " together", "!", " He", " was", " surprised", " but", " also", " happy", " because", " now", " he", " had", " a", " new", " tower", " that", " was", " even", " tall", "er", " than", " before", ".", "<|endoftext|>"], "acts": [0.0, 0.0, 0.0, 0.5487, 0.0, 0.0, 0.0, 0.0, 0.0, 0.0, 0.0, 0.0, 0.0, 0.0, 0.0, 0.0, 0.0, 0.0, 0.0, 0.0, 0.0, 0.0, 0.0, 0.0, 9.7039, 0.0, 0.0, 0.0, 0.0, 0.0, 0.0, 0.0, 0.0], "max_pos": 24, "max_act": 9.7031}, {"tokens": [" himself", " for", " finding", " the", " po", "em", " that", " he", " decided", " to", " hang", " it", " up", " on", " his"], "acts": [0.0, 0.0, 0.0, 0.0, 0.0, 0.0, 9.6967, 0.0, 0.0, 0.0, 0.0, 0.0, 0.0, 0.0, 0.0], "max_pos": 6, "max_act": 9.6953}, {"tokens": ["nt", "il", " one", " day", " her", " best", " friend", " S", "al", " brought", " a", " pill", " to", " show", " her", ".", " Joe", " felt", " envious", " because", " S", "al", " had", " something", " that", " she", " did", " not", " have", ".", " She", " asked", " S"], "acts": [0.0, 0.0, 0.0, 0.0, 0.0, 0.0, 0.0, 0.0, 0.0, 0.0, 0.0, 0.0, 0.0, 0.0, 0.0, 0.0, 0.0, 0.0, 0.0, 0.0, 0.0, 0.0, 0.0, 0.0, 9.6851, 0.0, 0.0, 0.0, 0.0, 0.0, 0.0, 0.0, 0.0], "max_pos": 24, "max_act": 9.6875}, {"tokens": [",", " and", " she", " loved", " it", ".", " Ben", " was", " envious", ".", " He", " wished", " he", " had", " a", " bike", " like", " that", ".", " He", " only", " had", " a", " scooter", " that", " was", " old", " and", " r", "ust", "y", ".", "\n"], "acts": [0.0, 0.0, 0.0, 0.0, 0.0, 0.0, 0.0, 0.0, 0.0, 0.0, 0.0, 0.0, 0.0, 0.0, 0.0, 0.0, 0.0, 4.4645, 0.0, 0.0, 0.0, 0.0, 0.0, 0.0, 9.6702, 0.0, 0.0, 0.0, 0.0, 0.0, 0.0, 0.0, 0.0], "max_pos": 24, "max_act": 9.6719}, {"tokens": [" bottle", " of", " per", "fu", "me", " that", " her", " mom", " gave", " her", ".", " Lily", " loved", " the"], "acts": [0.0, 0.0, 0.0, 0.0, 0.0, 9.6439, 0.0, 0.0, 0.0, 0.0, 0.0, 0.0, 0.0, 0.0], "max_pos": 5, "max_act": 9.6406}, {"tokens": [" her", " mom", ".", " The", " house", " had", " a", " bell", " that", " ran", "g", " very", " loud", ".", " Lily", " thought", " it"], "acts": [0.0, 0.0, 0.0, 0.0, 0.0, 0.0, 0.0, 0.0, 9.582, 0.0, 0.0, 0.0, 0.0, 0.0, 0.0, 0.0, 0.0], "max_pos": 8, "max_act": 9.5781}, {"tokens": [" He", " had", " seen", " D", "ie", "g", "o", " trying", " to", " hit", " the", " fence", " and", " wanted", " to", " help", ".", " He", " said", " he", " had", " an", " extra", " hammer", " that", " he", " would", " be", " happy", " to", " give", " to", " D"], "acts": [0.0, 0.0, 0.0, 0.0, 0.0, 0.0, 0.0, 0.0, 0.0, 0.0, 0.0, 0.0, 0.0, 0.0, 0.0, 0.0, 0.0, 0.0, 0.0, 0.0, 0.0, 0.0, 0.0, 0.0, 9.4968, 0.0, 0.0, 0.0, 0.0, 0.0, 0.0, 0.0, 0.0], "max_pos": 24, "max_act": 9.5}, {"tokens": [",", " she", " would", " close", " her", " eyes", " and", " dream", " of", " special", " things", ".", "\n", "\n", "One", " night", ",", " S", "ophie", " dreamed", " of", " a", " beautiful", " laser", " that", " sh", "im", "m", "ered", " and", " sparkled", " in", " every"], "acts": [0.0, 0.0, 0.0, 0.0, 0.0, 0.0, 0.0, 0.0, 0.0, 0.0, 0.0, 0.0, 0.0, 0.0, 0.0, 0.0, 0.0, 0.0, 0.0, 0.0, 0.0, 0.0, 0.0, 0.0, 9.5024, 0.0, 0.0, 0.0, 0.0, 0.0, 0.0, 0.0, 0.0], "max_pos": 24, "max_act": 9.5}, {"tokens": [" had", " a", " hoop", " that", " she", " could", " roll", " on", " the", " ground", ".", " Ben"], "acts": [0.0, 0.0, 0.0, 9.4883, 0.0, 0.0, 0.0, 0.0, 0.0, 0.0, 0.0, 0.0], "max_pos": 3, "max_act": 9.4922}, {"tokens": [" Ellie", ".", " Ellie", " had", " a", " lovely", " trunk", " that", " he", " used", " to", " pick", " up", " things", " like", " leaves"], "acts": [0.0, 0.0, 0.0, 0.0, 0.0, 0.0, 0.0, 9.4594, 0.0, 0.0, 0.0, 0.0, 0.0, 0.0, 0.0, 0.0], "max_pos": 7, "max_act": 9.4609}, {"tokens": [" to", " rece", "ive", " it", ".\u00e2\u20ac", "\n", "\n", "Jack", " was", " very", " happy", ".", " He", " had", " discovered", " something", " special", " in", " the", " dry", " cave", " -", " a", " letter", " that", " made", " someone", " very", " happy", ".", "<|endoftext|>", "Once", " upon"], "acts": [0.0, 0.0, 0.0, 0.0, 0.0, 0.0, 0.0, 0.0, 0.0, 0.0, 0.0, 0.0, 0.0, 0.0, 0.0, 0.0, 0.0, 0.0, 0.0, 0.0, 0.0, 0.0, 0.0, 0.0, 9.3535, 0.0, 0.0, 0.0, 0.0, 0.0, 0.0, 0.0, 0.0], "max_pos": 24, "max_act": 9.3516}, {"tokens": [" and", " smiled", ".", " He", " was", " happy", " too", ".", "<|endoftext|>", "Tom", " and", " Ben", " were", " friends", " who", " liked", " to", " play", " music", ".", " Tom", " had", " a", " trumpet", " that", " he", " got", " from", " his", " dad", ".", " Ben", " had"], "acts": [0.0, 0.0, 0.0, 0.0, 0.0, 0.0, 0.0, 0.0, 0.0, 0.0, 0.0, 0.0, 0.0, 0.0, 0.0, 0.0, 0.0, 0.0, 0.0, 0.0, 0.0, 0.0, 0.0, 0.0, 9.3183, 0.0, 0.0, 0.0, 0.0, 0.0, 0.0, 0.0, 0.0], "max_pos": 24, "max_act": 9.3203}]}