{"id": 479, "density": 0.00888225, "max_act": 10.0703125, "hist": {"edges": [0.01, 0.0133, 0.0178, 0.0237, 0.0316, 0.0422, 0.0562, 0.075, 0.1, 0.1334, 0.1778, 0.2371, 0.3162, 0.4217, 0.5623, 0.7499, 1.0, 1.3335, 1.7783, 2.3714, 3.1623, 4.217, 5.6234, 7.4989, 10.0, 13.3352, 17.7828, 23.7137, 31.6228, 42.1697, 56.2341, 74.9894, 100.0], "counts": [0, 0, 0, 0, 0, 0, 0, 0, 0, 11, 141, 545, 1080, 1909, 2631, 2772, 3962, 6217, 4140, 948, 2797, 86, 1948, 6341, 1, 0, 0, 0, 0, 0, 0, 0]}, "logit_lens": {"promoted": [[" in", 0.276], [" head", 0.267], [" behind", 0.26], [" right", 0.256], [" there", 0.248], [" close", 0.241], [" sorry", 0.236], [" down", 0.235], [" Max", 0.232], [" Lily", 0.23]], "suppressed": [["ced", 0.299], ["Can", 0.295], [" means", 0.278], ["ion", 0.263], ["ever", 0.252], ["ord", 0.251], ["ually", 0.247], [" teac", 0.243], ["ment", 0.233], [" tries", 0.233]]}, "examples": [{"tokens": [" jumped", " in", " it", " and", " laughed", ".", " It", " was", " a", " fun", " day", " in", " the", " park", " for", " Tim", " and", " Lily", ".", "<|endoftext|>", "Once", " upon", " a", " time", ",", " there", " was", " a", " little", " squirrel", " named", " N", "ut"], "acts": [0.0, 0.0, 0.0, 0.0, 0.0, 0.0, 0.0, 0.0, 0.0, 0.0, 0.0, 0.0, 0.0, 0.0, 0.0, 0.0, 0.0, 0.0, 0.0, 0.0, 0.0, 2.058, 2.3072, 0.0, 10.0692, 0.0, 0.0, 0.0, 0.0, 0.0, 0.0, 0.0, 0.0], "max_pos": 24, "max_act": 10.0703}, {"tokens": [" under", " the", " slide", ".", " Tim", " was", " very", " happy", " and", " promised", " to", " be", " more", " careful", " with", " his", " favorite", " toy", ".", "<|endoftext|>", "Once", " upon", " a", " time", ",", " there", " was", " a", " little", " wolf", " named", " W", "ally"], "acts": [0.0, 0.0, 0.0, 0.0, 0.0, 0.0, 0.0, 0.0, 0.0, 0.0, 0.0, 0.0, 0.0, 0.0, 0.0, 0.0, 0.0, 0.0, 0.0, 0.0, 0.0, 1.8805, 2.1879, 0.0, 9.9725, 0.0, 0.0, 0.0, 0.0, 0.0, 0.0, 0.0, 0.0], "max_pos": 24, "max_act": 9.9688}, {"tokens": [" always", " shared", " and", " had", " a", " lot", " of", " fun", ".", " And", " they", " knew", " that", " they", " would", " be", " friends", " forever", ".", "<|endoftext|>", "Once", " upon", " a", " time", ",", " in", " a", " big", " field", ",", " there", " was", " a"], "acts": [0.0, 0.0, 0.0, 0.0, 0.0, 0.0, 0.0, 0.0, 0.0, 0.0, 0.0, 0.0, 0.0, 0.0, 0.0, 0.0, 0.0, 0.0, 0.0, 0.0, 0.0, 2.3546, 2.1118, 0.3903, 9.8961, 0.0, 1.7412, 0.0, 0.0, 3.207, 0.0, 0.0, 0.0], "max_pos": 24, "max_act": 9.8984}, {"tokens": [" fun", " and", " became", " good", " friends", ".", " They", " promised", " to", " swim", " together", " every", " day", " and", " wear", " their", " favorite", " clothes", ".", "<|endoftext|>", "Once", " upon", " a", " time", ",", " in", " a", " big", ",", " green", " forest", ",", " there"], "acts": [0.0, 0.0, 0.0, 0.0, 0.0, 0.0, 0.0, 0.0, 0.0, 0.0, 0.0, 0.0, 0.0, 0.0, 0.0, 0.0, 0.0, 0.0, 0.0, 0.0, 0.0, 1.7213, 2.3063, 0.0, 9.9004, 0.0, 1.6632, 0.0, 2.5707, 0.0, 0.0, 0.0, 0.0], "max_pos": 24, "max_act": 9.8984}, {"tokens": [" full", " of", " fun", " and", " joy", ",", " all", " because", " of", " her", " new", " friend", " and", " the", " beautiful", " view", " they", " shared", ".", "<|endoftext|>", "Once", " upon", " a", " time", ",", " there", " was", " a", " purple", " cat", " named", " Fluffy", "."], "acts": [0.0, 0.0, 0.0, 0.0, 0.0, 0.0, 0.0, 0.0, 0.0, 0.0, 0.0, 0.0, 0.0, 0.0, 0.0, 0.0, 0.0, 0.0, 0.0, 0.0, 0.0, 2.1402, 1.9651, 0.4584, 9.8313, 0.0, 0.0, 0.0, 0.0, 0.0, 0.0, 0.0, 1.7157], "max_pos": 24, "max_act": 9.8281}, {"tokens": [".", " Tim", " drank", " the", " water", " and", " was", " not", " troubled", " anymore", ".", " They", " both", " were", " happy", " and", " played", " together", ".", "<|endoftext|>", "Once", " upon", " a", " time", ",", " there", " was", " a", " kind", " nurse", ".", " She", " loved"], "acts": [0.0, 0.0, 0.0, 0.0, 0.0, 0.0, 0.0, 0.0, 0.0, 0.0, 0.0, 0.0, 0.0, 0.0, 0.0, 0.0, 0.0, 0.0, 0.0, 0.0, 0.0, 2.0108, 2.1972, 0.0, 9.8194, 0.0, 0.0, 0.0, 0.0, 0.0, 0.0, 0.0, 0.0], "max_pos": 24, "max_act": 9.8203}, {"tokens": [" the", " small", " brown", " mouse", " learned", " that", " they", " should", " not", " eat", " food", " that", " is", " old", " and", " r", "ott", "en", ".", "<|endoftext|>", "Once", " upon", " a", " time", ",", " there", " was", " a", " dry", " tree", ".", " A", "n"], "acts": [0.0, 0.0, 0.0, 0.0, 0.0, 0.0, 0.0, 0.0, 0.0, 0.0, 0.0, 0.0, 0.0, 0.0, 0.0, 0.0, 0.0, 0.0, 0.0, 0.0, 0.0, 2.1225, 2.0429, 0.4854, 9.8143, 0.0, 0.0, 0.0, 0.0, 0.0, 0.0, 0.0, 0.0], "max_pos": 24, "max_act": 9.8125}, {"tokens": [" fun", ".", " From", " that", " day", " on", ",", " Tim", " and", " Sue", " became", " good", " friends", " and", " always", " shared", " their", " toys", ".", "<|endoftext|>", "Once", " upon", " a", " time", ",", " there", " was", " a", " little", " boy", " named", " Tim", "."], "acts": [0.0, 0.0, 0.0, 0.0, 0.0, 0.0, 0.0, 0.0, 0.0, 0.0, 0.0, 0.0, 0.0, 0.0, 0.0, 0.0, 0.0, 0.0, 0.0, 0.0, 0.0, 2.2863, 1.9776, 0.0, 9.8065, 0.0, 0.0, 0.0, 0.0, 0.0, 0.0, 0.0, 2.5935], "max_pos": 24, "max_act": 9.8047}, {"tokens": [" played", " in", " the", " lovely", " garden", " every", " day", ",", " and", " the", " bees", " always", " shared", " their", " sweet", " honey", " with", " Mia", ".", "<|endoftext|>", "Once", " upon", " a", " time", ",", " in", " a", " small", " town", ",", " there", " lived", " a"], "acts": [0.0, 0.0, 0.0, 0.0, 0.0, 0.0, 0.0, 0.0, 0.0, 0.0, 0.0, 0.0, 0.0, 0.0, 0.0, 0.0, 0.0, 0.0, 0.0, 0.0, 0.0, 1.8852, 1.9466, 0.0, 9.7791, 0.0, 1.8131, 0.0, 0.0, 1.6205, 0.0, 0.0, 0.0], "max_pos": 24, "max_act": 9.7812}, {"tokens": [" Lily", " and", " her", " friends", " talked", " about", " the", " con", "cer", "t", " and", " the", " popular", " band", " all", " the", " time", ".", "<|endoftext|>", "Once", " upon", " a", " time", ",", " there", " was", " a", " little", " girl", " named", " Lily", "."], "acts": [0.0, 0.0, 0.0, 0.0, 0.0, 0.0, 0.0, 0.0, 0.0, 0.0, 0.0, 0.0, 0.0, 0.0, 0.0, 0.0, 0.0, 0.0, 0.6781, 0.0, 2.6157, 2.9453, 0.8496, 9.7713, 0.0, 0.0, 0.0, 0.0, 0.0, 0.0, 0.0, 3.9154], "max_pos": 23, "max_act": 9.7734}, {"tokens": [" too", ".", " They", " drew", " many", " pictures", " together", " with", " the", " in", "k", ".", " And", " they", " lived", " happily", " ever", " after", ".", "<|endoftext|>", "Once", " upon", " a", " time", ",", " there", " was", " a", " little", " girl", " named", " Lily", "."], "acts": [0.0, 0.0, 0.0, 0.0, 0.0, 0.0, 0.0, 0.0, 0.0, 0.0, 0.0, 0.0, 0.0, 0.0, 0.0, 0.0, 0.0, 0.0, 0.0, 0.0, 0.0, 1.7328, 2.3888, 0.0, 9.775, 0.0, 0.0, 0.0, 0.0, 0.0, 0.0, 0.0, 3.5789], "max_pos": 24, "max_act": 9.7734}, {"tokens": [" fun", ".", " And", " that", " is", " how", " Tim", " and", " Sue", " learned", " to", " share", " and", " enjoy", " each", " other", "'s", " games", ".", "<|endoftext|>", "Once", " upon", " a", " time", ",", " there", " was", " a", " big", " wild", " bird", ".", " His"], "acts": [0.0, 0.0, 0.0, 0.0, 0.0, 0.0, 0.0, 0.0, 0.0, 0.0, 0.0, 0.0, 0.0, 0.0, 0.0, 0.0, 0.0, 0.0, 0.0, 0.0, 0.0, 2.0438, 1.727, 0.0, 9.7672, 0.0, 0.0, 0.0, 0.0, 0.0, 0.0, 0.0, 0.0], "max_pos": 24, "max_act": 9.7656}]}