{"id": 490, "density": 0.005462, "max_act": 6.42578125, "hist": {"edges": [0.01, 0.0133, 0.0178, 0.0237, 0.0316, 0.0422, 0.0562, 0.075, 0.1, 0.1334, 0.1778, 0.2371, 0.3162, 0.4217, 0.5623, 0.7499, 1.0, 1.3335, 1.7783, 2.3714, 3.1623, 4.217, 5.6234, 7.4989, 10.0, 13.3352, 17.7828, 23.7137, 31.6228, 42.1697, 56.2341, 74.9894, 100.0], "counts": [0, 0, 0, 0, 0, 0, 0, 0, 0, 0, 3, 26, 259, 1104, 2323, 3035, 2833, 2801, 2545, 3222, 2672, 985, 40, 0, 0, 0, 0, 0, 0, 0, 0, 0]}, "logit_lens": {"promoted": [["ate", 0.369], ["at", 0.356], ["ated", 0.311], ["hile", 0.3], [" how", 0.283], ["ens", 0.262], ["ies", 0.26], ["au", 0.26], ["en", 0.259], ["re", 0.244]], "suppressed": [[" station", 0.278], [" cost", 0.258], ["ado", 0.25], ["V", 0.246], [" inv", 0.243], ["p", 0.24], [" soon", 0.227], ["ud", 0.215], [" int", 0.213], ["ister", 0.213]]}, "examples": [{"tokens": ["!\"", "\n", "\n", "Tom", " was", " sorry", ".", " He", " said", ",", " \"", "I", " am", " sorry", ",", " Lily", ".", " That", " was", " a", " bad", " d", "are", ".", " I", " should", " not", " have", " asked", " you", " to", " do", " it"], "acts": [0.0, 0.0, 0.0, 0.0, 0.0, 0.0, 0.0, 0.0, 0.0, 0.0, 0.0, 3.0921, 0.995, 0.0, 0.0, 0.0, 0.0, 0.0, 0.0, 0.0, 0.0, 2.1703, 0.0, 0.0, 6.4256, 0.0, 0.0, 0.0, 0.0, 0.0, 0.0, 0.0, 0.0], "max_pos": 24, "max_act": 6.4258}, {"tokens": [" You", " are", " a", " good", " boy", ",\"", " mom", " said", ".", "\n", "\n", "\"", "Thank", " you", ",", " mom", ".", " I", " am", " sorry", " I", " was", " naughty", ".", " I", " like", " broccoli", " now", ".", " Can", " I", " play", " with"], "acts": [0.7821, 0.0, 0.0, 0.0, 0.0, 0.0, 0.0, 0.0, 0.0, 0.0, 0.0, 0.0, 0.0, 0.0, 0.0, 0.0, 0.0, 3.8776, 0.8859, 0.0, 2.8358, 0.0, 0.0, 0.0, 6.1904, 0.0, 0.0, 0.0, 0.0, 0.0, 0.0, 0.0, 0.0], "max_pos": 24, "max_act": 6.1914}, {"tokens": [" to", " say", " sorry", " to", " Ben", " and", " the", " bicy", "cle", ".\"", " Anna", " says", ",", " \"", "No", ",", " Mom", ",", " please", ".", " I", " am", " sorry", ".", " I", " will", " not", " do", " it", " again", ".\"", " Mom", " says"], "acts": [0.0, 0.0, 0.0, 0.0, 0.0, 0.0, 0.0, 0.0, 0.0, 0.0, 0.0, 0.0, 0.0, 0.0, 0.0, 0.0, 0.0, 0.0, 0.0, 0.0, 4.7035, 0.9826, 0.0, 0.0, 6.1593, 0.0, 0.0, 0.0, 0.0, 0.0, 0.0, 0.0, 0.0], "max_pos": 24, "max_act": 6.1602}, {"tokens": [" He", " did", " not", " mean", " to", " make", " Sara", "'s", " bridge", " end", ".", " He", " hugs", " her", " and", " says", ",", " \"", "I", " am", " sorry", ",", " Sara", ".", " I", " did", " not", " make", " your", " bridge", " end", ".", " It"], "acts": [0.0, 0.0, 0.0, 0.0, 0.0, 0.0, 0.0, 0.0, 0.0, 0.0, 0.0, 0.0, 0.0, 0.0, 0.0, 0.0, 0.0, 0.0, 2.6413, 0.6495, 0.0, 0.0, 0.0, 0.0, 5.9509, 0.0, 0.0, 0.0, 0.0, 0.0, 0.0, 0.0, 0.0], "max_pos": 24, "max_act": 5.9492}, {"tokens": [" he", " was", " wrong", ".", " He", " does", " not", " want", " to", " make", " Sam", " and", " Mom", " sad", ".", "\n", "\n", "\"", "I", " am", " sorry", ",", " Sam", ".", " I", " was", " rude", ".", " You", " can", " play", " with", " the"], "acts": [0.0, 0.0, 0.0, 0.0, 0.0, 0.0, 0.0, 0.0, 0.0, 0.0, 0.0, 0.0, 0.0, 0.0, 0.0, 0.0, 0.0, 0.0, 2.1688, 0.9519, 0.0, 0.0, 0.0, 0.0, 5.9301, 0.0, 0.0, 0.0, 1.0073, 0.0, 0.0, 0.0, 0.0], "max_pos": 24, "max_act": 5.9297}, {"tokens": ["L", "isa", " is", " sad", ".", " She", " did", " not", " know", " she", " did", " something", " bad", ".", " She", " says", ",", " \"", "I", "'m", " sorry", ",", " mom", ".", " I", " wanted", " to", " write", " something", " nice", " for", " you", "."], "acts": [0.0, 0.0, 0.0, 0.0, 0.0, 0.0, 0.0, 0.0, 0.0, 0.0, 0.0, 0.0, 0.0, 0.0, 0.0, 0.0, 0.0, 0.0, 2.5525, 0.8583, 0.0, 0.0, 0.0, 0.0, 5.9197, 0.0, 0.0, 0.0, 0.0, 0.0, 0.0, 0.0, 0.0], "max_pos": 24, "max_act": 5.918}, {"tokens": ["Mia", " smiled", ".", " She", " said", ",", " \"", "Thank", " you", ",", " Sam", ".", " You", " are", " very", " kind", ".", " I", " am", " sorry", " I", " was", " selfish", ".", " I", " will", " share", " with", " you", " too", ".\"", "\n", "\n"], "acts": [0.0, 0.0, 0.0, 0.0, 0.0, 0.0, 0.0, 0.0, 0.0, 0.0, 0.0, 0.0, 0.0, 0.0, 0.0, 0.0, 0.0, 4.0321, 1.0562, 0.0, 2.6214, 0.0, 0.0, 0.0, 5.9131, 0.0, 0.0, 0.0, 0.0, 0.0, 0.0, 0.0, 0.0], "max_pos": 24, "max_act": 5.9141}, {"tokens": [" used", " to", " them", " being", " angry", ".", " He", " feels", " bad", ".", " He", " says", ",", " \"", "I", "'m", " sorry", ".", " I", " was", " just", " jo", "king", ".", " I", " didn", "'t", " mean", " to", " break", " your", " building", "."], "acts": [0.0, 0.0, 0.0, 0.0, 0.0, 0.0, 0.0, 0.0, 0.0, 0.0, 0.0, 0.0, 0.0, 0.0, 3.1917, 0.4776, 0.0, 0.0, 5.5412, 0.0, 1.441, 0.0, 0.0, 0.0, 5.8938, 0.0, 0.0, 0.0, 0.0, 0.0, 0.0, 0.0, 0.0], "max_pos": 24, "max_act": 5.8945}, {"tokens": [" did", " not", " want", " to", " eat", " me", "at", ".", " She", " hat", "ed", " me", "at", ".", " She", " said", ",", " \"", "Mom", ",", " I", " am", " sorry", ".", " I", " do", " not", " mean", " to", " be", " stubborn", " and", " rude"], "acts": [0.0, 0.0, 0.0, 0.0, 0.0, 0.0, 0.0, 0.0, 0.0, 0.0, 0.0, 0.0, 0.0, 0.0, 0.0, 0.0, 0.0, 0.0, 0.0, 0.0, 3.3849, 0.0, 0.0, 0.0, 5.8742, 0.0, 0.0, 0.0, 0.0, 0.0, 0.0, 0.0, 0.0], "max_pos": 24, "max_act": 5.875}, {"tokens": [",", " Lily", ".", " I", " was", " wrong", ".", " I", " should", " have", " washed", " my", " hands", ".", " I", " don"], "acts": [0.0, 0.0, 0.0, 2.8867, 0.0, 0.0, 0.0, 5.8216, 0.0, 0.0, 0.0, 0.0, 0.0, 0.0, 4.5382, 0.0], "max_pos": 7, "max_act": 5.8203}, {"tokens": [" in", " his", " mouth", ".", " He", " feels", " sorry", ".", " He", " says", ",", " \"", "I", " am", " sorry", ".", " I", " was", " wrong", ".", " I", " was", " rude", ".", " I", " was", " ignorant", ".", " I", " want", " to", " be", " kind"], "acts": [0.0, 0.0, 0.0, 0.0, 0.0, 0.0, 0.0, 0.0, 0.0, 0.0, 0.0, 0.0, 2.2219, 0.6272, 0.0, 0.0, 5.4441, 0.0, 0.0, 0.0, 5.8121, 0.0, 0.0, 0.0, 5.8155, 0.0, 0.0, 0.0, 5.3634, 0.0, 0.0, 1.119, 0.0], "max_pos": 24, "max_act": 5.8164}, {"tokens": [" wanted", " to", " see", " the", " pengu", "ins", ".", " He", " walked", " back", " to", " Lily", " and", " said", ",", " \"", "Sorry", ",", " Lily", ".", " I", " was", " wrong", ".", " I", " should", " not", " have", " pushed", " you", ".\"", "\n", "\n"], "acts": [0.0, 0.0, 0.0, 0.0, 0.0, 0.0, 0.0, 0.0, 0.0, 0.0, 0.0, 0.0, 0.0, 0.0, 0.0, 0.0, 0.0, 0.0, 0.0, 0.0, 4.7764, 0.0, 0.0, 0.0, 5.7889, 0.0, 0.0, 0.0, 0.0, 0.0, 0.0, 0.0, 0.0], "max_pos": 24, "max_act": 5.7891}]}