{"id": 498, "density": 0.01610825, "max_act": 5.51171875, "hist": {"edges": [0.01, 0.0133, 0.0178, 0.0237, 0.0316, 0.0422, 0.0562, 0.075, 0.1, 0.1334, 0.1778, 0.2371, 0.3162, 0.4217, 0.5623, 0.7499, 1.0, 1.3335, 1.7783, 2.3714, 3.1623, 4.217, 5.6234, 7.4989, 10.0, 13.3352, 17.7828, 23.7137, 31.6228, 42.1697, 56.2341, 74.9894, 100.0], "counts": [0, 0, 0, 0, 0, 0, 0, 0, 0, 2, 45, 435, 1940, 5804, 10071, 11040, 9706, 8509, 7517, 4599, 3876, 889, 0, 0, 0, 0, 0, 0, 0, 0, 0, 0]}, "logit_lens": {"promoted": [[" sudden", 0.351], [" they", 0.317], [" yourself", 0.291], [" mess", 0.281], [" esc", 0.278], ["ible", 0.278], [" slides", 0.275], ["ge", 0.273], [" angry", 0.265], [" lunch", 0.258]], "suppressed": [[" more", 0.228], [" told", 0.217], [" from", 0.214], ["owed", 0.198], ["ally", 0.191], [" to", 0.169], [" asked", 0.168], ["ed", 0.167], ["al", 0.166], [" tell", 0.16]]}, "examples": [{"tokens": [" would", " not", " make", " a", " mess", " again", ".", "<|endoftext|>", "Lily", " and", " Tom", " are", " twins", ".", " They", " like", " to", " play", " in", " the", " park", ".", " One", " day", ",", " they", " see", " a", " big", " hole", " in", " the", " ground"], "acts": [0.0, 0.0, 0.0, 0.0, 0.0, 0.0, 0.0, 0.0, 0.0, 0.0, 0.0, 0.0, 0.0, 0.0, 0.0, 0.0, 0.0, 0.0, 0.0, 0.0, 0.0, 0.0, 0.7767, 4.4206, 5.5112, 0.0, 0.0, 0.0, 0.0, 0.0, 0.0, 0.0, 0.0], "max_pos": 24, "max_act": 5.5117}, {"tokens": [" mirror", ".", " They", " liked", " being", " friends", ".", "<|endoftext|>", "Tom", " and", " Lily", " are", " friends", ".", " They", " like", " to", " play", " in", " the", " park", ".", " One", " day", ",", " they", " see", " a", " big", " box", " near", " the", " slide"], "acts": [0.0, 0.0, 0.0, 0.0, 0.0, 0.0, 0.0, 0.0, 0.0, 0.0, 0.0, 0.0, 0.0, 0.0, 0.0, 0.0, 0.0, 0.0, 0.0, 0.0, 0.0, 0.0, 0.7215, 4.4829, 5.5071, 0.0, 0.0, 0.0, 0.0, 0.0, 0.0, 0.0, 0.0], "max_pos": 24, "max_act": 5.5078}, {"tokens": [" be", " good", " twins", ".", "<|endoftext|>", "Ben", " and", " Lily", " are", " twins", ".", " They", " like", " to", " play", " in", " the", " park", " with", " their", " mom", ".", " One", " day", ",", " they", " see", " a", " big", " tree", " with", " many", " birds"], "acts": [0.0, 0.0, 0.0, 0.0, 0.0, 0.0, 0.0, 0.0, 0.0, 0.0, 0.0, 0.0, 0.0, 0.0, 0.0, 0.0, 0.0, 0.0, 0.0, 0.0, 0.0, 0.0, 0.9733, 4.5326, 5.5046, 0.0, 0.0, 0.0, 0.0, 0.0, 0.0, 0.0, 0.0], "max_pos": 24, "max_act": 5.5039}, {"tokens": [" have", " some", " cake", " for", " dessert", ".\"", "<|endoftext|>", "Anna", " and", " Ben", " are", " friends", ".", " They", " like", " to", " play", " with", " toys", " and", " books", ".", " One", " day", ",", " they", " see", " a", " po", "ster", " on", " the", " wall"], "acts": [0.0, 0.0, 0.0, 0.0, 0.0, 0.0, 0.0, 0.0, 0.0, 0.0, 0.0, 0.0, 0.0, 0.0, 0.0, 0.0, 0.0, 0.0, 0.0, 0.0, 0.0, 0.0, 0.5594, 4.3232, 5.4909, 0.0, 0.0, 0.0, 0.0, 0.0, 0.0, 0.0, 0.0], "max_pos": 24, "max_act": 5.4922}, {"tokens": [" He", " would", " never", " play", " with", " fu", "el", " again", ".", "<|endoftext|>", "Sara", " and", " Tom", " are", " twins", ".", " They", " like", " to", " play", " together", ".", " One", " day", ",", " they", " find", " a", " big", " bottle", " of", " sh", "amp"], "acts": [0.0, 0.0, 0.0, 0.0, 0.0, 0.0, 0.0, 0.0, 0.0, 0.0, 0.0, 0.0, 0.0, 0.0, 0.0, 0.0, 0.0, 0.0, 0.0, 0.0, 0.0, 0.0, 0.7044, 4.2142, 5.4877, 0.0, 0.0, 0.0, 0.0, 0.0, 0.0, 0.0, 0.0], "max_pos": 24, "max_act": 5.4883}, {"tokens": [" She", " was", " very", " happy", ".", "<|endoftext|>", "Lily", " and", " Tom", " were", " twins", ".", " They", " liked", " to", " play", " with", " their", " toys", " and", " books", ".", " One", " day", ",", " their", " mom", " said", " they", " were", " going", " to", " visit"], "acts": [0.0, 0.0, 0.0, 0.0, 0.0, 0.0, 0.0, 0.0, 0.0, 0.0, 0.0, 0.0, 0.0, 0.0, 0.0, 0.0, 0.0, 0.0, 0.0, 0.0, 0.0, 0.0, 0.635, 4.1169, 5.4814, 0.0, 0.0, 0.9117, 0.0, 0.0, 0.0, 0.0, 0.0], "max_pos": 24, "max_act": 5.4805}, {"tokens": [" for", " being", " messy", ".\"", "<|endoftext|>", "Tom", " and", " Lily", " are", " twins", ".", " They", " like", " to", " play", " with", " their", " toys", " and", " dress", " up", ".", " One", " day", ",", " they", " find", " a", " big", " box", " in", " the", " living"], "acts": [0.0, 0.0, 0.0, 0.0, 0.0, 0.0, 0.0, 0.0, 0.0, 0.0, 0.0, 0.0, 0.0, 0.0, 0.0, 0.0, 0.0, 0.0, 0.0, 0.0, 0.0, 0.0, 0.6479, 4.1726, 5.4763, 0.0, 0.0, 0.0, 0.0, 0.0, 0.0, 0.0, 0.0], "max_pos": 24, "max_act": 5.4766}, {"tokens": [" fun", ".", " They", " are", " happy", ".", "<|endoftext|>", "Lily", " and", " Tom", " are", " friends", ".", " They", " like", " to", " play", " with", " dolls", " and", " cars", ".", " One", " day", ",", " they", " go", " to", " the", " park", " with", " their", " moms"], "acts": [0.0, 0.0, 0.0, 0.0, 0.4009, 0.0, 0.0, 0.0, 0.0, 0.0, 0.0, 0.0, 0.6896, 0.5755, 0.0, 0.0, 0.0, 0.0, 0.0, 0.0, 0.0, 0.5431, 0.9914, 4.2599, 5.4573, 0.0, 0.0, 0.0, 0.0, 0.0, 0.0, 0.0, 0.0], "max_pos": 24, "max_act": 5.457}, {"tokens": [" not", " the", " only", " color", ".", "<|endoftext|>", "Sara", " and", " Tom", " are", " twins", ".", " They", " like", " to", " play", " with", " their", " toys", " and", " books", ".", " One", " day", ",", " their", " mom", " says", " they", " can", " go", " on", " a"], "acts": [0.0, 0.0, 0.0, 0.0, 0.0, 0.0, 0.0, 0.0, 0.0, 0.0, 0.0, 0.8153, 0.0, 0.0, 0.0, 0.0, 0.0, 0.0, 0.0, 0.0, 0.0, 0.0, 0.0, 4.3455, 5.4439, 0.0, 0.0, 0.0, 0.0, 0.0, 0.0, 0.0, 0.0], "max_pos": 24, "max_act": 5.4453}, {"tokens": [" room", ".", " They", " were", " happy", " and", " dry", ".", "<|endoftext|>", "Lily", " and", " Tom", " are", " friends", ".", " They", " like", " to", " play", " with", " toys", ".", " One", " day", ",", " they", " find", " a", " big", " machine", " in", " the", " park"], "acts": [0.0, 0.0, 0.0, 0.0, 0.0, 0.0, 0.0, 0.0, 0.0, 0.0, 0.0, 0.0, 0.0, 0.0, 0.7806, 0.0, 0.0, 0.0, 0.0, 0.0, 0.0, 0.0, 0.8293, 4.1739, 5.431, 0.0, 0.0, 0.0, 0.0, 0.0, 0.0, 0.0, 0.0], "max_pos": 24, "max_act": 5.4297}, {"tokens": [" fun", ".", " They", " are", " good", " friends", ".", "<|endoftext|>", "Lily", " and", " Ben", " are", " twins", ".", " They", " like", " to", " play", " in", " the", " park", ".", " One", " day", ",", " they", " see", " a", " big", " white", " kangaroo", ".", " The"], "acts": [0.0, 0.0, 0.0, 0.0, 0.0, 0.0, 0.0, 0.0, 0.0, 0.0, 0.0, 0.0, 0.0, 0.0, 0.0, 0.0, 0.0, 0.0, 0.0, 0.0, 0.0, 0.0, 0.8178, 4.3524, 5.4189, 0.0, 0.0, 0.0, 0.0, 0.0, 0.0, 0.0, 0.0], "max_pos": 24, "max_act": 5.418}, {"tokens": ["s", ".", " They", " are", " happy", " friends", ".", "<|endoftext|>", "Lily", " and", " Tom", " were", " friends", ".", " They", " liked", " to", " play", " in", " the", " park", ".", " One", " day", ",", " they", " saw", " a", " big", " truck", " in", " the", " park"], "acts": [0.0, 0.0, 0.0, 0.0, 0.0, 0.0, 0.0, 0.0, 0.0, 0.0, 0.0, 0.0, 0.0, 0.0, 0.0, 0.0, 0.0, 0.0, 0.0, 0.0, 0.0, 0.0, 0.7385, 4.2997, 5.3967, 0.0, 0.0, 0.0, 0.0, 0.0, 0.0, 0.0, 0.0], "max_pos": 24, "max_act": 5.3984}]}