{"id": 504, "density": 0.003748, "max_act": 11.078125, "hist": {"edges": [0.01, 0.0133, 0.0178, 0.0237, 0.0316, 0.0422, 0.0562, 0.075, 0.1, 0.1334, 0.1778, 0.2371, 0.3162, 0.4217, 0.5623, 0.7499, 1.0, 1.3335, 1.7783, 2.3714, 3.1623, 4.217, 5.6234, 7.4989, 10.0, 13.3352, 17.7828, 23.7137, 31.6228, 42.1697, 56.2341, 74.9894, 100.0], "counts": [0, 0, 0, 0, 0, 0, 0, 0, 0, 0, 0, 39, 165, 507, 1179, 2095, 2445, 2418, 1985, 1238, 673, 426, 953, 862, 7, 0, 0, 0, 0, 0, 0, 0]}, "logit_lens": {"promoted": [[" mistake", 0.39], [" herself", 0.319], [" accident", 0.309], [" itself", 0.291], ["ung", 0.259], [" himself", 0.252], ["ee", 0.251], ["e", 0.239], [" themselves", 0.239], [" step", 0.235]], "suppressed": [["m", 0.394], ["ball", 0.323], ["ht", 0.301], ["ually", 0.289], ["ome", 0.275], ["ery", 0.272], ["dy", 0.272], ["y", 0.269], [" of", 0.239], ["kin", 0.237]]}, "examples": [{"tokens": [" march", " by", " counting", ",", " \"", "1", ",", " ", "2", ","], "acts": [0.0, 11.0764, 0.0, 0.0, 0.0, 0.0, 0.0, 0.0, 0.0, 0.0], "max_pos": 1, "max_act": 11.0781}, {"tokens": [".", " You", " were", " very", " successful", ",\"", " his", " mom", " said", ",", " giving", " him", " a", " big", " hug", ".", " \"", "You", " comp", "le", "ted", " the", " race", " all", " by", " yourself", ".\"", " \n", "\n", "Timmy", " felt", " proud", " of"], "acts": [0.0, 0.0, 0.0, 0.0, 0.0, 0.0, 0.0, 0.0, 0.0, 0.0, 0.0, 0.0, 0.0, 0.0, 0.0, 0.0, 0.0, 0.0, 0.0, 0.0, 0.0, 0.0, 0.0, 0.0, 10.3419, 0.0, 0.0, 0.0, 0.0, 0.0, 0.0, 0.0, 0.0], "max_pos": 24, "max_act": 10.3438}, {"tokens": [" caught", " the", " spider", ".", " She", " carried", " it", " to", " the", " door", " and", " let", " it", " go", " in", " the", " garden", ".", " She", " said", ",", " \"", "B", "ye", " by", "e", ",", " spider", ".", " H", "ave", " fun", " outside"], "acts": [0.0, 0.0, 0.0, 0.0, 0.0, 0.0, 0.0, 0.0, 0.0, 0.0, 0.0, 0.0, 0.0, 0.0, 0.0, 0.0, 0.0, 0.0, 0.0, 0.0, 0.0, 0.0, 0.0, 0.0, 10.3188, 0.0, 0.0, 0.0, 0.0, 0.0, 0.0, 0.0, 0.0], "max_pos": 24, "max_act": 10.3203}, {"tokens": ["They", " looked", " at", " each", " other", " and", " smiled", ".", " Daddy", " said", ",", " \"", "Yes", ",", " you", " need", " to", " be", " careful", " and", " count", " each", " piece", " one", " by", " one", ".\"", "\n", "\n", "So", ",", " Mommy", " and"], "acts": [0.0, 0.0, 0.0, 0.0, 0.0, 0.0, 0.0, 0.0, 0.0, 0.0, 0.0, 0.0, 0.0, 0.0, 0.0, 0.0, 0.0, 0.0, 0.0, 0.0, 0.0, 0.0, 0.0, 0.0, 10.301, 0.0, 0.0, 0.0, 0.0, 0.0, 0.0, 0.0, 0.0], "max_pos": 24, "max_act": 10.3047}, {"tokens": [" and", " wanted", " to", " show", " her", " friends", " the", " big", " tray", " of", " cookies", ".", "\n", "\n", "When", " her", " friends", " arrived", ",", " Lily", " wanted", " to", " impress", " them", " by", " throw", "ing", " the", " tray", " up", " in", " the", " air"], "acts": [0.0, 0.0, 0.0, 0.0, 0.0, 0.0, 0.0, 0.0, 0.0, 0.0, 0.0, 0.0, 0.0, 0.0, 0.0, 0.0, 0.0, 0.0, 0.0, 0.0, 0.0, 0.0, 0.0, 0.0, 10.0598, 0.0, 0.0, 0.0, 0.0, 0.0, 0.0, 0.0, 0.0], "max_pos": 24, "max_act": 10.0625}, {"tokens": [" it", " is", " very", " pretty", " and", " graceful", ".", " She", " says", ",", " \"", "B", "ye", " by", "e", ",", " swan", ".", " Maybe", " I", " will", " see"], "acts": [0.0, 0.0, 0.0, 0.0, 0.0, 0.0, 0.0, 0.0, 0.0, 0.0, 0.0, 0.0, 0.0, 10.0435, 0.0, 0.0, 0.0, 0.0, 0.0, 0.0, 0.0, 0.0], "max_pos": 13, "max_act": 10.0469}, {"tokens": [" together", " by", " the", " lake", ".", " He", " was", " so", " excited", " to"], "acts": [0.0, 10.0414, 0.0, 0.0, 0.0, 0.0, 0.0, 0.0, 0.0, 0.0], "max_pos": 1, "max_act": 10.0391}, {"tokens": [" car", " zoom", " by", ".", " It", " went", " so", " fast", " that", " it", " made"], "acts": [0.0, 0.0, 9.9363, 0.0, 0.0, 0.0, 0.0, 0.0, 0.0, 0.0, 0.0], "max_pos": 2, "max_act": 9.9375}, {"tokens": ["\"", "I", " want", " to", " match", " the", " cards", " by", " color", ",\"", " Tim", " says", ".", " He", " picks", " up"], "acts": [0.0, 0.0, 0.0, 0.0, 0.0, 0.0, 0.0, 9.928, 0.0, 0.0, 0.0, 0.0, 0.0, 0.0, 0.0, 0.0], "max_pos": 7, "max_act": 9.9297}, {"tokens": [" real", " mouse", " and", " the", " fake", " mouse", " were", " very", " happy", " too", ",", " lean", "ing", " together", " side", " by", " side", ".", "<|endoftext|>", "Tommy", " was", " terrible", " at", " saw"], "acts": [0.0, 0.0, 0.0, 0.0, 0.0, 0.0, 0.0, 0.0, 0.0, 0.0, 0.0, 0.0, 0.0, 0.0, 0.0, 9.8622, 0.0, 0.0, 0.0, 0.0, 0.0, 0.0, 0.0, 0.0], "max_pos": 15, "max_act": 9.8594}, {"tokens": [" is", " looking", " for", " his", " bag", ".", " He", " says", ",", " \"", "Hey", ",", " kids", ",", " have", " you", " seen", " my", " bag", "?", " I", " left", " it", " here", " by", " mistake", ".", " It", " is", " very", " important", " to", " me"], "acts": [0.0, 0.0, 0.0, 0.0, 0.0, 0.0, 0.0, 0.0, 0.0, 0.0, 0.0, 0.0, 0.0, 0.0, 0.0, 0.0, 0.0, 0.0, 0.0, 0.0, 0.0, 0.0, 0.0, 0.0, 9.8302, 0.0, 0.0, 0.0, 0.0, 0.0, 0.0, 0.0, 0.0], "max_pos": 24, "max_act": 9.8281}, {"tokens": [" tight", ".", " He", " looked", " up", " at", " the", " ce", "il", "ing", " and", " noticed", " some", " numbers", " on", " it", ".", " He", " tried", " to", " count", " them", ",", " one", " by", " one", ".", " When", " he", " finished", " counting", ",", " he"], "acts": [0.0, 0.0, 0.0, 0.0, 0.0, 0.0, 0.0, 0.0, 0.0, 0.0, 0.0, 0.0, 0.0, 0.0, 0.0, 0.0, 0.0, 0.0, 0.0, 0.0, 0.0, 0.0, 0.0, 0.0, 9.7965, 0.0, 0.0, 0.0, 0.0, 0.0, 0.0, 0.0, 0.0], "max_pos": 24, "max_act": 9.7969}]}