{"id": 506, "density": 0.02955625, "max_act": 7.33203125, "hist": {"edges": [0.01, 0.0133, 0.0178, 0.0237, 0.0316, 0.0422, 0.0562, 0.075, 0.1, 0.1334, 0.1778, 0.2371, 0.3162, 0.4217, 0.5623, 0.7499, 1.0, 1.3335, 1.7783, 2.3714, 3.1623, 4.217, 5.6234, 7.4989, 10.0, 13.3352, 17.7828, 23.7137, 31.6228, 42.1697, 56.2341, 74.9894, 100.0], "counts": [0, 0, 0, 0, 0, 0, 0, 0, 0, 0, 2, 43, 506, 3226, 10053, 19449, 23628, 21420, 16916, 13183, 7118, 2460, 221, 0, 0, 0, 0, 0, 0, 0, 0, 0]}, "logit_lens": {"promoted": [["ado", 0.3], [" under", 0.288], ["ze", 0.272], [" behind", 0.262], ["sting", 0.256], [" clouds", 0.247], [" off", 0.247], [" inside", 0.228], ["bble", 0.228], [" outside", 0.227]], "suppressed": [["it", 0.362], ["ated", 0.353], ["id", 0.314], ["ia", 0.297], ["is", 0.268], ["ating", 0.255], [" years", 0.244], ["a", 0.238], ["ts", 0.228], ["al", 0.217]]}, "examples": [{"tokens": [" to", " the", " garden", " later", ",", " he", " saw", " a", " big", " storm", " had", " destroy", "ed", " the", " garden", ".", " He", " said"], "acts": [0.0, 0.0, 0.0, 0.0, 0.0, 0.0, 0.0, 0.0, 0.0, 7.3303, 0.0, 5.9606, 2.0082, 0.0, 0.0, 0.0, 0.0, 0.0], "max_pos": 9, "max_act": 7.332}, {"tokens": [" She", " loved", " to", " write", " and", " draw", " pictures", " with", " her", " crayons", ".", " One", " day", ",", " a", " big", " storm", " came", " and", " made", " all", " the", " trees", " shake", "."], "acts": [0.0, 0.0, 0.0, 0.0, 0.0, 0.0, 0.0, 0.0, 0.0, 0.0, 0.0, 0.0, 0.0, 0.0, 0.0, 0.8414, 7.2984, 1.0719, 0.0, 0.0, 0.0, 0.0, 0.0, 2.0511, 0.0], "max_pos": 16, "max_act": 7.2969}, {"tokens": [" and", " it", " was", " getting", " louder", ".", " When", " Daisy", " finally", " looked", " up", ",", " she", " saw", " a", " big", ",", " dark", " storm", " cloud", " coming", " closer", " and", " closer", ".", " \n", "\n"], "acts": [0.0, 0.0, 0.0, 0.0, 0.0, 0.0, 0.0, 0.0, 0.0, 0.0, 0.0, 0.0, 0.0, 0.0, 0.0, 0.0, 0.0, 4.5436, 7.2834, 3.8509, 2.2182, 0.0, 0.0, 0.0, 0.0, 0.0, 0.0], "max_pos": 18, "max_act": 7.2852}, {"tokens": ["ed", " lots", " of", " them", " in", " the", " garden", " and", " took", " time", " to", " care", " for", " them", " every", " day", ".", "\n", "\n", "One", " night", ",", " a", " dark", " storm", " came", " and", " all", " the", " plants", " got", " wet", " from"], "acts": [0.0, 0.0, 0.0, 0.0, 0.0, 0.0, 0.0, 0.0, 0.0, 0.0, 0.0, 0.0, 0.0, 0.0, 0.0, 0.0, 0.0, 0.0, 0.0, 0.0, 0.0, 0.0, 0.0, 4.2812, 7.2856, 0.999, 0.0, 0.0, 0.0, 0.0, 0.0, 2.5171, 0.0], "max_pos": 24, "max_act": 7.2852}, {"tokens": [" smoke", " coming", " out", " of", " their", " ch", "im", "ney", "s"], "acts": [7.2511, 2.7908, 0.0, 0.0, 0.0, 0.0, 0.0, 0.0, 0.0], "max_pos": 0, "max_act": 7.25}, {"tokens": [".", " He", " loved", " to", " play", " and", " catch", " fl", "ies", " in", " his", " co", "b", "w", "eb", ".", " One", " day", ",", " a", " big", " storm", " came", " and", " destroy", "ed", " Sp", "ide", "y", "'s"], "acts": [0.0, 0.0, 0.0, 0.0, 0.0, 0.0, 0.0, 0.0, 0.0, 0.0, 0.0, 0.0, 0.0, 0.0, 0.0, 0.0, 0.0, 0.0, 0.0, 0.0, 0.7598, 7.242, 1.1559, 0.0, 4.9581, 1.8666, 0.0, 0.0, 0.0, 0.0], "max_pos": 21, "max_act": 7.2422}, {"tokens": [" H", "appy", "land", ".", " In", " H", "appy", "land", ",", " everyone", " was", " happy", " and", " played", " together", " all", " day", ".", " But", " one", " day", ",", " a", " big", " storm", " came", " and", " the", " wind", " blew", " very", " hard", "."], "acts": [0.0, 0.0, 0.0, 0.0, 0.0, 0.0, 0.0, 0.0, 0.0, 0.0, 0.0, 0.0, 0.0, 0.0, 0.0, 0.0, 0.0, 0.0, 0.0, 0.0, 0.0, 0.0, 0.0, 0.8343, 7.0641, 0.0, 0.0, 0.0, 2.2502, 1.515, 0.0, 0.0, 0.0], "max_pos": 24, "max_act": 7.0625}, {"tokens": [" Benny", ".", " Benny", " loved", " to", " race", " with", " his", " friends", " in", " the", " forest", ".", " One", " day", ",", " while", " they", " were", " ra", "cing", ",", " a", " big", " storm", " came", ".", " The", " wind", " was", " strong", " and", " the"], "acts": [0.0, 0.0, 0.0, 0.0, 0.0, 0.0, 0.0, 0.0, 0.0, 0.0, 0.0, 0.0, 0.0, 0.0, 0.0, 0.0, 0.0, 0.0, 0.0, 0.0, 0.0, 0.0, 0.0, 1.3025, 7.0029, 0.8092, 0.0, 0.0, 2.4417, 0.0, 0.0, 0.0, 0.0], "max_pos": 24, "max_act": 7.0039}, {"tokens": [" found", " it", " and", " gave", " it", " back", " to", " the", " man", ".", " He", " was", " so", " grateful", " and", " thanked", " them", ".", "\n", "\n", "Suddenly", ",", " a", " big", " storm", " came", " and", " the", " family", " got", " scared", ".", " They"], "acts": [0.0, 0.0, 0.0, 0.0, 0.0, 0.0, 0.0, 0.0, 0.0, 0.0, 0.0, 0.0, 0.0, 0.0, 0.0, 0.0, 0.0, 0.0, 0.0, 0.0, 0.0, 0.0, 0.0, 0.0, 7.0013, 1.0404, 0.0, 0.0, 0.0, 0.0, 2.1997, 0.0, 0.0], "max_pos": 24, "max_act": 7.0}, {"tokens": [" mommy", " bird", " and", " her", " young", " ba", "b", "ies", ".", " They", " lived", " in", " a", " nest", " in", " a", " tall", " tree", ".", " One", " day", ",", " a", " big", " storm", " came", " and", " the", " wind", " was", " very", " strong", "."], "acts": [0.0, 0.0, 0.0, 0.0, 0.0, 0.0, 0.0, 0.0, 0.0, 0.0, 0.0, 0.0, 0.0, 0.0, 0.0, 0.0, 0.0, 0.0, 0.0, 0.0, 0.0, 0.0, 0.0, 0.7404, 6.9429, 0.837, 0.0, 0.0, 2.007, 0.0, 0.0, 0.0, 0.0], "max_pos": 24, "max_act": 6.9414}, {"tokens": [" loved", " to", " play", " in", " the", " rain", ".", " She", " would", " qu", "ack", " and", " splash", " in", " the", " pudd", "les", ".", " But", " one", " day", ",", " a", " big", " storm", " came", " and", " the", " rain", " was", " too", " strong", " for"], "acts": [0.0, 0.0, 0.0, 0.0, 0.0, 2.3866, 0.0, 0.0, 0.0, 0.0, 0.0, 0.0, 0.0, 0.0, 0.0, 2.0004, 0.0, 0.0, 0.0, 0.0, 0.0, 0.0, 0.0, 1.5429, 6.9328, 0.7791, 0.0, 0.0, 4.3136, 0.0, 1.5011, 2.4327, 0.0], "max_pos": 24, "max_act": 6.9336}, {"tokens": [" a", " bird", " who", " lived", " in", " a", " tree", ".", " She", " had", " a", " nest", " where", " she", " kept", " her", " eggs", " warm", ".", " One", " day", ",", " a", " big", " storm", " came", " and", " the", " bird", "'s", " nest", " fell", " down"], "acts": [0.0, 0.0, 0.0, 0.0, 0.0, 0.0, 0.0, 0.0, 0.0, 0.0, 0.0, 0.0, 0.0, 0.0, 0.0, 0.0, 0.0, 0.0, 0.0, 0.0, 0.0, 0.0, 0.0, 0.4115, 6.8942, 0.8436, 0.0, 0.0, 0.0, 0.0, 0.0, 3.5193, 0.7733], "max_pos": 24, "max_act": 6.8945}]}