{"id": 51, "density": 0.0178575, "max_act": 6.03125, "hist": {"edges": [0.01, 0.0133, 0.0178, 0.0237, 0.0316, 0.0422, 0.0562, 0.075, 0.1, 0.1334, 0.1778, 0.2371, 0.3162, 0.4217, 0.5623, 0.7499, 1.0, 1.3335, 1.7783, 2.3714, 3.1623, 4.217, 5.6234, 7.4989, 10.0, 13.3352, 17.7828, 23.7137, 31.6228, 42.1697, 56.2341, 74.9894, 100.0], "counts": [0, 0, 0, 0, 0, 0, 0, 0, 0, 1, 10, 174, 1553, 6687, 14282, 15958, 12543, 9497, 5444, 3443, 1290, 507, 41, 0, 0, 0, 0, 0, 0, 0, 0, 0]}, "logit_lens": {"promoted": [[" help", 0.287], ["!\"", 0.184], [" to", 0.183], [" show", 0.172], [" a", 0.171], [" name", 0.171], [",\"", 0.17], [" buy", 0.168], [" give", 0.167], [" perm", 0.167]], "suppressed": [["c", 0.422], ["led", 0.384], ["ers", 0.379], [" story", 0.368], ["us", 0.356], ["b", 0.342], ["ess", 0.332], ["ips", 0.329], ["in", 0.326], [" mist", 0.321]]}, "examples": [{"tokens": [",", " \"", "Hello", ",", " little", " worm", ".", " Do", " you", " want", " to", " sit", " with", " me", "?\"", " \n", "\n", "The", " worm", " said", ",", " \"", "Yes", ",", " please", ".", " Thank", " you", " for", " being", " so", " humble", " and"], "acts": [0.0, 0.0, 0.0, 0.0, 0.0, 0.0, 0.7991, 0.0, 0.0, 0.8949, 0.6438, 0.0, 0.0, 0.982, 0.0, 0.0, 0.0, 0.0, 0.0, 0.0, 0.0, 0.0, 0.0, 0.0, 6.033, 0.8057, 0.8881, 1.2218, 2.355, 0.0, 0.0, 0.0, 0.9106], "max_pos": 24, "max_act": 6.0312}, {"tokens": [" ice", "-", "cream", "?\"", " Lily", "'s", " eyes", " got", " big", " and", " she", " said", ",", " \"", "Yes", ",", " please", "!\"", " She", " got", " a", " big", " cone", " with", " chocolate"], "acts": [0.0, 0.0, 0.0, 0.0, 0.0, 0.0, 0.0, 0.0, 0.0, 0.0, 0.0, 0.0, 0.0, 0.0, 0.0, 0.0, 6.018, 0.0, 0.0, 0.0, 0.0, 0.0, 0.0, 0.0, 0.0], "max_pos": 16, "max_act": 6.0195}, {"tokens": [",", " Lily", ".", " I", " didn", "'t", " mean", " to", ".", " Can", " I", " help", " clean", " it", " up", "?\"", " Mittens", " asked", ".", "\n", "\n", "\"", "Yes", ",", " please", " help", " me", " keep", " the", " soup"], "acts": [0.0, 0.0, 0.0, 0.0, 0.7056, 0.0, 0.0, 0.0, 0.0, 0.0, 1.4016, 0.0, 0.0, 0.0, 0.0, 0.0, 0.0, 0.0, 0.0, 0.0, 0.0, 0.0, 1.4738, 0.0, 5.9672, 1.6955, 1.5733, 0.0, 0.0, 0.0], "max_pos": 24, "max_act": 5.9688}, {"tokens": [" want", " to", " try", " my", " yummy", " apple", "?\"", " It", " was", " an", " old", " man", " with", " a", " basket", " of", " apples", ".", " Lily", " said", ",", " \"", "Yes", ",", " please", "!\"", " and", " climbed", " down", " the", " o", "ak", " tree"], "acts": [0.6757, 0.605, 0.0, 0.0, 0.0, 0.0, 0.0, 0.0, 0.0, 0.0, 0.0, 0.0, 0.0, 0.0, 0.0, 0.0, 0.0, 0.0, 0.0, 0.0, 0.5035, 0.0, 0.0, 0.0, 5.9421, 0.0, 0.0, 0.0, 0.0, 0.0, 0.0, 0.0, 0.0], "max_pos": 24, "max_act": 5.9414}, {"tokens": ["\n", "\"", "W", "ould", " you", " like", " some", " more", " tea", ",", " M", "iss", " Daisy", "?\"", " Lily", " asked", " her", " doll", ".", "\n", "\n", "\"", "Yes", ",", " please", ",", " M", "iss", " Lily", ".", " You", " are", " very"], "acts": [0.0, 0.0, 0.0, 0.0, 0.0, 1.6094, 0.0, 0.0, 0.0, 0.0, 0.0, 0.0, 0.0, 0.0, 0.0, 0.0, 0.0, 0.0, 0.0, 0.0, 0.0, 0.0, 0.0, 0.0, 5.9191, 1.02, 0.0, 0.0, 0.0, 0.7393, 0.0, 0.7476, 0.0], "max_pos": 24, "max_act": 5.918}, {"tokens": [",", " \"", "W", "ould", " you", " like", " some", " toast", "?\"", " Lily", " nodded", " her", " head", " and", " said", ",", " \"", "Yes", ",", " please", "!\"", " \n", "\n", "After", " they", " ate", " the", " toast"], "acts": [0.0, 0.0, 0.0, 0.0, 1.0259, 1.6585, 0.6826, 0.0, 0.0, 0.0, 0.0, 0.0, 0.0, 0.0, 0.0, 0.4595, 0.0, 0.0, 0.0, 5.8943, 0.0, 0.0, 0.0, 0.0, 0.0, 0.0, 0.0, 0.0], "max_pos": 19, "max_act": 5.8945}, {"tokens": [" me", "?", " We", " can", " look", " for", " your", " toy", " car", " together", ".\"", " The", " boy", "'s", " face", " lit", " up", " and", " he", " said", ",", " \"", "Yes", ",", " please", "!\"", "\n", "\n", "Lily", " and", " the", " boy", " had"], "acts": [0.553, 0.0, 0.0, 0.0, 0.0, 0.0, 0.0, 0.0, 0.0, 0.0, 0.0, 0.0, 0.0, 0.0, 0.0, 0.0, 0.0, 0.0, 0.0, 0.0, 0.0, 0.0, 0.0, 0.0, 5.8669, 0.0, 0.4668, 0.0, 0.0, 0.0, 0.0, 0.0, 0.0], "max_pos": 24, "max_act": 5.8672}, {"tokens": ["\n", "\n", "\"", "Can", " we", " have", " some", ",", " mom", "?\"", " Ben", " asked", ".", " \"", "Please", ",", " please", ",", " please", "?\"", "\n", "\n", "Mom", " smiled", " and", " nodded", "."], "acts": [0.0, 0.0, 0.0, 0.0, 0.0, 0.0, 0.0, 0.0, 0.0, 0.0, 0.0, 0.0, 0.0, 0.0, 2.2759, 0.6391, 5.2981, 1.1415, 5.8621, 0.8107, 0.4092, 0.0, 0.0, 0.0, 0.0, 0.0, 0.0], "max_pos": 18, "max_act": 5.8633}, {"tokens": [" to", " see", "?\"", "\n", "\n", "\"", "Yes", ",", " please", ",\"", " Anna", " said", ".", "\n", "\n", "Lily", " flew"], "acts": [0.0, 0.0, 0.0, 0.0, 0.0, 0.0, 0.0, 0.0, 5.8538, 0.0, 0.0, 0.4365, 0.0, 0.0, 0.0, 0.0, 0.0], "max_pos": 8, "max_act": 5.8555}, {"tokens": [" the", " doll", ".", " She", " pulled", " mom", "'s", " hand", " and", " said", ",", " \"", "Please", ",", " mom", ",", " please", ".", " I", " want", " the", " doll", " now", ".\"", "\n"], "acts": [0.0, 0.0, 0.0, 0.0, 0.0, 0.0, 0.0, 0.0, 0.0, 0.0, 0.0, 0.0, 2.2328, 0.0, 0.0, 1.6057, 5.847, 0.0, 0.0, 1.3483, 0.0, 0.0, 0.0, 0.0, 0.0], "max_pos": 16, "max_act": 5.8477}, {"tokens": [",", " \"", "Yes", ",", " please", ".", " I", "'m", " okay", ",", " but", " it", " hurts"], "acts": [0.0, 0.0, 0.0, 0.0, 5.8352, 0.0, 0.0, 1.4865, 0.0, 0.0, 0.0, 0.0, 0.0], "max_pos": 4, "max_act": 5.8359}, {"tokens": [" Lily", " strugg", "ling", ".", " \"", "Do", " you", " need", " some", " help", "?\"", " she", " asked", ".", " Lily", " nodded", " her", " head", " and", " said", ",", " \"", "Yes", ",", " please", ".", " This", " jug", " is", " too", " heavy", " for", " me"], "acts": [0.0, 0.0, 0.0, 0.0, 0.0, 0.0, 0.0, 0.0, 0.0, 0.0, 0.0, 0.0, 0.0, 0.0, 0.0, 0.0, 0.0, 0.0, 0.0, 0.0, 0.4342, 0.0, 0.6125, 0.0, 5.8069, 0.8175, 0.0, 0.0, 1.014, 0.0, 0.0, 0.0, 1.0417], "max_pos": 24, "max_act": 5.8086}]}