{"id": 515, "density": 0.039663, "max_act": 7.4453125, "hist": {"edges": [0.01, 0.0133, 0.0178, 0.0237, 0.0316, 0.0422, 0.0562, 0.075, 0.1, 0.1334, 0.1778, 0.2371, 0.3162, 0.4217, 0.5623, 0.7499, 1.0, 1.3335, 1.7783, 2.3714, 3.1623, 4.217, 5.6234, 7.4989, 10.0, 13.3352, 17.7828, 23.7137, 31.6228, 42.1697, 56.2341, 74.9894, 100.0], "counts": [0, 0, 0, 0, 0, 0, 0, 0, 0, 0, 30, 213, 1830, 9334, 25276, 35694, 32367, 23747, 15244, 8227, 3976, 2346, 368, 0, 0, 0, 0, 0, 0, 0, 0, 0]}, "logit_lens": {"promoted": [[" someone", 0.34], [" helped", 0.259], [" such", 0.252], [" help", 0.242], [" met", 0.216], [" his", 0.197], [".", 0.192], [" resc", 0.189], [" her", 0.186], [" outside", 0.182]], "suppressed": [["thing", 0.31], [" happily", 0.297], [" lesson", 0.295], [" circles", 0.291], [" days", 0.288], [" beep", 0.279], [" ag", 0.278], ["stairs", 0.273], ["time", 0.27], ["ally", 0.268]]}, "examples": [{"tokens": [" the", " little", " fish", " thanked", " Tom", " for", " all", " his", " help", ".", " Tom", " waved", " goodbye", " as", " the", " little", " fish", " left", " and", " felt", " very", " happy", " that", " he", " had", " been", " so", " helpful", ".", "<|endoftext|>", "Once", " upon", " a"], "acts": [0.0, 0.0, 0.0, 0.0, 0.0, 0.9121, 2.9986, 1.7333, 3.3446, 0.0, 0.0, 0.0, 0.0, 0.0, 0.0, 0.0, 0.0, 0.0, 0.0, 0.0, 0.0, 0.0, 2.0399, 5.5387, 7.445, 6.4157, 4.2007, 3.2133, 0.0, 0.0, 0.0, 0.0, 0.0], "max_pos": 24, "max_act": 7.4453}, {"tokens": [" ran", " back", " home", ".", "\n", "\n", "The", " friends", " had", " resc", "ued", " the", " little", " yellow", " kitten", ".", " They", " were", " very", " proud", " and", " felt", " happy", " to", " have", " saved", " him", ".", "<|endoftext|>", "Once", " upon", " a", " time"], "acts": [0.0, 0.0, 0.0, 0.0, 0.0, 0.0, 0.0, 0.0, 1.9974, 1.5198, 1.2978, 1.2095, 1.2334, 1.2579, 2.0999, 0.0, 0.0, 0.0, 0.0, 0.0, 0.0, 0.0, 0.0, 2.8919, 7.4077, 5.6094, 4.0176, 0.0, 0.0, 0.0, 0.0, 0.0, 0.0], "max_pos": 24, "max_act": 7.4062}, {"tokens": [".", "\n", " ", "\n", "Sam", " and", " A", "lly", " hugged", " each", " other", " and", " cheered", "!", " They", " were", " so", " proud", " of", " their", " work", " and", " happy", " to", " have", " saved", " the", " w", "re", "ck", ".", " \n", "\n"], "acts": [0.0, 0.0, 0.0, 0.0, 0.0, 0.0, 0.0, 0.0, 0.0, 0.0, 0.0, 0.0, 0.0, 0.0, 0.0, 0.0, 0.0, 0.0, 0.0, 1.0728, 1.2705, 0.0, 0.0, 2.6173, 7.0955, 4.9386, 1.4311, 2.7706, 0.0, 2.0296, 0.0, 0.0, 0.0], "max_pos": 24, "max_act": 7.0938}, {"tokens": [" making", " it", " together", " and", " when", " they", " were", " done", ",", " they", " put", " it", " up", " in", " their", " yard", ".", " Lily", " felt", " proud", " and", " happy", " that", " she", " had", " her", " own", " skeleton", ",", " and", " she", " wasn", "'t"], "acts": [0.6585, 1.091, 0.0, 0.0, 0.0, 0.0, 0.0, 0.0, 0.0, 0.0, 0.0, 0.0, 0.0, 0.0, 0.0, 0.0, 0.0, 0.0, 0.0, 0.0, 0.0, 0.0, 1.37, 5.762, 7.0418, 2.9287, 2.9157, 0.0, 1.6265, 1.2821, 2.4698, 0.0, 2.1355], "max_pos": 24, "max_act": 7.043}, {"tokens": ["ish", "ment", " and", " joy", ".", " He", " had", " a", "ch", "ie", "ved", " success", " and", " was", " proud", ".", " \n", "\n", "The", " little", " bird", " was", " glad", " he", " had", " won", " the", " race", " and", " happy", " he", " could", " make"], "acts": [0.0, 0.0, 0.0, 0.0, 0.0, 0.0, 3.2236, 2.501, 0.0, 0.0, 2.7665, 0.0, 0.0, 0.0, 0.0, 0.0, 0.0, 0.0, 0.0, 0.0, 0.0, 0.0, 0.0, 4.1394, 7.0067, 4.1771, 1.2413, 1.5944, 2.1239, 0.0, 3.8981, 4.1073, 2.5965], "max_pos": 24, "max_act": 7.0078}, {"tokens": [" it", " that", " said", " \"", "Lily", "'s", " special", " rock", "\"", " and", " kept", " it", " in", " her", " pocket", " all", " day", ".", " She", " felt", " proud", " and", " happy", " to", " have", " something", " so", " impressive", ".", "<|endoftext|>", "Lily", " and", " Ben"], "acts": [0.0, 0.0, 0.0, 0.0, 0.0, 0.0, 0.0, 0.0, 0.0, 0.0, 0.0, 0.0, 0.0, 0.0, 0.0, 0.0, 0.0, 0.0, 0.0, 0.0, 0.0, 0.0, 0.0, 2.7359, 6.9764, 2.7411, 0.8842, 2.1961, 0.0, 0.0, 0.0, 0.0, 0.0], "max_pos": 24, "max_act": 6.9766}, {"tokens": [" brave", " this", " bear", " was", ".", " With", " a", " nod", ",", " she", " said", " goodbye", " and", " continued", " her", " walk", " through", " the", " forest", ".", " She", " was", " glad", " she", " had", " met", " the", " brave", " black", " bear", ".", "<|endoftext|>", "A"], "acts": [1.1284, 1.1851, 0.0, 1.0522, 0.0, 0.0, 0.0, 0.0, 0.0, 0.0, 0.0, 0.0, 0.0, 1.2607, 0.0, 0.0, 0.0, 0.0, 0.0, 0.0, 0.0, 0.0, 0.0, 3.6558, 6.9527, 4.5271, 0.7943, 0.0, 0.0, 0.0, 0.0, 0.0, 0.0], "max_pos": 24, "max_act": 6.9531}, {"tokens": [" fire", ".", "\n", "\n", "The", " neighb", "ours", " clapped", " and", " thanked", " Joe", " for", " helping", " to", " put", " out", " the", " fire", ".", " Joe", " felt", " happy", " that", " he", " had", " done", " something", " to", " help", ".", " He", " was", " glad"], "acts": [0.0, 0.0, 0.0, 0.0, 0.0, 0.0, 0.0, 0.0, 0.0, 0.0, 0.0, 0.0, 2.6129, 1.4055, 0.792, 0.9343, 0.0, 0.0, 0.0, 0.0, 0.0, 0.0, 0.9474, 5.1947, 6.9537, 4.2146, 3.0703, 2.2447, 2.709, 0.0, 0.0, 0.0, 0.0], "max_pos": 24, "max_act": 6.9531}, {"tokens": ["ing", ".\"", " \n", "\n", "Lily", " gently", " placed", " the", " caterpillar", " back", " on", " the", " grass", " and", " watched", " it", " crawl", " away", ".", " She", " felt", " happy", " that", " she", " had", " helped", " the", " little", " bug", ".", "<|endoftext|>", "Once", " upon"], "acts": [0.0, 0.0, 0.0, 0.0, 0.0, 0.0, 0.0, 0.0, 0.0, 0.0, 0.0, 0.0, 0.0, 0.0, 0.0, 0.0, 0.0, 0.0, 0.0, 0.0, 0.0, 0.0, 1.0177, 5.5295, 6.904, 4.8297, 1.7479, 1.1498, 1.8975, 0.0, 0.0, 0.0, 0.0], "max_pos": 24, "max_act": 6.9023}, {"tokens": [" proud", " to", " have", " a", " missing", " tooth", " and", " she", " told", " everyone", " about", " how", " it", " happened", ".", " She", " was", " no", " longer", " embarrassed", " and", " felt", " happy", " to", " have", " such", " great", " friends", ".", "<|endoftext|>", "It", " was", " a"], "acts": [0.0, 0.9177, 5.7118, 3.3746, 2.4425, 0.0, 0.0, 0.7582, 0.0, 0.7786, 0.0, 0.0, 1.3809, 0.0, 0.0, 0.0, 0.0, 0.0, 0.0, 0.0, 0.0, 0.0, 0.0, 3.0479, 6.8578, 3.0428, 1.7007, 2.4899, 0.0, 0.0, 0.0, 0.0, 0.0], "max_pos": 24, "max_act": 6.8594}, {"tokens": [" waved", " goodbye", " and", " went", " home", ".", " They", " were", " happy", " that", " they", " had", " read", " a", " charming", " story", ".", "<|endoftext|>", "Anna", " and"], "acts": [0.0, 0.0, 0.0, 0.0, 0.0, 0.0, 0.0, 0.0, 0.0, 1.513, 5.7871, 6.8581, 1.4124, 0.0, 2.6507, 0.0, 0.0, 0.0, 0.0, 0.0], "max_pos": 11, "max_act": 6.8594}, {"tokens": [" boy", " again", " before", " he", " went", " back", " home", ".", " The", " boy", " waved", " goodbye", " and", " the", " pig", " smiled", ",", " happy", " to", " have", " had", " such", " a", " polite", " and", " fun", " ride", ".", "<|endoftext|>"], "acts": [0.0, 0.0, 0.0, 0.0, 0.0, 0.0, 0.0, 0.0, 0.0, 0.0, 0.0, 0.0, 0.0, 0.0, 0.0, 0.0, 0.0, 0.0, 2.2971, 6.0346, 6.8411, 3.6814, 4.293, 2.2891, 2.6346, 3.3843, 1.6288, 0.0, 0.0], "max_pos": 20, "max_act": 6.8398}]}