{"id": 525, "density": 0.020111, "max_act": 10.2109375, "hist": {"edges": [0.01, 0.0133, 0.0178, 0.0237, 0.0316, 0.0422, 0.0562, 0.075, 0.1, 0.1334, 0.1778, 0.2371, 0.3162, 0.4217, 0.5623, 0.7499, 1.0, 1.3335, 1.7783, 2.3714, 3.1623, 4.217, 5.6234, 7.4989, 10.0, 13.3352, 17.7828, 23.7137, 31.6228, 42.1697, 56.2341, 74.9894, 100.0], "counts": [0, 0, 0, 0, 0, 0, 0, 0, 0, 0, 1, 39, 620, 3499, 9126, 13743, 13526, 11431, 9407, 7758, 5601, 3800, 1631, 261, 1, 0, 0, 0, 0, 0, 0, 0]}, "logit_lens": {"promoted": [[" feet", 0.292], [" legs", 0.279], [" head", 0.257], [" arms", 0.252], [" paws", 0.244], [" blanket", 0.236], [" coat", 0.234], [" hats", 0.233], [" hands", 0.233], [" body", 0.224]], "suppressed": [[" Mrs", 0.257], [" better", 0.245], [" hello", 0.242], [" only", 0.242], [" envious", 0.242], ["Give", 0.241], ["body", 0.238], [" anymore", 0.232], [" upon", 0.232], [" mine", 0.228]]}, "examples": [{"tokens": [" They", " put", " on", " their", " hats", " and", " gl", "o", "ves", " because", " it", " was", " cold", "."], "acts": [0.0, 0.0, 0.0, 1.0918, 0.0, 10.2096, 0.0, 0.0, 0.0, 0.0, 0.0, 0.0, 0.0, 0.0], "max_pos": 5, "max_act": 10.2109}, {"tokens": [" hungry", ".", " They", " want", " to", " go", " inside", " and", " have", " some", " hot", " chocolate", ".", " They", " put", " on", " their", " hats", " and", " gl", "o", "ves", " and", " scar", "ves", ".", " They"], "acts": [0.0, 0.0, 0.0, 0.0, 0.0, 0.0, 0.0, 0.0, 0.0, 0.0, 0.0, 0.0, 0.0, 0.0, 0.0, 0.0, 0.0, 0.0, 9.8506, 0.0, 0.0, 0.0, 8.0587, 0.0, 0.0, 1.276, 2.3311], "max_pos": 18, "max_act": 9.8516}, {"tokens": [" unpack", "ed", " their", " bags", " and", " put", " their", " things", " in", " the", " closet", " and", " draw", "ers", ".", " They", " changed", " their", " clothes", " and", " put", " on", " their", " hats", " and", " sun", "g", "l", "ass", "es", ".", "\n", "\n"], "acts": [0.0, 0.0, 0.0, 0.0, 6.1189, 0.0, 0.8774, 0.0, 0.0, 0.0, 0.0, 4.2102, 0.0, 0.0, 0.6087, 1.1672, 0.0, 0.0, 0.0, 7.3203, 0.8406, 0.0, 0.7095, 0.0, 9.5475, 0.0, 0.0, 0.0, 0.0, 0.0, 1.585, 0.0, 0.9721], "max_pos": 24, "max_act": 9.5469}, {"tokens": [".", " They", " also", " found", " some", " glue", " and", " gl", "itter", " and", " made", " their", " shapes", " shiny", " and", " colorful", ".", "\n", "\n", "They", " put", " on", " their", " hats", " and", " cap", "es", " and", " went", " to", " the", " living", " room"], "acts": [0.0, 0.8626, 0.0, 0.0, 0.0, 0.0, 7.2453, 0.0, 0.0, 5.8163, 1.0287, 0.0, 0.0, 0.0, 1.634, 0.0, 0.0, 0.0, 0.656, 0.0, 0.4762, 0.0, 0.0, 0.0, 9.3559, 0.0, 0.0, 6.071, 0.0, 0.0, 0.0, 0.0, 0.0], "max_pos": 24, "max_act": 9.3594}, {"tokens": [" put", " on", " their", " swim", " clothes", " and", " jumped", " into", " the", " pool", ".", " They", " started", " to"], "acts": [0.0, 0.0, 1.7652, 0.0, 0.0, 9.3096, 0.0, 0.0, 0.0, 0.0, 0.779, 0.9554, 0.0, 0.0], "max_pos": 5, "max_act": 9.3125}, {"tokens": [" the", " twins", " by", " the", " hand", " and", " led", " them", " to", " the", " house", ".", " She", " said", " they", " had", " to", " take", " a", " bath", " and", " wash", " their", " clothes", " and", " their", " boots", ".", " She", " said", " they", " had", " to"], "acts": [0.0, 0.0, 0.0, 0.0, 0.0, 3.7421, 0.0, 0.0, 0.0, 0.0, 0.0, 0.0, 0.0, 0.0, 0.0, 0.0, 0.0, 0.0, 0.0, 0.0, 2.7473, 0.0, 0.0, 0.0, 9.1888, 1.1278, 0.0, 0.0, 0.6542, 0.0, 0.0, 0.0, 0.0], "max_pos": 24, "max_act": 9.1875}, {"tokens": [".", "\n", "\n", "One", " day", ",", " they", " decided", " to", " put", " on", " a", " show", " for", " their", " mom", " and", " dad", ".", " They", " put", " on", " their", " hats", " and", " scar", "ves", " and", " took", " the", " drum", " to", " the"], "acts": [0.0, 0.0, 0.0, 0.0, 0.0, 0.0, 0.0, 0.0, 0.0, 0.0, 0.0, 0.0, 0.0, 0.0, 0.0, 0.0, 2.3139, 0.0, 0.0, 0.6008, 0.0, 0.0, 0.0, 0.0, 9.171, 0.0, 0.0, 6.0332, 0.0, 0.4556, 0.0, 0.0, 0.0], "max_pos": 24, "max_act": 9.1719}, {"tokens": [" his", " closet", " and", " grabbed", " his", " shoes", " and", " coat", ".", " He", " put", " them", " on", " and", " followed"], "acts": [0.0, 0.0, 4.152, 0.0, 0.0, 0.0, 9.1705, 0.0, 1.5601, 3.407, 0.5131, 0.0, 0.0, 4.0086, 0.0], "max_pos": 6, "max_act": 9.1719}, {"tokens": ["round", "ed", " their", " house", ".", " They", " decided", " to", " sne", "ak", " out", " and", " explore", " the", " world", ".", " They", " put", " on", " their", " coat", "s", " and", " hats", " and", " ran", " through", " the", " hole", ".", " They", " saw", " a"], "acts": [0.0, 0.0, 0.0, 0.0, 0.0, 0.0, 0.0, 0.0, 0.0, 0.0, 0.0, 0.0, 0.0, 0.0, 0.0, 0.0, 0.0, 0.0, 0.0, 0.0, 0.0, 0.0, 8.8776, 0.0, 9.1645, 0.0, 0.0, 0.0, 0.0, 0.0, 1.2334, 0.0, 0.0], "max_pos": 24, "max_act": 9.1641}, {"tokens": [" of", " the", " blue", " train", ".", " We", " will", " go", " to", " different", " places", " and", " have", " fun", ".\"", " Mia", " agreed", ",", " and", " they", " put", " on", " their", " hats", " and", " clothes", ".", "\n", "\n", "They", " started", " to", " play"], "acts": [0.0, 0.0, 0.0, 0.0, 0.0, 0.0, 0.0, 0.0, 0.0, 0.0, 0.0, 1.3774, 0.0, 0.0, 0.0, 0.0, 0.0, 0.0, 0.0, 0.0, 0.0, 0.0, 0.0, 0.0, 9.0938, 0.0, 0.0, 0.0, 0.0, 0.0, 0.0, 0.0, 0.0], "max_pos": 24, "max_act": 9.0938}, {"tokens": [" She", " says", " to", " Tom", ",", " \"", "Let", "'s", " make", " a", " big", " house", " with", " paper", " and", " glue", ".", " We", " can", " put", " windows", " and", " door", "s", " and", " a", " roof", ".", " It", " will", " be", " our", " house"], "acts": [0.0, 0.0, 0.0, 0.0, 0.0, 0.0, 0.0, 0.0, 0.0, 0.0, 0.0, 0.0, 0.0, 0.0, 5.1575, 0.0, 0.0, 0.0, 0.0, 0.0, 0.0, 8.1754, 0.0, 0.0, 9.0855, 2.1611, 0.0, 0.6642, 1.2927, 0.0, 0.0, 0.0, 0.0], "max_pos": 24, "max_act": 9.0859}, {"tokens": [" be", " careful", ".", " And", " wear", " your", " hats", " and", " gl", "o", "ves", ",\"", " mom", " says", ".", "\n", "\n", "Sara", " and", " Ben", " put", " on", " their", " hats", " and", " gl", "o", "ves", ".", " They", " take", " their", " sl"], "acts": [0.0, 0.0, 0.0, 0.0, 0.0, 0.0, 0.0, 7.3871, 0.0, 0.0, 0.0, 0.0, 0.0, 0.0, 0.0, 0.0, 0.0, 0.0, 0.0, 0.0, 0.0, 0.0, 0.0, 0.0, 9.0659, 0.0, 0.0, 0.0, 1.6742, 1.6669, 0.0, 0.0, 0.0], "max_pos": 24, "max_act": 9.0625}]}