{"id": 526, "density": 0.01180525, "max_act": 10.1328125, "hist": {"edges": [0.01, 0.0133, 0.0178, 0.0237, 0.0316, 0.0422, 0.0562, 0.075, 0.1, 0.1334, 0.1778, 0.2371, 0.3162, 0.4217, 0.5623, 0.7499, 1.0, 1.3335, 1.7783, 2.3714, 3.1623, 4.217, 5.6234, 7.4989, 10.0, 13.3352, 17.7828, 23.7137, 31.6228, 42.1697, 56.2341, 74.9894, 100.0], "counts": [0, 0, 0, 0, 0, 0, 0, 0, 0, 0, 7, 49, 376, 2118, 4964, 7384, 7680, 7197, 6195, 4422, 2401, 2079, 2157, 191, 1, 0, 0, 0, 0, 0, 0, 0]}, "logit_lens": {"promoted": [[" it", 0.311], [" she", 0.301], [" they", 0.271], [" he", 0.268], [" I", 0.255], [" the", 0.245], [" Lily", 0.231], [" Ben", 0.213], [" we", 0.206], [" you", 0.193]], "suppressed": [[" further", 0.331], [" stand", 0.321], ["ak", 0.314], [" hide", 0.313], [" through", 0.305], [" face", 0.304], ["med", 0.296], ["d", 0.293], [" mil", 0.289], [" happily", 0.286]]}, "examples": [{"tokens": [" \n", "\n", "A", "nn", " said", ",", " \"", "Every", "one", " can", " be", " successful", ";", " it", " doesn", "'t", " matter", " how", " young", " you", " are", "\".", " \n", "\n", "The", " little", " boy"], "acts": [0.0, 0.0, 0.0, 0.0, 0.0, 0.0, 0.0, 0.0, 0.0, 0.0, 0.0, 0.0, 0.0, 0.0, 0.0, 0.0, 0.0, 0.0, 10.13, 0.0, 0.0, 0.0, 0.0, 0.0, 0.0, 0.0, 0.0], "max_pos": 18, "max_act": 10.1328}, {"tokens": ["ired", " by", " this", " wise", " message", " and", " they", " all", " held", " hands", " and", " did", " a", " big", " group", " hug", ".", " They", " all", " learnt", " that", " no", " matter", " how", " young", " they", " were", ",", " that", " anything", " is", " po", "ss"], "acts": [0.0, 0.0, 0.0, 0.0, 0.0, 0.0, 0.0, 0.0, 0.0, 0.0, 0.0, 0.0, 0.0, 0.0, 0.0, 0.0, 0.0, 0.0, 0.0, 0.0, 0.0, 0.0, 0.0, 0.0, 9.7053, 0.0, 0.0, 0.0, 0.0, 0.0, 0.0, 0.0, 0.0], "max_pos": 24, "max_act": 9.7031}, {"tokens": [" down", " and", " went", " back", " to", " exploring", " the", " park", ".", " She", " was", " careful", " not", " to", " put", " any", " rocks", " in", " her", " mouth", ",", " no", " matter", " how", " smooth", " they", " were", ".", " She", " had", " learned", " her", " lesson"], "acts": [0.0, 0.0, 0.0, 0.0, 0.0, 0.0, 0.0, 0.0, 0.0, 0.0, 0.0, 0.0, 0.0, 0.0, 0.0, 0.0, 0.0, 0.0, 0.0, 0.0, 0.0, 0.0, 0.0, 0.0, 9.5654, 0.0, 0.0, 0.0, 0.0, 0.0, 0.0, 0.0, 0.0], "max_pos": 24, "max_act": 9.5625}, {"tokens": [" remember", " the", " old", " lady", " and", " off", "er", " her", " some", " of", " his", " water", ".", " He", " wouldn", "'t", " re", "fu", "se", " her", ",", " no", " matter", " how", " old", " he", " was", ".", "<|endoftext|>", "Once", " upon", " a", " time"], "acts": [0.0, 0.0, 0.0, 0.0, 0.0, 0.0, 0.0, 0.0, 0.0, 0.0, 0.0, 0.0, 0.0, 0.0, 0.0, 0.0, 0.0, 0.0, 0.0, 0.0, 0.0, 0.0, 0.0, 0.0, 9.0843, 1.6222, 0.0, 0.0, 0.0, 0.0, 0.0, 0.0, 0.0], "max_pos": 24, "max_act": 9.0859}, {"tokens": [" that", " impro", "ve", "ment", " means", " to", " make", " things", " better", ".", " She", " also", " explained", " that", " all", " people", " need", " to", " impro", "ve", ",", " no", " matter", " how", " old", " they", " are", ".", " Emma", " smiled", " and", " asked", " how"], "acts": [0.5614, 0.0, 2.0582, 0.0, 0.0, 0.0, 0.0, 0.0, 0.0, 0.0, 0.0, 0.0, 0.0, 0.0, 0.0, 0.0, 0.0, 0.0, 0.0, 0.0, 0.0, 0.0, 0.0, 0.0, 9.0024, 0.0, 0.0, 0.0, 0.0, 0.0, 0.0, 0.0, 0.0], "max_pos": 24, "max_act": 9.0}, {"tokens": [" started", " c", "oug", "hing", " because", " of", " the", " ash", ".", " Lily", " quickly", " cleaned", " it"], "acts": [0.0, 0.0, 0.0, 0.0, 8.897, 1.9041, 0.0, 0.0, 0.0, 0.0, 0.0, 0.0, 0.0], "max_pos": 4, "max_act": 8.8984}, {"tokens": ["\n", "Lily", " nodded", " and", " smiled", ".", " She", " held", " Ben", "'s", " hand", " and", " they", " walked", " to", " the", " rocket", ".", " They", " touched", " it", " and", " felt", " how", " smooth", " and", " cold", " it", " was", ".", "\n", "\n", "\""], "acts": [0.0, 0.0, 0.0, 0.0, 0.0, 0.0, 0.0, 0.0, 0.0, 0.0, 0.0, 0.0, 0.0, 0.0, 0.0, 0.0, 0.0, 0.0, 0.0, 0.0, 0.0, 0.0, 0.0, 0.0, 8.8661, 0.0, 4.4721, 0.0, 0.0, 0.0, 0.0, 0.0, 0.0], "max_pos": 24, "max_act": 8.8672}, {"tokens": [" always", " easy", " my", " boy", ".", " But", " remember", " to", " cover", " yourself", " with", " kindness", " and", " be", " helpful", " to", " those", " around", " you", ",", " and", " no", " matter", " how", " long", " it", " takes", ",", " you", " can", " eventually", " reach", " the"], "acts": [0.0, 0.0, 0.0, 0.0, 0.0, 0.0, 0.0, 0.0, 0.0, 0.0, 0.0, 0.0, 0.0, 0.0, 0.0, 0.0, 0.0, 0.8852, 0.0, 0.0, 0.0, 0.0, 0.0, 0.0, 8.858, 0.0, 0.0, 0.0, 0.0, 0.0, 0.0, 0.0, 0.0], "max_pos": 24, "max_act": 8.8594}, {"tokens": ["hing", " because", " I", "'m", " very", " hungry", "!", " I", " want", " some"], "acts": [0.0, 8.8432, 0.0, 0.0, 0.0, 0.0, 0.0, 0.0, 0.0, 0.0], "max_pos": 1, "max_act": 8.8438}, {"tokens": [" was", " so", " surprised", " that", " he", " dropped", " it", " right", " back", " on", " the", " ground", ".", "\n", "\n", "He", " flew", " back", " home", ",", " now", " knowing", " just", " how", " heavy", " sk", "ull", "s", " can", " be", ".", " And", " from"], "acts": [0.0, 0.0, 0.0, 0.0, 0.0, 0.0, 0.0, 0.0, 0.0, 0.0, 0.0, 0.0, 0.0, 0.0, 0.0, 0.0, 0.0, 0.0, 0.0, 0.0, 0.0, 0.0, 0.0, 0.0, 8.7735, 0.0, 0.0, 0.0, 0.0, 0.0, 0.0, 0.0, 0.0], "max_pos": 24, "max_act": 8.7734}, {"tokens": [" feeling", " nervous", " because", " she", " didn", "'t", " know", " anyone", " at", " the", " park"], "acts": [0.0, 0.0, 8.7516, 0.0, 0.0, 0.0, 0.0, 0.0, 0.0, 0.0, 0.0], "max_pos": 2, "max_act": 8.75}, {"tokens": [" felt", " embarrassed", " because", " all", " the", " other", " princess", "es", " were", " looking", " at"], "acts": [0.0, 0.0, 8.7396, 0.0, 0.0, 0.0, 0.0, 0.0, 0.0, 0.0, 0.0], "max_pos": 2, "max_act": 8.7422}]}