{"id": 529, "density": 0.043537, "max_act": 7.33203125, "hist": {"edges": [0.01, 0.0133, 0.0178, 0.0237, 0.0316, 0.0422, 0.0562, 0.075, 0.1, 0.1334, 0.1778, 0.2371, 0.3162, 0.4217, 0.5623, 0.7499, 1.0, 1.3335, 1.7783, 2.3714, 3.1623, 4.217, 5.6234, 7.4989, 10.0, 13.3352, 17.7828, 23.7137, 31.6228, 42.1697, 56.2341, 74.9894, 100.0], "counts": [0, 0, 0, 0, 0, 0, 0, 0, 0, 0, 162, 1135, 5261, 18428, 34338, 38669, 30454, 19477, 12128, 6748, 4133, 2601, 614, 0, 0, 0, 0, 0, 0, 0, 0, 0]}, "logit_lens": {"promoted": [[" blue", 0.33], [" sparkly", 0.311], [" shiny", 0.306], [" small", 0.299], [" red", 0.296], [" yellow", 0.292], [" purple", 0.271], [" bright", 0.27], [" loud", 0.266], [" green", 0.261]], "suppressed": [[" trouble", 0.293], [" guilty", 0.265], ["cess", 0.253], [" brothers", 0.249], [" ok", 0.246], [" end", 0.238], ["ins", 0.233], ["Their", 0.232], [" anyway", 0.226], [" persistent", 0.225]]}, "examples": [{"tokens": [" interesting", " mug", ".", " It", " was", " big", ",", " colourful", " and", " looked", " like", " it", " belonged", " to", " a", " magical", " creature"], "acts": [0.0, 0.0, 0.0, 1.5691, 1.0211, 0.0, 5.4398, 2.6386, 7.3316, 3.8286, 2.9368, 2.1312, 0.0, 0.0, 0.0, 0.0, 0.0], "max_pos": 8, "max_act": 7.332}, {"tokens": [" a", " driver", ".", "\n", "\n", "One", " day", ",", " he", " find", "s", " a", " new", " car", " in", " his", " toy", " box", ".", " It", " is", " red", " and", " shiny", " and", " has", " a", " big", " mus", "cle", " on", " the", " front"], "acts": [0.0, 0.0, 0.0, 0.0, 0.0, 0.0, 0.0, 0.0, 0.0, 0.0, 0.0, 0.0, 0.0, 0.0, 0.0, 0.0, 0.0, 0.0, 0.0, 1.2096, 1.4488, 0.0, 6.1395, 1.1888, 6.8484, 5.2945, 2.3213, 0.0, 0.0, 0.0, 0.0, 0.0, 0.0], "max_pos": 24, "max_act": 6.8477}, {"tokens": [" lion", ".", " It", " is", " big", " and", " yellow", " and", " has", " a", " man", "e", ".", " It", " ro", "ars"], "acts": [0.0, 0.0, 0.0, 0.6809, 0.0, 5.9409, 0.0, 6.8097, 6.3524, 2.8215, 0.0, 0.0, 0.0, 0.667, 0.0, 0.0], "max_pos": 7, "max_act": 6.8086}, {"tokens": [" him", ".", " One", " day", ",", " he", " went", " to", " the", " park", " with", " his", " mom", " and", " saw", " a", " beautiful", " statue", ".", " It", " was", " big", " and", " shiny", " and", " Tim", " wanted", " to", " touch", " it", ".", "\n", "\n"], "acts": [0.0, 0.0, 0.0, 0.0, 0.0, 0.0, 0.0, 0.0, 0.0, 0.0, 0.0, 0.0, 0.0, 0.0, 0.0, 0.0, 0.0, 0.0, 0.0, 1.4114, 2.0685, 0.0, 6.2074, 1.4318, 6.7054, 3.004, 1.3012, 0.3881, 0.0, 0.0, 0.0, 0.0, 0.0], "max_pos": 24, "max_act": 6.707}, {"tokens": [" Emma", " wanted", " to", " find", " something", " special", ".", " She", " looked", " around", " and", " suddenly", ",", " she", " found", " a", " rad", "io", "!", " It", " was", " big", " and", " shiny", " and", " Emma", " thought", " it", " was", " very", " cool", ".", "\n"], "acts": [0.6891, 0.0, 0.0, 0.0, 0.0, 0.0, 0.0, 0.0, 0.0, 0.0, 0.0, 0.0, 0.0, 0.0, 0.0, 0.0, 0.0, 0.0, 0.0, 1.0688, 1.6542, 0.0, 6.1981, 1.1657, 6.6942, 3.2127, 0.0, 0.0, 0.7604, 0.0, 0.0, 0.0, 0.0], "max_pos": 24, "max_act": 6.6953}, {"tokens": [" One", " day", ",", " they", " see", " a", " big", " surf", " board", " near", " the", " shore", ".", " It", " is", " red", " and", " shiny", " and", " has", " a", " rope", " on", " it", ".", "\n", "\n"], "acts": [0.0, 0.0, 0.0, 0.0, 0.0, 0.0, 0.0, 0.0, 0.0, 0.0, 0.0, 0.0, 0.0, 0.8487, 1.3797, 0.0, 5.6691, 0.0, 6.6626, 5.1769, 1.7533, 0.0, 0.0, 0.0, 0.0, 0.0, 0.0], "max_pos": 18, "max_act": 6.6641}, {"tokens": [" that", " was", " deliver", "ed", " to", " the", " house", ".", " When", " she", " opened", " it", ",", " she", " discovered", " two", " surprise", " mon", "st", "ers", "!", " They", " were", " shiny", " and", " colourful", " and", " made", " Lily", " very", " excited", ".", "\n"], "acts": [2.3997, 0.8619, 0.0, 0.0, 1.2091, 0.0, 0.0, 0.0, 0.0, 0.0, 0.0, 0.0, 0.0, 0.8651, 0.0, 0.0, 0.0, 0.0, 0.0, 0.0, 0.0, 1.0864, 1.0809, 0.0, 6.6455, 1.6545, 6.5476, 3.6518, 1.6597, 0.8561, 0.0, 0.0, 0.0], "max_pos": 24, "max_act": 6.6445}, {"tokens": [" treats", " like", " fl", "ies", " and", " worm", "s", ".", "\n", "\n", "One", " day", ",", " the", " frog", " found", " a", " pepper", "!", " It", " was", " pink", ",", " round", " and", " looked", " so", " yummy", ".", " The", " frog", " carefully", " took"], "acts": [0.0, 0.9537, 0.0, 0.0, 0.0, 0.0, 0.0, 0.0, 0.0, 0.0, 0.0, 0.0, 0.0, 0.5195, 0.0, 0.0, 0.0, 0.0, 0.0, 0.6281, 1.0498, 0.0, 4.0002, 1.7296, 6.6355, 2.3259, 1.9175, 0.0, 0.8961, 0.0, 0.4871, 0.0, 0.0], "max_pos": 24, "max_act": 6.6367}, {"tokens": [" far", " away", ".", " They", " were", " huge", ",", " colorful", " and", " very", " fast", ".", " Bob", " was", " a", " bit", " nervous"], "acts": [1.4279, 1.3344, 0.0, 0.0, 0.0, 0.0, 4.8152, 1.8244, 6.6245, 4.0473, 2.0543, 0.0, 0.0, 0.9983, 0.0, 0.0, 0.0], "max_pos": 8, "max_act": 6.625}, {"tokens": [" she", " saw", " a", " colorful", " hedge", ".", " It", " was", " bright", " yellow", ",", " pink", " and", " orange", ",", " and", " it", " was", " very", " beautiful", "."], "acts": [0.0, 0.0, 0.0, 0.0, 0.0, 0.0, 1.6341, 1.9685, 1.5057, 0.0, 4.8528, 1.4821, 6.623, 2.6074, 4.3792, 6.1363, 3.7001, 2.7002, 2.1187, 1.6617, 1.4198], "max_pos": 12, "max_act": 6.6211}, {"tokens": [" day", ",", " they", " see", " a", " big", " flower", ".", " It", " is", " red", " and", " yellow", " and", " smell", "s", " good", ".", "\n", "\n", "\"", "Wow"], "acts": [0.0, 0.0, 0.0, 0.0, 0.0, 0.0, 0.0, 0.0, 1.3443, 1.997, 0.0, 6.0454, 1.1851, 6.5954, 3.039, 2.9196, 1.1723, 0.0, 0.0, 0.0, 1.4616, 0.0], "max_pos": 13, "max_act": 6.5938}, {"tokens": ["\n", "\n", "One", " day", ",", " something", " exciting", " happened", ":", " a", " modern", " lollipop", " machine", " came", " to", " their", " town", "!", " It", " was", " so", " big", " and", " shiny", " and", " colorful", ".", " R", "os", "ie", " had", " never", " seen"], "acts": [0.0, 0.0, 0.0, 0.0, 0.0, 0.0, 0.0, 0.0, 0.0, 0.0, 0.0, 0.0, 0.0, 0.0, 0.0, 0.0, 0.0, 0.0, 1.1119, 1.07, 1.409, 1.1251, 5.9035, 2.1158, 6.5871, 2.8057, 1.6434, 0.0, 0.0, 1.5385, 1.9765, 0.0, 0.0], "max_pos": 24, "max_act": 6.5859}]}