{"id": 531, "density": 0.0059135, "max_act": 6.55859375, "hist": {"edges": [0.01, 0.0133, 0.0178, 0.0237, 0.0316, 0.0422, 0.0562, 0.075, 0.1, 0.1334, 0.1778, 0.2371, 0.3162, 0.4217, 0.5623, 0.7499, 1.0, 1.3335, 1.7783, 2.3714, 3.1623, 4.217, 5.6234, 7.4989, 10.0, 13.3352, 17.7828, 23.7137, 31.6228, 42.1697, 56.2341, 74.9894, 100.0], "counts": [0, 0, 0, 0, 0, 0, 0, 0, 0, 0, 1, 19, 205, 922, 2736, 4508, 4135, 3478, 2636, 1743, 2048, 1116, 107, 0, 0, 0, 0, 0, 0, 0, 0, 0]}, "logit_lens": {"promoted": [["ly", 0.38], [" years", 0.36], [" colors", 0.351], [" colours", 0.327], [" longer", 0.315], [" ways", 0.315], [" color", 0.31], [" from", 0.307], ["fully", 0.304], [" places", 0.302]], "suppressed": [[" stuck", 0.21], [" hard", 0.195], [" sticks", 0.191], [" give", 0.187], ["ve", 0.178], ["it", 0.176], [" ne", 0.159], ["ice", 0.158], ["ng", 0.151], [" nest", 0.148]]}, "examples": [{"tokens": [" dish", "w", "as", "her", ".", "<|endoftext|>", "Tim", " and", " Sam", " are", " friends", ".", " They", " like", " to", " play", " with", " trucks", ".", " They", " have", " many", " trucks", " in", " different", " colors", " and", " s", "iz", "es", ".", " They", " make"], "acts": [0.0, 0.0, 0.0, 0.0, 0.0, 0.0, 0.0, 0.0, 0.0, 0.0, 0.0, 0.0, 0.0, 0.0, 0.0, 0.0, 0.0, 0.0, 0.0, 0.0, 0.0, 2.6706, 0.0, 0.0, 6.5575, 0.0, 2.0011, 1.1026, 0.0, 0.0, 0.0, 0.0, 0.0], "max_pos": 24, "max_act": 6.5586}, {"tokens": [" gone", ".", " And", " their", " friendship", " was", " gone", ".", "<|endoftext|>", "Tom", " and", " Mia", " like", " to", " play", " with", " their", " cars", ".", " They", " have", " many", " cars", " of", " different", " colors", " and", " s", "iz", "es", ".", " They", " make"], "acts": [0.0, 0.0, 0.0, 0.0, 0.0, 0.0, 0.0, 0.0, 0.0, 0.0, 0.0, 0.0, 0.0, 0.0, 0.0, 0.0, 0.0, 0.0, 0.0, 0.0, 0.0, 3.1063, 0.0, 0.0, 6.5164, 0.0, 2.5014, 1.0657, 0.0, 0.0, 0.0, 0.0, 0.0], "max_pos": 24, "max_act": 6.5156}, {"tokens": [" am", " proud", " of", " you", ".\"", "<|endoftext|>", "D", "an", " is", " a", " bus", " driver", ".", " He", " likes", " his", " job", ".", " He", " dri", "ves", " many", " people", " to", " different", " places", ".", " He", " is", " reliable", ".", " He", " is"], "acts": [0.0, 0.0, 0.0, 0.0, 0.0, 0.0, 0.0, 1.5568, 0.0, 0.0, 0.0, 0.0, 0.0, 0.0, 0.0, 0.0, 0.0, 0.0, 0.0, 0.0, 0.0, 4.5506, 0.6929, 0.0, 6.5079, 0.0, 0.0, 0.0, 0.0, 0.0, 0.0, 0.0, 0.0], "max_pos": 24, "max_act": 6.5078}, {"tokens": [" their", " favorite", " was", " a", " big", " f", "ile", " that", " their", " dad", " gave", " them", ".", " They", " used", " the", " f", "ile", " to", " make", " shapes", " and", " sounds", " on", " different", " things", ",", " like", " wood", ",", " metal", " and", " pl"], "acts": [0.0, 0.0, 0.0, 0.0, 0.0, 0.0, 0.0, 0.0, 0.0, 0.0, 0.0, 0.0, 0.0, 0.0, 0.0, 0.0, 0.0, 0.0, 0.0, 0.0, 0.0, 1.3059, 0.0, 0.0, 6.4879, 0.0, 1.0627, 0.0, 0.0, 0.0, 0.0, 0.0, 0.0], "max_pos": 24, "max_act": 6.4883}, {"tokens": [" book", ".", " He", " likes", " the", " mill", ".", "<|endoftext|>", "Ben", " likes", " to", " play", " with", " his", " toy", " cars", ".", " He", " has", " many", " cars", " of", " different", " colors", " and", " s", "iz", "es", ".", " He", " likes"], "acts": [0.0, 0.0, 0.0, 0.0, 0.0, 0.0, 0.0, 0.0, 0.0, 0.0, 0.0, 0.0, 0.0, 0.0, 0.0, 0.0, 0.0, 0.0, 0.0, 3.0783, 0.0, 0.0, 6.4306, 0.0, 2.5399, 1.4111, 0.0, 0.0, 0.0, 0.0, 0.0], "max_pos": 22, "max_act": 6.4297}, {"tokens": [" cars", ".", " They", " have", " many", " cars", " of", " different", " colors", " and", " s", "iz", "es", ".", " They", " make"], "acts": [0.0, 0.0, 0.0, 0.0, 3.1413, 0.0, 0.0, 6.4032, 0.0, 2.7401, 0.9872, 0.0, 0.0, 0.0, 0.0, 0.0], "max_pos": 7, "max_act": 6.4023}, {"tokens": [" the", " last", " la", "p", ".", " L", "oop", " loved", " the", " game", " and", " drank", " all", " of"], "acts": [0.0, 0.0, 0.0, 0.0, 0.0, 6.3677, 0.0, 0.0, 0.0, 0.0, 0.0, 0.0, 0.0, 0.0], "max_pos": 5, "max_act": 6.3672}, {"tokens": [" respect", " the", " animals", " and", " their", " space", ".", "<|endoftext|>", "Tom", " and", " Lily", " like", " to", " play", " with", " their", " toy", " cars", ".", " They", " have", " many", " cars", " of", " different", " colors", " and", " s", "iz", "es", ".", " They", " race"], "acts": [0.0, 0.0, 0.0, 0.0, 0.0, 0.0, 0.0, 0.0, 0.0, 0.0, 0.0, 0.0, 0.0, 0.0, 0.0, 0.0, 0.0, 0.0, 0.0, 0.0, 0.0, 3.1677, 0.0, 1.1167, 6.3522, 0.0, 2.5185, 1.228, 0.0, 0.0, 0.0, 0.0, 0.0], "max_pos": 24, "max_act": 6.3516}, {"tokens": [" good", " advice", " and", " learn", " from", " your", " mist", "akes", ".", "<|endoftext|>", "Tom", " likes", " to", " play", " with", " his", " toy", " trains", ".", " He", " has", " many", " trains", " of", " different", " colors", " and", " s", "iz", "es", ".", " He", " makes"], "acts": [1.2193, 0.0, 0.0, 1.0212, 0.0, 0.0, 0.0, 0.0, 0.0, 0.0, 0.0, 0.0, 0.0, 0.0, 0.0, 0.0, 0.0, 0.0, 0.0, 0.0, 0.0, 2.9945, 0.0, 0.0, 6.3459, 0.0, 2.4777, 1.1507, 0.0, 0.0, 0.0, 0.0, 0.0], "max_pos": 24, "max_act": 6.3477}, {"tokens": [" proud", " of", " them", " and", " give", " them", " a", " hug", ".", "<|endoftext|>", "Lily", " and", " Tom", " like", " to", " play", " with", " cars", ".", " They", " have", " many", " cars", " of", " different", " colors", " and", " s", "iz", "es", ".", " They", " make"], "acts": [0.0, 0.0, 0.0, 0.0, 0.0, 0.0, 0.0, 0.0, 0.0, 0.0, 0.0, 0.0, 0.0, 0.0, 0.0, 0.0, 0.0, 0.0, 0.0, 0.0, 0.0, 3.091, 0.0, 0.0, 6.3432, 0.0, 2.5511, 1.312, 0.0, 0.0, 0.0, 0.0, 0.0], "max_pos": 24, "max_act": 6.3438}, {"tokens": [".", " They", " want", " to", " play", " and", " have", " fun", ".", "<|endoftext|>", "Tom", " and", " Sue", " like", " to", " play", " with", " cars", ".", " They", " have", " many", " cars", " of", " different", " colors", " and", " s", "iz", "es", ".", " They", " enjoy"], "acts": [0.0, 0.0, 0.0, 0.0, 0.0, 0.0, 0.0, 0.0, 0.0, 0.0, 0.0, 0.0, 0.0, 0.0, 0.0, 0.0, 0.0, 0.0, 0.0, 0.0, 0.0, 2.844, 0.0, 0.0, 6.2757, 0.0, 2.5285, 1.2357, 0.0, 0.0, 0.0, 0.0, 0.0], "max_pos": 24, "max_act": 6.2773}, {"tokens": [" to", " follow", " and", " learn", ".", "<|endoftext|>", "Tom", " and", " Sam", " are", " friends", ".", " They", " like", " to", " play", " with", " cars", ".", " They", " have", " many", " cars", " of", " different", " colors", " and", " s", "iz", "es", ".", " They", " pretend"], "acts": [0.0, 0.0, 0.0, 1.3169, 0.0, 0.0, 0.0, 0.0, 0.0, 0.0, 0.0, 0.0, 0.0, 0.0, 0.0, 0.0, 0.0, 0.0, 0.0, 0.0, 0.0, 2.6745, 0.0, 0.0, 6.2434, 0.0, 2.4477, 1.2248, 0.0, 0.0, 0.0, 0.0, 0.0], "max_pos": 24, "max_act": 6.2422}]}