{"id": 539, "density": 0.01038125, "max_act": 7.3046875, "hist": {"edges": [0.01, 0.0133, 0.0178, 0.0237, 0.0316, 0.0422, 0.0562, 0.075, 0.1, 0.1334, 0.1778, 0.2371, 0.3162, 0.4217, 0.5623, 0.7499, 1.0, 1.3335, 1.7783, 2.3714, 3.1623, 4.217, 5.6234, 7.4989, 10.0, 13.3352, 17.7828, 23.7137, 31.6228, 42.1697, 56.2341, 74.9894, 100.0], "counts": [0, 0, 0, 0, 0, 0, 0, 0, 0, 3, 133, 621, 1008, 2331, 5930, 7917, 6826, 5224, 3781, 2836, 2164, 2078, 673, 0, 0, 0, 0, 0, 0, 0, 0, 0]}, "logit_lens": {"promoted": [[" good", 0.28], [" nice", 0.26], [" real", 0.2], [" your", 0.186], ["ually", 0.186], [" important", 0.181], [" special", 0.169], [" great", 0.138], [" smart", 0.137], [" going", 0.133]], "suppressed": [[" walks", 0.354], [" tears", 0.351], [" down", 0.31], [" cries", 0.31], ["ice", 0.301], [" cried", 0.291], [" danced", 0.289], [" wait", 0.288], [" towers", 0.287], ["W", 0.287]]}, "examples": [{"tokens": ["\n", "\"", "That", " is", " a", " plane", ",\"", " her", " mommy", " replied", ".", " \"", "A"], "acts": [0.0, 0.0, 0.0, 1.1554, 7.3055, 0.0, 0.0, 0.0, 0.0, 0.0, 0.0, 0.0, 2.7246], "max_pos": 4, "max_act": 7.3047}, {"tokens": [" it", " and", " asked", ",", " \"", "Mom", ",", " what", " is", " this", "?\"", "\n", "\n", "Mom", " looked", " at", " the", " book", " and", " smiled", ".", " \"", "That", " is", " a", " sword", "fish", ",", " Lila", ".", " It", " li", "ves"], "acts": [0.0, 0.0, 0.0, 0.0, 0.0, 0.0, 0.0, 0.0, 0.0, 0.0, 0.0, 0.0, 0.0, 0.0, 0.0, 0.0, 0.0, 0.0, 0.0, 0.0, 0.0, 0.0, 0.0, 0.8796, 7.1968, 0.0, 0.0, 0.0, 0.0, 0.7328, 0.0, 0.0, 0.0], "max_pos": 24, "max_act": 7.1953}, {"tokens": [" the", " book", ".", " It", " is", " a", " chicken", " on", " a", " slide", ".", " Anna", " says", ",", " \"", "That", " is", " not", " a", " real", " chicken", ".", " That", " is", " a", " drawing", ".", " D", "ra", "w", "ings", " are", " not"], "acts": [0.0, 0.0, 0.0, 0.0, 0.0, 4.0388, 0.0, 0.0, 0.9929, 0.0, 0.0, 0.0, 0.0, 0.0, 0.0, 0.0, 0.6405, 0.0, 6.3103, 2.1999, 0.0, 0.9569, 0.0, 1.184, 7.1946, 0.0, 0.0, 0.0, 0.0, 0.0, 0.0, 0.0, 0.0], "max_pos": 24, "max_act": 7.1953}, {"tokens": [" \"", "We", " found", " a", " huge", " ro", "ot", ".", " S", "ee", "?\"", " He", " showed", " her", " the", " ro", "ot", ".", "\n", "\n", "\"", "That", "'s", " not", " a", " ro", "ot", ",", " Ben", ",\"", " mom", " said", "."], "acts": [0.0, 0.0, 0.0, 2.7717, 2.8987, 0.0, 0.0, 0.4709, 0.0, 0.0, 0.0, 0.0, 0.0, 0.0, 0.0, 0.0, 0.0, 0.0, 0.0, 0.0, 0.0, 0.0, 0.8886, 0.5296, 7.1054, 0.0, 0.0, 0.0, 0.0, 0.0, 0.0, 0.0, 0.0], "max_pos": 24, "max_act": 7.1055}, {"tokens": [".", "\n", "\n", "They", " show", " mom", " and", " dad", " the", " spoon", ".", " Mom", " and", " dad", " smile", " and", " hug", " them", ".", "\n", "\n", "\"", "That", " is", " a", " very", " special", " spoon", ".", " Maybe", " it", " will", " make"], "acts": [0.0, 0.0, 0.0, 0.0, 0.0, 0.0, 0.0, 0.0, 0.0, 0.0, 0.0, 0.0, 0.0, 0.0, 0.0, 0.0, 0.0, 0.0, 0.0, 0.0, 0.0, 0.0, 0.0, 0.684, 7.0897, 4.5018, 2.502, 0.0, 0.0, 0.0, 0.0, 0.0, 0.0], "max_pos": 24, "max_act": 7.0898}, {"tokens": [",", " \"", "That", " is", " a", " very", " silly", " bin", ",", " Tim", "!", " Let", "'s"], "acts": [0.0, 0.0, 0.0, 1.0068, 7.0223, 4.5696, 2.0452, 0.0, 0.7037, 0.0, 0.0, 0.0, 0.0], "max_pos": 4, "max_act": 7.0234}, {"tokens": [" had", " set", " on", " fire", ".", "\n", "\n", "\"", "Tom", ",", " no", "!\"", " Lily", " screamed", ".", " \"", "That", " is", " not", " a", " light", "!", " That", " is", " a", " burn", "!", " It", " will", " hurt", " you", "!\"", "\n"], "acts": [0.0, 0.0, 0.0, 0.0, 0.0, 0.0, 0.0, 0.0, 0.0, 0.0, 0.0, 0.0, 0.0, 0.0, 0.0, 0.0, 0.0, 0.0, 0.0, 6.6623, 0.0, 0.7578, 0.0, 1.3669, 7.003, 0.8526, 0.6974, 0.0, 0.0, 0.0, 0.0, 0.0, 0.0], "max_pos": 24, "max_act": 7.0039}, {"tokens": [" they", " said", ",", " running", " to", " her", ".", "\n", "\n", "\"", "That", " is", " not", " a", " star", ",", " my", " loves", ".", " That", " is", " the"], "acts": [0.0, 0.0, 0.0, 0.0, 0.0, 0.0, 0.0, 0.0, 0.0, 0.0, 0.0, 0.0, 0.0, 6.9977, 0.0, 0.0, 0.0, 0.0, 0.632, 0.0, 0.0, 2.5304], "max_pos": 13, "max_act": 6.9961}, {"tokens": ["?", " That", " is", " not", " a", " toy", "!", " That", " is", " a", " very", " important", " book", "!", " You", " have", " ruined", " it"], "acts": [0.0, 0.0, 0.0, 0.0, 6.3753, 0.0, 0.0, 0.0, 1.1744, 6.9809, 5.1546, 2.6858, 0.0, 1.0442, 0.0, 0.0, 0.0, 0.0], "max_pos": 9, "max_act": 6.9805}, {"tokens": [" and", " said", ",", " \"", "Yes", ",", " we", " did", ".", " It", "'s", " a", " very", " tall", " house", ".", " Let", "'s", " put", " our"], "acts": [0.0, 0.0, 0.0, 0.0, 0.0, 0.0, 0.0, 0.0, 0.0, 0.0, 0.0, 6.9451, 3.5924, 0.0, 0.0, 0.0, 0.0, 0.0, 0.0, 0.0], "max_pos": 11, "max_act": 6.9453}, {"tokens": ["ize", " and", " clean", " up", " this", " mess", ".", " And", " you", " have", " to", " give", " me", " back", " the", " coin", ".", " It", " is", " not", " yours", ".", " It", " is", " a", " special", " coin", " that", " my", " grandma", " gave", " me", "."], "acts": [0.0, 0.0, 0.0, 0.0, 0.0, 0.0, 0.0, 0.0, 0.0, 0.0, 0.0, 0.0, 0.0, 0.0, 0.0, 0.0, 0.0, 0.0, 0.0, 0.0, 0.0, 0.0, 0.0, 0.0, 6.9261, 2.6617, 0.0, 0.0, 0.0, 0.0, 0.0, 0.0, 0.0], "max_pos": 24, "max_act": 6.9258}, {"tokens": [" he", "irl", "oom", " that", " her", " grandma", " had", " gi", "ven", " her", ".", "\n", "\n", "\"", "Sara", ",", " this", " is", " not", " a", " toy", ".", " This", " is", " a", " very", " special", " ring", ".", " It", " belong", "s", " to"], "acts": [0.0, 0.0, 0.0, 0.0, 0.0, 0.0, 0.0, 0.0, 0.0, 0.0, 0.5045, 0.0, 0.0, 0.0, 0.0, 0.0, 0.0, 0.0, 0.0, 6.3025, 0.0, 1.2759, 0.0, 1.4874, 6.9148, 4.6269, 2.2596, 0.0, 1.1483, 0.0, 0.0, 0.0, 0.0], "max_pos": 24, "max_act": 6.9141}]}