{"id": 557, "density": 0.01696625, "max_act": 10.0546875, "hist": {"edges": [0.01, 0.0133, 0.0178, 0.0237, 0.0316, 0.0422, 0.0562, 0.075, 0.1, 0.1334, 0.1778, 0.2371, 0.3162, 0.4217, 0.5623, 0.7499, 1.0, 1.3335, 1.7783, 2.3714, 3.1623, 4.217, 5.6234, 7.4989, 10.0, 13.3352, 17.7828, 23.7137, 31.6228, 42.1697, 56.2341, 74.9894, 100.0], "counts": [0, 0, 0, 0, 0, 0, 0, 0, 0, 0, 2, 47, 645, 3684, 9124, 12067, 10646, 9419, 7429, 5579, 4565, 2978, 1138, 541, 1, 0, 0, 0, 0, 0, 0, 0]}, "logit_lens": {"promoted": [[" ask", 0.285], [" size", 0.248], [" use", 0.222], [" good", 0.207], ["ss", 0.2], [" team", 0.2], ["le", 0.199], [" others", 0.187], [" what", 0.186], ["t", 0.186]], "suppressed": [[" air", 0.373], ["als", 0.25], ["ndp", 0.249], ["he", 0.24], ["ame", 0.234], ["hed", 0.232], [" sounded", 0.23], ["br", 0.226], [" tent", 0.221], [" tunn", 0.219]]}, "examples": [{"tokens": [" been", " much", " better", " at", " remember", "ing", " things", " ever", " s", "ince", " then", ".", " She", " learned", " an", " important", " lesson", " -", " it", " is", " important", " to", " remember", " and", " to", " always", " pay", " att", "ention", "!", " The", " end", "."], "acts": [0.0, 0.0, 0.0, 1.4687, 0.0, 0.0, 0.0, 0.0, 0.0, 0.0, 0.0, 0.0, 0.0, 0.0, 0.0, 0.0, 0.0, 0.9774, 0.0, 0.0, 0.0, 8.6041, 0.0, 2.1624, 10.0519, 4.9673, 0.0, 0.0, 0.0, 0.0, 0.0, 0.0, 0.0], "max_pos": 24, "max_act": 10.0547}, {"tokens": [" Mommy", "!", " My", " sweater", " is", " pretty", " again", ".\"", " Her", " mom", " smiled", " and", " said", ",", " \"", "You", "'re", " welcome", ",", " Lily", ".", " Al", "ways", " remember", " to", " take", " care", " of", " your", " things", " so", " they", " stay"], "acts": [0.0, 0.0, 0.0, 0.0, 0.0, 0.0, 0.0, 0.0, 0.0, 0.0, 0.0, 0.0, 0.0, 0.0, 0.0, 0.0, 0.0, 0.0, 0.0, 0.0, 0.0, 0.0, 3.1589, 0.0, 9.5884, 0.0, 0.0, 0.0, 0.0, 0.0, 0.0, 0.0, 0.0], "max_pos": 24, "max_act": 9.5859}, {"tokens": [" You", " should", " always", " be", " nice", " and", " be", " kind", " to", " others", ".\"", " \n", "\n", "The", " moral", " of", " the", " story", " is", " that", " we", " should", " always", " remember", " to", " be", " kind", " and", " gentle", " to", " all", ",", " even"], "acts": [0.0, 5.2619, 3.5303, 0.0, 0.0, 0.0, 0.0, 0.0, 2.9798, 0.0, 0.0, 0.0, 0.0, 0.0, 0.0, 0.6544, 0.0, 0.0, 0.0, 0.0, 1.3597, 6.8627, 4.2559, 0.0, 9.3933, 0.0, 0.0, 2.2025, 0.0, 4.5504, 0.0, 0.0, 0.0], "max_pos": 24, "max_act": 9.3906}, {"tokens": [" make", " harsh", " jokes", " about", " each", " other", ".", " \n", "\n", "The", " moral", " of", " the", " story", " is", " that", " it", "'s", " important", " to", " be", " kind", " to", " your", " friends", " and", " never", " make"], "acts": [0.0, 0.0, 0.0, 0.0, 0.0, 0.0, 0.0, 0.0, 0.0, 0.0, 0.0, 0.0, 0.0, 0.0, 0.0, 0.0, 0.0, 0.8109, 1.1145, 9.3262, 0.0, 0.0, 4.6316, 0.0, 0.0, 1.1587, 1.1306, 0.0], "max_pos": 19, "max_act": 9.3281}, {"tokens": [" for", " being", " so", " helpful", ".", " \n", "\n", "The", " witch", " smiled", " and", " said", ":", " \"", "You", "'re", " welcome", ",", " little", " one", ".", " Al", "ways", " remember", " to", " help", " those", " who", " are", " poor", " like", " me", ".\""], "acts": [0.0, 0.0, 0.0, 0.0, 0.0, 0.0, 0.0, 0.0, 0.0, 0.0, 0.0, 0.0, 0.0, 0.0, 0.0, 0.0, 0.0, 0.0, 0.0, 0.0, 0.7137, 0.0, 3.3485, 0.0, 9.3047, 1.1254, 0.0, 0.0, 0.0, 0.0, 0.0, 0.0, 0.0], "max_pos": 24, "max_act": 9.3047}, {"tokens": [" ", "\n", "But", " even", " though", " he", " was", " enjoying", " his", " time", ",", " his", " mom", " reminded", " him", ",", " \"", "R", "em", "ember", ",", " it", "'s", " important", " to", " always", " do", " things", " the", " right", " way", ".\"", " "], "acts": [0.0, 0.0, 0.0, 0.0, 0.0, 0.0, 0.0, 0.0, 0.0, 0.0, 0.0, 0.0, 0.0, 0.0, 0.0, 0.0, 0.0, 0.9215, 0.0, 0.0, 1.5683, 0.0, 0.0, 0.0, 9.2931, 4.3891, 0.0, 0.0, 0.0, 0.0, 0.0, 0.0, 0.0], "max_pos": 24, "max_act": 9.2969}, {"tokens": [" ate", " poor", " Jim", ".", " \n", "\n", "This", " story", " remind", "s", " us", " that", " no", " matter", " how", " silly", " we", " are", ",", " it", " is", " important", " to", " remember", " to", " be", " careful", " and", " listen", " to", " what", " grown", "-"], "acts": [0.0, 0.0, 0.0, 0.0, 0.0, 0.0, 0.0, 0.0, 0.0, 0.0, 0.0, 0.0, 0.0, 0.0, 0.0, 0.0, 0.0, 0.0, 0.0, 0.0, 0.0, 0.0, 8.1261, 0.0, 9.29, 0.0, 0.0, 2.0499, 0.0, 2.1049, 0.0, 0.0, 0.0], "max_pos": 24, "max_act": 9.2891}, {"tokens": [" realized", " that", " fighting", " is", " not", " the", " right", " thing", " to", " do", ".", " He", " learned", " that", " it", "'s", " important", " to", " share", " and", " be", " kind", " to", " others", ".", " From"], "acts": [0.0, 0.0, 0.0, 0.0, 0.0, 0.0, 0.0, 0.0, 5.8632, 0.0, 0.0, 0.0, 0.0, 0.0, 0.0, 1.0109, 0.0, 9.2451, 0.0, 0.0, 0.0, 0.0, 3.7097, 0.0, 0.0, 1.2227], "max_pos": 17, "max_act": 9.2422}, {"tokens": [" will", " share", " with", " my", " friends", " who", " can", " enjoy", " them", " too", "!\"", " \n", "\n", "The", " moral", " of", " the", " story", " is", " that", " it", "'s", " important", " to", " share", " with", " others", " and", " be", " con", "s", "id"], "acts": [0.0, 0.0, 0.0, 0.0, 0.0, 0.0, 0.0, 0.0, 0.0, 0.0, 0.0, 0.0, 0.0, 0.0, 0.0, 0.0, 0.0, 0.0, 0.0, 0.703, 0.0, 0.0, 0.7331, 9.2233, 0.0, 1.2777, 0.0, 0.0, 0.0, 0.0, 0.0, 0.0], "max_pos": 23, "max_act": 9.2266}, {"tokens": [" in", " the", " we", "ather", ".", " And", " he", " never", " shiver", "ed", " again", ".", "\n", "\n", "The", " moral", " of", " the", " story", " is", " that", " it", "'s", " important", " to", " listen", " to", " the", " advice", " of", " other", " people", ","], "acts": [0.0, 0.0, 0.0, 0.0, 0.0, 0.0, 0.0, 0.0, 0.0, 0.0, 0.0, 0.0, 0.0, 0.0, 0.0, 0.0, 0.0, 0.0, 0.0, 0.0, 0.6117, 0.0, 0.0, 0.7933, 9.2058, 0.0, 2.2687, 0.0, 0.0, 2.0365, 0.0, 0.0, 0.0], "max_pos": 24, "max_act": 9.2031}, {"tokens": [" always", " be", " careful", " when", " taking", " r", "isk", "s", " and", " to", " trust", " yourself", " when", " it", " comes", " to", " making", " dec", "is", "ions", ".", " Al", "ways", " remember", " to", " be", " dependable", "!", "<|endoftext|>", "Once", " upon", " a", " time"], "acts": [4.1997, 0.0, 0.0, 0.0, 0.0, 0.0, 0.0, 0.0, 0.0, 5.6848, 0.0, 0.0, 0.0, 0.0, 0.0, 0.0, 0.0, 0.0, 0.0, 0.0, 0.0, 0.0, 2.0871, 0.0, 9.1782, 0.0, 0.0, 0.0, 0.0, 0.0, 0.0, 0.0, 0.0], "max_pos": 24, "max_act": 9.1797}, {"tokens": [" remembered", " that", " it", " is", " very", " important", " to", " only", " go", " where", " you", " know", ".", " ", "\n", "The", " moral", " of", " the", " story", " is", " to", " always", " remember", " to", " stay", " where", " you", " are", " fam", "il", "i", "ar"], "acts": [0.0, 0.0, 0.0, 0.0, 0.0, 0.0, 7.0984, 3.1926, 0.0, 0.0, 0.0, 0.0, 0.0, 0.0, 0.0, 0.0, 0.0, 1.0243, 0.0, 0.0, 0.0, 7.0485, 4.1708, 0.0, 9.1766, 0.0, 0.0, 0.0, 0.0, 0.0, 0.0, 0.0, 0.0], "max_pos": 24, "max_act": 9.1797}]}