{"id": 56, "density": 0.0080075, "max_act": 7.70703125, "hist": {"edges": [0.01, 0.0133, 0.0178, 0.0237, 0.0316, 0.0422, 0.0562, 0.075, 0.1, 0.1334, 0.1778, 0.2371, 0.3162, 0.4217, 0.5623, 0.7499, 1.0, 1.3335, 1.7783, 2.3714, 3.1623, 4.217, 5.6234, 7.4989, 10.0, 13.3352, 17.7828, 23.7137, 31.6228, 42.1697, 56.2341, 74.9894, 100.0], "counts": [0, 0, 0, 0, 0, 0, 0, 0, 0, 0, 1, 21, 375, 1766, 3523, 4050, 2856, 1739, 1757, 2794, 6176, 5743, 1226, 3, 0, 0, 0, 0, 0, 0, 0, 0]}, "logit_lens": {"promoted": [[" only", 0.272], [" bl", 0.267], [" how", 0.253], [" them", 0.244], [" many", 0.243], [" what", 0.242], [" that", 0.24], ["ars", 0.237], [" broken", 0.223], [" a", 0.221]], "suppressed": [[" clo", 0.291], [" place", 0.283], ["her", 0.25], ["ert", 0.241], ["sely", 0.24], [" question", 0.24], ["self", 0.239], ["other", 0.237], ["ke", 0.229], [" else", 0.227]]}, "examples": [{"tokens": [" cried", ".", "\n", "\n", "A", " boy", " saw", " Lily", " and", " came", " to", " help", ".", " He", " had"], "acts": [0.0, 0.0, 0.0, 0.0, 0.0, 0.0, 7.7063, 0.0, 0.0, 0.0, 0.0, 0.0, 0.0, 0.0, 1.1981], "max_pos": 6, "max_act": 7.707}, {"tokens": [" their", " clothes", ".", " They", " got", " uncomfortable", ".", " They", " cried", " and", " screamed", ".", "\n", "\n", "The", " dog", " heard", " them", ".", " He", " came", " back", ".", " He", " saw", " them", " in", " the", " pond", ".", " He", " was", " sorry"], "acts": [0.0, 0.0, 0.0, 0.0, 0.0, 0.0, 0.0, 0.0, 0.0, 0.0, 0.0, 0.0, 0.0, 0.0, 0.0, 0.0, 2.7853, 0.0, 0.0, 0.0, 0.0, 0.0, 0.0, 0.0, 7.6776, 0.0, 0.0, 0.0, 0.0, 0.0, 0.0, 0.0, 0.0], "max_pos": 24, "max_act": 7.6758}, {"tokens": [" started", " to", " fight", ".", " They", " shouted", " and", " pushed", " each", " other", ".", " They", " did", " not", " see", " Mom", " coming", " into", " the", " kitchen", ".", "\n", "\n", "Mom", " saw", " the", " mess", " and", " the", " soup", ".", " She", " said"], "acts": [0.0, 0.0, 0.0, 0.0, 0.0, 0.0, 0.0, 0.0, 0.0, 0.0, 0.0, 0.0, 0.0, 0.0, 3.8598, 0.0, 0.0, 0.0, 0.0, 0.0, 0.0, 0.0, 0.0, 0.0, 7.5461, 1.3001, 0.0, 0.0, 0.0, 0.0, 0.0, 0.0, 0.0], "max_pos": 24, "max_act": 7.5469}, {"tokens": [" too", ".", " They", " invited", " him", " to", " play", " with", " them", " after", " lunch", ".", "\n", "\n", "The", " mean", " kids", " saw", " Sam", ",", " Lily", ",", " and", " Al", "i", " playing"], "acts": [0.0, 0.0, 0.0, 0.0, 0.0, 0.0, 0.0, 0.0, 0.0, 0.0, 0.0, 0.0, 0.0, 0.0, 0.0, 0.0, 0.0, 7.3943, 0.0, 0.0, 0.0, 0.0, 0.0, 0.0, 0.0, 0.0], "max_pos": 17, "max_act": 7.3945}, {"tokens": [" her", " pictures", ".", "\n", "\n", "One", " day", ",", " her", " big", " brother", " Tom", " came", " to", " her", " room", ".", " He", " saw", " her", " drawings", " and", " said", ",", " \"", "Lily", ","], "acts": [0.0, 0.0, 0.0, 0.0, 0.0, 0.0, 0.0, 0.0, 0.0, 0.0, 0.0, 0.0, 0.0, 0.0, 0.0, 0.0, 0.0, 0.0, 7.3938, 0.0, 0.0, 0.0, 0.0, 0.0, 0.0, 0.0, 0.0], "max_pos": 18, "max_act": 7.3945}, {"tokens": [" did", " not", " play", ".", " They", " did", " not", " have", " fun", ".", " They", " were", " both", " grumpy", ".", "\n", "\n", "Then", " their", " mom", " came", " outside", ".", " She", " saw", " them", " fighting", ".", " She", " said", ",", " \"", "What"], "acts": [0.0, 0.0, 0.0, 0.0, 0.0, 0.0, 0.0, 0.0, 0.0, 0.0, 0.0, 0.0, 0.0, 0.0, 0.0, 0.0, 0.0, 0.0, 0.0, 0.0, 0.0, 0.0, 0.0, 0.0, 7.3924, 0.0, 0.0, 0.0, 0.0, 0.0, 0.0, 0.0, 0.0], "max_pos": 24, "max_act": 7.3906}, {"tokens": [" It", " broke", " into", " pieces", " and", " made", " a", " loud", " noise", ".", "\n", "\n", "Their", " mom", " heard", " the", " noise", " and", " came", " into", " the", " room", ".", " She", " saw", " the", " broken", " mic", "ro", "sc", "ope", " and", " the"], "acts": [0.0, 0.0, 0.0, 0.0, 0.0, 0.0, 0.0, 0.0, 0.0, 0.0, 0.0, 0.0, 0.0, 0.0, 2.4338, 0.0, 0.0, 0.0, 0.0, 0.0, 0.0, 0.0, 0.0, 0.0, 7.362, 1.7117, 0.0, 0.0, 0.0, 0.0, 0.0, 0.0, 0.0], "max_pos": 24, "max_act": 7.3633}, {"tokens": [" brother", ",", " Jake", ",", " came", " over", ".", " He", " saw", " what", " she", " was", " doing", ".", "\n", "\n", "\""], "acts": [0.0, 0.0, 0.0, 0.0, 0.0, 0.0, 0.0, 0.0, 7.313, 0.0, 0.0, 0.0, 0.0, 0.0, 0.0, 0.0, 0.0], "max_pos": 8, "max_act": 7.3125}, {"tokens": [" heard", " the", " cry", " and", " came", " to", " the", " room", ".", " She", " saw", " Lila", " and", " Max", " and", " said", ",", " \"", "Oh"], "acts": [2.0799, 0.0, 0.0, 0.0, 0.0, 0.0, 0.0, 0.0, 0.0, 0.0, 7.3101, 0.0, 0.0, 0.0, 0.0, 0.0, 0.0, 0.0, 0.0], "max_pos": 10, "max_act": 7.3086}, {"tokens": [" and", " impatient", ".", " They", " do", " not", " want", " to", " share", ".", "\n", "\n", "Their", " mom", " hears", " them", " and", " comes", " to", " the", " living", " room", ".", " She", " sees", " them", " fighting", " over", " the", " doll", ".", "\n", "\n"], "acts": [0.0, 0.0, 0.0, 0.0, 0.0, 0.0, 0.0, 0.0, 0.0, 0.0, 0.0, 0.0, 0.0, 0.0, 2.7048, 0.0, 0.0, 0.0, 0.0, 0.0, 0.0, 0.0, 0.0, 0.0, 7.296, 0.0, 0.0, 0.0, 0.0, 0.0, 0.0, 0.0, 0.0], "max_pos": 24, "max_act": 7.2969}, {"tokens": ["\n", "Tom", " saw", " Lily", " run", " away", " with", " the", " spoon", ".", " He"], "acts": [0.0, 0.0, 7.2832, 0.0, 0.0, 0.0, 0.0, 0.0, 0.0, 0.0, 0.0], "max_pos": 2, "max_act": 7.2812}, {"tokens": [" she", " did", " not", " know", " how", ".", " She", " ran", " to", " the", " house", " and", " called", " Mom", ".", "\n", "\n", "Mom", " came", " and", " saw", " Tom", ".", " She", " saw", " the", " her", "b", " and", " the", " ber", "ry", "."], "acts": [0.0, 0.0, 0.0, 0.0, 0.0, 0.0, 0.0, 0.0, 0.0, 0.0, 0.0, 0.0, 0.0, 0.0, 0.0, 0.0, 0.0, 0.0, 0.0, 0.0, 6.2814, 0.0, 0.0, 0.0, 7.2611, 0.9957, 0.0, 0.0, 0.0, 0.0, 0.0, 0.0, 0.0], "max_pos": 24, "max_act": 7.2617}]}