{"id": 583, "density": 0.10778725, "max_act": 4.9921875, "hist": {"edges": [0.01, 0.0133, 0.0178, 0.0237, 0.0316, 0.0422, 0.0562, 0.075, 0.1, 0.1334, 0.1778, 0.2371, 0.3162, 0.4217, 0.5623, 0.7499, 1.0, 1.3335, 1.7783, 2.3714, 3.1623, 4.217, 5.6234, 7.4989, 10.0, 13.3352, 17.7828, 23.7137, 31.6228, 42.1697, 56.2341, 74.9894, 100.0], "counts": [0, 0, 0, 0, 0, 0, 0, 0, 1, 63, 992, 4800, 14419, 39238, 70970, 89870, 85525, 64508, 39436, 17611, 3626, 90, 0, 0, 0, 0, 0, 0, 0, 0, 0, 0]}, "logit_lens": {"promoted": [[" until", 0.3], [" many", 0.276], [" cast", 0.263], [" circles", 0.249], [" all", 0.242], [" and", 0.23], ["ack", 0.225], [" under", 0.223], [" grass", 0.217], [" flour", 0.217]], "suppressed": [[".\u00e2\u20ac", 0.302], [" today", 0.297], [" yet", 0.296], [" either", 0.296], [" true", 0.292], [" yours", 0.283], [".", 0.276], [".\"", 0.267], ["ouse", 0.247], [" gift", 0.241]]}, "examples": [{"tokens": [" wanted", " to", " see", " it", " for", " herself", ".", "\n", "\n", "So", " P", "oppy", " set", " off", " on", " her", " journey", ".", " She", " moved", " through", " the", " grass", ",", " over", " the", " hill", "s", ",", " and", " around", " the", " trees"], "acts": [0.0, 0.0, 0.0, 0.0, 0.0, 0.0, 0.0, 0.0, 0.0, 0.0, 0.0, 0.0, 1.9107, 1.1441, 0.0, 0.0, 0.0, 0.0, 1.1715, 3.4446, 3.5559, 2.6552, 3.1075, 2.8407, 4.9904, 2.712, 2.1933, 2.4346, 3.4462, 2.3271, 2.5733, 1.6449, 1.6719], "max_pos": 24, "max_act": 4.9922}, {"tokens": [" together", ".", " \n", "\n", "Then", " he", " had", " an", " idea", ".", " He", " tried", " and", " tried", " to", " make", " an", " empty", " space", " in", " the", " pieces", ".", " He", " sh", "if", "ted", " them", " around", " and", " moved", " them", " around"], "acts": [0.0, 0.0, 0.0, 0.0, 0.0, 1.2397, 0.5984, 0.0, 0.0, 0.0, 0.0, 3.9125, 0.0, 2.0591, 0.8647, 0.0, 0.0, 0.0, 0.0, 0.0, 0.0, 0.0, 0.0, 1.2587, 4.9772, 0.0, 2.6294, 1.4161, 1.7872, 0.0, 1.6865, 0.8894, 1.6021], "max_pos": 24, "max_act": 4.9766}, {"tokens": [" got", " to", " dance", " in", " her", " secret", " place", ".", " She", " moved", " around", ",", " twirl", "ing", " and", " jumping", ",", " smiling", " and", " laughing", "."], "acts": [0.0, 0.0, 0.0, 0.0, 0.0, 0.0, 0.0, 0.0, 0.0, 3.3871, 4.2224, 1.6465, 4.8074, 3.3202, 1.6828, 0.8064, 1.2613, 2.2506, 0.0, 0.0, 0.0], "max_pos": 12, "max_act": 4.8086}, {"tokens": ["\n", "\n", "The", " chicken", " decided", " to", " go", " and", " find", " something", " spicy", " for", " lunch", ".", " He", " searched", " and", " searched", " but", " everything", " looked", " the", " same", "."], "acts": [0.0, 0.0, 0.0, 0.0, 0.0, 0.0, 0.0, 0.0, 0.0, 0.0, 0.0, 0.0, 0.0, 0.0, 0.0, 4.7645, 0.0, 3.2157, 0.0, 0.0, 0.0, 0.0, 0.0, 0.0], "max_pos": 15, "max_act": 4.7656}, {"tokens": [",", " until", " it", " was", " out", " of", " sight", ".", " \n", "\n", "The", " grumpy", " bear", " was", " sad", ".", " He", " had", " missed", " the", " miss", "ile", ".", " He", " sh", "uff", "led", " back", " to", " the", " swing", ",", " but"], "acts": [0.0, 0.0, 0.0, 0.6921, 0.921, 1.2774, 0.0, 0.0, 0.0, 0.6079, 0.0, 0.0, 0.0, 0.0, 0.7531, 0.0, 0.7334, 0.0, 0.0, 0.0, 0.0, 0.0, 0.0, 0.0, 4.7541, 2.2602, 1.8102, 1.3116, 0.0, 0.0, 0.0, 0.0, 0.0], "max_pos": 24, "max_act": 4.7539}, {"tokens": [" he", " decided", " to", " go", " on", " a", " journey", ".", "\n", "\n", "H", "en", "ry", " hopped", " along", " the", " beach", ",", " looking", " for", " answ", "ers", ".", " He", " talked", " to", " the", " other", " crab", "s", " he", " saw", ","], "acts": [0.0, 1.8177, 0.0, 0.3584, 0.0, 0.0, 0.0, 0.0, 0.0, 0.0, 0.0, 0.0, 0.0, 1.7404, 1.1274, 1.2675, 0.7738, 0.0, 1.4217, 0.0, 0.0, 0.0, 0.0, 1.0181, 4.74, 0.8647, 0.0, 0.0, 0.0, 0.0, 0.0, 0.0, 0.0], "max_pos": 24, "max_act": 4.7383}, {"tokens": [".", "\n", "\n", "The", " girl", " was", " eager", " to", " find", " them", " again", ",", " so", " she", " started", " running", " through", " the", " forest", " to", " find", " them", ".", " She", " ran", " and", " ran", " until", " she", " came", " to", " a", " clear"], "acts": [0.0, 0.0, 0.0, 0.0, 0.0, 0.4325, 0.0, 0.0, 0.0, 0.0, 0.0, 0.0, 0.0, 0.0, 1.5776, 2.6574, 1.8057, 1.356, 1.1829, 0.0, 0.0, 0.0, 0.0, 1.4863, 4.7195, 0.0, 3.037, 1.3448, 2.0862, 3.0592, 0.0, 1.6296, 2.0363], "max_pos": 24, "max_act": 4.7188}, {"tokens": ["\n", "J", "ake", " and", " A", "nny", " decided", " to", " look", " for", " the", " train", ".", " They", " searched", " high", " and", " low", " and", " still", " couldn", "'t", " find"], "acts": [0.0, 0.0, 0.0, 0.0, 0.0, 0.0, 0.0, 0.0, 0.0, 0.0, 0.0, 0.0, 0.0, 0.0, 4.6862, 1.9707, 0.0, 2.4536, 0.8514, 0.0, 0.0, 0.0, 0.0], "max_pos": 14, "max_act": 4.6875}, {"tokens": [" walked", " for", " a", " long", " time", ",", " but", " soon", " he", " got", " lost", ".", " He", " started", " to", " strugg", "le", " to", " find", " his", " way", " home", ".", " He", " wander", "ed", " in", " circles", " and", " ran", " into", " all", "ey"], "acts": [2.8204, 1.7732, 0.0, 0.0, 0.7559, 0.8044, 0.0, 0.0, 1.0147, 1.1694, 0.0, 0.0, 0.6421, 2.5725, 0.9947, 1.7691, 2.0172, 0.6383, 0.0, 0.0, 0.0, 0.0, 0.0, 1.5579, 4.6392, 3.027, 2.1326, 2.3087, 2.2552, 2.6334, 1.0802, 0.0, 0.0], "max_pos": 24, "max_act": 4.6406}, {"tokens": [" special", ".", " He", " wanted", " to", " win", " a", " prize", ".", " He", " had", " heard", " that", " he", " just", " needed", " to", " find", " a", " ste", "el", " box", ".", " He", " searched", " high", " and", " low", ",", " but", " he", " just", " couldn"], "acts": [0.0, 0.0, 0.0, 1.232, 0.0, 0.0, 0.0, 0.0, 0.0, 0.7583, 1.1908, 0.0, 0.0, 0.0, 0.5713, 0.0, 0.0, 0.0, 0.0, 0.0, 0.0, 0.0, 0.0, 0.0, 4.6398, 2.0424, 0.848, 2.3075, 1.1503, 0.0, 0.0, 1.3398, 0.0], "max_pos": 24, "max_act": 4.6406}, {"tokens": [" She", " started", " to", " get", " confused", " and", " couldn", "'t", " figure", " out", " where", " it", " was", ".", "\n", "\n", "Suddenly", ",", " she", " had", " an", " idea", ".", " She", " sh", "ined", " the", " flashlight", " into", " all", " the", " corn", "ers"], "acts": [0.8163, 2.5043, 1.062, 0.9765, 0.0, 0.0, 0.0, 0.7984, 0.0, 0.0, 0.0, 0.0, 0.0, 0.0, 0.425, 0.0, 0.6263, 0.0, 1.0555, 0.0, 0.0, 0.0, 0.0, 0.9681, 4.6156, 2.8907, 0.0, 1.3117, 0.8578, 0.0, 0.0, 0.0, 0.0], "max_pos": 24, "max_act": 4.6172}, {"tokens": [" a", " much", " brighter", " flashlight", ",", " so", " she", " took", " it", ".", "\n", "\n", "She", " ent", "ered", " the", " cave", ",", " with", " the", " bright", " flashlight", ".", " She", " sh", "ined", " it", " all", " around", " the", " cave", " and", " saw"], "acts": [0.0, 0.0, 0.0, 0.0, 0.0, 0.0, 0.0, 1.0332, 0.0, 0.0, 0.0, 0.0, 0.0, 3.2819, 0.9422, 0.0, 1.4631, 0.7775, 0.7528, 0.0, 1.2539, 1.467, 0.0, 0.5946, 4.6009, 3.0931, 1.536, 0.0, 0.8483, 0.9252, 1.1925, 0.0, 0.5889], "max_pos": 24, "max_act": 4.6016}]}