{"id": 589, "density": 0.1756635, "max_act": 6.421875, "hist": {"edges": [0.01, 0.0133, 0.0178, 0.0237, 0.0316, 0.0422, 0.0562, 0.075, 0.1, 0.1334, 0.1778, 0.2371, 0.3162, 0.4217, 0.5623, 0.7499, 1.0, 1.3335, 1.7783, 2.3714, 3.1623, 4.217, 5.6234, 7.4989, 10.0, 13.3352, 17.7828, 23.7137, 31.6228, 42.1697, 56.2341, 74.9894, 100.0], "counts": [0, 0, 0, 0, 0, 0, 0, 0, 4, 84, 847, 4434, 19079, 60709, 124769, 159973, 141773, 97635, 54296, 26924, 10512, 1601, 14, 0, 0, 0, 0, 0, 0, 0, 0, 0]}, "logit_lens": {"promoted": [[" Tim", 0.35], [" Sue", 0.319], ["Sue", 0.288], [" Kitty", 0.273], ["Tim", 0.24], [" many", 0.217], [" Tom", 0.217], [" Bobo", 0.215], [" Amy", 0.215], [" named", 0.21]], "suppressed": [["'re", 0.342], ["ally", 0.313], [" sweetie", 0.277], [" hadn", 0.274], ["'m", 0.27], [" fingers", 0.264], ["xt", 0.26], ["aby", 0.256], [" woman", 0.253], ["ened", 0.252]]}, "examples": [{"tokens": [" Fluffy", "!\"", " Tim", " clapped", " his", " hands", " to", " app", "l", "au", "d", " Fluffy", ".", " They", " played", " in", " the", " yard", " together", " and", " became", " best", " friends", ".", "<|endoftext|>", "One", " day", ",", " a", " fast", " dog", " named", " Spot"], "acts": [2.5348, 4.2223, 3.0434, 2.3946, 1.9448, 2.7288, 1.6142, 0.0, 1.1447, 0.0, 1.0458, 2.5313, 4.3186, 2.2351, 1.7084, 1.8897, 1.2882, 2.8521, 2.013, 1.8162, 2.7352, 2.3559, 2.4304, 4.5838, 6.4214, 5.0291, 4.0279, 4.3078, 4.7576, 1.1519, 4.465, 6.0668, 3.3006], "max_pos": 24, "max_act": 6.4219}, {"tokens": [".", " Sue", " and", " Tim", " became", " good", " friends", ",", " and", " they", " had", " fun", " playing", " with", " bugs", " together", ".", "<|endoftext|>", "One", " day", ",", " a", " little", " dog", " named", " Spot", " wanted", " to", " join", " his", " friends", " outside", "."], "acts": [3.8949, 1.7436, 3.7697, 2.0073, 2.6254, 1.3537, 1.9076, 3.0251, 3.4959, 2.6999, 3.0525, 1.9075, 2.6352, 2.8057, 2.3464, 1.2569, 3.9156, 5.758, 4.581, 3.1612, 4.1951, 4.5229, 2.4692, 4.1289, 6.0507, 2.9881, 2.7302, 2.6443, 1.8811, 3.0052, 2.7306, 2.6531, 3.9839], "max_pos": 24, "max_act": 6.0508}, {"tokens": [" helped", " Tim", " reach", " the", " cup", ".", " Tim", " drank", " the", " water", " and", " was", " not", " troubled", " anymore", ".", " They", " both", " were", " happy", " and", " played", " together", ".", "<|endoftext|>", "Once", " upon", " a", " time", ",", " there", " was", " a"], "acts": [2.3444, 2.494, 1.7344, 1.4348, 2.813, 4.7622, 2.3184, 1.4696, 1.9119, 0.7439, 2.038, 1.0036, 1.3813, 1.293, 1.998, 4.7333, 2.4933, 2.3072, 1.659, 2.1126, 3.2778, 2.5268, 2.7714, 4.4783, 6.0198, 4.8567, 3.7885, 2.8488, 4.7543, 4.1201, 1.9858, 5.1885, 5.175], "max_pos": 24, "max_act": 6.0195}, {"tokens": [" Tim", "!\"", " They", " ate", " their", " snack", " and", " the", " sky", " was", " clear", " and", " blue", ".", " Tim", " and", " Sue", " were", " happy", " to", " be", " new", " friends", ".", "<|endoftext|>", "Once", " upon", " a", " time", ",", " there", " was", " a"], "acts": [1.5825, 2.9021, 1.6411, 1.4171, 1.0287, 0.0, 1.1176, 0.9781, 0.0, 0.8096, 0.0, 1.7807, 0.6574, 3.4574, 1.6942, 2.7534, 1.7849, 1.5441, 1.649, 1.1456, 1.0726, 1.6755, 2.2048, 3.9602, 5.9498, 4.534, 3.5465, 2.4361, 4.4721, 4.0833, 1.9872, 5.152, 5.0769], "max_pos": 24, "max_act": 5.9492}, {"tokens": [" Tim", " and", " his", " friends", " were", " happy", ".", " They", " could", " play", " and", " relax", " again", ".", " The", " t", "ide", " was", " safe", " and", " fun", " for", " everyone", ".", "<|endoftext|>", "Once", " upon", " a", " time", ",", " there", " was", " a"], "acts": [2.9434, 3.1535, 3.2507, 2.2402, 2.3068, 2.0072, 4.5351, 3.3253, 1.6884, 1.9559, 2.0177, 1.6052, 2.8802, 4.0502, 4.1184, 1.4911, 2.1617, 2.8996, 2.9139, 4.7099, 2.5882, 3.0363, 2.3819, 4.6056, 5.8945, 4.4761, 3.4837, 2.6413, 4.4657, 3.7423, 2.0081, 5.1238, 4.9716], "max_pos": 24, "max_act": 5.8945}, {"tokens": [" cake", " with", " their", " friends", ".", " Everyone", " loved", " the", " cake", " and", " had", " a", " fun", " time", ".", " Kitty", " and", " Do", "gg", "y", " became", " good", " friends", ".", "<|endoftext|>", "Once", " upon", " a", " time", ",", " there", " was", " a"], "acts": [1.7801, 2.9075, 2.2948, 2.0596, 4.022, 2.5437, 1.5605, 1.3585, 1.2036, 3.0653, 2.3638, 1.7094, 1.2164, 1.8275, 4.0546, 2.9618, 3.8403, 1.7913, 1.2015, 2.3534, 3.1107, 1.4398, 2.285, 4.6425, 5.8186, 4.3279, 3.3955, 2.0569, 4.0271, 3.6441, 1.768, 4.8113, 4.7839], "max_pos": 24, "max_act": 5.8203}, {"tokens": [" was", " happy", ".", " Tim", " felt", " good", " too", ".", " Now", ",", " Tim", " and", " Sue", " both", " played", " with", " Bob", ".", " They", " all", " had", " fun", " together", ".", "<|endoftext|>", "Once", " upon", " a", " time", ",", " there", " was", " a"], "acts": [1.3281, 1.6509, 4.2118, 1.8717, 2.5936, 1.2158, 1.7641, 3.869, 2.9379, 3.1384, 3.3339, 3.2669, 3.0577, 1.9528, 2.2359, 2.0571, 2.5996, 3.7793, 2.034, 1.7901, 1.8861, 1.5051, 1.8979, 4.188, 5.8125, 4.4844, 3.3881, 2.4012, 4.6733, 4.0484, 1.9274, 5.2404, 5.0057], "max_pos": 24, "max_act": 5.8125}, {"tokens": [".", "\n", "\n", "Sue", " used", " the", " brush", " on", " the", " cat", "'s", " fur", ".", " The", " cat", " liked", " it", ".", " Sue", " and", " the", " cat", " became", " friends", ".", " They", " played", " together", " every", " day", ".", " Sue", " was"], "acts": [4.6708, 2.7044, 4.6264, 2.7419, 1.8481, 0.9461, 2.2496, 1.2057, 1.0579, 1.1497, 1.0968, 1.4165, 4.4245, 1.8308, 1.2039, 3.0754, 1.122, 4.9538, 2.5973, 4.9707, 1.5352, 1.4168, 3.2387, 1.8074, 5.7782, 3.4449, 2.991, 3.0634, 1.6745, 2.587, 5.3684, 3.5971, 3.3025], "max_pos": 24, "max_act": 5.7773}, {"tokens": [" was", " happy", ".", " It", " was", " not", " scary", " anymore", ".", " Mia", " and", " the", " bird", " were", " friends", ".", " They", " played", " and", " had", " fun", " all", " day", ".", "<|endoftext|>", "Once", " upon", " a", " time", ",", " in", " a", " small"], "acts": [1.9789, 2.5759, 4.151, 2.1323, 2.6449, 2.2624, 0.9712, 2.0977, 4.381, 2.7818, 3.1846, 1.4565, 1.6826, 2.1942, 0.6563, 4.5674, 2.4373, 2.3543, 1.6919, 2.527, 2.4268, 2.2141, 1.7143, 4.3751, 5.7567, 4.519, 3.3496, 2.5291, 4.6278, 3.7506, 2.7332, 3.735, 2.0189], "max_pos": 24, "max_act": 5.7578}, {"tokens": [".", " And", " Tim", " was", " happy", " too", ",", " because", " he", " had", " a", " new", " friend", ",", " the", " dra", "in", ".", " They", " lived", " happily", " ever", " after", ".", "<|endoftext|>", "Once", " upon", " a", " time", ",", " there", " was"], "acts": [3.804, 3.1783, 3.1891, 2.6138, 2.5412, 2.3717, 3.4304, 2.9072, 2.3439, 2.4427, 1.9152, 1.6278, 2.244, 2.803, 2.3862, 0.0, 2.0599, 3.8817, 2.6306, 2.3221, 2.5397, 0.7922, 2.4414, 4.1796, 5.7408, 4.2001, 3.3498, 2.2136, 4.1371, 3.6528, 1.6385, 4.7185], "max_pos": 24, "max_act": 5.7422}, {"tokens": [" park", " all", " day", ".", " Tom", " shared", " his", " dark", " chocolate", " with", " Sue", " and", " they", " both", " were", " happy", ".", " And", " they", " lived", " happily", " ever", " after", ".", "<|endoftext|>", "Once", " upon", " a", " time", ",", " there", " was", " a"], "acts": [2.6505, 1.6822, 2.1908, 3.8283, 2.9022, 2.1464, 1.9309, 1.1106, 2.0763, 2.9955, 2.0838, 2.3879, 2.368, 1.8144, 1.6238, 2.1176, 3.8242, 3.3084, 2.9326, 2.4659, 2.4957, 1.0355, 2.5059, 3.8751, 5.7363, 4.193, 3.3268, 2.0917, 4.2744, 3.6565, 1.6996, 4.786, 4.6924], "max_pos": 24, "max_act": 5.7383}, {"tokens": [" They", " had", " a", " lot", " of", " fun", " together", ".", " They", " became", " good", " friends", " and", " played", " every", " day", ".", " And", " they", " lived", " happily", " ever", " after", ".", "<|endoftext|>", "One", " sunny", " day", ",", " a", " pale", " cat", " named"], "acts": [1.5937, 1.5851, 0.7264, 0.546, 0.0, 0.615, 1.1772, 3.6679, 2.3286, 2.5853, 0.9402, 1.7235, 2.4518, 2.3749, 0.0, 1.7798, 3.5256, 3.108, 2.8515, 2.8005, 2.7323, 1.0919, 2.3103, 3.67, 5.6107, 4.3166, 2.5345, 3.3348, 4.0621, 4.4506, 1.8807, 4.1101, 5.17],