{"id": 592, "density": 0.2737325, "max_act": 4.6171875, "hist": {"edges": [0.01, 0.0133, 0.0178, 0.0237, 0.0316, 0.0422, 0.0562, 0.075, 0.1, 0.1334, 0.1778, 0.2371, 0.3162, 0.4217, 0.5623, 0.7499, 1.0, 1.3335, 1.7783, 2.3714, 3.1623, 4.217, 5.6234, 7.4989, 10.0, 13.3352, 17.7828, 23.7137, 31.6228, 42.1697, 56.2341, 74.9894, 100.0], "counts": [0, 0, 0, 0, 0, 0, 0, 0, 2, 32, 335, 2459, 16140, 66456, 156314, 235253, 250606, 202078, 123466, 37742, 4005, 42, 0, 0, 0, 0, 0, 0, 0, 0, 0, 0]}, "logit_lens": {"promoted": [[" it", 0.309], [" its", 0.249], [" shouted", 0.224], [" exclaimed", 0.216], [" itself", 0.212], [" It", 0.207], [" paws", 0.205], [" put", 0.201], [" said", 0.198], ["!\"", 0.198]], "suppressed": [[" visited", 0.353], [" Today", 0.341], [" often", 0.331], [" Whenever", 0.324], [" visit", 0.313], ["<|endoftext|>", 0.307], [" whenever", 0.304], ["ometimes", 0.302], [" rules", 0.295], [" always", 0.295]]}, "examples": [{"tokens": [" rabbit", " named", " Pete", " was", " playing", " in", " the", " forest", ".", " He", " saw", " a", " laser", " in", " the", " sky", " and", " it", " was", " so", " high", "!", " He", " wanted", " to", " go", " and", " touch", " it", " so", " he", " started", " to"], "acts": [0.0, 0.0, 0.0, 0.0, 0.0, 0.0, 0.0, 0.0, 0.0, 0.7571, 0.0, 0.8759, 0.0, 0.0, 0.0, 0.0, 2.5775, 0.953, 1.7756, 2.11, 0.9125, 0.7657, 3.8103, 2.4446, 4.6179, 2.9389, 1.9806, 2.9828, 1.702, 0.9846, 2.1253, 2.8001, 1.8324], "max_pos": 24, "max_act": 4.6172}, {"tokens": [" big", " circle", " on", " the", " grass", ".", " It", " was", " made", " of", " stones", " and", " flowers", ".", " Anna", " and", " Ben", " ran", " to", " the", " circle", ".", " They", " wanted", " to", " see", " what", " was", " inside", ".", "\n", "\n", "\""], "acts": [0.0, 0.0, 1.0341, 0.7869, 0.0, 0.6744, 1.7706, 1.4382, 0.0, 0.0, 0.9427, 1.1394, 0.0, 0.6454, 2.3184, 0.6538, 2.7233, 1.19, 3.0758, 2.8427, 1.7414, 1.5763, 3.4347, 2.7949, 4.5951, 2.8265, 2.7334, 2.3116, 1.8983, 0.8877, 0.0, 0.0, 2.1485], "max_pos": 24, "max_act": 4.5938}, {"tokens": [" Tim", " and", " Sally", ",", " who", " went", " on", " a", " walk", " in", " the", " park", ".", " Tim", " saw", " a", " giant", " leaf", " on", " the", " ground", " and", " he", " wanted", " to", " take", " it", " home", ".", " \n", "\n", "He", " said"], "acts": [0.0, 0.0, 0.0, 0.0, 0.0, 0.0, 0.0, 0.0, 0.0, 0.0, 0.0, 0.0, 0.0, 1.1868, 0.0, 1.1646, 0.0, 0.8647, 0.8948, 1.1597, 0.0, 2.9006, 2.559, 3.2272, 4.5803, 2.4464, 2.0621, 1.9982, 0.0, 0.0, 0.0, 1.4108, 1.1115], "max_pos": 24, "max_act": 4.582}, {"tokens": [" garden", " with", " her", " big", " brother", ".", " She", " saw", " a", " big", " brown", " apple", " on", " a", " tree", ".", " She", " reached", " up", " as", " high", " as", " she", " could", " to", " get", " it", " but", " it", " was", " too", " high", " for"], "acts": [0.0, 0.0, 0.0, 0.0, 0.0, 0.0, 1.1061, 0.0, 1.278, 0.0, 0.0, 1.02, 0.5715, 0.7738, 0.0, 1.1257, 2.6742, 1.5188, 1.3392, 0.0, 0.7742, 0.8691, 2.8087, 3.6271, 4.5496, 4.0804, 2.6304, 2.2267, 1.4022, 1.4907, 1.8684, 0.0, 1.9361], "max_pos": 24, "max_act": 4.5508}, {"tokens": [" Sarah", " was", " walking", " in", " the", " park", " with", " her", " mom", " when", " she", " saw", " a", " huge", ",", " furry", " dog", ".", " She", " was", " so", " excited", " and", " wanted", " to", " pet", " it", ".", " But", " her", " mom", " said", ","], "acts": [0.0, 0.0, 0.0, 0.0, 0.0, 0.0, 0.0, 0.0, 0.0, 0.0, 0.0, 0.0, 0.7675, 0.0, 0.0, 0.0, 0.0, 0.0, 2.1672, 1.7637, 2.1234, 2.4105, 3.3663, 2.6518, 4.5171, 2.0196, 1.1229, 0.8591, 1.0089, 0.92, 0.0, 0.0, 0.0], "max_pos": 24, "max_act": 4.5156}, {"tokens": [" sun", " was", " hot", " that", " day", ".", "\n", "\n", "Tim", " saw", " a", " big", " red", " apple", " on", " the", " ground", ".", " He", " picked", " it", " up", " and", " wanted", " to", " eat", " it", ".", " But", " he", " remembered", " his", " mom"], "acts": [0.0, 1.2228, 0.7272, 1.022, 0.0, 0.0, 0.0, 0.5953, 0.8956, 0.0, 0.8233, 0.0, 0.0, 0.0, 0.6988, 1.2133, 0.0, 1.5104, 2.6203, 2.129, 1.5362, 0.0, 1.9506, 3.6378, 4.4781, 2.5059, 1.658, 0.7753, 1.3266, 0.0, 0.0, 0.0, 0.0], "max_pos": 24, "max_act": 4.4766}, {"tokens": [" were", " playing", " in", " the", " park", ".", " They", " saw", " a", " big", " truck", " with", " many", " pictures", " of", " candy", " on", " it", ".", " They", " were", " curious", " and", " wanted", " to", " see", " the", " candy", ".", "\n", "\n", "\"", "Look"], "acts": [0.0, 0.0, 0.0, 0.0, 0.0, 0.0, 1.0558, 0.0, 1.0482, 0.0, 0.0, 0.9856, 0.0, 1.2492, 0.0, 0.0, 1.0868, 0.0, 0.5331, 3.4284, 2.0437, 0.0, 2.0568, 2.619, 4.464, 2.6942, 2.2317, 2.5315, 0.6375, 0.0, 0.0, 1.9045, 1.2614], "max_pos": 24, "max_act": 4.4648}, {"tokens": ["<|endoftext|>", "Lily", " and", " Tom", " are", " playing", " in", " the", " park", ".", " They", " see", " a", " big", ",", " bright", " balloon", " tied", " to", " a", " bench", ".", " Lily", " wants", " to", " touch", " it", ".", " She", " runs", " to", " the", " balloon"], "acts": [0.6613, 0.0, 0.0, 0.0, 0.0, 0.0, 0.0, 0.0, 0.0, 0.0, 1.2544, 0.0, 1.0414, 0.0, 0.0, 0.0, 0.0, 0.0, 0.0, 1.0248, 1.0694, 0.8756, 2.6146, 2.2648, 4.4352, 2.7734, 1.6953, 0.4711, 2.0754, 0.5228, 2.5915, 2.3318, 1.4553], "max_pos": 24, "max_act": 4.4336}, {"tokens": [" day", ",", " they", " saw", " a", " big", " hoop", " on", " a", " po", "le", " near", " the", " park", ".", " It", " was", " very", " high", ".", " Lily", " and", " Ben", " wanted", " to", " try", " to", " put", " the", " ball", " in", " the", " hoop"], "acts": [1.0275, 0.4674, 0.0, 0.0, 0.0, 0.0, 0.0, 0.0, 0.0, 0.757, 0.0, 0.0, 0.0, 1.3707, 1.5342, 1.5201, 1.5075, 1.6732, 0.0, 1.072, 2.7921, 0.8522, 2.6025, 2.1881, 4.4258, 3.1524, 3.5068, 2.0371, 1.4997, 1.8501, 1.341, 1.0016, 1.6241], "max_pos": 24, "max_act": 4.4258}, {"tokens": [" One", " day", ",", " M", "illy", " was", " walking", " in", " the", " woods", " and", " found", " a", " huge", " blue", " bush", ".", " She", " was", " excited", ",", " so", " she", " wanted", " to", " pick", " off", " some", " of", " the", " leaves", ".", " Suddenly"], "acts": [0.0, 0.0, 0.4634, 0.0, 0.0, 0.0, 0.0, 0.0, 0.0, 0.0, 0.9067, 0.8298, 1.1197, 0.0, 0.0, 1.485, 1.2422, 3.6685, 2.4301, 2.3506, 2.3699, 1.4233, 3.2815, 2.2687, 4.4093, 2.6362, 1.6426, 1.2221, 2.0475, 1.2618, 1.4596, 0.8376, 1.066], "max_pos": 24, "max_act": 4.4102}, {"tokens": [" in", " the", " park", ".", " They", " see", " a", " big", " dog", " with", " a", " long", " tail", " and", " flo", "ppy", " ears", ".", " The", " dog", " is", " friendly", " and", " wants", " to", " play", " too", ".", " He", " runs", " after", " the", " ball"], "acts": [0.0, 0.0, 0.7739, 0.772, 2.083, 0.5777, 1.1178, 0.0, 1.2416, 1.6772, 0.8253, 0.0, 0.0, 2.2218, 0.0, 0.9109, 0.0, 1.2291, 1.495, 2.4158, 2.0531, 1.0394, 2.3616, 2.3405, 4.3967, 3.0924, 1.9503, 0.7373, 2.0124, 0.0, 1.9156, 0.9575, 0.0], "max_pos": 24, "max_act": 4.3984}, {"tokens": ["<|endoftext|>", "Ben", " and", " Lily", " are", " playing", " in", " the", " park", ".", " They", " see", " a", " big", ",", " hairy", " dog", ".", " The", " dog", " is", " friendly", " and", " wants", " to", " play", ".", " He", " runs", " to", " Ben", " and", " Lily"], "acts": [0.0, 0.0, 0.0, 0.0, 0.0, 0.0, 0.0, 0.0, 0.0, 0.0, 1.2128, 0.0, 1.1016, 0.0, 0.0, 0.0, 0.0, 0.0, 1.2821, 1.4425, 1.3529, 0.0, 1.9169, 2.3093, 4.3748, 2.8982, 0.0, 1.9989, 0.0, 2.2397, 1.1254, 1.1572, 0.817], "max_pos": 24, "max_act": 4.375}]}