{"id": 597, "density": 0.00585025, "max_act": 8.6015625, "hist": {"edges": [0.01, 0.0133, 0.0178, 0.0237, 0.0316, 0.0422, 0.0562, 0.075, 0.1, 0.1334, 0.1778, 0.2371, 0.3162, 0.4217, 0.5623, 0.7499, 1.0, 1.3335, 1.7783, 2.3714, 3.1623, 4.217, 5.6234, 7.4989, 10.0, 13.3352, 17.7828, 23.7137, 31.6228, 42.1697, 56.2341, 74.9894, 100.0], "counts": [0, 0, 0, 0, 0, 0, 0, 0, 0, 7, 71, 492, 1315, 1810, 2117, 2230, 1593, 1135, 754, 674, 1341, 2036, 6664, 1162, 0, 0, 0, 0, 0, 0, 0, 0]}, "logit_lens": {"promoted": [[" there", 0.389], ["There", 0.272], ["side", 0.248], ["Yes", 0.247], [" upon", 0.24], ["ways", 0.216], [" together", 0.208], [" closer", 0.205], [",", 0.202], ["air", 0.195]], "suppressed": [["ce", 0.367], ["el", 0.315], ["ht", 0.306], ["cer", 0.287], ["ned", 0.284], ["ul", 0.28], ["he", 0.271], [" chocolate", 0.267], ["ak", 0.262], ["ot", 0.259]]}, "examples": [{"tokens": [" Tim", " and", " Sue", " learned", " that", " sharing", " and", " being", " careful", " with", " their", " things", " made", " them", " the", " best", " of", " friends", ".", "<|endoftext|>", "Once", " upon", " a", " time", ",", " in", " a", " small", " town", ",", " there", " was", " a"], "acts": [0.0, 0.0, 0.0, 0.0, 0.0, 0.0, 0.0, 0.0, 0.0, 0.0, 0.0, 0.0, 0.0, 0.0, 0.0, 0.0, 0.0, 0.0, 0.0, 0.0, 2.2066, 0.0, 0.8986, 0.415, 8.6028, 0.0, 0.0, 0.0, 0.0, 3.2933, 0.0, 0.0, 0.0], "max_pos": 24, "max_act": 8.6016}, {"tokens": [" happy", ".", " They", " could", " play", " and", " relax", " again", ".", " The", " t", "ide", " was", " safe", " and", " fun", " for", " everyone", ".", "<|endoftext|>", "Once", " upon", " a", " time", ",", " there", " was", " a", " little", " bird", ".", " The", " bird"], "acts": [0.0, 0.0, 0.0, 0.0, 0.0, 0.0, 0.0, 0.0, 0.0, 0.0, 0.0, 0.0, 0.0, 0.0, 0.0, 0.0, 0.0, 0.0, 0.0, 0.0, 2.4148, 0.0, 1.0572, 0.6764, 8.5843, 0.0, 0.0, 0.0, 0.0, 0.0, 0.0, 0.0, 0.0], "max_pos": 24, "max_act": 8.5859}, {"tokens": [" day", " long", ".", " They", " all", " became", " good", " friends", " and", " had", " lots", " of", " fun", " in", " the", " big", " green", " park", ".", "<|endoftext|>", "Once", " upon", " a", " time", ",", " in", " a", " big", " green", " forest", ",", " there", " lived"], "acts": [0.0, 0.0, 0.0, 0.0, 0.0, 0.0, 0.0, 0.0, 0.0, 0.0, 0.0, 0.0, 0.0, 0.0, 0.0, 0.0, 0.0, 0.0, 0.0, 0.0, 2.2603, 0.5176, 1.4401, 0.3824, 8.5266, 0.6988, 0.0, 0.0, 0.0, 0.0, 2.0822, 0.0, 0.0], "max_pos": 24, "max_act": 8.5234}, {"tokens": [" fun", " and", " became", " good", " friends", ".", " They", " promised", " to", " swim", " together", " every", " day", " and", " wear", " their", " favorite", " clothes", ".", "<|endoftext|>", "Once", " upon", " a", " time", ",", " in", " a", " big", ",", " green", " forest", ",", " there"], "acts": [0.0, 0.0, 0.0, 0.0, 0.0, 0.0, 0.0, 0.0, 0.0, 0.0, 0.0, 0.0, 0.0, 0.0, 0.0, 0.0, 0.0, 0.0, 0.0, 0.0, 1.6712, 0.0, 0.0, 0.0, 8.5125, 0.0, 0.0, 0.0, 1.4238, 0.0, 0.0, 0.0, 0.0], "max_pos": 24, "max_act": 8.5156}, {"tokens": [" left", ".", " Kitty", " and", " her", " friends", " were", " sad", ",", " and", " they", " couldn", "'t", " play", " the", " pi", "ano", " anymore", ".", "<|endoftext|>", "Once", " upon", " a", " time", ",", " there", " was", " a", " little", " boy", " named", " Tim", "."], "acts": [0.0, 0.0, 0.0, 0.0, 0.0, 0.0, 0.0, 0.0, 0.0, 0.0, 0.0, 0.0, 0.0, 0.0, 0.0, 0.0, 0.0, 0.0, 0.0, 0.0, 1.8167, 0.0, 0.8161, 0.7214, 8.5012, 0.0, 0.0, 0.0, 0.0, 0.0, 0.0, 0.0, 0.0], "max_pos": 24, "max_act": 8.5}, {"tokens": [" not", " popular", " anymore", ".", " The", " birds", " did", " not", " come", " back", " to", " stand", " and", " sing", " in", " the", " tree", " again", ".", "<|endoftext|>", "Once", " upon", " a", " time", ",", " there", " was", " a", " little", " girl", " named", " Mia", "."], "acts": [0.0, 0.0, 0.0, 0.0, 0.0, 0.0, 0.0, 0.0, 0.0, 0.0, 0.0, 0.0, 0.0, 0.0, 0.0, 0.0, 0.0, 0.0, 0.0, 0.0, 2.6474, 0.634, 1.3844, 0.6071, 8.4779, 0.0, 0.0, 0.0, 0.0, 0.0, 0.0, 0.0, 0.0], "max_pos": 24, "max_act": 8.4766}, {"tokens": [" always", " shared", " and", " had", " a", " lot", " of", " fun", ".", " And", " they", " knew", " that", " they", " would", " be", " friends", " forever", ".", "<|endoftext|>", "Once", " upon", " a", " time", ",", " in", " a", " big", " field", ",", " there", " was", " a"], "acts": [0.0, 0.0, 0.0, 0.0, 0.0, 0.0, 0.0, 0.0, 0.0, 0.0, 0.0, 0.0, 0.0, 0.0, 0.0, 0.0, 0.0, 0.0, 0.0, 0.0, 1.9853, 0.0, 0.6617, 0.4321, 8.4785, 0.0, 0.0, 0.0, 0.0, 2.6725, 0.0, 0.0, 0.0], "max_pos": 24, "max_act": 8.4766}, {"tokens": [".", " Tim", " drank", " the", " water", " and", " was", " not", " troubled", " anymore", ".", " They", " both", " were", " happy", " and", " played", " together", ".", "<|endoftext|>", "Once", " upon", " a", " time", ",", " there", " was", " a", " kind", " nurse", ".", " She", " loved"], "acts": [0.0, 0.0, 0.0, 0.0, 0.0, 0.0, 0.0, 0.0, 0.0, 0.0, 0.0, 0.0, 0.0, 0.0, 0.0, 0.0, 0.0, 0.0, 0.0, 0.0, 2.1153, 0.0, 0.7442, 0.4006, 8.4693, 0.0, 0.0, 0.0, 0.0, 0.0, 0.0, 0.0, 0.0], "max_pos": 24, "max_act": 8.4688}, {"tokens": [" fun", " and", " forgot", " about", " the", " boring", " tele", "v", "ision", ".", " They", " learned", " to", " share", " and", " be", " happy", " together", ".", "<|endoftext|>", "Once", " upon", " a", " time", ",", " there", " was", " a", " cat", " named", " Tom", ".", " Tom"], "acts": [0.0, 0.0, 0.0, 0.0, 0.0, 0.0, 0.0, 0.0, 0.0, 0.0, 0.0, 0.0, 0.0, 0.0, 0.0, 0.0, 0.0, 0.0, 0.0, 0.0, 1.7831, 0.0, 0.7185, 0.3359, 8.467, 0.0, 0.0, 0.0, 0.0, 0.0, 0.0, 0.0, 0.0], "max_pos": 24, "max_act": 8.4688}, {"tokens": [" played", " in", " the", " lovely", " garden", " every", " day", ",", " and", " the", " bees", " always", " shared", " their", " sweet", " honey", " with", " Mia", ".", "<|endoftext|>", "Once", " upon", " a", " time", ",", " in", " a", " small", " town", ",", " there", " lived", " a"], "acts": [0.0, 0.0, 0.0, 0.0, 0.0, 0.0, 0.0, 0.0, 0.0, 0.0, 0.0, 0.0, 0.0, 0.0, 0.0, 0.0, 0.0, 0.0, 0.0, 0.0, 1.9417, 0.0, 0.0, 0.3083, 8.4517, 0.6825, 0.0, 0.0, 0.0, 2.8417, 0.0, 0.0, 0.0], "max_pos": 24, "max_act": 8.4531}, {"tokens": [" with", " bad", " things", ",", " and", " he", " continued", " to", " have", " fun", " with", " his", " toy", " car", " that", " could", " rever", "se", ".", "<|endoftext|>", "Once", " upon", " a", " time", ",", " there", " was", " a", " big", ",", " strong", " man", " named"], "acts": [0.0, 0.0, 0.0, 0.0, 0.0, 0.0, 0.0, 0.0, 0.0, 0.0, 0.0, 0.0, 0.0, 0.0, 0.0, 0.0, 0.0, 0.0, 0.0, 0.0, 1.9859, 0.0, 0.582, 0.0, 8.4375, 0.0, 0.0, 0.0, 0.0, 0.0, 0.0, 0.0, 0.0], "max_pos": 24, "max_act": 8.4375}, {"tokens": [".", " And", " from", " that", " day", " on", ",", " Tim", " played", " with", " his", " wh", "ip", " and", " had", " lots", " of", " fun", ".", "<|endoftext|>", "Once", " upon", " a", " time", ",", " there", " was", " a", " kind", " uncle", ".", " He", " loved"], "acts": [0.0, 0.0, 0.0, 0.0, 0.0, 0.0, 0.0, 0.0, 0.0, 0.0, 0.0, 0.0, 0.0, 0.0, 0.0, 0.0, 0.0, 0.0, 0.0, 0.0, 2.0805, 0.3915, 0.9537, 0.4046, 8.4263, 0.0, 0.0, 0.0, 0.0, 0.0, 0.0, 0.0, 0.0], "max_pos": 24, "max_act": 8.4297}]}