{"id": 601, "density": 0.02414475, "max_act": 5.85546875, "hist": {"edges": [0.01, 0.0133, 0.0178, 0.0237, 0.0316, 0.0422, 0.0562, 0.075, 0.1, 0.1334, 0.1778, 0.2371, 0.3162, 0.4217, 0.5623, 0.7499, 1.0, 1.3335, 1.7783, 2.3714, 3.1623, 4.217, 5.6234, 7.4989, 10.0, 13.3352, 17.7828, 23.7137, 31.6228, 42.1697, 56.2341, 74.9894, 100.0], "counts": [0, 0, 0, 0, 0, 0, 0, 0, 0, 0, 1, 66, 859, 5101, 14730, 20961, 19919, 15806, 10634, 5630, 2223, 647, 2, 0, 0, 0, 0, 0, 0, 0, 0, 0]}, "logit_lens": {"promoted": [[" right", 0.365], ["art", 0.242], [" perfect", 0.236], [" wrong", 0.231], [" head", 0.229], [" eas", 0.208], [" mistake", 0.203], [" ag", 0.201], [" dec", 0.195], ["al", 0.193]], "suppressed": [[" pudd", 0.295], ["ometimes", 0.294], [" Sometimes", 0.276], [" shining", 0.27], ["ings", 0.265], ["iches", 0.249], ["king", 0.245], [" kindness", 0.239], [" helping", 0.238], ["ning", 0.233]]}, "examples": [{"tokens": [" use", " it", " to", " trick", " the", " cat", ".", " Max", " threw", " the", " ball", " far", " away", ".", " The", " cat", " ran", " after", " the", " ball", ",", " thinking", " it", " was", " the", " new", "sp", "ap", "er", ".", "\n", "\n", "While"], "acts": [0.0, 0.0, 0.0, 0.0, 1.9129, 0.0, 0.0, 0.0, 0.0, 0.0, 0.0, 0.0, 0.0, 0.0, 0.0, 0.0, 0.0, 0.0, 1.4412, 0.0, 0.0, 0.0, 0.0, 0.9924, 5.8549, 0.9878, 0.0, 0.0, 0.0, 0.0, 0.0, 0.0, 0.0], "max_pos": 24, "max_act": 5.8555}, {"tokens": [" lock", " on", " the", " gate", ".", " She", " knew", " it", " was", " the", " right", " thing", " to", " do", " so", " that", " she", " could"], "acts": [0.0, 0.0, 1.2882, 0.0, 0.0, 0.0, 0.0, 0.0, 0.0, 5.7126, 0.0, 0.0, 0.0, 0.0, 0.0, 0.0, 0.0, 0.0], "max_pos": 9, "max_act": 5.7109}, {"tokens": [".", " They", " saw", " a", " dog", ",", " a", " cat", ",", " a", " horse", ",", " and", " a", " bench", ".", " They", " decided", " it", " was", " the", " bench", ".", " They", " lifted", " it", " and", " found", " the"], "acts": [0.0, 0.0, 0.0, 0.0, 0.0, 0.0, 0.0, 0.0, 0.0, 0.0, 0.0, 0.0, 0.0, 0.0, 0.0, 0.0, 0.0, 0.0, 0.0, 0.0, 5.6159, 0.0, 0.0, 0.0, 0.0, 0.0, 0.0, 0.0, 3.231], "max_pos": 20, "max_act": 5.6172}, {"tokens": [" wr", "itten", " a", " story", " to", " explain", " why", " he", " could", " not", " come", " home", ".", " He", " had", " found", " a", " new", " job", ",", " but", " it", " was", " not", " the", " kind", " he", " exp", "ect", "ed", ".", " He", " had"], "acts": [0.0, 0.0, 0.5953, 0.0, 0.0, 0.0, 0.0, 0.0, 0.0, 0.0, 0.0, 0.0, 0.0, 0.0, 0.0, 0.0, 0.0, 0.0, 0.0, 0.0, 0.0, 0.0, 0.0, 0.0, 5.5947, 0.581, 0.0, 0.0, 0.0, 0.0, 0.0, 0.0, 0.0], "max_pos": 24, "max_act": 5.5938}, {"tokens": [".", " It", " became", " smaller", " and", " smaller", " until", " it", " was", " the", " size", " of", " a", " coin", ".", " Lily", " was", " shocked"], "acts": [0.0, 0.0, 0.0, 0.0, 0.0, 0.0, 0.0, 0.0, 0.0, 5.5752, 0.0, 0.0, 0.0, 0.0, 0.0, 0.0, 0.0, 0.0], "max_pos": 9, "max_act": 5.5742}, {"tokens": ["Let", "'s", " see", ".", " This", " cart", " is", " ordinary", ",", " not", " too", " big", " or", " too", " small", ".", " ", "Yes", ",", " it", " looks", " like", " it", "'s", " the", " right", " size", ".\"", "\n", "\n", "M", "andy", " was"], "acts": [0.0, 0.0, 0.0, 0.0, 0.0, 0.0, 0.0, 0.0, 0.0, 0.0, 0.0, 0.0, 0.0, 0.0, 0.0, 0.0, 0.0, 0.0, 0.0, 0.0, 0.0, 0.0, 0.0, 0.0, 5.4966, 0.0, 0.0, 0.0, 0.0, 0.0, 0.0, 0.0, 0.0], "max_pos": 24, "max_act": 5.4961}, {"tokens": ["ad", "s", ".", " Anna", " thought", " it", " was", " the", " most", " beautiful", " thing", " she", " ever", " saw", ".", " She"], "acts": [0.0, 0.0, 0.0, 0.0, 0.0, 0.0, 0.0, 5.4908, 0.0, 0.0, 0.0, 0.0, 0.0, 0.0, 0.0, 0.0], "max_pos": 7, "max_act": 5.4922}, {"tokens": [",", " and", " they", " had", " to", " use", " an", " ", "x", "-", "ray", " to", " find", " it", ".", " When", " they", " finally", " found", " the", " treasure", ",", " it", " was", " the", " most", " impressive", " thing", " they", " had", " ever", " seen", "."], "acts": [0.0, 0.0, 0.0, 0.0, 0.0, 0.0, 0.0, 0.0, 0.0, 1.2399, 0.0, 0.0, 0.0, 0.0, 0.0, 0.0, 0.0, 0.0, 0.0, 3.1351, 0.0, 0.0, 0.0, 0.0, 5.4433, 0.0, 0.0, 0.0, 0.0, 0.9943, 0.0, 0.0, 0.0], "max_pos": 24, "max_act": 5.4414}, {"tokens": [" understood", " that", " the", " print", " on", " her", " car", " was", " the", " same", " as", " the", " print", " on", " the", " box", ".", " The", " car", " had", " kn", "own", " it", " was", " the", " present", " all", " along", " and", " had", " z", "ipped", " across"], "acts": [0.0, 0.0, 0.0, 0.0, 0.0, 0.0, 0.0, 0.0, 4.2559, 0.0, 0.0, 2.7016, 0.0, 0.0, 2.0517, 0.0, 0.0, 0.8487, 0.0, 0.0, 0.0, 0.0, 0.0, 0.0, 5.4088, 0.0, 0.0, 0.0, 0.0, 0.0, 0.0, 0.0, 0.0], "max_pos": 24, "max_act": 5.4102}, {"tokens": [" buy", " a", " smaller", " bag", " of", " min", "ts", " instead", ".", " Lily", " was", " happy", " to", " have", " some", " min", "ts", ",", " even", " though", " they", " were", "n", "'t", " the", " expensive", " ones", ".", " \n", "\n", "When", " they", " got"], "acts": [0.0, 0.0, 0.0, 0.0, 0.0, 0.0, 0.0, 0.0, 0.0, 0.0, 0.0, 0.0, 0.0, 0.0, 0.0, 0.0, 0.0, 0.0, 0.0, 0.0, 0.0, 0.0, 0.0, 0.0, 5.3918, 0.0, 0.0, 0.0, 0.0, 0.0, 0.0, 0.0, 0.0], "max_pos": 24, "max_act": 5.3906}, {"tokens": [" Lily", "'s", " mom", " found", " the", " v", "i", "ol", "in", " in", " a", " pa", "wn", " shop", ".", " She", " bought", " it", " back", ",", " but", " it", " wasn", "'t", " the", " same", ".", " The", " thief", " had", " d", "am", "aged"], "acts": [0.0, 0.0, 0.0, 0.0, 3.082, 0.0, 0.0, 0.0, 0.0, 0.0, 0.0, 0.0, 0.0, 0.0, 0.0, 0.0, 0.0, 0.0, 0.8864, 0.0, 0.0, 0.0, 0.0, 0.0, 5.3614, 0.0, 0.0, 0.8799, 0.0, 0.0, 0.0, 0.0, 0.0], "max_pos": 24, "max_act": 5.3633}, {"tokens": [" learned", " that", " some", " things", " can", " be", " borrow", "ed", " but", " not", " own", "ed", ".", " She", " also", " learned", " that", " own", "ing", " lots", " of", " books", " wasn", "'t", " the", " most", " important", " thing", ".", " What", " was", " the", " most"], "acts": [0.0, 0.0, 0.0, 0.0, 0.0, 0.0, 0.0, 0.0, 0.0, 0.0, 0.0, 0.0, 0.0, 0.0, 0.0, 0.0, 0.0, 0.0, 0.0, 0.0, 0.0, 0.0, 0.0, 0.0, 5.3583, 0.0, 1.0065, 0.0, 0.0, 0.0, 0.0, 4.4887, 0.0], "max_pos": 24, "max_act": 5.3594}]}