{"id": 603, "density": 0.01656625, "max_act": 13.2265625, "hist": {"edges": [0.01, 0.0133, 0.0178, 0.0237, 0.0316, 0.0422, 0.0562, 0.075, 0.1, 0.1334, 0.1778, 0.2371, 0.3162, 0.4217, 0.5623, 0.7499, 1.0, 1.3335, 1.7783, 2.3714, 3.1623, 4.217, 5.6234, 7.4989, 10.0, 13.3352, 17.7828, 23.7137, 31.6228, 42.1697, 56.2341, 74.9894, 100.0], "counts": [0, 0, 0, 0, 0, 0, 0, 0, 0, 0, 6, 59, 865, 3962, 9259, 12246, 10771, 8487, 6400, 4838, 3548, 2906, 1969, 888, 61, 0, 0, 0, 0, 0, 0, 0]}, "logit_lens": {"promoted": [[" houses", 0.365], [" sounds", 0.352], [" shapes", 0.339], [" vegetables", 0.33], [" dogs", 0.328], [" plants", 0.323], [" bugs", 0.32], [" animals", 0.315], ["ited", 0.314], [" bees", 0.313]], "suppressed": [["ss", 0.279], [" dream", 0.236], [" far", 0.218], ["al", 0.206], ["o", 0.204], ["e", 0.202], ["at", 0.202], ["he", 0.198], ["k", 0.196], [" bounce", 0.194]]}, "examples": [{"tokens": [" liked", " to", " design", " things", " with", " her", " crayons", " and", " paper", ".", " She", " made", " houses", ",", " flowers", ",", " animals", " and", " people", ".", " She", " was", " very", " good", " at", " drawing"], "acts": [0.0, 0.0, 0.0, 0.0, 0.0, 0.0, 0.0, 2.4123, 0.0, 0.0, 0.0, 0.0, 0.0, 8.4389, 0.0, 8.706, 0.0, 13.2229, 0.0, 1.2749, 2.0671, 0.0, 0.0, 0.0, 0.0, 0.0], "max_pos": 17, "max_act": 13.2266}, {"tokens": [" Everywhere", " he", " went", ",", " he", " felt", " so", " adventurous", ".", " He", " explored", " all", " of", " the", " path", "s", ",", " trees", " and", " rocks", ".", "\n", "\n", "When", " he", " got", " tired"], "acts": [0.0, 0.0, 0.0, 2.3155, 0.0, 0.0, 0.0, 0.0, 0.0, 0.0, 0.0, 0.0, 0.0, 1.0257, 0.0, 0.0, 5.4497, 0.0, 11.9488, 0.0, 0.6973, 0.0, 0.5217, 0.0, 0.0, 0.0, 0.0], "max_pos": 18, "max_act": 11.9453}, {"tokens": [" up", " and", " looked", " through", " a", " small", " hole", " in", " the", " net", ".", " What", " he", " saw", " amazed", " him", "!", " He", " saw", " land", ",", " trees", ",", " birds", " and", " people", "!", " \n", "\n", "The", " little", " fish", " was"], "acts": [0.0, 0.0, 0.0, 0.0, 0.0, 0.0, 0.0, 0.0, 0.0, 0.0, 0.0, 0.0, 0.0, 0.0, 0.0, 0.0, 0.0, 0.0, 0.0, 0.0, 2.6198, 0.0, 8.7222, 0.0, 11.9088, 0.0, 1.0257, 0.0, 0.0, 0.0, 0.0, 0.0, 0.0], "max_pos": 24, "max_act": 11.9062}, {"tokens": [" playing", " in", " the", " park", ".", " They", " liked", " to", " run", ",", " slide", " and", " swing", ".", " They", " saw", " many", " things", ":", " trees", ",", " flowers", ",", " birds", " and", " dogs", ".", " But", " they", " also", " saw", " something", " unusual"], "acts": [0.0, 0.0, 0.0, 0.0, 0.0, 0.0, 0.0, 0.0, 0.0, 0.0, 0.0, 0.0, 0.0, 0.0, 0.0, 0.0, 0.0, 0.0, 2.0659, 0.0, 7.444, 0.0, 8.1359, 0.0, 11.7301, 0.0, 0.0, 0.0, 0.0, 0.0, 0.0, 0.0, 0.0], "max_pos": 24, "max_act": 11.7266}, {"tokens": ["\n", "The", " ve", "h", "ic", "le", " took", " her", " to", " a", " big", " park", ".", " She", " saw", " so", " many", " things", ":", " trees", ",", " flowers", ",", " birds", " and", " other", " animals", ".", " She", " felt", " excited", " and", " wanted"], "acts": [0.0, 0.0, 0.0, 0.0, 0.0, 0.0, 0.0, 0.0, 0.0, 0.0, 0.0, 0.0, 0.0, 0.0, 0.0, 0.0, 0.0, 0.0, 1.5093, 0.0, 7.2346, 0.0, 7.8182, 0.0, 11.6773, 2.1878, 0.0, 1.58, 1.7002, 0.0, 0.0, 0.0, 0.0], "max_pos": 24, "max_act": 11.6797}, {"tokens": [" out", " what", " the", " light", " was", ".", " On", " the", " way", ",", " he", " saw", " a", " lot", " of", " beautiful", " things", ".", " He", " saw", " different", " birds", ",", " plants", " and", " butterflies", ".", " After", " a", " while", ",", " John", " finally"], "acts": [0.0, 0.0, 0.0, 0.0, 0.0, 0.0, 0.0, 0.0, 0.0, 0.0, 0.0, 0.0, 0.0, 0.0, 0.0, 0.0, 0.0, 0.0, 0.0, 0.0, 0.0, 0.0, 8.0987, 0.0, 11.6225, 0.0, 1.2292, 0.0, 0.0, 0.0, 0.0, 0.0, 0.0], "max_pos": 24, "max_act": 11.625}, {"tokens": ["So", " Anna", " decided", " to", " go", " to", " the", " hospital", " to", " mail", " the", " letter", ".", " On", " the", " way", ",", " she", " saw", " many", " animals", ",", " like", " birds", " and", " frog", "s", ".", " Finally", ",", " she", " arrived", " at"], "acts": [0.0, 0.0, 0.0, 0.0, 0.0, 0.0, 0.0, 0.0, 0.0, 0.0, 0.0, 0.0, 0.0, 0.0, 0.0, 0.0, 0.0, 0.0, 0.0, 0.0, 0.0, 7.0202, 3.3815, 0.0, 11.5778, 0.0, 0.0, 0.0, 0.0, 0.6894, 0.0, 0.0, 0.0], "max_pos": 24, "max_act": 11.5781}, {"tokens": [" They", " liked", " to", " draw", " with", " pencil", "s", ".", " They", " had", " many", " pencil", "s", " of", " different", " colors", ".", " They", " drew", " animals", ",", " flowers", ",", " houses", " and", " cars", ".", " They", " showed", " their", " drawings", " to", " their"], "acts": [0.0, 0.0, 0.0, 0.0, 0.0, 0.0, 0.0, 0.0, 0.0, 0.0, 0.0, 0.0, 0.0, 0.0, 1.1872, 0.0, 0.0, 0.0, 0.0, 0.0, 7.5469, 0.0, 8.6217, 0.0, 11.4859, 0.0, 0.0, 0.0, 0.0, 0.0, 0.0, 0.0, 0.0], "max_pos": 24, "max_act": 11.4844}, {"tokens": [".", "<|endoftext|>", "One", " day", ",", " Tom", " and", " his", " mom", " went", " out", " for", " a", " walk", " in", " the", " nature", ".", " They", " saw", " many", " animals", ",", " plants", " and", " different", " things", " around", ".", " Tom", " was", " playing", " and"], "acts": [0.0, 0.0, 0.0, 0.0, 0.0, 0.0, 0.0, 0.0, 0.0, 0.0, 0.0, 0.0, 0.0, 0.0, 0.0, 0.0, 0.0, 0.0, 0.0, 0.0, 0.0, 0.0, 7.7662, 0.0, 11.476, 2.6259, 0.0, 0.0, 0.0, 0.0, 0.0, 0.0, 0.0], "max_pos": 24, "max_act": 11.4766}, {"tokens": [" animals", ",", " flowers", " and", " stars", ".", " He", " wanted", " to", " be", " a", " famous"], "acts": [0.0, 8.8923, 0.0, 11.237, 0.0, 1.2644, 2.4773, 0.0, 0.0, 0.0, 0.0, 0.0], "max_pos": 3, "max_act": 11.2344}, {"tokens": [" and", " Tom", " like", " to", " run", " up", " the", " hill", " and", " look", " at", " the", " land", "sc", "ape", ".", " They", " see", " trees", ",", " flowers", ",", " birds", ",", " and", " houses", ".", "\n", "\n", "One", " day", ",", " Lily"], "acts": [0.0, 0.0, 0.0, 0.0, 0.0, 0.0, 0.0, 0.0, 0.0, 0.0, 0.0, 0.0, 0.0, 0.0, 0.0, 0.0, 0.0, 0.0, 0.0, 7.5748, 0.0, 8.2321, 0.0, 8.626, 11.0507, 0.0, 0.0, 0.0, 0.0, 0.0, 0.0, 0.0, 0.0], "max_pos": 24, "max_act": 11.0469}, {"tokens": [" other", " anymore", ".", " So", ",", " they", " decided", " to", " go", " on", " a", " tra", "il", " together", ".", " They", " walked", " and", " walked", ",", " and", " saw", " many", " trees", " and", " flowers", ".", " \n", "\n", "The", " bear", "s", " found"], "acts": [0.0, 0.0, 0.0, 0.0, 0.0, 0.0, 0.0, 0.0, 0.0, 0.0, 0.0, 0.0, 0.0, 0.0, 0.0, 0.0, 0.0, 0.0, 0.0, 0.0, 0.684, 0.0, 0.0, 0.0, 10.8836, 0.0, 0.0, 0.0, 0.0, 0.0, 0.0, 0.0, 0.0], "max_pos": 24, "max_act": 10.8828}]}