{"id": 611, "density": 0.01253375, "max_act": 6.51953125, "hist": {"edges": [0.01, 0.0133, 0.0178, 0.0237, 0.0316, 0.0422, 0.0562, 0.075, 0.1, 0.1334, 0.1778, 0.2371, 0.3162, 0.4217, 0.5623, 0.7499, 1.0, 1.3335, 1.7783, 2.3714, 3.1623, 4.217, 5.6234, 7.4989, 10.0, 13.3352, 17.7828, 23.7137, 31.6228, 42.1697, 56.2341, 74.9894, 100.0], "counts": [0, 0, 0, 0, 0, 0, 0, 0, 0, 0, 1, 11, 230, 2048, 6303, 9180, 9043, 7920, 6298, 5034, 2890, 1075, 102, 0, 0, 0, 0, 0, 0, 0, 0, 0]}, "logit_lens": {"promoted": [[" ask", 0.333], [" door", 0.275], [" maybe", 0.27], [" leave", 0.262], [" please", 0.26], ["uddy", 0.26], [" welcome", 0.258], ["?\u00e2\u20ac", 0.254], [" don", 0.253], [" count", 0.251]], "suppressed": [[" wanted", 0.241], [" meant", 0.231], [" liked", 0.208], ["se", 0.208], ["ator", 0.202], [" ch", 0.198], [" needed", 0.196], ["able", 0.193], [" loved", 0.189], [" thought", 0.188]]}, "examples": [{"tokens": [".", " He", " said", ",", " \"", "Thank", " you", ",", " Mia", ".", " You", " are", " very", " kind", ".", " You", " can", " play", " with", " my", " car", " too", ".", " But", " first", ",", " let", " me", " show", " you", " something", ".", " My"], "acts": [0.0, 0.0, 0.0, 0.0, 0.0, 0.0, 0.0, 0.0, 0.0, 0.0, 0.0, 0.0, 0.0, 0.0, 0.0, 0.0, 0.0, 0.0, 0.0, 0.0, 0.0, 0.0, 0.0, 2.3693, 6.519, 1.8158, 0.0, 0.0, 0.0, 0.0, 0.0, 0.0, 0.0], "max_pos": 24, "max_act": 6.5195}, {"tokens": [" their", " cocoa", " and", " cookie", " and", " ask", " Mom", " if", " they", " can", " play", " some", " more", ".", "\n", "\n", "\"", "Of", " course", ",", " you", " can", ".", " But", " first", ",", " put", " on", " your", " coat", "s", " and", " gl"], "acts": [0.0, 0.0, 0.0, 0.0, 0.0, 0.0, 0.0, 0.0, 0.0, 0.0, 0.0, 0.0, 0.0, 0.0, 0.0, 0.0, 0.0, 2.5751, 3.6437, 1.1487, 0.9076, 0.0, 0.0, 3.5294, 6.484, 1.868, 0.0, 0.0, 0.0, 0.0, 0.0, 0.0, 0.0], "max_pos": 24, "max_act": 6.4844}, {"tokens": [" to", " see", " any", " more", " lion", "s", " today", ",\"", " Tom", " said", ".", "\n", "\n", "\"", "Sure", ",", " Tom", ",", " let", "'s", " go", " home", ".", " But", " first", ",", " let", " me", " check", " your", " envelope", ".", " I"], "acts": [0.0, 0.0, 0.0, 0.0, 0.0, 0.0, 0.0, 0.0, 0.0, 0.0, 0.0, 0.0, 0.0, 0.0, 2.4355, 1.4234, 0.0, 0.8674, 0.0, 0.0, 0.0, 0.9076, 0.0, 3.0825, 6.433, 1.9652, 0.0, 0.0, 0.0, 0.0, 0.0, 0.0, 0.0], "max_pos": 24, "max_act": 6.4336}, {"tokens": ["!", " Can", " I", " help", " you", " print", " some", " papers", " too", "?\"", " the", " prince", " asked", ".", " His", " dad", " smiled", " and", " said", ",", " \"", "Sure", ",", " but", " first", " you", " must", " finish", " your", " home", "work", ".\"", " The"], "acts": [0.0, 0.0, 0.0, 0.0, 1.0692, 0.0, 0.0, 0.0, 0.0, 0.0, 0.0, 0.0, 0.0, 0.0, 0.0, 0.0, 0.0, 0.0, 0.0, 0.0, 0.0, 2.0004, 0.8768, 3.5386, 6.4007, 0.0, 0.0, 0.0, 0.0, 0.0, 0.0, 0.0, 0.0], "max_pos": 24, "max_act": 6.4023}, {"tokens": [" it", " too", "?\"", "\n", "\n", "\"", "Sure", ",", " Ben", ",", " we", " can", " share", " the", " mighty", " sock", "!\"", " Lila", " said", ",", " smiling", ".", " \"", "But", " first", ",", " let", "'s", " rest", " a", " bit", ".", " We"], "acts": [0.0, 0.0, 0.0, 0.0, 0.0, 0.0, 2.1144, 1.4945, 0.0, 0.8045, 0.0, 0.0, 0.0, 0.0, 0.0, 0.0, 0.0, 0.0, 0.0, 0.0, 0.0, 0.0, 0.0, 2.4131, 6.3729, 1.1564, 0.0, 0.0, 0.0, 0.0, 0.0, 0.0, 0.0], "max_pos": 24, "max_act": 6.3711}, {"tokens": [" to", " Lily", "'s", " party", ",", " please", "?\"", "\n", "\n", "Her", " mom", " smiled", " and", " said", ",", " \"", "Of", " course", ",", " you", " can", " go", ".", " But", " first", ",", " you", " have", " to", " do", " your", " morning", " stret"], "acts": [0.0, 0.0, 0.0, 0.0, 0.0, 3.4284, 0.0, 0.0, 0.0, 0.0, 0.0, 0.0, 0.0, 0.0, 0.0, 0.0, 1.6445, 2.7483, 0.0, 0.7767, 0.0, 0.0, 0.0, 2.7894, 6.3344, 1.8446, 0.0, 0.0, 0.0, 0.0, 0.0, 0.0, 0.0], "max_pos": 24, "max_act": 6.3359}, {"tokens": [" horse", "!", " Can", " I", " play", " with", " her", "?\"", " The", " farmer", " said", ",", " \"", "Yes", ",", " you", " can", " play", " with", " D", "ot", "ty", ".", " But", " first", ",", " let", "'s", " give", " her", " a", " bath", ".\""], "acts": [0.0, 0.0, 0.0, 0.0, 0.0, 0.0, 0.0, 0.0, 0.0, 0.0, 0.0, 0.0, 0.0, 1.3185, 0.0, 0.0, 0.0, 0.0, 0.0, 0.0, 0.0, 0.0, 0.0, 2.376, 6.2655, 1.7636, 0.0, 0.0, 0.0, 0.0, 0.0, 0.0, 0.0], "max_pos": 24, "max_act": 6.2656}, {"tokens": [" with", " him", ".", " She", " asked", " her", " mom", " if", " she", " could", " go", ".", " Her", " mom", " said", ",", " \"", "Yes", ",", " you", " can", " go", ".", " But", " first", ",", " do", " you", " want", " to", " give", " him", " a"], "acts": [0.0, 0.0, 0.0, 0.0, 0.0, 0.0, 0.0, 0.0, 0.0, 0.0, 0.0, 0.0, 0.0, 0.0, 0.0, 0.0, 0.0, 0.721, 0.0, 0.0, 0.0, 0.0, 0.0, 3.1402, 6.2225, 2.0909, 0.0, 0.0, 0.0, 0.0, 0.0, 0.0, 0.0], "max_pos": 24, "max_act": 6.2227}, {"tokens": [",", " \"", "Hello", ",", " cloud", "!", " Can", " I", " play", " with", " you", "?\"", "\n", "\n", "The", " cloud", " smiled", " and", " said", ",", " \"", "Sure", ",", " but", " first", ",", " we", " need", " to", " stret", "ch", " our", " arms"], "acts": [0.0, 0.0, 0.0, 0.0, 0.0, 0.0, 0.0, 0.0, 0.0, 0.0, 0.0, 0.0, 0.0, 0.0, 0.0, 0.0, 0.0, 0.0, 0.0, 0.0, 0.0, 2.1499, 0.0, 3.3313, 6.1982, 1.1103, 0.0, 0.0, 0.0, 0.0, 0.0, 0.0, 0.0], "max_pos": 24, "max_act": 6.1992}, {"tokens": [".", " I", " can", " make", " you", " more", " sandwiches", " and", " juice", ".", " But", " first", ",", " let", "'s", " clean", " up", " the", " mess", " together"], "acts": [0.0, 0.0, 0.0, 0.0, 0.0, 0.0, 0.0, 0.0, 0.0, 0.0, 2.0435, 6.1907, 2.0215, 0.0, 0.0, 0.0, 0.0, 0.0, 0.0, 0.0], "max_pos": 11, "max_act": 6.1914}, {"tokens": [" Can", " we", " go", " home", " now", "?\"", "\n", "\n", "Mom", " hugged", " Lily", " and", " said", ",", " \"", "Yes", ",", " we", " can", " go", " home", " now", ".", " But", " first", ",", " we", " have", " to", " clean", " the", " white", " board"], "acts": [0.0, 0.0, 0.0, 0.0, 1.7322, 0.0, 0.0, 0.0, 0.0, 0.0, 0.0, 0.0, 0.0, 0.0, 0.0, 1.5524, 0.0, 0.0, 0.0, 0.0, 0.548, 1.7732, 0.0, 2.2961, 6.1855, 1.2508, 0.0, 0.0, 0.0, 0.0, 0.0, 0.0, 0.0], "max_pos": 24, "max_act": 6.1836}, {"tokens": [" the", " ball", " in", " his", " hand", ".", " He", " looked", " at", " them", " and", " said", ",", " \"", "Sure", ",", " you", " can", " have", " your", " ball", " back", ".", " But", " first", ",", " you", " have", " to", " give", " me", " something", " back"], "acts": [0.0, 0.0, 0.0, 0.0, 0.0, 0.0, 0.0, 0.0, 0.0, 0.0, 0.0, 0.0, 0.0, 0.0, 1.7198, 0.9151, 0.6816, 0.0, 0.0, 0.0, 0.0, 0.0, 0.0, 2.8696, 6.1169, 1.806, 0.0, 0.0, 0.0, 0.0, 0.0, 0.0, 0.0], "max_pos": 24, "max_act": 6.1172}]}