{"id": 624, "density": 0.02623125, "max_act": 4.62890625, "hist": {"edges": [0.01, 0.0133, 0.0178, 0.0237, 0.0316, 0.0422, 0.0562, 0.075, 0.1, 0.1334, 0.1778, 0.2371, 0.3162, 0.4217, 0.5623, 0.7499, 1.0, 1.3335, 1.7783, 2.3714, 3.1623, 4.217, 5.6234, 7.4989, 10.0, 13.3352, 17.7828, 23.7137, 31.6228, 42.1697, 56.2341, 74.9894, 100.0], "counts": [0, 0, 0, 0, 0, 0, 0, 0, 0, 1, 22, 266, 1408, 6484, 16697, 22773, 22365, 17817, 11663, 4750, 668, 11, 0, 0, 0, 0, 0, 0, 0, 0, 0, 0]}, "logit_lens": {"promoted": [[" other", 0.336], [" others", 0.263], [" people", 0.238], [" friends", 0.229], [" our", 0.212], ["'s", 0.204], [" b", 0.201], [" moms", 0.2], ["body", 0.197], [" kids", 0.196]], "suppressed": [["?", 0.328], [" gasped", 0.326], ["ly", 0.304], [" snuggled", 0.295], ["\ufffd", 0.294], [" Inside", 0.291], [" asleep", 0.288], [" medic", 0.286], ["bbed", 0.285], ["iable", 0.284]]}, "examples": [{"tokens": [" the", " past", "els", " onto", " the", " table", " and", " explained", " to", " the", " old", " woman", ",", " \u00e2\u20ac\u0153", "You", " just", " need", " to", " colour", " inside", " the", " l", "ines", ".\u00e2\u20ac", " The", " old", " woman", " tried", " her", " best", " but", " she", " couldn"], "acts": [1.3545, 0.0, 0.0, 0.0, 1.4652, 0.0, 0.0, 0.0, 0.0, 3.2547, 0.0, 0.0, 0.0, 0.0, 0.0, 0.0, 0.0, 0.0, 0.0, 0.0, 0.0, 0.0, 0.0, 0.0, 4.6294, 0.0, 0.0, 0.0, 0.0, 0.0, 0.0, 0.0, 0.0], "max_pos": 24, "max_act": 4.6289}, {"tokens": [" to", " her", ".", " They", " wanted", " to", " enjoy", " the", " op", "era", ".", " \n", "\n", "The", " selfish", " ch", "ara", "c", "ter", " was", " angry", " and", " yelled", " at", " the", " a", "ud", "ience", ".", " She", " wanted", " everyone", " to"], "acts": [0.0, 0.0, 0.0, 0.0, 0.0, 0.0, 0.0, 0.9388, 0.0, 0.0, 0.0, 0.0, 0.0, 2.5928, 0.0, 0.0, 0.0, 0.0, 0.0, 0.0, 0.0, 0.0, 0.0, 0.0, 4.4658, 1.7351, 0.0, 0.8883, 0.0, 0.0, 0.0, 0.7982, 0.0], "max_pos": 24, "max_act": 4.4648}, {"tokens": [" her", " friend", ".", " \u00e2\u20ac\u0153", "I", " told", " you", " it", " was", " a", " bad", " idea", " to", " sit", " on", " the", " edge", " of", " the", " large", " y", "ach", "t", "!\u00e2\u20ac", " The", " young", " girl", " smiled", ",", " feeling", " very", " lucky", "."], "acts": [0.0, 0.0, 0.0, 0.0, 0.0, 0.0, 0.0, 0.0, 0.0, 0.0, 0.0, 0.0, 0.0, 0.0, 0.0, 2.0708, 0.0, 0.0, 1.255, 0.0, 0.0, 0.0, 0.0, 0.0, 4.4123, 0.0, 0.0, 0.0, 0.0, 0.0, 0.0, 0.0, 0.0], "max_pos": 24, "max_act": 4.4141}, {"tokens": [" \"", "What", " are", " you", " doing", "?\"", " So", " the", " angel", " stopped", " running", " and", " was", " embarrassed", ".", "\n", "\n", "The", " angel", " was", " too", " shy", " to", " tell", " the", " man", " what", " it", " was", " doing", ",", " so", " instead"], "acts": [0.0, 0.0, 0.0, 0.0, 0.0, 0.0, 0.0, 4.226, 0.0, 0.0, 0.0, 0.0, 0.0, 0.0, 0.0, 0.0, 0.0, 3.9981, 0.0, 0.0, 0.0, 0.0, 0.0, 0.0, 4.3569, 0.7431, 0.0, 0.0, 0.0, 0.0, 0.0, 0.0, 0.0], "max_pos": 24, "max_act": 4.3555}, {"tokens": [" her", ".", "\n", "\n", "The", " man", " looked", " at", " the", " card", " and", " refused", ".", " He", " said", ",", " \"", "This", " card", " will", " not", " help", " you", ".\"", " The", " girl", " was", " sad", ",", " but", " she", " thanked", " the"], "acts": [0.0, 0.0, 0.0, 0.0, 3.4465, 0.0, 0.0, 0.0, 2.1171, 0.0, 0.0, 0.0, 0.0, 0.0, 0.0, 0.0, 0.0, 0.0, 0.0, 0.0, 0.0, 0.0, 0.0, 0.0, 4.3569, 0.0, 0.0, 0.0, 0.0, 0.0, 0.0, 0.0, 3.6058], "max_pos": 24, "max_act": 4.3555}, {"tokens": [" safe", " place", ",", " little", " one", ".\"", " The", " in", "f", "ant", " felt", " comfort", "ed", " by", " her", " words", " and", " asked", ",", " \"", "Can", " I", " stay", "?\"", " The", " old", " woman", " replied", ",", " \"", "Yes", ",", " you"], "acts": [0.0, 0.0, 0.0, 0.0, 0.0, 0.0, 3.7827, 0.0, 0.0, 0.0, 0.0, 0.0, 0.0, 0.0, 0.623, 0.0, 0.0, 0.0, 0.0, 0.0, 0.0, 0.0, 0.0, 0.0, 4.3167, 0.0, 0.0, 0.0, 0.0, 0.0, 0.0, 0.0, 0.0], "max_pos": 24, "max_act": 4.3164}, {"tokens": [".", " He", " just", " frowned", " and", " dis", "ag", "reed", " with", " everything", " the", " egg", " said", ".", "\n", "\n", "The", " egg", " became", " angry", " and", " yelled", " at", " the", " little", " goat", ",", " who", " just", " looked", " away", "."], "acts": [0.0, 0.0, 0.0, 0.0, 0.0, 0.0, 0.0, 0.0, 0.0, 0.0, 0.0, 0.0, 0.0, 0.0, 0.0, 0.0, 1.9716, 0.0, 0.0, 0.0, 0.0, 0.0, 0.0, 4.2659, 1.8679, 0.0, 0.0, 0.0, 0.0, 0.0, 0.0, 0.0], "max_pos": 23, "max_act": 4.2656}, {"tokens": [" them", ".\"", "\n", "\n", "The", " first", " friend", " was", " so", " excited", ".", " He", " asked", ":", " \"", "Can", " I", " unpack", " my", " bag", " too", "?\"", "\n", "\n", "The", " second", " friend", " said", ":", " \"", "Yes", ",", " of"], "acts": [0.0, 0.0, 0.0, 0.0, 3.9129, 0.0, 0.0, 0.0, 0.0, 0.0, 0.0, 0.0, 0.0, 0.0, 0.0, 0.0, 0.0, 0.0, 0.0, 0.0, 0.0, 0.0, 0.0, 0.891, 4.2423, 1.1968, 0.0, 0.0, 0.0, 0.0, 0.0, 0.0, 0.0], "max_pos": 24, "max_act": 4.2422}, {"tokens": [" nicely", " for", " the", " eggs", ".\"", " The", " rude", " man", " thought", " about", " it", " and", " said", ",", " \"", "Please", " may", " I", " have", " some", " eggs", "?\"", " The", " farmer", " was", " happy", " and", " gave", " the", " rude", " man"], "acts": [0.0, 0.0, 1.1238, 0.0, 0.0, 1.8968, 0.0, 0.0, 0.0, 0.0, 0.0, 0.0, 0.0, 0.0, 0.0, 0.0, 0.0, 0.0, 0.0, 0.0, 0.0, 0.0, 4.2299, 0.0, 0.0, 0.0, 0.0, 0.0, 3.1659, 0.0, 0.6343], "max_pos": 22, "max_act": 4.2305}, {"tokens": [" He", " yelled", " at", " the", " bull", " to", " come", " back", ".", " The", " bull", " ran"], "acts": [0.0, 0.0, 0.0, 4.2023, 0.0, 0.0, 0.0, 0.0, 0.0, 2.4404, 0.0, 0.0], "max_pos": 3, "max_act": 4.2031}, {"tokens": [" to", " the", " market", " to", " buy", " some", " apples", ".", " She", " asked", " the", " sell", "er", ",", " \"", "What", " is", " the", " pri", "ce", " of", " these", " apples", "?\"", " The", " sell", "er", " smiled", " and", " said", ",", " \"", "They"], "acts": [0.0, 0.0, 0.0, 0.0, 0.0, 0.0, 0.0, 0.0, 0.0, 0.0, 3.1715, 0.0, 0.0, 0.0, 0.0, 0.0, 0.0, 0.0, 0.0, 0.0, 0.0, 0.0, 0.0, 0.0, 4.1771, 0.0, 0.0, 0.0, 0.0, 0.0, 0.0, 0.0, 0.0], "max_pos": 24, "max_act": 4.1758}, {"tokens": ["Do", " not", " be", " afraid", ",", " little", " v", "i", "ol", "in", ".", " I", " am", " here", " to", " help", " and", " deliver", " you", " from", " lon", "el", "iness", ".\"", " The", " angel", " smiled", " and", " gave", " the", " v", "i", "ol"], "acts": [0.0, 0.0, 0.0, 0.0, 0.5095, 0.0, 0.0, 0.0, 0.0, 0.0, 0.0, 0.0, 0.0, 0.0, 0.0, 0.0, 0.0, 0.0, 0.0, 0.0, 0.0, 0.0, 0.0, 0.0, 4.1501, 0.0, 0.0, 0.0, 0.0, 3.3458, 0.0, 0.0, 0.0], "max_pos": 24, "max_act": 4.1484}]}