{"id": 639, "density": 0.033639, "max_act": 4.05859375, "hist": {"edges": [0.01, 0.0133, 0.0178, 0.0237, 0.0316, 0.0422, 0.0562, 0.075, 0.1, 0.1334, 0.1778, 0.2371, 0.3162, 0.4217, 0.5623, 0.7499, 1.0, 1.3335, 1.7783, 2.3714, 3.1623, 4.217, 5.6234, 7.4989, 10.0, 13.3352, 17.7828, 23.7137, 31.6228, 42.1697, 56.2341, 74.9894, 100.0], "counts": [0, 0, 0, 0, 0, 0, 0, 0, 2, 61, 514, 2068, 8976, 25060, 32803, 25866, 15367, 9530, 8249, 5613, 447, 0, 0, 0, 0, 0, 0, 0, 0, 0, 0, 0]}, "logit_lens": {"promoted": [[" Ben", 0.588], ["Ben", 0.475], [" Teddy", 0.302], [" Anna", 0.278], [" ", 0.271], [" Molly", 0.266], [" bear", 0.248], [" robot", 0.243], [" Tr", 0.242], [" Tommy", 0.241]], "suppressed": [[" carrots", 0.326], ["ott", 0.326], [" Amy", 0.314], [" carrot", 0.314], [" field", 0.305], [" Sue", 0.292], [" melon", 0.289], [" sheep", 0.287], ["Amy", 0.286], [" farmer", 0.283]]}, "examples": [{"tokens": [" scare", " it", " away", ".", " But", " then", " he", " saw", " the", " bunny", " looking", " stra", "ight", " at", " him", ".", " Ben", " smiled", " and", " asked", " the", " bunny", ";", " ", "\n", "\"", "Hi", " little", " one", ",", " can", " I", " play"], "acts": [0.0, 0.0, 0.0, 3.2396, 1.6483, 0.0, 0.0, 1.0253, 0.0, 0.0, 0.0, 0.0, 0.0, 0.6904, 0.0, 2.9363, 0.0, 0.0, 0.6317, 1.8167, 0.0, 0.0, 0.9246, 0.0, 4.0603, 0.4579, 0.0, 0.0, 0.0, 0.9842, 0.0, 0.0, 0.0], "max_pos": 24, "max_act": 4.0586}, {"tokens": [" the", " air", ",", " and", " the", " elephant", " waved", " its", " trunk", " back", ".", " Ben", " and", " the", " elephant", " were", " s", "ig", "ning", " to", " each", " other", ".", "\n", "\n", "It", " was", " a", " long", " and", " fun", " moment", "."], "acts": [0.0, 0.0, 0.0, 1.5057, 0.0, 0.0, 0.0, 0.0, 0.0, 0.0, 2.1413, 0.0, 2.8141, 0.0, 0.0, 0.0, 0.0, 0.0, 0.0, 0.0, 0.0, 0.0, 2.1001, 1.1613, 3.9954, 0.0, 0.0, 0.0, 0.0, 0.0, 0.0, 0.0, 1.1114], "max_pos": 24, "max_act": 3.9961}, {"tokens": [" lot", ".", " He", " tasted", " the", " fro", "sting", " and", " the", " spr", "ink", "les", ".", " They", " were", " delicious", ".", "\n", "\n", "\"", "Thank", " you", ",", " mom", ",\"", " he", " said", ".", " \"", "This", " is", " the", " best"], "acts": [0.0, 0.7074, 0.0, 0.0, 0.0, 0.0, 0.0, 0.0, 0.0, 0.0, 0.0, 0.0, 0.7417, 0.0, 0.0, 0.0, 0.9104, 0.5275, 2.9034, 0.6112, 0.0, 0.0, 2.6035, 0.0, 3.9723, 0.0, 2.8514, 0.0, 0.0, 0.0, 0.0, 0.0, 0.0], "max_pos": 24, "max_act": 3.9727}, {"tokens": [" smiles", " and", " puts", " the", " flower", " in", " his", " hair", ".", " \"", "You", " are", " pretty", ",", " Anna", ".", " L", "ike", " the", " flower", ".\"", "\n", "\n", "Anna", " and", " Ben", " hug", " and", " kiss", ".", " They", " are", " happy"], "acts": [0.0, 0.0, 0.0, 0.0, 0.0, 0.0, 0.0, 0.0, 0.4294, 0.0, 0.0, 0.4743, 0.0, 2.1665, 0.0, 0.0, 0.0, 0.0, 0.0, 0.0, 1.4548, 0.9053, 2.9678, 0.0, 3.9464, 0.0, 0.6953, 1.4736, 0.0, 0.7005, 0.0, 0.0, 0.0], "max_pos": 24, "max_act": 3.9473}, {"tokens": [" the", " right", " thing", " by", " telling", " me", " about", " the", " thief", ".", " Thank", " you", " for", " keep", "ing", " us", " safe", ".\"", "\n", "\n", "\"", "You", "'re", " welcome", ",\"", " said", " Ben", ".", " He", " was", " so", " happy", " that"], "acts": [0.0, 0.0, 0.0, 0.0, 0.0, 0.0, 0.0, 0.0, 0.0, 0.0, 0.0, 0.0, 0.0, 0.0, 0.0, 0.0, 0.0, 1.5764, 0.7823, 2.8586, 0.7206, 0.0, 0.0, 0.0, 3.9263, 2.9671, 0.0, 0.5014, 0.0, 0.0, 0.0, 0.0, 1.407], "max_pos": 24, "max_act": 3.9258}, {"tokens": [".", " The", " po", "ster", " says", ":", " \"", "Come", " to", " the", " fair", "!", " W", "in", " a", " prize", "!", " H", "ave", " fun", "!\"", "\n", "\n", "Anna", " and", " Ben", " want", " to", " go", " to", " the", " fair", "."], "acts": [0.7843, 0.0, 0.0, 0.0, 0.0, 0.0, 0.0, 0.0, 0.0, 0.0, 0.0, 0.0, 0.0, 0.0, 0.0, 0.0, 0.6719, 0.0, 0.0, 0.0, 1.7816, 1.3374, 2.8721, 0.0, 3.8463, 0.0, 0.7476, 0.8355, 0.0, 0.0, 0.0, 0.0, 0.8475], "max_pos": 24, "max_act": 3.8457}, {"tokens": [" a", " tiny", " g", "ap", " in", " the", " hedge", " and", " was", " surprised", " at", " how", " much", " brighter", " and", " sun", "n", "ier", " the", " other", " side", " was", "!", " \n", "\n", "He", " hopped", " around", " and", " suddenly", " felt", " the", " ground"], "acts": [0.0, 0.0, 0.0, 0.0, 0.0, 0.0, 0.0, 0.7753, 0.0, 0.0, 0.8599, 0.0, 0.0, 0.0, 0.0, 0.0, 0.0, 0.0, 0.0, 0.0, 0.0, 0.0, 2.0824, 0.8175, 3.8334, 0.0, 0.0, 0.0, 1.0155, 0.0, 0.0, 0.0, 0.0], "max_pos": 24, "max_act": 3.834}, {"tokens": ["!", " You", " did", " not", " listen", " to", " me", "!", " You", " are", " very", " bad", "!", " Go", " to", " your", " room", "s", ",", " now", "!\"", "\n", "\n", "Anna", " and", " Ben", " are", " scared", ".", " They", " drop", " their", " toys"], "acts": [0.0, 0.0, 0.0, 0.0, 0.0, 0.0, 0.0, 0.0, 0.0, 0.0, 0.0, 0.0, 0.0, 0.0, 0.0, 0.0, 0.0, 0.0, 0.0, 0.0, 1.6579, 0.9963, 2.0735, 0.0, 3.8083, 0.0, 0.0, 0.0, 0.0, 0.0, 0.0, 0.0, 0.0], "max_pos": 24, "max_act": 3.8086}, {"tokens": [",", " be", " careful", "!\"", " their", " mom", " called", " from", " the", " kitchen", ".", " \"", "Don", "'t", " break", " anything", " or", " hurt", " your", "selves", "!\"", "\n", "\n", "Anna", " and", " Ben", " nodded", ",", " but", " they", " did", " not", " stop"], "acts": [0.0, 0.0, 0.0, 3.1189, 0.9166, 0.0, 0.0, 0.0, 0.0, 0.0, 0.0, 0.0, 0.0, 0.0, 0.0, 0.0, 0.0, 0.0, 0.0, 0.0, 1.6414, 0.0, 2.6326, 0.0, 3.7799, 0.0, 0.0, 0.0, 0.9727, 0.0, 0.0, 0.0, 0.0], "max_pos": 24, "max_act": 3.7793}, {"tokens": [" cannot", " open", " it", ".", "\n", "\n", "\"", "Ben", ",", " stop", " that", "!", " You", " are", " being", " naughty", "!", " P", "ut", " that", " mod", "el", " car", " back", "!\"", " Mom", " shouts", ".", "\n", "\n", "But", " Ben", " does"], "acts": [0.0, 0.0, 0.0, 1.6661, 0.0, 3.4875, 1.0826, 0.0, 1.5395, 0.0, 0.0, 0.0, 0.501, 0.0, 0.0, 0.0, 0.0, 0.0, 0.0, 0.0, 0.0, 0.0, 0.0, 1.0978, 3.7727, 0.0, 0.0, 0.0, 0.0, 2.8128, 2.1441, 0.0, 0.0], "max_pos": 24, "max_act": 3.7734}, {"tokens": ["This", " is", " where", " we", " will", " stay", " for", " a", " week", ",\"", " Mom", " said", ".", " \"", "It", " is", " very", " nice", " and", " cozy", ".\"", "\n", "\n", "Anna", " and", " Ben", " ran", " inside", " and", " looked", " around", ".", " They"], "acts": [0.0, 0.0, 0.0, 0.0, 0.0, 0.0, 0.0, 0.0, 0.0, 2.934, 0.0, 2.3224, 0.5195, 0.0, 0.0, 0.0, 0.0, 0.0, 0.0, 0.0, 0.8942, 0.4535, 2.2656, 0.0, 3.7707, 0.0, 0.0, 0.0, 1.5238, 0.0, 0.0, 0.9515, 0.0], "max_pos": 24, "max_act": 3.7715}, {"tokens": [" lo", "om", "ing", " in", " the", " sky", " before", " they", " walked", " fore", "sh", "adow", "ed", " the", " down", "p", "our", " that", " was", " about", " to", " come", ".", " \n", "\n", "S", "et", "up", " and", " P", "ay", "o", "ff"], "acts": [0.0, 0.0, 0.0, 0.0, 0.0, 0.0, 0.0, 0.0, 0.0, 0.0, 0.0, 0.0, 0.0, 0.0, 0.0, 0.0, 0.0, 0.0, 0.0, 0.0, 0.0, 0.0, 1.9676, 0.0, 3.7215, 0.0, 0.0, 0.0, 1.2367, 0.0, 0.0, 0.0, 0.0], "max_pos": 24, "max_act": 3.7207}]}