{"id": 641, "density": 0.05219125, "max_act": 3.66015625, "hist": {"edges": [0.01, 0.0133, 0.0178, 0.0237, 0.0316, 0.0422, 0.0562, 0.075, 0.1, 0.1334, 0.1778, 0.2371, 0.3162, 0.4217, 0.5623, 0.7499, 1.0, 1.3335, 1.7783, 2.3714, 3.1623, 4.217, 5.6234, 7.4989, 10.0, 13.3352, 17.7828, 23.7137, 31.6228, 42.1697, 56.2341, 74.9894, 100.0], "counts": [0, 0, 0, 0, 0, 0, 0, 0, 0, 0, 36, 616, 6125, 27319, 53790, 57248, 38710, 17977, 5695, 1216, 33, 0, 0, 0, 0, 0, 0, 0, 0, 0, 0, 0]}, "logit_lens": {"promoted": [["ast", 0.357], ["st", 0.339], ["ow", 0.315], ["w", 0.31], ["ong", 0.306], [" warned", 0.303], [" would", 0.302], ["l", 0.301], ["r", 0.3], ["se", 0.298]], "suppressed": [[" blanket", 0.232], [" cold", 0.217], [" clothes", 0.214], [" left", 0.194], [" spot", 0.194], [" okay", 0.192], [" forth", 0.171], [" sorry", 0.165], [" dirty", 0.162], [" toys", 0.157]]}, "examples": [{"tokens": [" would", " take", " a", " walk", " in", " a", " special", " place", ",", " a", " field", " near", " her", " home", ".", " Every", " day", " when", " she", " walked", " in", " this", " field", ",", " she", "'d", " take", " a", " sack", " with", " her", ".", "\n"], "acts": [0.0, 0.0, 0.0, 0.0, 0.0, 0.0, 0.0, 0.0, 1.1557, 0.7115, 0.0, 0.0, 0.8742, 0.0, 0.0, 0.0, 0.0, 0.0, 1.0113, 0.6283, 0.0, 0.0, 0.0, 1.3333, 3.6599, 1.4169, 0.0, 0.0, 0.0, 0.0, 0.0, 0.0, 0.0], "max_pos": 24, "max_act": 3.6602}, {"tokens": [" little", " girl", " named", " S", "ophie", ".", " S", "ophie", " was", " three", " years", " old", " and", " she", " loved", " to", " dream", ".", " Every", " night", ",", " she", " would", " close", " her", " eyes", " and", " dream", " of", " special"], "acts": [0.0, 1.1071, 0.0, 0.0, 0.0, 0.0, 0.0, 0.0, 0.583, 0.0, 0.0, 0.0, 2.1099, 3.1792, 0.6006, 0.0, 0.0, 0.0, 0.7667, 0.0, 0.805, 3.6304, 1.1934, 0.0, 0.0, 0.0, 0.8731, 0.0, 0.0, 0.0], "max_pos": 21, "max_act": 3.6309}, {"tokens": [".", " She", " really", " wanted", " to", " rece", "ive", " her", " first", " bicy", "cle", ".", " K", "ay", "le", "e", " was", " very", " persistent", " and", " worked", " every", " day", ".", " She", " ex", "er", "c", "ised", " her", " mus", "c", "les"], "acts": [0.0, 0.6614, 0.0, 0.0, 0.0, 0.0, 0.0, 0.0, 0.0, 0.0, 0.0, 0.0, 0.0, 0.0, 0.0, 0.0, 0.0, 0.0, 0.0, 2.1541, 0.0, 1.0687, 0.0, 0.0, 3.5328, 0.0, 0.0, 0.0, 0.0, 0.0, 0.0, 0.0, 0.0], "max_pos": 24, "max_act": 3.5332}, {"tokens": [" in", " the", " sky", " and", " she", " sh", "ot", " down", " to", " the", " plan", "et", ","], "acts": [0.0, 0.0, 0.8985, 1.8536, 3.5056, 0.0, 0.0, 0.0, 0.0, 0.0, 0.0, 0.0, 0.0], "max_pos": 4, "max_act": 3.5059}, {"tokens": [" She", " wanted", " to", " play", " with", " it", " and", " have", " fun", "!", "\n", "\n", "The", " little", " girl", " was", " determined", " to", " catch", " an", " otter", ".", " Every", " day", " she", " went", " to", " the", " river", ",", " but", " the", " otter"], "acts": [1.204, 0.0, 0.0, 0.0, 0.0, 0.0, 0.0, 0.0, 0.0, 0.0, 0.0, 0.0, 0.0, 0.0, 0.0, 0.0, 0.0, 0.7289, 0.6138, 0.0, 0.7155, 0.0, 0.5192, 0.0, 3.4882, 0.7364, 0.0, 0.0, 0.0, 1.1367, 2.5049, 0.5296, 1.3153], "max_pos": 24, "max_act": 3.4883}, {"tokens": [" loved", " to", " count", ".", " She", " had", " a", " shiny", " green", " notebook", " in", " which", " she", " kept", " track", " of", " all", " her", " tall", "ies", ".", " Every", " morning", ",", " she", "'d", " take", " out", " her", " notebook", " and", " count", " how"], "acts": [0.0, 0.0, 0.0, 0.0, 1.303, 0.0, 0.0, 0.0, 0.0, 0.0, 0.0, 0.0, 0.0, 0.0, 0.0, 0.0, 0.0, 0.0, 0.0, 0.0, 0.0, 0.0, 0.0, 0.6357, 3.3968, 1.5301, 0.0, 0.0, 0.0, 0.0, 0.0, 0.0, 0.0], "max_pos": 24, "max_act": 3.3965}, {"tokens": [" big", ",", " brown", " house", ".", " Every", " morning", " she", " would", " get", " dress", "ed", " and", " go", " outside", "."], "acts": [0.0, 0.0, 0.0, 0.0, 0.0, 0.0, 0.0, 3.3937, 1.3651, 1.1105, 0.0, 0.0, 0.0, 0.0, 0.0, 0.0], "max_pos": 7, "max_act": 3.3945}, {"tokens": [" tea", ".", " Every", " night", " he", " would", " put", " the", " same", " number", " of", " drop", "s", " of", " jam", " in", " his", " toast", ".", " He", " was", " so", " reliable", ",", " he", " never", " forgot", " how", " many", " drop", "s", " he", " put"], "acts": [0.0, 0.0, 0.0, 0.0, 2.5946, 0.6769, 0.0, 0.0, 0.0, 0.0, 0.0, 0.0, 0.0, 0.0, 0.0, 0.0, 0.0, 0.0, 0.0, 2.2581, 0.9619, 0.0, 0.0, 1.025, 3.3861, 0.8326, 0.644, 0.0, 0.0, 0.0, 0.0, 0.0, 0.0], "max_pos": 24, "max_act": 3.3867}, {"tokens": [".", " Daisy", " was", " only", " three", " years", " old", " and", " she", " loved", " to", " draw", ".", " ", "\n", "One", " day"], "acts": [0.0, 1.2986, 0.0, 0.0, 0.0, 0.0, 0.0, 1.6555, 3.3839, 0.7152, 0.0, 0.0, 0.0, 0.0, 0.0, 0.0, 0.0], "max_pos": 8, "max_act": 3.3848}, {"tokens": [" girl", " was", " very", " happy", ".", " She", " loved", " car", "ing", " for", " the", " little", " plant", " and", " soon", " it", " was", " bigger", " and", " stronger", ".", " Every", " day", " the", " girl", " would", " pick", " a", " few", " flowers", " from", " the", " plant"], "acts": [1.3435, 0.5626, 0.0, 0.0, 0.0, 0.5169, 0.0, 0.0, 0.0, 0.0, 0.0, 0.5271, 0.0, 0.8037, 0.0, 0.0, 0.0, 0.0, 0.0, 0.0, 0.0, 0.0, 0.0, 0.0, 3.366, 1.0388, 1.7659, 0.0, 0.0, 1.0469, 0.0, 0.0, 0.0], "max_pos": 24, "max_act": 3.3652}, {"tokens": [".", " ", "\n", "From", " then", " on", ",", " the", " t", "ur", "key", " was", " kn", "own", " for", " her", " courage", " and", " pr", "ide", ".", " Every", " morning", ",", " she", " would", " wake", " up", " with", " a", " smile", " on", " her"], "acts": [0.0, 0.0, 0.0, 0.0, 0.0, 0.0, 0.0, 0.0, 0.0, 0.0, 1.1843, 1.3625, 0.0, 0.0, 0.0, 0.0, 0.0, 1.4255, 0.0, 0.0, 0.0, 0.0, 0.0, 0.0, 3.3305, 1.128, 0.0, 0.0, 0.0, 0.0, 0.0, 0.0, 0.0], "max_pos": 24, "max_act": 3.3301}, {"tokens": [" a", " little", " girl", " named", " L", "ul", "u", ".", " Every", "day", ",", " she", " went", " on", " a", " walk", " with", " her", " mommy", " and"], "acts": [0.0, 0.0, 0.0, 0.0, 0.0, 0.0, 0.0, 0.0, 0.0, 0.0, 1.009, 3.3241, 0.0, 0.0, 0.0, 0.0, 0.0, 0.0, 0.0, 0.0], "max_pos": 11, "max_act": 3.3242}]}