{"id": 648, "density": 0.04829575, "max_act": 5.03515625, "hist": {"edges": [0.01, 0.0133, 0.0178, 0.0237, 0.0316, 0.0422, 0.0562, 0.075, 0.1, 0.1334, 0.1778, 0.2371, 0.3162, 0.4217, 0.5623, 0.7499, 1.0, 1.3335, 1.7783, 2.3714, 3.1623, 4.217, 5.6234, 7.4989, 10.0, 13.3352, 17.7828, 23.7137, 31.6228, 42.1697, 56.2341, 74.9894, 100.0], "counts": [0, 0, 0, 0, 0, 0, 0, 0, 0, 11, 405, 3402, 10796, 28822, 48059, 46051, 32997, 15728, 5121, 1530, 202, 59, 0, 0, 0, 0, 0, 0, 0, 0, 0, 0]}, "logit_lens": {"promoted": [[" out", 0.237], [" their", 0.206], [" Dad", 0.205], ["as", 0.202], [" were", 0.197], [" both", 0.188], [" all", 0.187], [",", 0.187], [" s", 0.185], [" got", 0.157]], "suppressed": [["ally", 0.402], [" bushes", 0.375], ["ture", 0.34], ["sc", 0.331], [" anyone", 0.306], ["St", 0.306], ["op", 0.3], [" brighter", 0.296], [" flute", 0.282], ["oppy", 0.28]]}, "examples": [{"tokens": ["t", " a", " sing", "le", " sign", " of", " danger", ".", " With", " a", " big", " smile", ",", " she", "<|endoftext|>", "One", " day", ",", " Dad", " and", " M", "ag", "g", "ie", " went", " to", " an", " air", "port", ".", " M", "ag", "g"], "acts": [0.0, 0.0, 0.0, 0.0, 0.0, 0.0, 0.0, 0.0, 0.0, 0.0, 0.0, 0.0, 0.0, 0.0, 0.5177, 0.0, 1.0482, 1.3329, 0.9435, 2.9495, 0.9715, 0.0, 0.0, 1.6671, 5.0342, 1.7986, 0.0, 0.0, 0.0, 1.4353, 0.0, 0.0, 0.0], "max_pos": 24, "max_act": 5.0352}, {"tokens": [".", " He", " would", " always", " remember", " that", " special", " day", " when", " he", " found", " his", " favourite", " pastry", ".", "<|endoftext|>", "One", " day", ",", " Mommy", " and", " J", "am", "el", " went", " to", " the", " store", ".", " It", " was", " a", " big"], "acts": [0.0, 0.0, 0.0, 0.0, 0.0, 0.0, 0.0, 0.0, 0.0, 0.0, 0.0, 0.0, 0.0, 0.0, 0.0, 0.7279, 0.0, 1.0133, 1.3416, 1.3833, 2.5952, 1.5067, 0.0, 1.3414, 4.9965, 1.6186, 0.0, 0.0, 1.1595, 0.8058, 0.0, 0.0, 0.0], "max_pos": 24, "max_act": 4.9961}, {"tokens": [" home", " safely", ".", " She", " was", " very", " brave", " and", " wise", ".", " The", " rich", " princess", " became", " a", " hero", "!", "<|endoftext|>", "One", " day", ",", " Mandy", " and", " Jenny", " went", " to", " the", " park", ".", " They", " saw", " Jim", " jo"], "acts": [0.0, 0.0, 0.0, 0.0, 0.0, 0.0, 0.0, 0.0, 0.0, 0.0, 0.0, 0.0, 0.0, 0.0, 0.0, 0.0, 0.0, 0.4783, 0.0, 1.1646, 1.2831, 0.0, 1.8047, 2.1059, 4.8894, 1.2918, 0.0, 0.501, 1.4518, 1.0901, 0.6136, 0.0, 0.0], "max_pos": 24, "max_act": 4.8906}, {"tokens": [" not", " to", " put", " any", " toys", " down", " the", " dra", "in", ".", "<|endoftext|>", "One", " day", ",", " Mommy", " and", " B", "aby", " went", " to", " the", " g", "ym", ".", " B", "aby", " couldn"], "acts": [0.0, 0.0, 0.0, 0.0, 0.0, 0.0, 0.0, 0.0, 0.0, 0.0, 0.0, 0.0, 0.0, 0.0, 1.0904, 2.4111, 0.975, 1.1339, 4.8371, 1.4277, 0.0, 0.0, 0.0, 1.075, 0.0, 0.0, 0.774], "max_pos": 18, "max_act": 4.8359}, {"tokens": ["iv", "ia", " was", " happy", ".", " She", " clapped", " her", " hands", " and", " said", ",", " \"", "Let", "'s", " eat", "!\".", "<|endoftext|>", "One", " day", ",", " Joe", " and", " Sally", " went", " to", " the", " river", " to", " go", " fis", "hing", "."], "acts": [0.0, 0.0, 0.0, 0.0, 0.0, 0.55, 0.0, 1.025, 0.0, 0.0, 0.0, 0.0, 0.0, 1.1808, 0.8834, 0.5649, 0.0, 0.9757, 0.3883, 1.3668, 1.3667, 1.6864, 2.0945, 2.8543, 4.8376, 1.4344, 0.0, 0.0, 0.0, 1.4026, 0.0, 0.0, 0.8239], "max_pos": 24, "max_act": 4.8359}, {"tokens": [" again", ".", " He", " giggled", " and", " went", " to", " sleep", " with", " a", " big", " smile", " on", " his", " face", ".", "<|endoftext|>", "One", " day", ",", " Bob", " and", " his", " Mummy", " went", " to", " the", " park", ".", " When", " they", " got", " there"], "acts": [0.0, 0.0, 0.0, 0.0, 0.0, 1.241, 0.0, 0.0, 0.0, 0.0, 0.0, 0.0, 0.0, 0.0, 0.0, 0.0, 0.8619, 0.0, 1.2758, 1.4224, 0.9812, 1.6455, 3.085, 2.2096, 4.7931, 1.6399, 0.0, 0.4485, 0.8493, 0.8412, 1.7541, 0.6767, 0.0], "max_pos": 24, "max_act": 4.793}, {"tokens": ["ened", " up", " everyone", "'s", " day", "!", " It", " was", " the", " best", " ever", ",", " for", " sure", ".", "<|endoftext|>", "One", " day", ",", " M", "ay", " and", " her", " mom", " went", " to", " the", " store", ".", " M", "ay", " was", " excited"], "acts": [0.0, 0.0, 0.0, 0.0, 0.0, 0.0, 0.0, 0.0, 0.0, 0.0, 0.0, 0.0, 0.0, 0.0, 0.0, 0.8135, 0.0, 1.1769, 1.4595, 0.0, 0.0, 2.1872, 2.8603, 2.8964, 4.7741, 1.7377, 0.0, 0.0, 1.0258, 0.0, 0.0, 1.044, 0.7264], "max_pos": 24, "max_act": 4.7734}, {"tokens": [" they", " both", " nodded", " their", " head", "s", " in", " ag", "re", "ement", " -", " it", " was", " the", " perfect", " view", ".", "<|endoftext|>", "One", " day", ",", " Mommy", " and", " Johnny", " went", " to", " the", " park", ".", " They", " saw", " a", " tall"], "acts": [0.7722, 0.6427, 0.0, 0.0, 0.0, 0.0, 0.0, 0.0, 0.0, 0.0, 0.0, 0.0, 0.0, 0.0, 0.0, 0.0, 0.0, 0.539, 0.0, 1.3093, 1.3093, 1.2978, 2.373, 2.2322, 4.7607, 1.6142, 0.0, 0.0, 0.9586, 1.3682, 0.8228, 0.0, 0.0], "max_pos": 24, "max_act": 4.7617}, {"tokens": [" glad", " he", " had", " found", " this", " special", " message", " and", " he", " knew", " it", " would", " stay", " with", " him", " forever", ".", "<|endoftext|>", "One", " day", ",", " Jack", " and", " Bob", " went", " to", " the", " park", ".", " When", " they", " arrived", ","], "acts": [0.0, 0.0, 0.0, 0.0, 0.0, 0.0, 0.0, 0.0, 0.0, 0.0, 0.0, 0.0, 0.0, 0.0, 0.0, 0.0, 0.0, 0.9803, 0.0, 1.249, 1.5775, 1.3442, 1.63, 1.813, 4.7569, 1.4312, 0.0, 0.5155, 0.7182, 0.7693, 1.5745, 0.0, 0.9279], "max_pos": 24, "max_act": 4.7578}, {"tokens": [".", " She", " was", " so", " proud", " of", " herself", " and", " she", " had", " a", " lot", " of", " hope", ".", "<|endoftext|>", "One", " day", ",", " Mar", "ia", " and", " her", " mom", " went", " to", " the", " park", ".", " When", " they", " got", " there"], "acts": [0.0, 0.0, 0.0, 0.0, 0.0, 0.0, 0.7867, 0.6546, 0.0, 0.0, 0.0, 0.0, 0.0, 0.0, 0.0, 0.7061, 0.0, 1.304, 1.2625, 0.0, 1.5683, 2.4891, 3.0271, 2.9476, 4.7318, 1.6926, 0.0, 0.0, 0.6461, 0.8357, 1.6008, 0.7175, 0.0], "max_pos": 24, "max_act": 4.7305}, {"tokens": [".", " After", " the", " animals", " had", " been", " re", "le", "ased", ",", " the", " village", " was", " safe", " again", ".", "<|endoftext|>", "One", " day", ",", " Joe", " and", " his", " mom", " went", " to", " the", " store", ".", " Joe", " could", " hard", "ly"], "acts": [0.0, 0.0, 0.0, 0.0, 0.0, 0.0, 0.0, 0.0, 0.0, 0.0, 0.0, 0.0, 0.0, 0.0, 0.0, 0.0, 0.5911, 0.0, 1.3561, 1.3822, 1.4144, 2.039, 3.0563, 2.5468, 4.718, 1.7176, 0.0, 0.0, 0.8334, 0.0, 0.0, 0.0, 0.0], "max_pos": 24, "max_act": 4.7188}, {"tokens": [" then", " went", " inside", " to", " his", " warm", ",", " safe", " bed", " and", " dream", "t", " of", " tomorrow", ".", "<|endoftext|>", "One", " day", ",", " M", "a", "ia", " and", " Jack", " went", " for", " a", " walk", ".", " M", "a", "ia", " wanted"], "acts": [0.0, 1.6891, 0.0, 0.0, 0.0, 0.0, 0.0, 0.0, 0.0, 0.0, 0.0, 0.0, 0.0, 0.0, 0.0, 0.5496, 0.0, 1.1968, 1.1714, 0.0, 0.0, 1.5504, 2.3905, 1.9254, 4.6908, 1.187, 2.5163, 1.0638, 0.7192, 0.0, 0.0, 0.0, 1.2325], "max_pos": 24, "max_act": 4.6914}]}