{"id": 650, "density": 0.0197865, "max_act": 6.078125, "hist": {"edges": [0.01, 0.0133, 0.0178, 0.0237, 0.0316, 0.0422, 0.0562, 0.075, 0.1, 0.1334, 0.1778, 0.2371, 0.3162, 0.4217, 0.5623, 0.7499, 1.0, 1.3335, 1.7783, 2.3714, 3.1623, 4.217, 5.6234, 7.4989, 10.0, 13.3352, 17.7828, 23.7137, 31.6228, 42.1697, 56.2341, 74.9894, 100.0], "counts": [0, 0, 0, 0, 0, 0, 0, 0, 0, 3, 97, 973, 1631, 5335, 13998, 18962, 15651, 9538, 5404, 4067, 2399, 1059, 29, 0, 0, 0, 0, 0, 0, 0, 0, 0]}, "logit_lens": {"promoted": [[" going", 0.279], [" and", 0.238], [".", 0.236], ["et", 0.218], [",", 0.208], [" belong", 0.203], [":", 0.202], [" now", 0.186], ["?", 0.186], [" ple", 0.186]], "suppressed": [["ball", 0.369], ["hing", 0.318], ["als", 0.314], ["ult", 0.291], ["aut", 0.287], ["round", 0.286], [" yawn", 0.286], [" cann", 0.274], [" suc", 0.272], [" bir", 0.269]]}, "examples": [{"tokens": [" and", " smell", "ing", " the", " flowers", ".", " Suddenly", ",", " she", " heard", " a", " f", "ain", "t", " whisp", "er", ".", " She", " couldn", "'t", " tell", " where", " the", " noise", " was", " coming", " from", ",", " so", " she", " decided", " to", " inv"], "acts": [0.0, 0.0, 0.0, 0.0, 0.0, 0.0, 0.0, 0.0, 0.0, 0.0, 0.0, 0.0, 0.0, 0.0, 0.0, 0.0, 0.0, 0.0, 0.0, 0.0, 0.0, 0.0, 0.0, 1.259, 6.0791, 1.658, 4.2596, 0.0, 0.0, 0.0, 0.0, 0.0, 0.0], "max_pos": 24, "max_act": 6.0781}, {"tokens": ["ured", ".", " She", " was", " so", " happy", " and", " proud", " of", " herself", ".", " From", " that", " day", " on", ",", " Lily", " used", " her", " new", " rod", " to", " measure", " everything", " she", " could", " find", ".", "<|endoftext|>", "Once", " upon", " a", " time"], "acts": [0.0, 0.0, 0.0, 0.0, 0.0, 0.0, 0.0, 0.0, 0.0, 0.0, 0.0, 0.0, 0.0, 0.0, 0.0, 0.0, 0.0, 0.0, 0.0, 0.0, 0.0, 0.0, 0.0, 0.0, 6.0441, 2.4674, 0.0, 0.0, 0.0, 0.0, 0.0, 0.0, 0.0], "max_pos": 24, "max_act": 6.043}, {"tokens": [".", " He", " knew", " this", " was", " a", " special", " place", " and", " wanted", " to", " explore", " it", ".", " He", " wanted", " to", " climb", " the", " boat", " and", " see", " what", " treasures", " he", " could", " find", "!", " \n", "\n", "F", "ri", "bble"], "acts": [0.0, 0.0, 0.0, 0.0, 0.0, 0.0, 0.0, 0.0, 0.0, 0.0, 0.0, 0.0, 0.0, 0.0, 0.0, 0.0, 0.0, 0.0, 0.0, 0.0, 0.0, 0.0, 0.0, 1.7229, 6.003, 1.9695, 1.6335, 0.0, 0.0, 0.0, 0.0, 0.0, 0.0], "max_pos": 24, "max_act": 6.0039}, {"tokens": [" Tom", " woke", " up", " from", " his", " sleep", ".", " He", " heard", " the", " noise", " of", " the", " horn", " and", " it", " surprised", " him", ".", " He", " wondered", " where", " the", " noise", " was", " coming", " from", ".", " \n", "\n", "Tom", " decided", " to"], "acts": [0.0, 0.0, 0.0, 0.0, 0.0, 0.0, 0.0, 0.0, 0.0, 0.0, 0.0, 0.0, 0.0, 0.0, 0.0, 0.0, 0.0, 0.8017, 0.0, 0.0, 0.0, 0.0, 0.0, 0.8812, 5.9846, 1.8272, 3.8933, 0.0, 0.0, 0.0, 0.0, 0.0, 0.0], "max_pos": 24, "max_act": 5.9844}, {"tokens": [",", " from", " nowhere", ",", " a", " voice", " said", ",", " \"", "Stop", " jumping", "!\"", " Bob", " looked", " around", ",", " but", " he", " couldn", "'t", " see", " where", " the", " voice", " was", " coming", " from", "."], "acts": [0.0, 0.0, 0.0, 0.0, 0.0, 0.0, 0.0, 0.0, 0.0, 0.0, 0.0, 0.0, 0.0, 0.0, 0.0, 0.0, 0.0, 0.0, 0.0, 0.0, 0.0, 0.0, 0.0, 0.0, 5.9541, 1.6932, 3.8465, 0.0], "max_pos": 24, "max_act": 5.9531}, {"tokens": [" longer", " shy", ".", " She", " loved", " to", " show", " her", " friends", " everything", " she", " could", " make", " with", " paper", "!", "<|endoftext|>", "Once", ","], "acts": [0.0, 0.0, 0.0, 0.0, 0.0, 0.0, 0.0, 0.0, 0.0, 0.0, 5.9411, 2.5552, 0.0, 0.0, 0.0, 0.0, 0.0, 0.0, 0.0], "max_pos": 10, "max_act": 5.9414}, {"tokens": [" A", " smelly", " smell", " was", " coming", ".", " It", " was", " so", " smelly", "!", " They", " both", " looked", " around", ",", " but", " they", " couldn", "'t", " find", " where", " the", " smell", " was", " coming", " from", ".", " Then", " they", " looked", " at", " each"], "acts": [0.0, 0.0, 0.0, 0.0, 0.0, 0.0, 0.0, 0.0, 0.0, 0.0, 0.0, 0.0, 0.0, 0.0, 0.0, 0.0, 0.0, 0.0, 0.0, 0.0, 0.0, 0.0, 0.0, 2.3607, 5.9181, 1.7261, 4.0818, 0.0, 0.0, 0.0, 0.0, 0.0, 0.0], "max_pos": 24, "max_act": 5.918}, {"tokens": [" sign", "!", " \n", "\n", "Gra", "ce", " loved", " to", " sign", " and", " she", " used", " sign", " l", "ang", "u", "age", " to", " tell", " her", " mom", " and", " dad", " everything", " she", " wanted", " to", " say", ".", " She", " could", " even", " sign"], "acts": [0.0, 0.0, 0.0, 0.0, 0.0, 0.0, 0.0, 0.0, 0.0, 0.0, 0.0, 0.0, 0.0, 0.0, 0.0, 0.0, 0.0, 0.0, 0.0, 0.0, 0.0, 0.0, 0.0, 0.0, 5.8646, 0.0, 0.9908, 0.0, 0.0, 0.0, 0.0, 0.0, 0.0], "max_pos": 24, "max_act": 5.8633}, {"tokens": [".", "\n", "\n", "\"", "What", " are", " you", " doing", " here", "?", ",\"", " it", " asked", ".", "\n", "\n", "He", " looked", " around", " to", " see", " where", " the", " voice", " was", " coming", " from", " and", " that", "'s", " when", " he", " saw"], "acts": [0.0, 0.0, 0.0, 0.0, 0.0, 1.1233, 3.0713, 0.0, 0.0, 0.0, 0.0, 0.0, 0.4307, 0.0, 0.0, 0.0, 0.0, 0.0, 0.0, 0.0, 0.0, 0.0, 0.0, 0.0, 5.8548, 1.8373, 4.0981, 0.0, 0.0, 0.0, 0.0, 0.6504, 0.0], "max_pos": 24, "max_act": 5.8555}, {"tokens": [",", " she", " went", " to", " the", " store", " with", " her", " mommy", ".", " Her", " mommy", " told", " her", " that", " they", " didn", "'t", " have", " enough", " money", " to", " buy", " everything", " she", " wanted", ".", " \n", "\n", "Lily", " asked", ",", " \""], "acts": [0.0, 0.0, 0.0, 0.0, 0.0, 0.0, 0.0, 0.0, 0.0, 0.0, 0.0, 0.0, 0.0, 0.0, 0.0, 0.8762, 0.0, 0.0, 0.0, 0.0, 0.0, 0.0, 0.0, 0.0, 5.8185, 0.8008, 0.0, 0.0, 0.0, 0.0, 0.0, 0.0, 0.0], "max_pos": 24, "max_act": 5.8203}, {"tokens": [" upon", " a", " time", ",", " there", " was", " a", " little", " p", "igg", "y", " named", " Bu", "bbles", ".", " Bu", "bbles", " loved", " to", " eat", " and", " chew", " on", " everything", " she", " could", " find", ".", " One", " day", ",", " Bu", "bbles"], "acts": [0.0, 0.0, 0.0, 0.0, 0.2891, 0.0, 0.0, 0.0, 0.0, 0.0, 0.0, 0.0, 0.0, 0.0, 0.0, 0.0, 0.0, 0.0, 0.0, 0.0, 0.0, 0.0, 0.0, 0.0, 5.8, 1.8461, 0.0, 0.0, 0.0, 0.0, 0.0, 0.0, 0.0], "max_pos": 24, "max_act": 5.8008}, {"tokens": ["<|endoftext|>", "Once", " upon", " a", " time", ",", " there", " was", " a", " little", " boy", " named", " Timmy", ".", " Timmy", " loved", " to", " play", " with", " his", " toys", " and", " touch", " everything", " he", " saw", ".", " One", " day", ",", " Timmy", "'s", " mommy"], "acts": [0.0, 0.0, 0.0, 0.0, 0.0, 0.0, 0.0, 0.0, 0.0, 0.0, 0.0, 0.0, 0.0, 0.0, 0.0, 0.0, 0.0, 0.0, 0.0, 0.0, 0.0, 0.0, 0.0, 0.0, 5.8024, 1.1825, 0.0, 0.0, 0.0, 0.0, 0.0, 0.0, 0.0], "max_pos": 24, "max_act": 5.8008}]}