{"id": 652, "density": 0.034558, "max_act": 8.7578125, "hist": {"edges": [0.01, 0.0133, 0.0178, 0.0237, 0.0316, 0.0422, 0.0562, 0.075, 0.1, 0.1334, 0.1778, 0.2371, 0.3162, 0.4217, 0.5623, 0.7499, 1.0, 1.3335, 1.7783, 2.3714, 3.1623, 4.217, 5.6234, 7.4989, 10.0, 13.3352, 17.7828, 23.7137, 31.6228, 42.1697, 56.2341, 74.9894, 100.0], "counts": [0, 0, 0, 0, 0, 0, 0, 0, 0, 0, 6, 126, 1648, 8811, 18343, 22118, 22722, 22112, 19163, 13162, 6564, 2517, 854, 86, 0, 0, 0, 0, 0, 0, 0, 0]}, "logit_lens": {"promoted": [[" also", 0.414], [" tells", 0.364], [" told", 0.335], ["ets", 0.323], ["gether", 0.316], [" explained", 0.307], ["ext", 0.304], ["ll", 0.296], [" showed", 0.294], [" show", 0.293]], "suppressed": [[" snow", 0.218], [" fun", 0.209], [" aw", 0.205], ["appy", 0.196], [" sad", 0.194], [" pain", 0.187], [" wonderful", 0.183], ["ue", 0.181], ["Me", 0.176], [" angry", 0.175]]}, "examples": [{"tokens": [" des", "er", "ve", " to", " have", " the", " f", "ile", " or", " the", " kitten", ".", " She", " said", " they", " had", " to", " learn", " to", " share", " and", " be", " kind", ".", " She", " said", " she", " would", " give", " the", " f", "ile", " and"], "acts": [0.0, 0.0, 0.0, 0.0, 0.0, 0.0, 0.0, 0.0, 0.0, 0.0, 0.0, 0.0, 8.0444, 0.0, 1.7092, 1.1342, 1.377, 0.0, 0.0, 0.0, 0.0, 0.0, 0.0, 0.7456, 8.7553, 0.0, 3.9106, 2.9385, 0.8018, 0.0, 0.0, 0.0, 0.0], "max_pos": 24, "max_act": 8.7578}, {"tokens": [" room", ".", " She", " said", " they", " were", " naughty", " and", " selfish", " and", " spoiled", ".", " She", " said", " they", " was", "ted", " their", " money", " and", " hurt", " each", " other", ".", " She", " said", " they", " had", " no", " more", " toys", " and", " no"], "acts": [0.0, 0.0, 7.4944, 0.0, 1.998, 0.0, 0.0, 0.0, 0.0, 0.0, 0.0, 0.0, 8.4547, 0.0, 2.2833, 0.0, 0.0, 0.0, 0.0, 0.0, 0.0, 0.0, 0.0, 0.0, 8.6537, 0.0, 2.1077, 0.7595, 0.0, 0.0, 0.0, 0.0, 0.0], "max_pos": 24, "max_act": 8.6562}, {"tokens": [" scold", "ed", " them", ".", " She", " told", " them", " to", " go", " back", " to", " the", " library", ".", " She", " said", " they", " had", " to", " pay", " for", " the", " book", ".", " She", " said", " they", " had", " to", " say", " sorry", ".", " She"], "acts": [0.0, 0.0, 0.0, 0.0, 6.6402, 2.484, 0.0, 0.0, 0.0, 0.0, 0.0, 0.0, 0.0, 0.0, 7.6951, 0.0, 1.5666, 0.8607, 0.0, 0.0, 0.0, 0.0, 0.0, 0.0, 8.6385, 0.0, 1.7679, 1.0553, 0.7972, 0.0, 0.0, 0.0, 7.4973], "max_pos": 24, "max_act": 8.6406}, {"tokens": [" She", " fix", "es", " the", " box", " and", " the", " pu", "pp", "ets", ".", " She", " tells", " them", " they", " did", " a", " good", " job", " to", " protect", " their", " theater", ".", " She", " says", " they", " are", " very", " brave", " and", " creative", "."], "acts": [4.7733, 0.0, 0.0, 0.0, 0.0, 0.0, 0.0, 0.0, 0.0, 0.0, 0.0, 5.1205, 2.5111, 0.0, 0.8474, 0.0, 0.0, 0.0, 0.0, 0.0, 0.0, 0.0, 0.0, 0.0, 8.6259, 0.0, 2.2547, 0.0, 0.0, 0.0, 0.0, 0.0, 0.0], "max_pos": 24, "max_act": 8.625}, {"tokens": [" and", " gave", " them", " some", " water", " and", " some", " hats", ".", " She", " told", " them", " that", " the", " tent", " was", " for", " a", " H", "all", "ow", "een", " party", ".", " She", " told", " them", " that", " the", " snake", ",", " the", " spider"], "acts": [0.0, 1.127, 0.0, 0.0, 0.0, 0.0, 0.0, 0.0, 0.5472, 6.8764, 2.5467, 0.0, 0.0, 0.0, 0.0, 0.0, 0.0, 0.0, 0.0, 0.0, 0.0, 0.0, 0.0, 0.96, 8.5746, 3.5585, 0.0, 0.0, 0.0, 0.0, 0.0, 0.0, 0.0], "max_pos": 24, "max_act": 8.5781}, {"tokens": [" glad", " they", " were", " safe", ".", " She", " said", " she", " was", " proud", " of", " them", " for", " trust", "ing", " the", " nice", " lady", " and", " for", " telling", " the", " truth", ".", " She", " said", " she", " would", " call", " the", " police", " and", " try"], "acts": [0.0, 0.0, 0.0, 0.0, 0.0, 6.7471, 0.0, 2.6478, 0.0, 0.0, 0.0, 0.0, 0.0, 0.0, 0.0, 0.0, 0.0, 0.0, 0.0, 0.0, 0.0, 0.0, 0.0, 1.3709, 8.495, 0.0, 3.2624, 2.3257, 0.0, 0.0, 0.0, 0.0, 0.0], "max_pos": 24, "max_act": 8.4922}, {"tokens": [" hug", ".", "\n", "\n", "She", " told", " them", " to", " never", " go", " through", " the", " hole", " again", ".", " She", " told", " them", " to", " stay", " in", " their", " yard", ".", " She", " told", " them", " to", " be", " careful", ".", "\n", "\n"], "acts": [0.0, 0.0, 0.0, 0.0, 5.7773, 2.0749, 0.0, 0.0, 0.7351, 0.0, 0.0, 0.0, 0.0, 0.0, 0.0, 7.8836, 2.3477, 0.0, 0.0, 0.0, 0.0, 0.0, 0.0, 0.0, 8.4142, 3.0401, 0.0, 0.0, 0.0, 0.0, 0.0, 0.0, 0.0], "max_pos": 24, "max_act": 8.4141}, {"tokens": [" scold", "ed", " them", " for", " playing", " with", " fire", " and", " not", " stay", "ing", " together", ".", " She", " said", " fire", " was", " dangerous", " and", " could", " burn", " them", " badly", ".", " She", " said", " they", " should", " never", " go", " near", " fire", " again"], "acts": [0.0, 0.0, 0.0, 0.0, 0.0, 0.0, 0.0, 0.0, 0.8304, 0.0, 0.0, 0.0, 0.0, 7.7346, 0.0, 0.0, 0.0, 0.0, 0.0, 0.0, 0.0, 0.0, 0.0, 0.0, 8.3989, 0.0, 2.1171, 0.0, 0.9126, 0.0, 0.0, 0.0, 0.0], "max_pos": 24, "max_act": 8.3984}, {"tokens": [" gives", " him", " a", " new", " cookie", " and", " a", " glass", " of", " milk", ".", " She", " tells", " him", " he", " can", " eat", " the", " cookie", " with", " her", " and", " dad", ".", " She", " tells", " him", " he", " can", " play", " with", " his", " trains"], "acts": [1.1005, 0.0, 0.0, 0.0, 0.0, 0.9684, 0.0, 0.0, 0.0, 0.0, 0.0, 5.5875, 1.5778, 0.0, 0.0, 0.7802, 0.0, 0.0, 0.0, 0.0, 0.0, 0.0, 0.0, 0.4989, 8.3671, 2.2757, 0.0, 0.0, 1.2035, 0.0, 0.0, 0.0, 0.0], "max_pos": 24, "max_act": 8.3672}, {"tokens": [" they", " were", ".", " The", " teacher", " said", " they", " were", " all", " children", " of", " the", " n", "ation", ".", " She", " said", " they", " were", " all", " good", " and", " kind", ".", " She", " said", " they", " did", " not", " want", " to", " change", "."], "acts": [0.0, 0.0, 0.0, 0.0, 1.3236, 0.0, 0.0, 0.0, 0.0, 0.0, 0.0, 0.0, 0.0, 0.0, 0.0, 7.5036, 0.0, 1.2669, 0.0, 0.0, 0.0, 0.0, 0.0, 0.0, 8.3427, 0.0, 1.6658, 0.0, 0.5276, 1.1942, 0.0, 0.0, 0.0], "max_pos": 24, "max_act": 8.3438}, {"tokens": [" they", " were", " brave", " and", " smart", " and", " kind", ".", "\n", "\n", "She", " also", " told", " them", " they", " should", " be", " careful", " when", " they", " play", " near", " boats", ".", " She", " said", " they", " should", " always", " ask", " before", " they", " go"], "acts": [1.1566, 0.0, 0.0, 0.0, 0.0, 0.0, 0.0, 0.0, 0.0, 0.0, 6.9257, 3.9923, 1.696, 0.0, 1.3808, 0.0, 0.0, 0.0, 0.0, 0.0, 0.0, 0.0, 0.0, 0.7461, 8.3108, 0.0, 1.5847, 0.0, 0.0, 0.0, 0.0, 0.0, 0.0], "max_pos": 24, "max_act": 8.3125}, {"tokens": [" his", " mom", " and", " dad", " smiling", ".", " They", " said", " they", " had", " a", " surprise", " for", " him", ".", " They", " took", " him", " to", " the", " garage", " and", " opened", " the"], "acts": [0.0, 0.0, 0.0, 0.0, 0.0, 0.0, 4.3346, 0.0, 3.0133, 0.0, 0.0, 0.0, 0.0, 0.0, 0.0, 8.1611, 1.3683, 0.827, 0.0, 0.0, 0.0, 0.9557, 0.0, 0.0], "max_pos": 15, "max_act": 8.1641}]}