{"id": 661, "density": 0.0306175, "max_act": 7.703125, "hist": {"edges": [0.01, 0.0133, 0.0178, 0.0237, 0.0316, 0.0422, 0.0562, 0.075, 0.1, 0.1334, 0.1778, 0.2371, 0.3162, 0.4217, 0.5623, 0.7499, 1.0, 1.3335, 1.7783, 2.3714, 3.1623, 4.217, 5.6234, 7.4989, 10.0, 13.3352, 17.7828, 23.7137, 31.6228, 42.1697, 56.2341, 74.9894, 100.0], "counts": [0, 0, 0, 0, 0, 0, 0, 0, 0, 12, 140, 526, 1358, 3827, 9172, 17378, 23333, 27607, 20076, 9925, 5328, 2799, 988, 1, 0, 0, 0, 0, 0, 0, 0, 0]}, "logit_lens": {"promoted": [[" with", 0.352], [" near", 0.269], [" filled", 0.257], [" door", 0.24], [" far", 0.237], [" where", 0.233], [" field", 0.229], [" gate", 0.229], [" in", 0.227], [" full", 0.222]], "suppressed": [["ible", 0.368], [" yourself", 0.324], [" turns", 0.3], [" Mom", 0.273], [" beh", 0.268], [" Sm", 0.266], [" TV", 0.264], ["cing", 0.262], [" jo", 0.254], [" Dad", 0.253]]}, "examples": [{"tokens": [" things", ",", " like", " shiny", " stones", ",", " old", " books", ",", " and", " strange", " noises", ".", "\n", "\n", "They", " walked", " and", " walked", " until", " they", " saw", " a", " big", " cave", ".", " Lily", " wanted", " to", " go", " inside", " and", " see"], "acts": [0.0, 0.0, 0.0, 0.0, 0.0, 0.0, 0.0, 1.9967, 0.0, 0.0, 0.0, 0.0, 0.0, 0.0, 0.0, 0.0, 0.8357, 0.0, 0.6687, 0.0, 0.0, 0.0, 0.8247, 0.6803, 7.7041, 0.0, 0.0, 0.0, 0.0, 0.0, 0.0, 0.0, 0.0], "max_pos": 24, "max_act": 7.7031}, {"tokens": ["\n", "\n", "In", "side", " she", " saw", " a", " big", ",", " scary", " computer", ".", " It", " was", " making", " strange", " noises", " and", " fl"], "acts": [0.0, 0.0, 0.0, 0.0, 0.0, 0.0, 0.0, 0.0, 0.0, 2.3039, 7.4526, 0.0, 0.0, 0.7347, 0.0, 0.0, 0.0, 0.0, 0.0], "max_pos": 10, "max_act": 7.4531}, {"tokens": [" dis", "gu", "is", "ing", " herself", " with", " her", " blue", " pen", ".", "\n", "\n", "Jane", " tr", "und", "led", " off", " until", " she", " arrived", " at", " a", " big", " yellow", " house", ".", " Be", "ing", " curious", " as", " ever", ",", " she"], "acts": [0.0, 0.0, 0.0, 0.0, 0.0, 0.0, 0.0, 0.0, 0.0, 0.0, 0.0, 0.0, 0.0, 0.0, 0.0, 0.0, 0.0, 0.0, 0.0, 0.0, 0.0, 0.0, 0.0, 2.4664, 7.3781, 0.0, 0.0, 0.0, 0.0, 0.0, 0.0, 0.0, 0.0], "max_pos": 24, "max_act": 7.3789}, {"tokens": [" a", " big", " adventure", ".", " She", " packed", " her", " things", " and", " set", " off", ".", "\n", "\n", "H", "olly", " walked", " and", " walked", " until", " she", " found", " a", " big", " house", ".", " She", " thought", " this", " was", " very", " exciting", "!"], "acts": [0.0, 0.0, 1.6513, 0.0, 0.0, 0.0, 0.0, 0.0, 0.0, 0.0, 0.0, 0.0, 0.0, 0.0, 0.0, 0.0, 0.0, 0.0, 0.0, 0.0, 0.0, 0.0, 0.0, 0.7558, 7.3544, 0.0, 0.0, 0.0, 0.0, 0.0, 0.0, 0.0, 0.0], "max_pos": 24, "max_act": 7.3555}, {"tokens": [" upon", " a", " time", ",", " there", " was", " a", " big", " tent", " in", " a", " park", ".", " M", "an", "y", " kids"], "acts": [0.0, 0.0, 1.0309, 0.0, 0.0, 0.0, 0.0, 0.0, 7.3281, 0.0, 0.0, 2.588, 0.0, 0.0, 0.0, 0.0, 0.0], "max_pos": 8, "max_act": 7.3281}, {"tokens": [" saw", " a", " big", " box", " in", " the", " living", " room", ".", " They", " thought", " it"], "acts": [0.0, 0.0, 0.0, 7.3155, 0.0, 1.0855, 0.0, 2.193, 0.0, 0.0, 0.0, 0.0], "max_pos": 3, "max_act": 7.3164}, {"tokens": [".", "\n", "\n", "They", " saw", " a", " big", " tent", " in", " the", " corner", " of", " the", " park", ".", " It"], "acts": [0.0, 0.0, 0.0, 0.0, 0.0, 0.0, 0.0, 7.2933, 0.0, 1.1262, 1.6581, 0.0, 0.0, 0.643, 0.0, 0.0], "max_pos": 7, "max_act": 7.293}, {"tokens": [" One", " day", ",", " they", " found", " a", " big", " box", " in", " the", " garage", ".", " It", " was", " heavy", " and"], "acts": [0.0, 0.0, 0.0, 0.0, 0.0, 0.0, 0.0, 7.2214, 0.0, 1.027, 2.2635, 0.0, 0.4118, 0.0, 0.0, 0.0], "max_pos": 7, "max_act": 7.2227}, {"tokens": [" there", " was", " a", " big", " lake", " and", " a", " little", " boat", ".", " A", " fish", " in"], "acts": [0.0, 0.0, 0.0, 0.0, 7.1806, 0.0, 0.0, 0.0, 2.6431, 0.0, 0.0, 0.0, 0.0], "max_pos": 4, "max_act": 7.1797}, {"tokens": [" playing", " in", " their", " room", ".", " They", " had", " many", " toys", " and", " books", ",", " but", " they", " wanted", " to", " try", " something", " new", ".", " They", " saw", " a", " big", " closet", " with", " many", " clothes", " and", " hang", "ers", ".", " They"], "acts": [0.0, 0.0, 0.0, 0.0, 0.0, 0.0, 0.0, 0.0, 0.6304, 0.0, 0.0, 0.0, 0.0, 0.0, 0.0, 0.0, 0.0, 0.0, 0.0, 0.0, 0.0, 0.0, 0.0, 0.6144, 7.1731, 0.0, 0.0, 1.3349, 0.0, 0.0, 0.7193, 0.0, 0.0], "max_pos": 24, "max_act": 7.1719}, {"tokens": [" One", " day", ",", " she", " found", " a", " big", " box", " in", " her", " backyard", ".", " She", " was", " so", " excited"], "acts": [0.0, 0.0, 0.0, 0.0, 0.0, 0.0, 0.0, 7.0972, 0.0, 0.0, 1.5586, 0.0, 0.0, 0.0, 0.0, 0.0], "max_pos": 7, "max_act": 7.0977}, {"tokens": ["\n", "\n", "The", " brave", " explore", "r", "s", " decided", " to", " follow", " the", " c", "able", " and", " see", " where", " it", " went", ".", " They", " soon", " discovered", " a", " huge", " room", " filled", " with", " treasures", " from", " long", " ag", "o", "!"], "acts": [0.0, 0.0, 0.0, 0.0, 0.0, 0.0, 0.0, 0.0, 0.0, 0.0, 0.0, 0.0, 0.0, 0.0, 0.0, 0.0, 0.0, 0.0, 0.0, 0.0, 0.0, 0.0, 0.0, 0.0, 7.0692, 2.9961, 0.0, 1.1646, 0.0, 0.0, 0.0, 0.0, 0.0], "max_pos": 24, "max_act": 7.0703}]}