{"id": 664, "density": 0.0492635, "max_act": 8.3359375, "hist": {"edges": [0.01, 0.0133, 0.0178, 0.0237, 0.0316, 0.0422, 0.0562, 0.075, 0.1, 0.1334, 0.1778, 0.2371, 0.3162, 0.4217, 0.5623, 0.7499, 1.0, 1.3335, 1.7783, 2.3714, 3.1623, 4.217, 5.6234, 7.4989, 10.0, 13.3352, 17.7828, 23.7137, 31.6228, 42.1697, 56.2341, 74.9894, 100.0], "counts": [0, 0, 0, 0, 0, 0, 0, 0, 0, 0, 5, 100, 788, 4397, 12967, 21792, 23327, 18023, 17534, 23832, 37177, 31436, 5647, 29, 0, 0, 0, 0, 0, 0, 0, 0]}, "logit_lens": {"promoted": [[" legs", 0.28], [" friend", 0.237], [" back", 0.229], [" sister", 0.228], ["Mum", 0.217], ["ination", 0.213], ["ions", 0.2], ["Mummy", 0.197], ["iness", 0.196], ["av", 0.194]], "suppressed": [[" yours", 0.373], [" po", 0.31], ["era", 0.272], [" your", 0.271], [" happening", 0.264], [" means", 0.254], ["aking", 0.252], ["med", 0.247], [" happened", 0.241], ["der", 0.24]]}, "examples": [{"tokens": [" was", " a", " rich", " farmer", ".", " He", " had", " lots", " of", " money", ",", " but", " he", " didn", "'t", " have", " many", " st", "aff", " to", " help", " him", " with", " his", " land", ".", " One", " day", " the", " rich", " farmer", " had", " a"], "acts": [0.0, 0.0, 0.0, 0.0, 0.0, 0.0, 0.0, 0.0, 0.0, 0.0, 0.0, 0.0, 0.0, 0.0, 0.0, 0.0, 0.0, 0.9807, 0.0, 0.0, 0.0, 0.0, 0.0, 0.0, 8.3336, 0.0, 0.0, 0.0, 0.0, 0.0, 0.6265, 0.0, 0.0], "max_pos": 24, "max_act": 8.3359}, {"tokens": [" try", " to", " snee", "ze", " in", " your", " el", "bow", ".", " That", " way", ",", " you", " won", "'t", " spread", " g", "er", "m", "s", " or", " mess", " up", " your", " art", ".\"", "\n", "\n", "Lily", " nodded", ".", " She", " said"], "acts": [0.0, 0.0, 0.0, 0.0, 0.0, 0.0, 5.769, 5.1418, 0.0, 0.0, 0.0, 0.0, 0.0, 0.0, 0.0, 0.0, 0.0, 0.0, 0.0, 0.0, 0.0, 0.0, 0.0, 0.0, 8.0212, 0.0, 0.0, 0.0, 0.0, 0.0, 0.0, 0.0, 0.0], "max_pos": 24, "max_act": 8.0234}, {"tokens": ["\n", "\n", "The", " frog", " smiled", " and", " said", ",", " \"", "There", "'s", " nothing", " wrong", " with", " being", " scared", ",", " just", " always", " be", " brave", " and", " face", " your", " fear", ".", " Everyone", " gets", " scared", " sometimes", ".\"", "\n", "\n"], "acts": [0.0, 0.0, 0.0, 0.0, 0.0, 0.0, 0.0, 0.0, 0.0, 0.0, 0.0, 0.0, 0.0, 0.0, 0.0, 0.0, 0.0, 0.0, 0.0, 0.0, 0.0, 0.0, 0.0, 0.0, 8.0123, 0.0, 0.0, 0.0, 0.0, 0.0, 0.0, 0.0, 0.0], "max_pos": 24, "max_act": 8.0156}, {"tokens": [" their", " imag", "ination", " and", " their", " creat", "iv", "ity", ".", " She"], "acts": [3.4001, 8.0093, 6.0533, 0.0, 0.9917, 6.4854, 4.8529, 4.7915, 0.0, 0.0], "max_pos": 1, "max_act": 8.0078}, {"tokens": [" Soon", " enough", ",", " a", " group", " of", " children", " had", " gathered", " around", " to", " watch", " W", "ill", "'s", " perf", "or", "man", "ce", ".", " They", " all", " thought", " his", " act", "ing", " was", " incredible", " and", " cheered", " him", " on", "!"], "acts": [0.0, 0.0, 0.0, 0.0, 0.0, 0.0, 0.0, 0.0, 0.0, 0.0, 0.0, 0.0, 0.0, 0.0, 0.0, 4.5147, 2.0888, 1.9939, 3.244, 0.0, 0.0, 0.0, 0.0, 0.0, 7.9126, 5.1543, 0.0, 0.0, 0.0, 0.0, 0.0, 0.0, 0.0], "max_pos": 24, "max_act": 7.9141}, {"tokens": [" sky", ".", " He", " loved", " to", " rock", " his", " air", "pl", "ane", " back", " and", " forth", ".", " He", " would"], "acts": [0.0, 0.0, 0.0, 0.0, 0.0, 0.0, 0.0, 7.8858, 3.9797, 4.3106, 0.0, 0.0, 0.0, 0.0, 0.0, 0.0], "max_pos": 7, "max_act": 7.8867}, {"tokens": ["ger", "'s", " daddy", " came", " and", " said", ",", " \"", "N", "ot", " so", " fast", "!", " N", "ext", " time", ",", " add", " coo", "p", "er", "ation", " to", " your", " act", "ions", ".", " You", " can", " do", " more", " if", " you"], "acts": [1.4806, 0.0, 2.5854, 1.3368, 0.0, 0.0, 0.0, 0.0, 0.0, 0.0, 0.0, 0.0, 0.0, 0.0, 0.0, 0.0, 0.0, 0.0, 0.0, 0.0, 0.0, 0.0, 0.0, 0.0, 7.8426, 6.6222, 0.0, 0.0, 0.0, 0.0, 0.0, 0.0, 0.0], "max_pos": 24, "max_act": 7.8438}, {"tokens": [".", " And", " being", " tall", " doesn", "'t", " only", " mean", " being", " high", ".", " It", " means", " helping", " other", " people", " and", " being", " kind", ".", " Your", " smiles", " and", " your", " act", "ions", " can", " make", " you", " high", ".\u00e2\u20ac", "\n", "\n"], "acts": [0.0, 0.0, 0.0, 0.0, 0.0, 0.0, 0.0, 0.0, 0.0, 0.0, 0.0, 0.0, 0.0, 0.0, 0.0, 0.0, 0.0, 0.0, 0.0, 0.0, 0.0, 2.1859, 0.0, 0.0, 7.8298, 6.8541, 0.0, 0.0, 0.0, 0.0, 0.0, 0.0, 0.0], "max_pos": 24, "max_act": 7.8281}, {"tokens": [" about", " the", " bunny", " rabbit", ".", " \n", "\n", "Daisy", " went", " back", " to", " ra", "king", " and", " was", " so", " proud", " of", " herself", " for", " over", "com", "ing", " her", " fear", ".", " Her", " dad", " was", " very", " proud", " too", "."], "acts": [0.0, 0.0, 0.0, 0.0, 0.0, 0.0, 0.0, 0.0, 0.0, 0.0, 0.0, 0.0, 0.0, 0.0, 0.0, 0.0, 0.0, 0.0, 0.0, 0.0, 0.0, 0.0, 0.0, 0.0, 7.8161, 0.0, 0.0, 2.6606, 0.0, 0.0, 0.0, 0.0, 0.0], "max_pos": 24, "max_act": 7.8164}, {"tokens": [" not", " want", " to", " accept", " the", " bad", " rhinoceros", " in", " their", " land", ".", "\n", "\n", "One", " day", ",", " a", " brave"], "acts": [0.0, 0.0, 0.0, 0.0, 0.0, 0.0, 0.0, 0.0, 0.8268, 7.8148, 0.0, 0.0, 0.0, 0.0, 0.0, 0.0, 0.0, 0.0], "max_pos": 9, "max_act": 7.8164}, {"tokens": [" F", "o", "x", " would", " come", " to", " visit", " him", ".", " They", " would", " sit", " with", " M", "ush", "room", " and", " talk", " about", " the", " forest", " and", " their", " fam", "il", "ies", ".", "\n", "\n", "One", " day", ","], "acts": [0.0, 0.0, 0.0, 0.0, 0.0, 0.0, 0.0, 0.0, 0.0, 0.0, 0.0, 0.0, 0.0, 0.0, 0.0, 0.0, 0.0, 0.0, 0.0, 0.0, 0.0, 0.0, 0.0, 7.7703, 4.8232, 4.0602, 0.0, 0.0, 0.0, 0.0, 0.0, 0.0], "max_pos": 23, "max_act": 7.7695}, {"tokens": ["\n", "In", " the", " end", ",", " the", " little", " girl", " had", " a", " wonderful", " time", ".", " She", " was", " so", " proud", " of", " herself", " for", " over", "com", "ing", " her", " fear", ".", " And", " the", " little", " girl", " never", " cried", " again"], "acts": [0.0, 0.0, 0.0, 0.0, 0.0, 0.0, 0.0, 0.0, 0.0, 0.0, 0.0, 0.0, 0.0, 0.0, 0.0, 0.0, 0.0, 0.0, 0.0, 0.0, 0.0, 0.0, 0.0, 0.0, 7.7292, 0.0, 0.0, 0.0, 0.0, 0.0, 0.0, 0.0, 1.4796], "max_pos": 24, "max_act": 7.7305}]}