{"id": 683, "density": 0.02958275, "max_act": 4.87890625, "hist": {"edges": [0.01, 0.0133, 0.0178, 0.0237, 0.0316, 0.0422, 0.0562, 0.075, 0.1, 0.1334, 0.1778, 0.2371, 0.3162, 0.4217, 0.5623, 0.7499, 1.0, 1.3335, 1.7783, 2.3714, 3.1623, 4.217, 5.6234, 7.4989, 10.0, 13.3352, 17.7828, 23.7137, 31.6228, 42.1697, 56.2341, 74.9894, 100.0], "counts": [0, 0, 0, 0, 0, 0, 0, 0, 0, 3, 47, 319, 2422, 8443, 16005, 19178, 18646, 19143, 17573, 11849, 4619, 84, 0, 0, 0, 0, 0, 0, 0, 0, 0, 0]}, "logit_lens": {"promoted": [[" proud", 0.468], [" happy", 0.451], [" cheered", 0.356], [" relieved", 0.354], [" grateful", 0.35], [" thankful", 0.317], [" amazed", 0.314], ["ages", 0.312], [" glad", 0.309], [" excited", 0.303]], "suppressed": [["ze", 0.213], ["le", 0.207], ["orm", 0.203], [" sky", 0.197], [" your", 0.19], [" leaving", 0.19], [" where", 0.186], [" party", 0.182], ["ose", 0.181], [" arrived", 0.178]]}, "examples": [{"tokens": [" you", " qu", "it", "!", " That", " plant", " is", " very", " rare", " and", " if", " you", " pick", " it", ",", " its", " magic", " will", " be", " gone", ".\u00e2\u20ac", "\n", "\n", "Jane", " was", " stuck", ".", " She", " really", " wanted", " to", " show", " her"], "acts": [0.0, 0.0, 0.0, 0.0, 0.0, 0.0, 0.0, 0.0, 0.0, 0.0, 0.0, 0.0, 0.0, 0.0, 0.0, 0.0, 0.0, 0.0, 0.0, 0.0, 0.0, 0.0, 0.0, 0.0, 4.8787, 0.0, 0.4603, 0.0, 0.812, 0.0, 0.0, 0.0, 0.0], "max_pos": 24, "max_act": 4.8789}, {"tokens": [" just", " a", " place", " where", " people", " sometimes", " stay", " who", " have", " done", " wrong", " things", " and", " need", " help", ".\"", "\n", "J", "u", "dy", " was", " still", " a", " little", " scared", ",", " but", " she", " felt"], "acts": [0.0, 0.0, 0.0, 0.0, 0.0, 0.0, 0.0, 0.0, 0.0, 0.0, 0.0, 0.0, 0.0, 0.0, 0.0, 0.0, 0.0, 0.0, 0.0, 0.0, 4.8298, 1.4474, 1.2338, 1.4933, 0.0, 0.0, 1.3174, 0.0, 1.5411], "max_pos": 20, "max_act": 4.8281}, {"tokens": [" \"", "We", " can", " fix", " it", " together", ".", " You", " can", " be", " my", " little", " help", "er", ".\"", " Lily", " was", " happy", " to", " be", " independent", " and", " help", " her", " mom"], "acts": [0.0, 0.0, 0.0, 0.0, 0.0, 0.0, 0.0, 0.0, 0.0, 0.0, 0.0, 0.0, 0.0, 0.0, 0.0, 0.0, 4.7775, 0.7896, 0.0, 0.0, 0.0, 0.0, 0.0, 0.0, 0.0], "max_pos": 16, "max_act": 4.7773}, {"tokens": [" me", " help", " you", ".", " I", " will", " get", " you", " a", " low", " stone", " so", " you", " can", " eas", "ily", " bat", "he", ".\"", "\n", "\n", "The", " little", " boy", " was", " so", " happy", ".", " He", " waited", " patient", "ly", " while"], "acts": [0.0, 0.0, 0.0, 0.0, 0.0, 0.0, 0.0, 0.0, 0.0, 0.0, 0.0, 0.0, 0.0, 0.0, 0.0, 0.0, 0.0, 0.0, 0.0, 0.0, 0.0, 0.0, 0.5277, 0.0, 4.7351, 3.3676, 0.0, 0.0, 0.0, 0.0, 0.0, 0.0, 0.0], "max_pos": 24, "max_act": 4.7344}, {"tokens": [" resp", "ons", "ible", " for", " our", " act", "ions", " and", " be", " p", "un", "ished", " when", " we", " do", " something", " wrong", ".\"", " \n", "\n", "S", "unny", " was", " happy", " that", " his", " Mom", " was", " proud", " of", " him"], "acts": [0.0, 0.0, 0.0, 0.0, 0.0, 0.0, 0.0, 0.0, 0.0, 0.0, 0.0, 0.0, 0.0, 0.0, 0.0, 0.0, 0.0, 0.0, 0.0, 0.0, 0.0, 0.0, 4.6421, 0.5296, 0.0, 0.0, 0.0, 0.8386, 0.0, 0.0, 0.0], "max_pos": 22, "max_act": 4.6406}, {"tokens": ["nt", " they", " were", " able", " to", " use", " them", " to", " fix", " the", " broken", " sack", ".", " The", " family", " was", " so", " happy", " that", " they", " had", " fixed", " the", " sack"], "acts": [0.0, 0.0, 0.0, 0.0, 0.0, 0.0, 0.0, 0.0, 0.0, 0.0, 0.0, 0.0, 0.0, 0.0, 0.0, 4.5661, 3.2208, 0.0, 0.0, 0.0, 0.0, 0.0, 0.0, 0.0], "max_pos": 15, "max_act": 4.5664}, {"tokens": [" all", " of", " my", " stre", "ng", "th", ",", " I", " will", " be", " able", " to", " get", " your", " hel", "ic", "op", "ter", " out", "\".", " \n", "\n", "Jack", "y", " was", " amazed", " and", " said", ",", " \"", "Thank", "s", " a"], "acts": [0.0, 0.0, 0.0, 0.0, 0.0, 0.0, 0.0, 0.0, 0.0, 0.0, 0.0, 0.0, 0.0, 0.0, 0.0, 0.0, 0.0, 0.0, 0.0, 0.0, 0.0, 0.0, 0.0, 0.881, 4.5628, 0.0, 0.0, 0.0, 0.4782, 0.4598, 0.0, 0.0, 0.0], "max_pos": 24, "max_act": 4.5625}, {"tokens": [" can", ",\"", " replied", " her", " mom", ",", " \u00e2\u20ac\u0153", "j", "ust", " be", " careful", " not", " to", " eat", " too", " many", ".\u00e2\u20ac", "\n", "\n", "Daisy", " was", " so", " excited", ".", " She", " excitedly", " picked", " the", " berries"], "acts": [0.0, 0.0, 0.0, 0.0, 0.0, 0.0, 0.0, 0.0, 0.0, 0.0, 0.0, 0.0, 0.0, 0.0, 0.0, 0.0, 0.0, 0.0, 0.0, 0.9563, 4.5575, 3.2982, 0.0, 0.0, 0.0, 0.0, 0.0, 0.0, 0.0], "max_pos": 20, "max_act": 4.5586}, {"tokens": [" excitement", ".", "\n", "\n", "\"", "Let", "'s", " keep", " trying", " different", " things", ",\"", " said", " the", " fairy", ".", "\n", "\n", "D", "ina", " was", " busy", " act", "ing", " and", " pushing", " every", " button", " she"], "acts": [0.0, 0.0, 0.0, 0.0, 0.0, 0.0, 0.0, 0.0, 0.0, 0.0, 0.0, 0.785, 0.0, 0.0, 0.0, 0.0, 0.0, 0.0, 0.0, 0.0, 4.5494, 0.0, 0.0, 0.0, 0.0, 0.0, 0.0, 0.0, 0.0], "max_pos": 20, "max_act": 4.5508}, {"tokens": [" how", " to", " do", " it", " and", " soon", " he", " was", " helping", " the", " people", " organize", " the", " mill", " better", " than", " ever", " before", ".", "\n", "\n", "The", " little", " boy", " was", " so", " happy", " that", " he", " now", " belonged", " at", " the"], "acts": [1.3747, 0.0, 0.0, 0.0, 0.0, 0.0, 0.0, 0.8457, 0.0, 0.0, 0.0, 0.0, 0.0, 0.0, 0.0, 0.0, 0.0, 0.0, 0.0, 0.0, 0.0, 0.0, 0.0, 0.0, 4.5313, 3.443, 0.0, 0.0, 0.0, 0.0, 0.0, 0.0, 0.0], "max_pos": 24, "max_act": 4.5312}, {"tokens": [" app", "re", "ci", "ate", " your", " swings", ",", " even", " if", " I", " don", "'t", " say", " anything", ".", " You", " make", " me", " smile", ".\"", "\n", "\n", "Al", "an", " was", " surprised", ".", " He", " said", ",", " \"", "Re", "ally"], "acts": [0.0, 0.0, 0.0, 0.0, 0.0, 0.0, 0.0, 0.0, 0.0, 0.0, 0.0, 0.0, 0.0, 0.0, 0.0, 0.0, 0.0, 0.0, 0.0, 0.0, 0.0, 0.0, 0.0, 0.0, 4.4875, 0.0, 0.0, 0.0, 0.0, 0.0, 0.0, 0.0, 0.0], "max_pos": 24, "max_act": 4.4883}, {"tokens": [" his", " help", " and", " said", ",", " \"", "You", " have", " done", " a", " great", " thing", " today", ".", " You", " have", " saved", " all", " these", " people", "'s", " letters", ".\"", " John", " was", " so", " happy", ".", " He", " knew", " he", " was", " helping"], "acts": [0.0, 0.0, 0.0, 0.0, 0.0, 0.0, 0.0, 0.0, 0.0, 0.0, 0.0, 0.0, 0.0, 0.0, 0.0, 0.0, 0.0, 0.0, 0.0, 0.0, 0.0, 0.0, 0.0, 0.0, 4.4858, 2.8839, 0.0, 0.0, 0.0, 0.0, 0.0, 1.1021, 0.0], "max_pos": 24, "max_act": 4.4844}]}