{"id": 685, "density": 0.014345, "max_act": 5.76953125, "hist": {"edges": [0.01, 0.0133, 0.0178, 0.0237, 0.0316, 0.0422, 0.0562, 0.075, 0.1, 0.1334, 0.1778, 0.2371, 0.3162, 0.4217, 0.5623, 0.7499, 1.0, 1.3335, 1.7783, 2.3714, 3.1623, 4.217, 5.6234, 7.4989, 10.0, 13.3352, 17.7828, 23.7137, 31.6228, 42.1697, 56.2341, 74.9894, 100.0], "counts": [0, 0, 0, 0, 0, 0, 0, 0, 0, 29, 251, 1388, 2899, 5459, 10011, 11001, 9958, 7454, 4514, 2459, 1580, 374, 3, 0, 0, 0, 0, 0, 0, 0, 0, 0]}, "logit_lens": {"promoted": [[" roof", 0.271], [" heart", 0.261], [" smile", 0.26], ["wn", 0.248], [" sand", 0.228], ["nd", 0.227], ["est", 0.214], [" back", 0.211], [" star", 0.209], [" swing", 0.209]], "suppressed": [["ts", 0.295], [" child", 0.275], [" forth", 0.259], ["C", 0.258], [" fighting", 0.247], [" kids", 0.245], [" year", 0.239], [" years", 0.228], ["ough", 0.225], ["ips", 0.224]]}, "examples": [{"tokens": [" the", " snow", " and", " made", " it", " tall", ".", " He", " added", " a", " roof", ",", " a", " door", "way", " and", " even", " two", " windows", ".", "\n"], "acts": [0.0, 0.0, 0.0, 0.0, 0.0, 0.0, 0.0, 0.0, 0.0, 3.9487, 0.0, 0.0, 5.7709, 0.0, 0.0, 0.0, 0.0, 0.0, 0.0, 0.0, 0.0], "max_pos": 12, "max_act": 5.7695}, {"tokens": [" They", " cut", " paper", " and", " fold", " it", ".", " They", " put", " glue", " on", " the", " ed", "g", "es", " and", " stick", " them", " together", ".", " They", " make", " walls", " and", " a", " floor", ".", " They", " make", " windows", " and", " door", "s"], "acts": [0.0, 0.0, 0.0, 0.0, 0.0, 0.0, 0.0, 0.0, 0.0, 0.0, 0.0, 0.0, 0.0, 0.9913, 0.0, 0.0, 0.0, 0.0, 0.0, 0.0, 0.5346, 0.0, 2.7326, 1.5881, 5.6665, 0.0, 0.0, 0.8572, 0.0, 2.0471, 2.1941, 0.0, 0.0], "max_pos": 24, "max_act": 5.668}, {"tokens": [" the", " rocket", ".", " They", " jump", " and", " bounce", ".", " They", " see", " a", " strange", " creature", ".", " It", " has", " four", " eyes", ",", " s", "ix", " legs", ",", " and", " a", " long", " tail", ".", " It", " is", " green", " and", " fu"], "acts": [0.0, 0.0, 0.0, 0.0, 0.0, 0.0, 0.0, 0.0, 0.0, 0.0, 2.1807, 0.0, 0.0, 0.0, 0.0, 0.0, 0.0, 0.0, 0.0, 0.0, 0.0, 0.0, 0.9514, 0.9762, 5.6543, 1.2728, 0.0, 0.0, 0.0, 0.0, 0.0, 0.0, 0.0], "max_pos": 24, "max_act": 5.6562}, {"tokens": [" new", " with", " the", " blocks", ".", " They", " made", " a", " dog", "-", "ro", "cket", ".", " It", " had", " a", " dog", " head", ",", " a", " rocket", " body", ",", " and", " a", " tail", " that", " could", " shoot", " fire", ".", "\n", "\n"], "acts": [0.0, 0.0, 0.0, 0.0, 0.0, 0.0, 0.0, 1.9481, 0.0, 0.0, 0.0, 0.0, 0.0, 0.0, 0.0, 2.0868, 0.0, 0.0, 0.0, 3.4935, 0.0, 0.0, 0.0, 0.0, 5.5684, 0.0, 0.0, 1.2479, 0.0, 0.0, 0.0, 0.5805, 0.0], "max_pos": 24, "max_act": 5.5703}, {"tokens": [" tap", "ed", " some", " t", "ub", "es", " for", " the", " wheels", " and", " the", " ex", "h", "a", "ust", ".", " They", " drew", " lights", ",", " mir", "r", "ors", " and", " a", " number", " plate", ".", " They", " were", " very", " proud", " of"], "acts": [1.3716, 0.0, 0.0, 0.0, 0.0, 0.0, 0.0, 0.0, 0.0, 0.0, 0.0, 1.1732, 0.0, 0.0, 0.0, 0.0, 0.0, 0.0, 0.0, 1.671, 0.0, 0.0, 0.0, 0.0, 5.5619, 0.0, 0.0, 0.0, 0.0, 0.0, 0.0, 0.0, 0.0], "max_pos": 24, "max_act": 5.5625}, {"tokens": [" and", " lift", " the", " l", "id", ".", " Inside", ",", " they", " see", " a", " shiny", " toy", " car", ".", " It", " has", " four", " wheels", ",", " a", " horn", ",", " and", " a", " ste", "er", "ing", " wheel", ".", " It", " looks", " like"], "acts": [0.0, 0.0, 0.0, 0.0, 0.0, 0.0, 0.0, 0.0, 0.0, 0.0, 1.3644, 0.0, 0.0, 0.0, 0.0, 0.0, 0.0, 0.0, 0.0, 1.3209, 4.9897, 0.0, 1.1503, 1.0288, 5.5062, 0.0, 0.0, 0.0, 0.0, 0.0, 0.0, 0.0, 0.0], "max_pos": 24, "max_act": 5.5078}, {"tokens": [" other", " one", ".", "\n", "\n", "\"", "Look", " at", " my", " p", "al", "ace", "!\"", " Ben", " said", ".", " \"", "It", " has", " a", " lot", " of", " windows", " and", " a", " flag", " and", " a", " door", ".", " It", " is", " the"], "acts": [0.0, 0.0, 0.0, 0.0, 0.0, 0.0, 0.0, 0.0, 0.0, 0.0, 0.0, 0.0, 0.0, 0.0, 0.0, 0.0, 0.0, 0.0, 0.0, 1.9159, 0.0, 0.0, 0.0, 1.2955, 5.5018, 0.0, 0.0, 4.9974, 0.0, 0.0, 0.0, 0.0, 0.0], "max_pos": 24, "max_act": 5.5}, {"tokens": [".", " He", " gets", " his", " crayons", " and", " paper", " and", " draw", "s", " a", " big", " red", " motorcycle", ".", " He", " add", "s", " some", " fl", "ames", " and", " stars", " and", " a", " smile", "y", " face", ".", " He", " shows", " his", " mom"], "acts": [0.0, 0.0, 0.0, 0.0, 0.0, 0.0, 0.0, 0.0, 0.0, 0.0, 3.2811, 1.6266, 1.0315, 0.0, 0.0, 0.0, 0.0, 0.0, 0.0, 0.0, 0.0, 0.0, 0.0, 0.0, 5.4705, 0.0, 0.0, 0.0, 0.0, 0.0, 0.0, 0.0, 0.0], "max_pos": 24, "max_act": 5.4688}, {"tokens": [" snowman", ".", " He", " was", " gone", ".", " All", " they", " saw", " was", " a", " hat", ",", " a", " scarf", ",", " and", " a", " half", "-", "e", "at", "en", " muff", "in", " on"], "acts": [0.0, 0.0, 0.0, 0.0, 0.0, 0.0, 0.0, 0.0, 0.0, 1.0995, 1.8434, 0.0, 0.0, 4.3896, 0.0, 0.0, 0.0, 5.4524, 0.0, 0.0, 0.0, 0.0, 0.0, 0.0, 0.0, 0.0], "max_pos": 17, "max_act": 5.4531}, {"tokens": [" open", " the", " box", " and", " take", " out", " the", " train", ".", " The", " train", " has", " many", " part", "s", ".", " There", " are", " wheels", ",", " tra", "cks", ",", " and", " a", " c", "able", ".", " The", " c", "able", " con", "n"], "acts": [0.0, 0.0, 0.0, 0.0, 0.0, 0.0, 0.0, 0.0, 0.0, 0.0, 0.0, 0.0, 0.0, 0.0, 0.0, 0.0, 0.0, 0.0, 0.0, 1.0977, 0.0, 0.0, 0.0, 0.0, 5.4211, 0.0, 0.0, 0.0, 0.0, 0.0, 0.0, 0.0, 0.0], "max_pos": 24, "max_act": 5.4219}, {"tokens": [" the", " shelf", ".", " He", " ran", " to", " get", " it", " and", " opened", " it", ".", " He", " saw", " a", " picture", " of", " a", " beach", " with", " p", "alm", " trees", " and", " a", " big", " ", "X", ".", "\n", "\n", "\"", "Look"], "acts": [0.0, 0.0, 0.0, 0.0, 0.0, 0.0, 0.0, 0.0, 0.0, 0.0, 0.0, 0.0, 0.0, 0.0, 1.282, 0.0, 0.0, 2.3044, 0.0, 0.0, 0.0, 0.0, 0.0, 0.0, 5.415, 2.5663, 0.0, 0.0, 0.0, 0.5372, 0.0, 0.0, 0.0], "max_pos": 24, "max_act": 5.4141}, {"tokens": [" were", " playing", " in", " the", " sand", " with", " their", " bucket", "s", " and", " sho", "vel", "s", ".", " They", " made", " a", " big", " castle", " with", " towers", " and", " walls", " and", " a", " mo", "at", ".", " They", " were", " very", " happy", " and"], "acts": [0.0, 0.0, 0.0, 0.0, 0.0, 0.0, 0.0, 0.0, 0.0, 0.0, 0.0, 0.0, 0.0, 0.0, 0.0, 0.0, 1.8653, 0.8043, 0.0, 0.0, 0.0, 0.0, 2.2237, 0.8437, 5.3906, 1.3659, 0.0, 0.0, 0.0, 0.0, 0.0, 0.0, 0.0], "max_pos": 24, "max_act": 5.3906}]}