{"id": 692, "density": 0.0928465, "max_act": 8.796875, "hist": {"edges": [0.01, 0.0133, 0.0178, 0.0237, 0.0316, 0.0422, 0.0562, 0.075, 0.1, 0.1334, 0.1778, 0.2371, 0.3162, 0.4217, 0.5623, 0.7499, 1.0, 1.3335, 1.7783, 2.3714, 3.1623, 4.217, 5.6234, 7.4989, 10.0, 13.3352, 17.7828, 23.7137, 31.6228, 42.1697, 56.2341, 74.9894, 100.0], "counts": [0, 0, 0, 0, 0, 0, 0, 0, 0, 5, 75, 707, 2791, 10404, 30893, 59577, 75314, 69486, 53560, 37301, 20915, 8956, 1373, 29, 0, 0, 0, 0, 0, 0, 0, 0]}, "logit_lens": {"promoted": [["erly", 0.362], ["omed", 0.331], ["ep", 0.303], ["ned", 0.287], [" open", 0.281], ["ked", 0.28], ["ed", 0.266], [" wouldn", 0.266], [" everywhere", 0.264], ["ched", 0.263]], "suppressed": [["ons", 0.213], [" friends", 0.173], [" dogs", 0.169], [" toys", 0.168], [" lost", 0.167], ["ory", 0.164], [" lose", 0.162], [" birds", 0.162], ["ife", 0.162], ["This", 0.157]]}, "examples": [{"tokens": [" end", " of", " the", " tunnel", ".", " When", " she", " got", " there", ",", " she", " just", " couldn", "'t", " believe", " what", " she", " saw", ".", " Grandma", " had", " made", " the", " tunnel", " shr", "ink", " to", " fit", " around", " Polly", ",", " making", " it"], "acts": [0.0, 0.0, 0.0, 1.2391, 0.0, 0.0, 0.0, 0.0, 0.0, 0.0, 0.0, 0.0, 0.0, 0.0, 0.0, 0.0, 0.0, 0.0, 0.0, 0.0, 0.0, 0.0, 0.0, 1.1573, 8.7968, 5.1779, 1.2088, 0.0, 0.0, 1.695, 0.0, 0.0, 0.0], "max_pos": 24, "max_act": 8.7969}, {"tokens": [" the", " ant", " for", " the", " clever", " suggest", "ion", ".", " From", " then", " on", ",", " he", " was", " extra", " careful", " with", " his", " toys", " and", " never", " made", " the", " hole", " shr", "ink", " again", ".", "<|endoftext|>", "Once", " upon", " a", " time"], "acts": [0.0, 0.0, 0.0, 0.0, 0.0, 0.0, 1.538, 0.0, 0.0, 0.6937, 0.0, 0.0, 0.0, 0.0, 0.0, 0.0, 0.0, 0.0, 0.0, 0.0, 0.0, 0.0, 0.0, 2.1746, 8.6702, 4.9873, 0.0, 0.0, 0.0, 0.0, 0.0, 0.0, 0.0], "max_pos": 24, "max_act": 8.6719}, {"tokens": [" pen", " had", " a", " special", " power", ".", " It", " could", " make", " things", " shr", "ink", ".", " When", " Tom", " drew", " on", " the", " wall"], "acts": [3.7555, 0.0, 1.1659, 1.568, 0.0, 0.0, 0.0, 0.0, 0.0, 2.0458, 8.5791, 5.5489, 0.0, 0.0, 0.0, 0.0, 0.0, 0.0, 0.0], "max_pos": 10, "max_act": 8.5781}, {"tokens": ["!\"", "\n", "\n", "And", " that", "'s", " how", " Mike", " and", " Jane", " made", " the", " fl", "ame", " shr", "ink", " away", ".", " The", " room", " looked", " much", " tid"], "acts": [0.0, 0.0, 0.0, 0.0, 0.0, 0.0, 0.0, 0.0, 0.0, 0.0, 0.0, 0.0, 0.0, 0.0, 8.5554, 4.831, 2.4291, 0.0, 0.0, 0.0, 2.0509, 3.0515, 2.4814], "max_pos": 14, "max_act": 8.5547}, {"tokens": [" until", " the", " fl", "ame", " was", " gone", ".", " \n", "\n", "Jane", ":", " \"", "Look", " Mike", ",", " we", " did", " it", "!", " We", " made", " the", " fl", "ame", " shr", "ink", " away", " with", " our", " tidy", " toys", "!\"", " "], "acts": [0.0, 0.0, 0.0, 0.0, 1.1179, 3.8545, 0.0, 0.0, 0.0, 0.0, 0.0, 0.0, 0.0, 0.0, 0.0, 0.0, 0.0, 0.0, 0.0, 0.0, 0.0, 0.0, 0.0, 0.0, 8.3824, 5.3425, 2.5529, 0.0, 0.0, 0.0, 0.0, 0.0, 0.0], "max_pos": 24, "max_act": 8.3828}, {"tokens": [" the", " surf", "ace", " of", " the", " water", " adm", "ir", "ing", " the", " different", " fish", " and", " colorful", " sea"], "acts": [0.0, 0.0, 2.4131, 1.8473, 1.5537, 0.0, 8.2682, 4.3923, 3.463, 0.0, 0.0, 0.0, 0.0, 0.0, 0.0], "max_pos": 6, "max_act": 8.2656}, {"tokens": [" all", " the", " time", ".", " All", " the", " people", " in", " the", " house", " were", " so", " pleased", " they", " had", " the", " purple", " m", "op", " keep", "ing", " their", " floor", "s", " squ", "e", "ak", "y", " clean", ".", "\n", "\n", "The"], "acts": [1.713, 0.6569, 0.0, 0.0, 0.0, 0.0, 0.0, 0.0, 0.0, 0.0, 0.0, 0.0, 0.0, 0.0, 0.0, 0.0, 0.0, 1.4928, 0.0, 3.0095, 0.0, 0.0, 1.9578, 5.3385, 8.1812, 5.2666, 5.9196, 4.0813, 1.3461, 0.0, 0.0, 0.0, 0.0], "max_pos": 24, "max_act": 8.1797}, {"tokens": [" the", " way", ",", " she", " found", " a", " cave", ".", " It", " was", " dark", " so", " she", " lit", " a", " candle", " and", " its", " light", " made", " the", " cave", " walls", " glow", ".", " Lucy", " was", " so", " excited", "!", " The", " cave"], "acts": [0.0, 0.0, 0.0, 0.0, 0.0, 0.0, 1.483, 0.0, 0.0, 0.0, 1.2152, 1.164, 0.6878, 0.0, 0.9378, 1.2988, 0.0, 0.0, 1.7067, 1.7113, 0.0, 1.8646, 6.7783, 8.1623, 0.0, 0.0, 0.0, 0.0, 0.0, 0.0, 0.0, 0.0], "max_pos": 23, "max_act": 8.1641}, {"tokens": [" hole", " for", " them", " to", " hide", " in", ".", " But", " one", " day", ",", " he", " was", " playing", " with", " a", " new", " toy", ",", " and", " it", " made", " the", " hole", " shr", "ink", "!", "\n", "\n", "The", " animals", " were", " so"], "acts": [0.0, 0.0, 0.0, 0.7886, 0.0, 0.0, 0.0, 0.0, 0.0, 0.0, 0.0, 0.0, 0.0, 0.0, 0.0, 0.0, 0.0, 0.0, 0.0, 0.0, 0.0, 0.9775, 0.0, 2.7269, 8.1185, 5.1289, 0.0, 0.0, 0.0, 0.0, 0.0, 0.0, 0.0], "max_pos": 24, "max_act": 8.1172}, {"tokens": [" smiled", " at", " him", ".", "\n", "\n", "Mommy", " came", " back", " carrying", " a", " big", " bag", " of", " pow", "der", ".", " H", "en", "ry", " felt", " his", " fe", "ars", " melt", "ing", " away", ".", " Mommy", " put", " her", " arm", " around"], "acts": [0.9535, 0.0, 0.0, 0.0, 0.0, 0.0, 0.0, 0.0, 0.0, 0.0, 0.0, 0.5412, 1.6026, 0.0, 0.0, 1.2197, 0.0, 0.0, 0.0, 0.0, 0.0, 0.0, 0.0, 2.6209, 8.0235, 5.6919, 3.58, 0.0, 0.0, 0.0, 0.0, 1.0129, 0.0], "max_pos": 24, "max_act": 8.0234}, {"tokens": [" read", " music", " and", " play", " s", "imp", "le", " tun", "es", ".", " Lucy", " practiced", " every", " day", " until", " it", " was", " time", " for", " the", " v", "i", "ol", "in", " rec", "ital", ".", " When", " her", " turn", " came", " she", " played"], "acts": [0.0, 0.0, 0.0, 0.0, 1.9874, 1.2583, 1.489, 0.0, 0.0, 0.0, 0.0, 0.0, 0.0, 0.0, 0.0, 0.0, 0.0, 0.0, 0.0, 0.0, 0.0, 0.0, 0.0, 0.0, 7.996, 1.6021, 0.0, 0.0, 0.0, 0.0, 0.0, 0.0, 0.0], "max_pos": 24, "max_act": 7.9961}, {"tokens": [" saw", " what", " Lily", " did", " and", " shouted", ".", " \"", "Hey", ",", " what", " are", " you", " doing", "?", " St", "op", " it", "!", " You", " are", " making", " my", " car", " shr", "ink", "!\"", "\n", "\n", "Lily", " laughed", ".", " She"], "acts": [0.0, 0.0, 0.0, 0.0, 0.0, 0.0, 0.0, 0.0, 0.0, 0.0, 0.0, 0.0, 0.0, 0.0, 0.0, 0.0, 0.0, 0.0, 0.0, 0.0, 0.0, 0.0, 0.0, 0.0, 7.9495, 4.1973, 0.0, 0.0, 0.0, 0.0, 0.7851, 0.0, 0.0], "max_pos": 24, "max_act": 7.9492}]}