{"id": 70, "density": 0.01217025, "max_act": 7.546875, "hist": {"edges": [0.01, 0.0133, 0.0178, 0.0237, 0.0316, 0.0422, 0.0562, 0.075, 0.1, 0.1334, 0.1778, 0.2371, 0.3162, 0.4217, 0.5623, 0.7499, 1.0, 1.3335, 1.7783, 2.3714, 3.1623, 4.217, 5.6234, 7.4989, 10.0, 13.3352, 17.7828, 23.7137, 31.6228, 42.1697, 56.2341, 74.9894, 100.0], "counts": [0, 0, 0, 0, 0, 0, 0, 0, 0, 0, 4, 64, 788, 3561, 6524, 7265, 6848, 5984, 5476, 5247, 4325, 2281, 312, 2, 0, 0, 0, 0, 0, 0, 0, 0]}, "logit_lens": {"promoted": [["ant", 0.359], [" You", 0.346], ["ized", 0.328], [" OK", 0.315], ["There", 0.312], ["ident", 0.31], ["ted", 0.304], ["old", 0.295], [" mean", 0.293], [" And", 0.292]], "suppressed": [["ow", 0.225], [" win", 0.207], [" ple", 0.194], [" resc", 0.187], [" soon", 0.187], [" find", 0.183], [" ag", 0.181], [" be", 0.177], [" miss", 0.173], [" laugh", 0.169]]}, "examples": [{"tokens": [" you", " doing", "?", " You", " are", " not", " supp", "o", "sed", " to", " att", "ach", " stickers", " to", " your", " toys", ".", " You", " are", " supp", "o", "sed", " to", " play", " nicely"], "acts": [0.0, 0.0, 5.5223, 0.0, 0.0, 0.0, 0.0, 1.6034, 0.0, 0.0, 0.0, 0.0, 0.0, 0.0, 0.0, 0.0, 7.5471, 0.0, 0.0, 0.0, 0.0, 0.0, 0.0, 0.0, 0.0], "max_pos": 16, "max_act": 7.5469}, {"tokens": [" not", " mad", " at", " you", ".", " But", " you", " should", " not", " touch", " things", " that", " are", " not", " yours", ".", " And", " you", " should", " not", " climb", " on", " chair", "s", ".", " You", " could", " fall", " and", " get", " hurt", ".", " The"], "acts": [0.0, 0.0, 0.0, 0.0, 5.546, 0.0, 0.0, 0.0, 0.0, 0.0, 0.0, 1.0505, 1.3806, 0.0, 0.0, 7.4124, 1.699, 0.0, 0.0, 0.0, 0.0, 0.0, 0.0, 0.0, 7.5044, 0.0, 0.0, 0.0, 0.0, 0.0, 0.0, 5.8939, 0.0], "max_pos": 24, "max_act": 7.5039}, {"tokens": [" mess", ".", " And", " you", " have", " to", " go", " to", " your", " room", ".", " No", " cake", " and", " candy", " for", " you", ".", " No", " toys", " and", " books", " for", " you", ".", " On", "ly", " bed", " for", " you", ".\"", "\n", "\n"], "acts": [0.0, 5.5503, 1.1243, 0.0, 0.7823, 0.0, 0.0, 0.0, 0.0, 0.0, 5.7263, 0.0, 0.0, 0.0, 0.0, 0.0, 0.0, 6.9938, 0.0, 0.0, 0.0, 0.0, 0.0, 0.0, 7.3674, 0.0, 0.0, 0.0, 0.0, 0.0, 1.1005, 0.0, 0.0], "max_pos": 24, "max_act": 7.3672}, {"tokens": [" and", " the", " toys", " and", " said", ":", "\n", "\n", "\"", "Tim", ",", " Sam", ",", " what", " are", " you", " doing", "?", " The", "se", " toys", " are", " not", " yours", ".", " They", " belong", " to", " your", " grandpa", ".", " He", " gave"], "acts": [0.0, 0.0, 0.0, 0.0, 0.0, 0.0, 0.483, 0.0, 0.0, 0.0, 0.0, 0.0, 0.0, 0.0, 0.0, 0.0, 0.0, 4.5838, 0.0, 0.0, 0.0, 0.0, 0.0, 0.0, 7.3169, 0.0, 0.0, 0.0, 0.0, 0.0, 6.0389, 0.0, 0.0], "max_pos": 24, "max_act": 7.3164}, {"tokens": [" was", " an", " accident", ".", " You", " did", " not", " mean", " to", " make", " a", " mess", ".", " But", " you", " should", " not", " play", " with", " things", " that", " are", " not", " yours", ".", " You", " should", " ask", " first", ".", " And", " you", " should"], "acts": [0.0, 0.0, 0.0, 2.0531, 0.0, 0.0, 0.0, 0.0, 0.0, 0.0, 0.0, 0.0, 5.1555, 0.0, 0.0, 0.0, 0.0, 0.0, 0.0, 0.0, 0.6737, 1.0932, 0.0, 0.0, 7.186, 0.0, 0.0, 0.0, 0.0, 5.251, 1.1387, 0.0, 0.0], "max_pos": 24, "max_act": 7.1875}, {"tokens": [" Lily", ".", " It", "'s", " a", " drink", " for", " grown", "-", "up", "s", ",", " not", " for", " kids", ".", " You", " should", " not", " touch", " it", " or", " drink", " it", ".", " It", " can", " make", " you", " sick", " and", " burn", " your"], "acts": [0.0, 2.4001, 0.0, 0.0, 0.0, 0.0, 0.0, 0.0, 0.0, 0.0, 0.0, 0.0, 0.0, 0.0, 0.0, 5.1754, 0.0, 0.0, 0.0, 0.0, 0.0, 0.0, 0.0, 0.0, 7.1554, 0.0, 0.0, 0.0, 0.0, 0.0, 0.0, 0.0, 0.0], "max_pos": 24, "max_act": 7.1562}, {"tokens": ["\"", "Lily", ",", " what", " are", " you", " doing", "?\"", " she", " asked", ".", " \"", "Why", " did", " you", " touch", " the", " eggs", "?", " They", " were", " not", " for", " you", ".", " They", " were", " for", " breakfast", ".", " You", " made", " a"], "acts": [0.0, 0.0, 0.0, 0.0, 0.0, 0.0, 0.0, 0.0, 0.0, 0.0, 0.0, 1.1521, 0.0, 0.0, 0.0, 0.0, 0.0, 0.0, 4.7532, 0.0, 0.0, 0.0, 0.0, 0.0, 7.0243, 0.0, 0.0, 0.0, 0.0, 5.4947, 0.0, 0.0, 0.0], "max_pos": 24, "max_act": 7.0234}, {"tokens": ["\n", "\"", "Well", ",", " you", " should", " always", " ask", " before", " you", " touch", " other", " people", "'s", " things", ".", " And", " you", " should", " not", " play", " with", " hidden", " boxes", ".", " They", " might", " be", " dangerous", " or", " dirty", ",\"", " he"], "acts": [0.0, 0.0, 0.0, 0.0, 0.0, 0.0, 0.0, 0.0, 0.0, 0.0, 0.0, 0.0, 0.0, 0.0, 0.0, 4.8119, 1.0846, 0.0, 0.0, 0.0, 0.0, 0.0, 0.0, 0.0, 6.9887, 0.0, 0.0, 0.0, 0.0, 0.0, 2.1347, 0.4487, 0.0], "max_pos": 24, "max_act": 6.9883}, {"tokens": [" are", " you", " doing", "?", " Why", " are", " you", " making", " such", " a", " noise", "?", " Why", " are", " you", " making", " such", " a", " mess", "?", " You", " are", " not", " cooking", ".", " You", " are", " fighting", ".", " You", " are", " not", " a"], "acts": [0.0, 0.0, 0.0, 4.32, 1.2478, 0.0, 0.0, 0.0, 0.0, 0.0, 0.0, 5.09, 1.4524, 0.0, 0.0, 0.0, 0.0, 0.0, 0.0, 5.0875, 0.0, 0.0, 0.0, 0.0, 6.9827, 0.0, 0.0, 0.0, 6.1864, 0.0, 0.0, 0.0, 0.0], "max_pos": 24, "max_act": 6.9844}, {"tokens": [" you", " should", " not", " take", " things", " that", " are", " not", " yours", ".", " That", "'s", " not", " nice", ".\"", "\n", "\n", "Ben"], "acts": [0.0, 0.0, 0.0, 0.0, 0.0, 0.0, 1.0399, 0.0, 0.0, 6.9334, 0.0, 0.0, 0.0, 0.0, 1.4508, 0.0, 0.0, 0.0], "max_pos": 9, "max_act": 6.9336}, {"tokens": [",", " what", " did", " you", " do", "?", " You", " cannot", " write", " on", " the", " wall", ".", " That", " is", " bad", ".", " The", " wall", " is", " not", " for", " wr", "iting", ".", " The", " paper", " is", " for", " wr", "iting", ".", " You"], "acts": [0.0, 0.0, 0.0, 0.0, 0.0, 4.2213, 0.0, 0.0, 0.0, 0.0, 0.0, 0.0, 6.6641, 0.0, 0.0, 0.0, 5.7476, 0.0, 0.0, 0.0, 0.0, 0.0, 0.0, 0.0, 6.9297, 0.0, 0.0, 0.0, 0.0, 0.0, 0.0, 5.3451, 0.0], "max_pos": 24, "max_act": 6.9297}, {"tokens": ["'t", " paint", " on", " everything", ".", " Some", " things", " are", " not", " for", " painting", ".", " You", " have", " to", " ask", " before", " you", " touch", " something", " that", " is", " not", " yours", ".", " Do", " you", " understand", "?\"", "\n", "\n", "Lily", " nodded"], "acts": [0.0, 0.0, 0.0, 0.0, 5.4031, 0.0, 0.0, 0.0, 0.0, 0.0, 0.0, 6.1613, 0.0, 0.0, 0.0, 0.0, 0.0, 0.0, 0.0, 0.0, 0.0, 0.0, 0.0, 0.0, 6.9125, 0.0, 0.0, 0.0, 0.0, 0.0, 0.0, 0.0, 0.0], "max_pos": 24, "max_act": 6.9141}]}