{"id": 707, "density": 0.01291875, "max_act": 4.796875, "hist": {"edges": [0.01, 0.0133, 0.0178, 0.0237, 0.0316, 0.0422, 0.0562, 0.075, 0.1, 0.1334, 0.1778, 0.2371, 0.3162, 0.4217, 0.5623, 0.7499, 1.0, 1.3335, 1.7783, 2.3714, 3.1623, 4.217, 5.6234, 7.4989, 10.0, 13.3352, 17.7828, 23.7137, 31.6228, 42.1697, 56.2341, 74.9894, 100.0], "counts": [0, 0, 0, 0, 0, 0, 0, 0, 0, 0, 14, 94, 1060, 4599, 10902, 13896, 10577, 5759, 2443, 1753, 572, 6, 0, 0, 0, 0, 0, 0, 0, 0, 0, 0]}, "logit_lens": {"promoted": [[" soon", 0.35], [" long", 0.29], [".", 0.268], [" from", 0.266], [" fun", 0.248], ["o", 0.238], [" important", 0.232], [" distance", 0.219], [" quickly", 0.215], ["or", 0.214]], "suppressed": [[" higher", 0.355], ["ic", 0.353], ["nd", 0.315], ["iz", 0.302], ["ss", 0.263], ["iss", 0.251], [" flour", 0.248], ["ke", 0.247], [" especially", 0.246], ["orry", 0.244]]}, "examples": [{"tokens": [" He", " loved", " to", " play", " outside", " and", " explore", " nature", ".", " One", " day", ",", " while", " he", " was", " playing", ",", " he", " saw", " a", " big", " torn", "ado", " coming", " towards", " his", " town", ".", " Timmy", " was", " scared", " and", " didn"], "acts": [0.0, 0.0, 0.0, 0.0, 0.0, 0.0, 0.0, 0.0, 0.0, 0.0, 0.0, 0.0, 0.0, 0.0, 0.0, 0.0, 0.0, 0.0, 0.0, 0.0, 0.0, 0.0, 0.0, 3.219, 4.7975, 0.0, 0.0, 0.0, 0.0, 0.0, 0.0, 0.0, 0.0], "max_pos": 24, "max_act": 4.7969}, {"tokens": ["<|endoftext|>", "Anna", " and", " Ben", " were", " twins", " who", " liked", " to", " play", " outside", ".", " They", " liked"], "acts": [0.0, 0.0, 0.0, 0.0, 0.0, 4.483, 1.8491, 0.9198, 0.0, 0.0, 0.0, 0.0, 0.0, 0.0], "max_pos": 5, "max_act": 4.4844}, {"tokens": ["ull", " that", " was", " very", " hard", " and", " old", ".", " Lily", "'s", " mom", " told", " her", " that", " it", " belonged", " to", " a", " dinosaur", " a", " long", ",", " long", " time", " ag", "o", ".", " \n", "\n", "Lily", " thought", " it", " was"], "acts": [0.0, 0.0, 0.0, 0.0, 0.0, 0.0, 0.0, 0.0, 0.0, 0.0, 0.0, 0.0, 0.0, 0.0, 0.0, 0.0, 0.9369, 0.0, 0.0, 0.0, 0.0, 0.0, 0.0, 0.0, 4.2513, 0.0, 0.0, 0.0, 0.0, 0.0, 0.0, 0.0, 0.0], "max_pos": 24, "max_act": 4.25}, {"tokens": [" to", " his", " mom", ".", " She", " told", " him", " that", " it", " was", " just", " a", " bone", " from", " a", " long", " time", " ag", "o", " and", " that", " there", " was", " nothing", " to", " be"], "acts": [0.0, 0.0, 0.0, 0.0, 0.0, 0.0, 0.0, 0.0, 0.0, 0.0, 0.0, 0.0, 0.0, 0.0, 0.0, 0.0, 0.0, 4.2378, 0.0, 0.0, 0.0, 0.0, 0.0, 0.0, 0.0, 0.0], "max_pos": 17, "max_act": 4.2383}, {"tokens": ["<|endoftext|>", "Tom", " and", " Mia", " were", " twins", " who", " liked", " to", " go", " on", " walks", " with", " their"], "acts": [0.0, 0.0, 0.0, 0.0, 0.0, 4.23, 1.7362, 0.9585, 0.0, 0.0, 0.0, 0.0, 0.0, 0.0], "max_pos": 5, "max_act": 4.2305}, {"tokens": [".", "<|endoftext|>", "Lily", " and", " Ben", " were", " twins", " who", " liked", " to", " play", " together", ".", " One", " day"], "acts": [0.0, 0.0, 0.0, 0.0, 0.0, 0.0, 4.2206, 1.6854, 0.0, 0.0, 0.0, 0.0, 0.0, 0.0, 0.0], "max_pos": 6, "max_act": 4.2188}, {"tokens": [" were", " twins", " who", " liked", " to", " play", " with", " their", " toys", "."], "acts": [0.0, 4.2148, 0.6397, 0.0, 0.0, 0.0, 0.0, 0.0, 0.0, 0.0], "max_pos": 1, "max_act": 4.2148}, {"tokens": [" tree", " and", " started", " to", " swing", " on", " the", " branches", ".", " But", " then", ",", " she", " heard", " a", " loud", " noise", " and", " saw", " a", " big", " storm", " cloud", " coming", " towards", " her", ".", " \"", "Oh", " no", ",", " I", "'m"], "acts": [0.0, 0.0, 0.0, 0.0, 0.0, 0.0, 0.0, 0.0, 0.0, 0.0, 0.0, 0.0, 0.0, 0.0, 0.0, 0.0, 0.0, 0.0, 0.0, 0.0, 0.0, 0.0, 0.0, 2.9471, 4.1511, 0.0, 0.0, 0.0, 0.0, 0.0, 0.0, 0.0, 0.0], "max_pos": 24, "max_act": 4.1523}, {"tokens": [" and", " Ben", " are", " twins", ".", " They", " like", " to", " play", " together", ",", " but"], "acts": [0.0, 0.8628, 0.0, 4.1266, 0.0, 0.7887, 0.0, 0.0, 0.0, 0.0, 0.0, 0.0], "max_pos": 3, "max_act": 4.125}, {"tokens": [" are", " twins", ".", " They", " like", " to", " play", " with", " their", " toys"], "acts": [0.0, 4.111, 0.0, 0.0, 0.0, 0.0, 0.0, 0.0, 0.0, 0.0], "max_pos": 1, "max_act": 4.1094}, {"tokens": [" are", " twins", ".", " They", " like", " to", " play", " in", " their", " house"], "acts": [0.0, 4.111, 0.0, 0.0, 0.0, 0.0, 0.0, 0.0, 0.0, 0.0], "max_pos": 1, "max_act": 4.1094}, {"tokens": [" it", " into", " the", " pond", ".", " The", " ugly", " duck", " jumped", " in", " and", " splashed", " around", ".", " They", " both", " laughed", " and", " played", " together", " all", " day", " long", ".", "\n", "\n", "From", " that", " day", " on"], "acts": [0.0, 0.0, 0.0, 0.0, 0.0, 0.0, 0.0, 0.0, 0.0, 0.0, 0.0, 0.0, 0.0, 0.0, 0.0, 0.0, 0.0, 0.0, 0.0, 0.0, 0.0, 4.0947, 1.2353, 0.0, 0.0, 0.0, 0.0, 0.0, 0.0, 0.0], "max_pos": 21, "max_act": 4.0938}]}