{"id": 715, "density": 0.37446575, "max_act": 5.74609375, "hist": {"edges": [0.01, 0.0133, 0.0178, 0.0237, 0.0316, 0.0422, 0.0562, 0.075, 0.1, 0.1334, 0.1778, 0.2371, 0.3162, 0.4217, 0.5623, 0.7499, 1.0, 1.3335, 1.7783, 2.3714, 3.1623, 4.217, 5.6234, 7.4989, 10.0, 13.3352, 17.7828, 23.7137, 31.6228, 42.1697, 56.2341, 74.9894, 100.0], "counts": [0, 0, 0, 0, 0, 0, 0, 0, 1, 18, 188, 1983, 13862, 59326, 138063, 195685, 215909, 236644, 262145, 231321, 131640, 11066, 12, 0, 0, 0, 0, 0, 0, 0, 0, 0]}, "logit_lens": {"promoted": [[" Timmy", 0.494], [" Lily", 0.489], [" accidentally", 0.436], ["Lily", 0.432], [" Mittens", 0.361], [" birdie", 0.337], [" accident", 0.334], ["Timmy", 0.325], [" Nemo", 0.322], ["Later", 0.318]], "suppressed": [[" 3", 0.296], ["\u00e2\u20ac\u2122", 0.289], ["'d", 0.276], [" mum", 0.267], ["\u00e2\u20ac", 0.257], [" Joe", 0.251], [" explore", 0.249], [" three", 0.248], [" Mum", 0.238], ["\".", 0.236]]}, "examples": [{"tokens": [" got", " home", ",", " Timmy", " helped", " his", " mom", " make", " the", " soup", " and", " he", " even", " ate", " the", " on", "ion", " without", " resist", "ing", " it", ".", "<|endoftext|>", "Once", " upon", " a", " time", ",", " there", " was", " a"], "acts": [1.9481, 2.5576, 3.7397, 4.2999, 3.3711, 2.8687, 2.8331, 3.08, 1.8333, 2.9212, 4.0057, 3.5035, 1.8784, 2.5125, 2.2881, 1.202, 2.6599, 2.3773, 1.7935, 2.4832, 1.6667, 5.1813, 5.7476, 4.0732, 2.4394, 0.834, 3.9552, 3.8338, 3.2565, 3.5121, 3.6245], "max_pos": 22, "max_act": 5.7461}, {"tokens": ["'s", " friend", " climbed", " up", " the", " tree", " and", " got", " the", " kite", " down", ".", " Timmy", " was", " so", " happy", " and", " thanked", " his", " friend", " for", " helping", " him", ".", "<|endoftext|>", "Once", " upon", " a", " time", ",", " there", " was", " a"], "acts": [4.1027, 4.5757, 4.1814, 2.8703, 2.1594, 2.6719, 4.4144, 3.7545, 1.9714, 2.947, 1.8362, 5.2991, 4.3818, 4.1852, 3.9241, 3.3612, 3.6139, 3.7529, 3.43, 3.0133, 1.3834, 2.0667, 2.9311, 4.7535, 5.736, 4.2803, 2.7, 1.1321, 4.2215, 3.8249, 3.1881, 3.504, 3.6831], "max_pos": 24, "max_act": 5.7344}, {"tokens": [" his", " toys", ".", " The", " rain", " kept", " fall", "ing", " outside", ",", " but", " Timmy", " didn", "'t", " mind", " because", " he", " was", " having", " so", " much", " fun", " inside", ".", "<|endoftext|>", "Once", " upon", " a", " time", ",", " there", " was", " a"], "acts": [2.7481, 2.5296, 3.8357, 2.5113, 1.6747, 2.0044, 1.8718, 1.8144, 2.3219, 2.7892, 3.3453, 3.4977, 1.0252, 2.3031, 2.5134, 3.0893, 2.5052, 2.7756, 1.771, 1.1678, 1.7408, 1.9023, 1.8341, 4.3474, 5.7116, 4.1285, 2.3553, 0.8733, 4.0663, 3.5197, 3.1221, 3.5019, 3.5553], "max_pos": 24, "max_act": 5.7109}, {"tokens": ["nt", " started", " feeling", " healthy", " again", ".", " Timmy", " was", " happy", " that", " he", " was", " able", " to", " save", " his", " pare", "nt", " and", " make", " them", " feel", " better", ".", "<|endoftext|>", "Once", " upon", " a", " time", ",", " there", " was", " a"], "acts": [2.9125, 2.6708, 3.2166, 2.0879, 2.4188, 3.3956, 3.7562, 3.1247, 3.0132, 3.3388, 2.4167, 3.0771, 2.0268, 1.486, 2.4062, 2.5958, 1.7075, 1.7425, 3.5636, 2.5393, 3.308, 3.0792, 2.9106, 3.8698, 5.7126, 3.9216, 2.6465, 1.2176, 4.1041, 3.8213, 3.0673, 3.7475, 3.8428], "max_pos": 24, "max_act": 5.7109}, {"tokens": [" day", ".", " From", " that", " day", " on", ",", " Lily", " made", " sure", " all", " her", " toys", " were", " safe", " and", " didn", "'t", " have", " anything", " fake", " on", " them", ".", "<|endoftext|>", "Once", " upon", " a", " time", ",", " there", " was", " a"], "acts": [1.5338, 3.7892, 2.1117, 2.502, 1.4923, 2.7655, 3.5527, 3.6503, 2.4662, 1.2504, 1.5107, 1.418, 1.8821, 1.7375, 1.5608, 2.5763, 0.0, 0.7086, 1.0929, 1.8585, 0.0, 1.5579, 1.4487, 4.2146, 5.7073, 4.0707, 2.1325, 0.6201, 4.0472, 3.5172, 2.9585, 3.3036, 3.3577], "max_pos": 24, "max_act": 5.707}, {"tokens": [",", " so", " his", " mom", " filled", " his", " cup", " with", " some", " sweet", " juice", " instead", ".", " Timmy", " was", " happy", " again", " and", " he", " drank", " it", " all", " up", ".", "<|endoftext|>", "Once", " upon", " a", " time", ",", " there", " was", " a"], "acts": [3.6234, 3.4174, 3.0211, 2.8451, 2.119, 1.6222, 1.4633, 2.8709, 3.1232, 1.9771, 1.6378, 1.4157, 4.4576, 4.2474, 3.4157, 3.0639, 2.8307, 3.5089, 3.3306, 2.9439, 2.5981, 2.0831, 2.0888, 4.3301, 5.6558, 4.0596, 2.5705, 1.0328, 4.1118, 3.877, 3.1818, 3.6387, 3.792], "max_pos": 24, "max_act": 5.6562}, {"tokens": [" From", " that", " day", " on", ",", " Lily", " learned", " that", " l", "end", "ing", " her", " things", " could", " make", " her", " and", " her", " friends", " very", " happy", ".", "<|endoftext|>", "Once", " upon", " a", " time", ",", " there", " was", " a"], "acts": [2.8671, 3.7613, 2.7072, 3.3365, 3.8574, 3.7945, 3.5064, 4.0908, 1.196, 1.8251, 2.3058, 3.4346, 3.9205, 2.3064, 2.8514, 3.1892, 3.8644, 3.3607, 2.7434, 2.8604, 1.9534, 4.0135, 5.6554, 4.0867, 2.1668, 0.7528, 4.0924, 3.4913, 3.0245, 3.2431, 3.5402], "max_pos": 22, "max_act": 5.6562}, {"tokens": [" a", " fancy", " v", "est", " didn", "'t", " make", " him", " rich", ",", " but", " having", " good", " friends", " like", " Billy", " made", " him", " feel", " rich", " in", " his", " heart", ".", "<|endoftext|>", "Once", " upon", " a", " time", ",", " there", " was", " a"], "acts": [1.5783, 1.6713, 0.9779, 1.8176, 1.2736, 1.3013, 2.2568, 3.3581, 2.211, 3.2598, 3.6515, 1.9063, 1.6648, 2.448, 1.7986, 2.8016, 2.6111, 2.8751, 2.8916, 2.5346, 2.1526, 2.0984, 1.7028, 4.1223, 5.6516, 3.6887, 2.2742, 0.6561, 3.9705, 3.4782, 2.9446, 3.3637, 3.4176], "max_pos": 24, "max_act": 5.6523}, {"tokens": [".\"", " Johnny", " forgave", " Timmy", " and", " they", " played", " together", " happily", ".", " Timmy", " learned", " that", " sharing", " is", " important", " and", " it", " made", " him", " feel", " better", " inside", ".", "<|endoftext|>", "Once", " upon", " a", " time", ",", " a", " little", " girl"], "acts": [3.9694, 3.3967, 2.8017, 3.4433, 4.2733, 4.1938, 1.8835, 2.7212, 2.4579, 4.0554, 3.5942, 3.4955, 3.9316, 2.3799, 3.7599, 2.1781, 4.1336, 2.4095, 3.2393, 4.0519, 3.6977, 2.8975, 2.0243, 4.1591, 5.6493, 4.1686, 2.4669, 0.8049, 4.184, 3.8098, 3.8579, 2.452, 3.5427], "max_pos": 24, "max_act": 5.6484}, {"tokens": ["Later", " that", " day", ",", " Lily", " noticed", " that", " the", " flower"], "acts": [5.6315, 4.7134, 5.1432, 4.6449, 4.785, 4.6135, 4.0141, 2.7189, 3.0055], "max_pos": 0, "max_act": 5.6328}, {"tokens": [" scre", "w", "d", "ri", "ver", ".", " From", " that", " day", " on", ",", " Timmy", " and", " Billy", " continued", " to", " swing", " on", " the", " swing", " they", " built", " together", ".", "<|endoftext|>", "Once", " upon", " a", " time", ",", " there", " was", " a"], "acts": [0.0, 1.2316, 0.0, 0.0, 1.3301, 4.1351, 2.1856, 3.3928, 1.9514, 2.942, 3.3907, 3.1939, 2.9449, 2.9728, 0.0, 0.0, 1.5254, 1.7433, 1.8826, 1.377, 1.0377, 2.0352, 2.1888, 3.7618, 5.6239, 3.6593, 2.5361, 0.9545, 3.9108, 3.6172, 3.0623, 3.6566, 3.5363], "max_pos": 24, "max_act": 5.625}, {"tokens": [" happy", " to", " help", " and", " used", " the", " sp", "ong", "e", " to", " scr", "ub", " all", " the", " pl", "ates", " and", " cup", "s", " until", " they", " were", " clean", ".", "<|endoftext|>", "Once", " upon", " a", " time", ",", " there", " was", " a"], "acts": [2.6441, 1.5306, 2.2053, 3.0989, 1.6704, 1.7941, 0.0, 0.0, 1.6136, 2.1618, 1.3561, 1.036, 1.4324, 1.5488, 0.0, 1.1776, 2.8775, 1.3655, 2.2604, 3.1489, 3.0334, 2.3937, 1.8526, 4.0554, 5.6263, 4.0546, 2.4416, 1.0299, 4.0522, 3.7508, 3.0829, 3.6226, 3.6298], "max_pos": 24, "max_act": 5.625}]}