{"id": 75, "density": 0.0221385, "max_act": 6.8828125, "hist": {"edges": [0.01, 0.0133, 0.0178, 0.0237, 0.0316, 0.0422, 0.0562, 0.075, 0.1, 0.1334, 0.1778, 0.2371, 0.3162, 0.4217, 0.5623, 0.7499, 1.0, 1.3335, 1.7783, 2.3714, 3.1623, 4.217, 5.6234, 7.4989, 10.0, 13.3352, 17.7828, 23.7137, 31.6228, 42.1697, 56.2341, 74.9894, 100.0], "counts": [0, 0, 0, 0, 0, 0, 0, 0, 0, 1, 18, 334, 3086, 11436, 17662, 15439, 11618, 8372, 6260, 6009, 5272, 2644, 403, 0, 0, 0, 0, 0, 0, 0, 0, 0]}, "logit_lens": {"promoted": [[" answered", 0.277], [" His", 0.276], ["erry", 0.262], [" mom", 0.247], [" Their", 0.246], ["dy", 0.245], [" The", 0.241], [" Her", 0.235], [" seen", 0.233], ["ick", 0.226]], "suppressed": [["irst", 0.268], [" very", 0.257], ["ount", 0.231], ["l", 0.223], ["ves", 0.223], ["So", 0.222], ["in", 0.215], [" wrap", 0.214], ["ut", 0.213], ["ins", 0.21]]}, "examples": [{"tokens": [" borrow", " something", ",", " but", " she", " didn", "'t", " know", " what", ".", " She", " saw", " a", " toy", " car", ",", " so", " she", " asked", " if", " she", " could", " borrow", " it", ".", " \n", "\n", "The", " grown", "up", " said", " yes", ","], "acts": [0.0, 0.0, 0.0, 0.9683, 0.0, 0.0, 0.0, 0.0, 0.0, 0.0, 0.0, 0.0, 0.0, 0.0, 0.0, 0.0, 0.0, 0.0, 0.0, 1.5459, 0.9278, 0.0, 0.0, 0.0, 6.8827, 0.8042, 3.81, 1.2755, 0.0, 0.0, 0.0, 0.6303, 0.0], "max_pos": 24, "max_act": 6.8828}, {"tokens": [" buy", " new", " clothes", ".", " Lily", " saw", " a", " beautiful", " dress", " that", " was", " in", " fa", "sh", "ion", " and", " asked", " her", " mom", " if", " she", " could", " have", " it", ".", " Her", " mom", " said", " yes", " and", " Lily", " was", " very"], "acts": [0.0, 0.0, 0.0, 0.5718, 0.0, 0.0, 0.0, 0.0, 0.0, 0.0, 0.0, 0.0, 0.0, 0.0, 0.0, 0.0, 0.0, 0.8005, 0.0, 0.0, 0.6656, 0.0, 0.0, 0.0, 6.8712, 1.0364, 0.0, 0.0, 0.898, 0.0, 0.0, 0.0, 0.0], "max_pos": 24, "max_act": 6.8711}, {"tokens": [" ugly", " rubb", "er", " toy", " in", " a", " shop", ".", " He", " wanted", " the", " toy", " so", " badly", " that", " he", " asked", " his", " mom", " if", " he", " could", " buy", " it", ".", " But", " his", " mom", " said", " no", ".", " She", " said"], "acts": [0.0, 0.0, 0.0, 0.0, 0.0, 0.0, 0.0, 0.0, 0.0, 0.0, 0.0, 0.0, 0.0, 0.0, 0.0, 0.0, 0.0, 1.2143, 0.0, 0.0, 0.0, 0.0, 0.0, 0.0, 6.8032, 4.7688, 0.0, 0.0, 0.0, 0.0, 1.3736, 0.0, 0.0], "max_pos": 24, "max_act": 6.8047}, {"tokens": [" play", " with", " her", " ball", ".", " She", " saw", " a", " ve", "nd", "or", " sell", "ing", " ice", " cream", " and", " asked", " her", " mom", " if", " she", " could", " have", " one", ".", " Her", " mom", " said", " yes", ",", " and", " Lucy", " was"], "acts": [0.0, 0.0, 0.0, 0.0, 0.0, 0.0, 0.0, 0.0, 0.0, 0.0, 0.0, 0.0, 0.0, 0.0, 0.0, 0.0, 0.0, 0.6143, 0.0, 0.0, 0.6508, 0.0, 0.0, 1.35, 6.7774, 0.9747, 0.0, 0.0, 1.0428, 0.0, 0.0, 0.0, 0.0], "max_pos": 24, "max_act": 6.7773}, {"tokens": [" for", " the", " bird", " every", " day", ",", " but", " it", " was", " nowhere", " to", " be", " found", ".", " He", " was", " worried", " and", " asked", " Mama", " if", " something", " was", " wrong", ".", " \n", "\n", "Mama", " said", ",", " Don", "'t", " worry"], "acts": [0.0, 0.0, 0.0, 0.0, 0.0, 0.0, 0.0, 0.0, 0.0, 0.0, 0.0, 0.0, 0.0, 0.0, 0.0, 0.0, 0.0, 0.0, 0.0, 0.0, 0.0, 0.0, 0.0, 0.0, 6.7312, 0.6577, 3.0198, 0.0, 0.0, 0.0, 0.0, 0.0, 0.0], "max_pos": 24, "max_act": 6.7305}, {"tokens": [" adorable", " little", " room", " in", " the", " house", ".", " To", " make", " her", " room", " even", " cut", "er", ",", " she", " asked", " her", " mom", " if", " they", " could", " decorate", " it", ".", " Her", " mom", " said", " yes", " and", " off", " they", " went"], "acts": [0.0, 0.0, 0.0, 0.0, 0.0, 0.0, 0.0, 0.0, 0.0, 0.0, 0.0, 0.0, 0.0, 0.0, 0.0, 0.0, 0.0, 1.6582, 0.0, 0.0, 0.0, 0.0, 0.0, 0.0, 6.7169, 1.1815, 0.0, 0.0, 0.7063, 0.0, 0.0, 0.0, 0.0], "max_pos": 24, "max_act": 6.7188}, {"tokens": [" was", " happening", ".", " The", " cop", " told", " her", " that", " there", " was", " a", " lost", " dog", " in", " the", " neighbor", "hood", " and", " asked", " if", " she", " had", " seen", " it", ".", " Lily", " hadn", "'t", " seen", " the", " dog", ",", " but"], "acts": [0.0, 0.0, 0.0, 0.0, 0.0, 0.0, 0.0, 0.0, 0.0, 0.0, 0.0, 0.0, 0.0, 0.0, 0.0, 0.0, 0.0, 0.0, 0.0, 1.3608, 0.4923, 0.0, 0.0, 0.0, 6.698, 0.0, 0.0, 0.0, 0.0, 0.0, 0.0, 0.0, 0.0], "max_pos": 24, "max_act": 6.6992}, {"tokens": [" went", " to", " the", " park", " to", " play", ".", " She", " saw", " a", " little", " boy", " playing", " with", " a", " ball", " and", " asked", " him", " if", " she", " could", " play", " too", ".", " But", " the", " little", " boy", " said", " he", " hat", "ed"], "acts": [0.0, 0.0, 0.0, 0.0, 0.0, 0.0, 0.0, 0.0, 0.0, 0.0, 0.0, 0.0, 0.0, 0.0, 0.0, 0.0, 0.0, 0.0, 0.0, 0.6725, 0.0, 0.0, 0.0, 0.0, 6.6364, 4.4761, 0.0, 0.0, 0.0, 0.0, 0.0, 0.0, 0.0], "max_pos": 24, "max_act": 6.6367}, {"tokens": [" saw", " the", " old", " man", "'s", " car", " and", " wanted", " to", " play", " with", " it", ".", " She", " asked", " the", " old", " man", " if", " she", " could", " use", " his", " car", ".", " The", " old", " man", " said", " yes", ".", "\n", "\n"], "acts": [0.0, 0.0, 0.0, 0.0, 0.0, 0.0, 0.0, 0.0, 0.0, 0.0, 0.0, 0.0, 0.568, 0.0, 0.0, 1.4937, 0.0, 0.0, 0.0, 0.0, 0.0, 0.0, 0.0, 0.0, 6.6343, 2.5251, 0.0, 0.0, 0.0, 0.657, 0.9495, 0.0, 0.5878], "max_pos": 24, "max_act": 6.6328}, {"tokens": [" to", " buy", " a", " new", " toy", ".", " Lily", " saw", " a", " cheap", " toy", " that", " she", " really", " liked", " and", " asked", " her", " mom", " if", " she", " could", " have", " it", ".", " Her", " mom", " said", " yes", " and", " Lily", " was", " so"], "acts": [0.0, 0.0, 0.0, 0.0, 0.0, 0.0, 0.0, 0.0, 0.0, 0.0, 0.0, 0.0, 0.0, 0.0, 0.0, 0.0, 0.4014, 0.7799, 0.0, 0.0, 0.0, 0.0, 0.0, 0.0, 6.6075, 0.9689, 0.0, 0.0, 1.087, 0.0, 0.0, 0.0, 0.0], "max_pos": 24, "max_act": 6.6094}, {"tokens": [" costum", "e", " for", " H", "all", "ow", "een", ".", " She", " saw", " a", " beautiful", " princess", " costum", "e", " and", " asked", " her", " mommy", " if", " she", " could", " have", " it", ".", " \n", "\n", "Mommy", " said", ",", " \"", "That", " costum"], "acts": [0.0, 0.0, 0.0, 0.0, 0.0, 0.0, 0.0, 0.6394, 0.0, 0.0, 0.0, 0.0, 0.0, 0.0, 0.0, 0.0, 0.0, 0.9921, 0.0, 0.0, 0.0, 0.0, 0.0, 0.0, 6.6109, 0.8158, 3.4686, 0.0, 0.0, 0.0, 0.0, 0.0, 0.0], "max_pos": 24, "max_act": 6.6094}, {"tokens": [" to", " buy", " some", " g", "ro", "cer", "ies", ".", " Timmy", " saw", " a", " toy", " he", " really", " wanted", " and", " asked", " his", " mom", " if", " he", " could", " have", " it", ".", " His", " mom", " said", " he", " could", " have", " it", " if"], "acts": [0.0, 0.0, 0.0, 0.0, 0.0, 0.0, 0.0, 0.0, 0.0, 0.0, 0.0, 0.0, 0.0, 0.0, 0.0, 0.0, 0.0, 1.7463, 0.0, 0.0, 0.7922, 0.0, 0.0, 0.0, 6.6048, 1.1659, 0.0, 0.0, 0.0, 0.0, 0.0, 0.0, 0.0], "max_pos": 24, "max_act": 6.6055}]}