{"id": 76, "density": 0.02325725, "max_act": 8.8359375, "hist": {"edges": [0.01, 0.0133, 0.0178, 0.0237, 0.0316, 0.0422, 0.0562, 0.075, 0.1, 0.1334, 0.1778, 0.2371, 0.3162, 0.4217, 0.5623, 0.7499, 1.0, 1.3335, 1.7783, 2.3714, 3.1623, 4.217, 5.6234, 7.4989, 10.0, 13.3352, 17.7828, 23.7137, 31.6228, 42.1697, 56.2341, 74.9894, 100.0], "counts": [0, 0, 0, 0, 0, 0, 0, 0, 1, 10, 171, 588, 2325, 8007, 16224, 19336, 16293, 11118, 8371, 5205, 3451, 1466, 444, 19, 0, 0, 0, 0, 0, 0, 0, 0]}, "logit_lens": {"promoted": [[" way", 0.402], [" how", 0.312], [" matter", 0.253], [" why", 0.245], [" rules", 0.242], ["ting", 0.233], [" value", 0.232], [" close", 0.225], [" what", 0.224], [" wrong", 0.221]], "suppressed": [["ep", 0.263], [" ener", 0.251], ["pt", 0.245], [" imagined", 0.244], ["sist", 0.238], ["bbed", 0.233], [" grew", 0.231], [" stom", 0.223], [" stu", 0.222], [" bored", 0.217]]}, "examples": [{"tokens": [" She", " was", " very", " happy", " to", " have", " the", " jewel", " back", " and", " thanked", " her", " parents", " for", " getting", " it", " back", " for", " her", ".", "\n", "\n", "And", " that", " is", " the", " story", " of", " how", " the", " little", " girl", " got"], "acts": [0.0, 0.0, 0.0, 0.0, 0.0, 0.0, 0.0, 0.0, 0.0, 0.0, 0.0, 0.0, 0.0, 0.0, 0.0, 0.0, 0.0, 0.0, 0.0, 0.0, 0.0, 0.0, 0.0, 0.0, 8.8387, 1.7641, 1.3943, 0.0, 0.0, 0.0, 0.0, 0.0, 0.0], "max_pos": 24, "max_act": 8.8359}, {"tokens": [",", " you", "'re", " right", ".", " From", " now", " on", ",", " I", "'ll", " always", " remember", " to", " take", " good", " care", " of", " things", ".\"", " \n", "\n", "And", " that", " is", " how", " Jake", " learned", " the", " important", " lesson", " that", " you"], "acts": [0.0, 0.0, 0.0, 0.0, 0.0, 0.0, 0.0, 0.0, 0.0, 0.0, 0.0, 0.0, 0.0, 0.0, 0.0, 0.0, 1.1573, 0.0, 0.0, 0.0, 0.0, 0.0, 0.0, 0.0, 8.4806, 1.3719, 0.0, 0.0, 0.0, 1.803, 1.2582, 0.0, 0.0], "max_pos": 24, "max_act": 8.4844}, {"tokens": [",", " but", " the", " man", " kept", " working", ".", " He", " kept", " working", " until", " the", " sun", " set", ",", " and", " all", " was", " quiet", ".", " \n", "\n", "And", " that", " is", " the", " story", " of", " the", " strong", " man", " who", " worked"], "acts": [0.0, 0.0, 0.0, 0.0, 0.0, 0.0, 0.0, 0.0, 0.0, 0.0, 0.7405, 0.0, 0.0, 0.0, 0.0, 0.0, 0.0, 1.4369, 0.0, 0.0, 0.0, 0.0, 0.0, 0.0, 8.3245, 1.3611, 1.3054, 0.0, 0.0, 0.0, 0.0, 0.0, 0.0], "max_pos": 24, "max_act": 8.3281}, {"tokens": [" special", " present", ".", " The", " A", "c", "cept", "or", " was", " happy", " to", " accept", " them", " all", " and", " thanked", " Mary", " very", " much", ".", "\n", "\n", "And", " that", " is", " why", " the", " forest", " was", " always", " full", " of", " peace"], "acts": [0.0, 0.0, 0.0, 0.0, 0.0, 0.0, 0.0, 0.0, 0.0, 0.0, 0.0, 0.0, 0.0, 0.0, 0.0, 0.0, 0.0, 0.0, 0.0, 0.0, 0.0, 0.0, 0.0, 0.0, 8.3062, 1.4472, 0.0, 0.0, 2.0167, 2.5298, 0.0, 0.0, 0.0], "max_pos": 24, "max_act": 8.3047}, {"tokens": ["Lucy", " learned", " that", " thinking", " about", " what", " makes", " you", " happy", " is", " important", ".", " It", " helps", " you", " remember", " the", " good", " things", " in", " life", ".", " And", " that", " is", " the", " moral", " of", " the", " story", ":", " always", " remember"], "acts": [0.0, 0.0, 0.0, 0.0, 0.0, 0.0, 0.0, 0.0, 0.0, 3.2837, 1.2685, 0.0, 0.0, 0.0, 0.0, 0.0, 0.0, 0.0, 0.0, 0.9598, 0.0, 0.0, 0.0, 0.0, 8.2946, 1.4954, 2.1787, 0.0, 1.0423, 0.0, 0.0, 0.0, 0.0], "max_pos": 24, "max_act": 8.2969}, {"tokens": [" He", " danced", " until", " the", " sun", " started", " to", " set", " and", " then", " made", " his", " way", " back", " home", " to", " the", " cactus", " patch", ".", " \n", "\n", "And", " that", " is", " how", " Fred", ",", " the", " live", "ly", " cactus", ","], "acts": [0.0, 0.0, 0.0, 0.0, 0.0, 0.0, 0.0, 0.0, 0.0, 0.0, 0.0, 0.0, 0.0, 0.0, 0.0, 0.0, 0.0, 0.0, 0.0, 0.0, 0.0, 0.0, 0.0, 0.0, 8.0846, 1.5731, 0.0, 0.0, 0.0, 0.0, 0.0, 0.0, 0.0], "max_pos": 24, "max_act": 8.0859}, {"tokens": [" said", ",", " \"", "That", "'s", " right", ",", " Tom", ".", " You", " are", " a", " boy", ",", " and", " you", " are", " beautiful", " and", " smart", " too", ".", " And", " so", " is", " Lily", ".", " She", " is", " a", " girl", ",", " and"], "acts": [0.0, 0.0, 0.0, 0.0, 3.7663, 0.0, 0.0, 0.0, 0.0, 0.0, 0.0, 0.0, 0.0, 0.0, 0.0, 0.0, 0.0, 0.0, 0.0, 0.0, 0.4092, 0.0, 0.0, 0.0, 8.0518, 0.0, 0.0, 0.0, 0.8963, 0.0, 0.0, 0.0, 0.9898], "max_pos": 24, "max_act": 8.0547}, {"tokens": [" design", ".", " The", " whale", " was", " so", " happy", " that", " he", " did", " a", " ju", "b", "il", "ant", " dance", " in", " the", " waves", ".", "\n", "\n", "And", " that", " is", " how", " the", " whale", " creat", "ed", " a", " design", " so"], "acts": [0.0, 0.0, 0.0, 0.0, 0.6467, 0.0, 0.0, 0.0, 0.0, 0.0, 0.0, 0.0, 0.0, 0.0, 0.0, 0.0, 0.0, 0.0, 0.0, 0.0, 0.0, 0.0, 0.0, 0.0, 8.0431, 1.4419, 0.0, 0.0, 0.0, 0.0, 0.0, 0.0, 0.0], "max_pos": 24, "max_act": 8.0469}, {"tokens": [" said", ".", " \n", "\n", "Her", " mom", " smiled", " back", " and", " nodded", " in", " ag", "re", "ement", ".", " \"", "You", "'re", " right", ",", " sweetie", ".", " And", " that", " is", " what", " makes", " me", " the", " happ", "iest", ".\"", " \n"], "acts": [0.0, 0.0, 0.0, 0.0, 0.0, 0.0, 0.0, 0.0, 0.0, 0.0, 0.0, 0.0, 0.0, 0.0, 0.0, 0.0, 0.0, 0.0, 0.0, 0.0, 0.0, 0.0, 0.0, 0.0, 8.0191, 0.9576, 0.0, 0.0, 0.0, 0.0, 0.0, 0.0, 0.0], "max_pos": 24, "max_act": 8.0156}, {"tokens": [" me", "at", " every", " day", ".", " He", " would", " go", " to", " the", " cool", " place", ",", " get", " some", " me", "at", " and", " m", "unch", " away", ".", " And", " that", " is", " how", " the", " pig", " g", "ained", " so", " much", " we"], "acts": [0.0, 0.0, 0.0, 0.0, 0.0, 0.0, 0.0, 0.0, 0.0, 0.0, 0.0, 0.0, 0.0, 0.0, 0.0, 0.0, 0.0, 0.0, 0.0, 0.0, 0.0, 0.0, 0.0, 0.0, 7.9151, 1.1224, 0.0, 0.0, 0.0, 0.0, 0.0, 0.0, 0.0], "max_pos": 24, "max_act": 7.9141}, {"tokens": [" help", " her", " mommy", ".", " She", " learned", " that", " when", " you", " make", " something", " pretty", " and", " useful", ",", " it", " can", " make", " others", " happy", " too", ".", " And", " that", " is", " a", " good", " thing", " to", " do", ".", "<|endoftext|>", "Once"], "acts": [0.0, 0.0, 0.0, 0.0, 0.0, 0.0, 0.0, 0.0, 0.0, 0.0, 0.0, 0.0, 0.0, 0.0, 0.0, 0.0, 0.0, 0.0, 0.0, 0.0, 0.0, 0.0, 0.0, 0.0, 7.8432, 2.3161, 2.0576, 1.3002, 0.0, 0.0, 0.0, 0.0, 0.0], "max_pos": 24, "max_act": 7.8438}, {"tokens": [" just", " for", " celebr", "ating", " my", " birthday", ".", " We", " will", " share", " the", " octopus", " together", ".", " Let", "'s", " have", " some", " fun", "!\"", "\n", "\n", "And", " that", " is", " how", " Max", " and", " Bob", " celebr", "ated", " Bob", "'s"], "acts": [1.995, 0.0, 0.0, 0.0, 0.0, 0.0, 0.0, 0.7373, 0.0, 0.0, 0.0, 0.0, 0.0, 0.0, 0.0, 1.077, 0.0, 0.0, 0.0, 0.0, 0.0, 0.0, 0.0, 0.0, 7.7717, 1.0981, 0.0, 0.0, 0.0, 0.0, 0.0, 0.0, 0.0], "max_pos": 24, "max_act": 7.7734}]}