{"id": 770, "density": 0.0224945, "max_act": 6.44921875, "hist": {"edges": [0.01, 0.0133, 0.0178, 0.0237, 0.0316, 0.0422, 0.0562, 0.075, 0.1, 0.1334, 0.1778, 0.2371, 0.3162, 0.4217, 0.5623, 0.7499, 1.0, 1.3335, 1.7783, 2.3714, 3.1623, 4.217, 5.6234, 7.4989, 10.0, 13.3352, 17.7828, 23.7137, 31.6228, 42.1697, 56.2341, 74.9894, 100.0], "counts": [0, 0, 0, 0, 0, 0, 0, 0, 0, 1, 35, 448, 1168, 4539, 12325, 17064, 15732, 12019, 9092, 8254, 6920, 2317, 64, 0, 0, 0, 0, 0, 0, 0, 0, 0]}, "logit_lens": {"promoted": [[" next", 0.241], ["ek", 0.21], [" wind", 0.206], [" laughs", 0.203], [" angry", 0.202], [" laughed", 0.194], [" dreams", 0.193], [" sudden", 0.19], ["ase", 0.189], [" rude", 0.188]], "suppressed": [["c", 0.365], ["m", 0.353], ["ll", 0.352], ["om", 0.345], ["ling", 0.283], [" band", 0.272], ["d", 0.27], [" differe", 0.268], ["us", 0.267], ["w", 0.26]]}, "examples": [{"tokens": [",", " the", " girl", " sat", " watching", " the", " sun", "set", ".", " But", " something", " was", " different", ".", " The", " sky", " was", " empty", " and", " the", " sun", " stayed", " up", " in", " the", " sky", ".", " The", " little", " girl", " was", " curious", " and"], "acts": [0.0, 0.0, 0.0, 0.0, 0.0, 0.0, 0.0, 0.0, 0.0, 0.0, 0.0, 0.0, 0.0, 0.0, 0.0, 0.0, 0.0, 0.0, 0.0, 0.0, 0.0, 0.0, 0.0, 0.0, 6.4499, 0.0, 0.0, 0.0, 0.0, 0.0, 0.0, 0.0, 0.0], "max_pos": 24, "max_act": 6.4492}, {"tokens": [" wander", "ed", " around", ",", " looking", " at", " the", " flowers", " and", " listen", "ing", " to", " the", " birds", " singing", ".", "\n", "\n", "The", " sun", " was", " shining", " higher", " in", " the", " sky", " now", " and", " the", " little", " boy", " noticed", " a"], "acts": [0.0, 0.0, 0.0, 0.0, 0.0, 0.0, 0.5509, 0.0, 0.0, 0.0, 0.0, 0.0, 0.0, 0.0, 0.0, 0.0, 0.0, 0.0, 0.0, 0.0, 0.0, 0.0, 0.0, 0.0, 6.343, 0.0, 0.0, 0.0, 0.666, 0.0, 0.0, 0.0, 0.0], "max_pos": 24, "max_act": 6.3438}, {"tokens": ["He", " tied", " the", " balloon", " to", " his", " kite", " and", " opened", " the", " window", ".", " He", " threw", " his", " kite", " and", " balloon", " outside", " and", " watched", " them", " soar", " in", " the", " air", ".", " He", " felt", " happy", " again", ".", " He"], "acts": [0.0, 0.0, 0.0, 0.0, 0.0, 0.9166, 0.0, 0.0, 0.0, 0.0, 0.0, 0.0, 0.0, 0.0, 0.0, 0.0, 0.0, 0.0, 0.0, 0.0, 0.0, 0.0, 0.0, 1.1325, 6.3273, 0.0, 0.0, 0.0, 0.0, 0.0, 0.0, 0.0, 0.0], "max_pos": 24, "max_act": 6.3281}, {"tokens": ["ppy", " was", " so", " proud", " of", " her", " team", ".", "\n", "\n", "The", " po", "ppy", " and", " the", " other", " flowers", " sang", " until", " the", " sun", " went", " down", " in", " the", " sky", ".", " Everyone", " sighed", " and", " the", " po", "ppy"], "acts": [0.0, 0.0, 0.6645, 0.0, 0.0, 0.0, 0.0, 0.0, 0.0, 0.0, 0.0, 0.0, 0.0, 0.0, 0.9507, 0.0, 0.0, 0.0, 0.0, 1.4258, 0.0, 0.0, 0.0, 0.0, 6.2413, 0.0, 0.0, 0.0, 0.0, 0.0, 1.468, 0.0, 0.0], "max_pos": 24, "max_act": 6.2422}, {"tokens": [" was", " flying", " through", " the", " sky", ".", " She", " had", " never", " felt", " so", " happy", "!", " She", " flew", " higher", " and", " higher", " until", " she", " was", " way", " up", " in", " the", " clouds", ".", " \n", "\n", "The", " little", " girl", " enjoyed"], "acts": [0.0, 0.0, 0.0, 4.6801, 0.0, 0.0, 0.0, 0.0, 0.0, 0.0, 0.0, 0.0, 0.0, 0.0, 0.0, 0.0, 0.0, 0.0, 0.0, 0.0, 0.0, 0.0, 0.0, 0.0, 6.2007, 0.0, 0.0, 0.0, 0.0, 0.553, 0.0, 0.0, 0.0], "max_pos": 24, "max_act": 6.1992}, {"tokens": [" time", ",", " there", " was", " a", " bright", " sun", " in", " the", " sky", " and", " a", " bright", " path", " in", " the", " park"], "acts": [0.0, 0.0, 0.0, 0.0, 0.0, 0.0, 0.0, 0.0, 6.1907, 0.0, 0.0, 2.4864, 0.0, 0.0, 0.0, 5.4465, 0.0], "max_pos": 8, "max_act": 6.1914}, {"tokens": [",", " they", " held", " the", " cone", " and", " pushed", " it", " into", " the", " air", ".", "\n", "\n", "The", " cone", " flew", " higher", " and", " higher", " until", " it", " disappeared", " in", " the", " clouds", ".", " The", " little", " girl", " waved", " goodbye", " to"], "acts": [0.0, 0.0, 0.0, 0.0, 0.0, 0.0, 0.0, 0.0, 0.0, 2.6636, 0.0, 0.0, 0.0, 0.0, 0.6217, 0.0, 0.0, 0.0, 0.0, 0.0, 0.0, 0.0, 0.0, 0.0, 6.1348, 0.0, 0.0, 0.7587, 0.0, 0.0, 0.0, 0.0, 0.0], "max_pos": 24, "max_act": 6.1367}, {"tokens": [" to", " our", " house", "!\"", "\n", "\n", "They", " played", " some", " more", " on", " the", " swing", " and", " the", " slide", ",", " and", " watched", " the", " sun", " go", " higher", " in", " the", " sky", ".", " They", " felt", " happy", " and", " proud", "."], "acts": [0.0, 1.1602, 0.0, 0.0, 0.0, 0.0, 0.0, 0.0, 0.0, 0.0, 0.0, 1.6933, 0.0, 0.0, 0.8234, 0.0, 0.0, 0.0, 0.0, 0.0, 0.0, 0.0, 0.0, 0.0, 6.126, 0.0, 0.0, 0.0, 0.0, 0.0, 0.0, 0.0, 0.0], "max_pos": 24, "max_act": 6.125}, {"tokens": [" any", " faster", ".", " And", " then", ".", ".", ".", "he", " started", " to", " soar", "!", " He", " smiled", " with", " joy", " as", " he", " flew", " higher", " and", " higher", " in", " the", " sky", ".", " \n", "\n", "Now", ",", " when", " the"], "acts": [0.0, 0.0, 0.0, 0.0, 0.0, 0.0, 0.0, 0.0, 0.0, 0.0, 0.0, 0.0, 0.0, 0.0, 0.0, 0.0, 0.0, 0.0, 0.0, 0.0, 0.0, 0.0, 0.0, 0.0, 6.0506, 0.0, 0.0, 0.0, 0.0, 0.0, 0.0, 0.0, 1.1319], "max_pos": 24, "max_act": 6.0508}, {"tokens": [".", " She", " was", " filled", " with", " excitement", " and", " put", " on", " her", " shoes", " to", " go", " outside", ".", " As", " she", " explored", ",", " the", " sun", " climbed", " higher", " in", " the", " sky", ",", " and", " the", " girl", " felt", " its", " warm"], "acts": [0.0, 0.0, 0.0, 0.0, 0.0, 0.0, 0.0, 0.0, 0.0, 0.6398, 0.0, 0.0, 0.0, 0.0, 0.0, 0.0, 0.0, 0.0, 0.0, 0.6343, 0.0, 0.0, 0.0, 0.0, 6.0446, 0.0, 0.0, 0.0, 0.7041, 0.0, 0.0, 0.0, 0.0], "max_pos": 24, "max_act": 6.043}, {"tokens": [" But", " then", " she", " heard", " a", " sound", ",", " like", " a", " song", ".", " The", " little", " girl", " looked", " up", " and", " saw", " a", " bird", " soar", "ing", " in", " the", " sky", "!", " She", " watched", " the", " bird", " until", " it"], "acts": [0.0, 0.0, 0.0, 0.0, 0.0, 0.0, 0.0, 0.0, 0.0, 0.0, 0.0, 0.0, 0.0, 0.0, 0.0, 0.0, 0.0, 0.0, 0.0, 0.0, 0.0, 0.0, 0.0, 6.0389, 0.0, 0.0, 0.0, 0.0, 0.0, 0.0, 0.0, 0.0], "max_pos": 23, "max_act": 6.0391}, {"tokens": [".", " Benny", " held", " the", " string", " and", " he", " was", " smiling", ".", " He", " rock", "ed", " back", " and", " forth", " and", " the", " kite", " went", " up", " and", " down", " in", " the", " sky", ".", " Benny", " felt", " like", " a", " king", ","], "acts": [0.0, 0.0, 0.0, 0.0, 0.0, 0.0, 0.0, 0.0, 0.0, 0.0, 0.0, 0.0, 0.0, 0.0, 0.0, 0.0, 0.0, 1.2778, 0.0, 0.0, 0.0, 0.0, 0.933, 0.0, 6.0265, 0.0, 0.0, 0.0, 0.0, 0.0, 0.0, 0.0, 0.0], "max_pos": 24, "max_act": 6.0273}]}