{"id": 775, "density": 0.0090385, "max_act": 14.671875, "hist": {"edges": [0.01, 0.0133, 0.0178, 0.0237, 0.0316, 0.0422, 0.0562, 0.075, 0.1, 0.1334, 0.1778, 0.2371, 0.3162, 0.4217, 0.5623, 0.7499, 1.0, 1.3335, 1.7783, 2.3714, 3.1623, 4.217, 5.6234, 7.4989, 10.0, 13.3352, 17.7828, 23.7137, 31.6228, 42.1697, 56.2341, 74.9894, 100.0], "counts": [0, 0, 0, 0, 0, 0, 0, 0, 0, 1, 0, 33, 320, 1601, 4665, 7281, 6749, 4925, 3181, 1886, 1334, 1075, 1738, 750, 584, 31, 0, 0, 0, 0, 0, 0]}, "logit_lens": {"promoted": [[" more", 0.517], [" better", 0.413], [" louder", 0.399], [" pret", 0.391], [" stronger", 0.386], [" bigger", 0.385], [" brighter", 0.369], [" further", 0.352], [" higher", 0.339], [" closer", 0.339]], "suppressed": [[" kids", 0.317], ["g", 0.291], [" boys", 0.276], [" raven", 0.245], [" children", 0.244], ["ath", 0.24], [" dad", 0.231], [" wants", 0.23], ["ck", 0.225], [" happening", 0.218]]}, "examples": [{"tokens": [" each", " gift", ",", " the", " tree", " would", " become", " even", " more", " strong", " and", " tall", ".", "\n", "\n", "One"], "acts": [0.0, 0.0, 0.0, 0.0, 0.0, 0.0, 1.3384, 14.6686, 0.0, 0.0, 3.7329, 0.0, 0.0, 0.0, 0.0, 0.0], "max_pos": 7, "max_act": 14.6719}, {"tokens": [" have", " fun", ".", " When", " he", " got", " back", " to", " his", " drawing", ",", " he", " realized", " that", " the", " sm", "u", "dge", " act", "ually", " made", " the", " flower", " look", " even", " pret", "t", "ier", ".", " The", " bunny", " was", " happy"], "acts": [0.0, 0.0, 0.0, 0.0, 0.0, 0.0, 0.0, 0.0, 0.0, 0.0, 0.0, 0.0, 0.0, 0.0, 0.0, 0.0, 0.0, 0.0, 0.0, 0.0, 0.0, 0.0, 0.0, 0.0, 14.533, 2.4985, 0.0, 0.0, 0.0, 0.0, 0.0, 0.0, 0.0], "max_pos": 24, "max_act": 14.5312}, {"tokens": [" so", " pleased", " and", " thought", " to", " himself", ",", " \"", "The", " pond", " makes", " me", " look", " even", " better", "!\"", "\n", "\n", "But", " suddenly", ",", " the"], "acts": [0.0, 0.0, 0.0, 0.0, 0.0, 0.0, 0.0, 0.0, 0.0, 0.0, 0.0, 0.0, 0.0, 14.3943, 0.0, 0.0, 0.0, 0.0, 0.0, 0.0, 0.0, 0.0], "max_pos": 13, "max_act": 14.3906}, {"tokens": [" most", " beautiful", " pup", " in", " the", " land", ".", " The", " dog", " was", " very", " proud", " of", " his", " find", "s", " and", " the", " purple", " ash", " that", " made", " him", " look", " even", " more", " beautiful", ".", "<|endoftext|>", "Jim", " was", " sad", "."], "acts": [0.0, 0.0, 0.0, 0.0, 0.0, 0.0, 0.0, 0.0, 0.0, 0.0, 0.0, 0.0, 0.0, 0.0, 0.0, 0.0, 0.0, 0.0, 0.0, 0.0, 0.0, 0.0, 0.0, 0.0, 14.2612, 0.0, 0.0, 0.0, 0.0, 0.0, 0.0, 0.0, 0.0], "max_pos": 24, "max_act": 14.2578}, {"tokens": ["sely", " at", " the", " water", ",", " the", " dirt", " and", " all", " the", " tiny", " things", " flo", "ating", " in", " it", ".", " U", "p", " close", ",", " the", " puddle", " looked", " even", " might", "ier", ".", " \n", "\n", "Alice", " stood", " up"], "acts": [0.0, 0.0, 0.0, 0.0, 0.0, 0.0, 0.0, 0.0, 0.0, 0.0, 0.0, 0.0, 0.0, 0.0, 0.0, 0.0, 0.0, 0.0, 0.0, 0.0, 0.0, 0.0, 0.0, 0.0, 14.261, 1.165, 0.0, 0.0, 0.0, 0.0, 0.0, 0.0, 0.0], "max_pos": 24, "max_act": 14.2578}, {"tokens": [" now", " you", " look", " even", " more", " beautiful", "!\"", "<|endoftext|>", "Once", " upon", " a", " time"], "acts": [0.0, 0.0, 0.0, 14.137, 0.0, 0.0, 0.0, 0.0, 0.0, 0.0, 0.0, 0.0], "max_pos": 3, "max_act": 14.1406}, {"tokens": ["iv", "ity", " every", " day", ".", " \n", "\n", "They", " added", " jumping", ",", " singing", ",", " and", " even", " eating", " treats", " together", ".", " Soon", ",", " their", " friendship", " grew", " even", " stronger", " and", " their", " days", " were", " filled", " with", " laug"], "acts": [0.0, 0.0, 0.0, 0.0, 0.0, 0.0, 0.0, 0.0, 0.0, 0.0, 0.0, 0.0, 0.0, 0.0, 7.73, 0.0, 0.0, 0.0, 0.0, 0.0, 0.0, 0.0, 0.0, 1.1785, 14.0581, 0.0, 6.1942, 0.0, 0.0, 0.0, 0.0, 0.0, 0.0], "max_pos": 24, "max_act": 14.0547}, {"tokens": [" back", " on", " the", " shelf", ",", " the", " sun", " started", " to", " shine", " through", " the", " window", " and", " made", " the", " toys", " look", " even", " more", " shiny", ".", "\n", "\n", "Lily", "'s", " mom"], "acts": [0.0, 0.0, 0.0, 0.0, 0.0, 0.0, 0.0, 0.0, 1.2686, 0.0, 0.0, 0.0, 0.0, 1.3054, 0.0, 0.0, 0.0, 0.0, 14.037, 0.0, 0.0, 0.0, 0.0, 0.0, 0.0, 0.0, 0.0], "max_pos": 18, "max_act": 14.0391}, {"tokens": [".", " After", " a", " few", " second", "s", " the", " room", " was", " filled", " with", " a", " beautiful", " music", "al", " mel", "o", "dy", ".", " Mummy", "'s", " jolly", " smile", " grew", " even", " w", "id", "er", " and", " soon", " she", " was", " ta"], "acts": [0.0, 0.0, 0.0, 0.0, 0.0, 0.0, 0.0, 0.0, 0.0, 0.0, 0.0, 0.0, 0.0, 0.0, 0.0, 0.0, 0.0, 0.0, 0.0, 0.0, 0.0, 0.0, 0.0, 1.072, 13.9878, 0.0, 0.0, 0.0, 2.7655, 0.6711, 0.0, 0.0, 0.0], "max_pos": 24, "max_act": 13.9844}, {"tokens": [" on", " the", " bus", " and", " see", " what", " it", " was", " like", " inside", ".", " She", " thought", " about", " how", " she", " could", " decorate", " the", " bus", " and", " make", " it", " look", " even", " pret", "t", "ier", ".", " \n", "\n", "Later", " that"], "acts": [0.0, 0.0, 0.0, 0.0, 0.0, 0.0, 0.0, 0.0, 0.0, 0.0, 0.0, 0.0, 0.0, 0.0, 0.0, 0.0, 0.0, 0.0, 0.0, 0.0, 0.0, 0.0, 0.0, 0.0, 13.9306, 0.0, 0.0, 0.0, 0.0, 0.0, 0.0, 0.9413, 0.0], "max_pos": 24, "max_act": 13.9297}, {"tokens": [" Tommy", " whist", "led", ",", " the", " birds", " began", " to", " sing", " along", ".", " He", " watched", " them", " fly", " from", " branch", " to", " branch", " and", " it", " made", " him", " whistle", " even", " louder", ".", " All", " he", " wanted", " was", " to", " keep"], "acts": [0.0, 0.0, 0.0, 0.0, 0.0, 0.0, 0.0, 0.0, 0.0, 0.0, 0.0, 0.0, 0.0, 0.0, 0.0, 0.0, 0.0, 0.0, 0.0, 0.0, 0.0, 0.0, 0.0, 0.0, 13.8878, 0.0, 0.0, 0.7905, 0.0, 0.0, 0.0, 0.0, 0.0], "max_pos": 24, "max_act": 13.8906}, {"tokens": [" oat", ".", " They", " were", " very", " surprised", " when", " they", " recogn", "ized", " how", " special", " it", " was", ".", " Everyone", " took", " care", " of", " it", " and", " it", " soon", " grew", " even", " bigger", ".", " Every", " day", " they", " would", " look", " at"], "acts": [0.0, 0.0, 0.0, 0.0, 0.0, 0.0, 0.0, 0.0, 0.0, 0.0, 0.0, 0.0, 0.0, 0.0, 0.0, 0.0, 0.0, 0.0, 0.0, 0.7327, 0.0, 0.0, 0.0, 1.031, 13.8344, 0.0, 0.0, 0.0, 0.0, 0.0, 0.0, 0.0, 0.0], "max_pos": 24, "max_act": 13.8359}]}