{"id": 779, "density": 0.02083775, "max_act": 6.703125, "hist": {"edges": [0.01, 0.0133, 0.0178, 0.0237, 0.0316, 0.0422, 0.0562, 0.075, 0.1, 0.1334, 0.1778, 0.2371, 0.3162, 0.4217, 0.5623, 0.7499, 1.0, 1.3335, 1.7783, 2.3714, 3.1623, 4.217, 5.6234, 7.4989, 10.0, 13.3352, 17.7828, 23.7137, 31.6228, 42.1697, 56.2341, 74.9894, 100.0], "counts": [0, 0, 0, 0, 0, 0, 0, 0, 0, 0, 8, 182, 1147, 4309, 10587, 16348, 17503, 13876, 9051, 5961, 3087, 1058, 234, 0, 0, 0, 0, 0, 0, 0, 0, 0]}, "logit_lens": {"promoted": [[" face", 0.47], [" faces", 0.396], [" tail", 0.37], [" legs", 0.359], [" hands", 0.349], [" voice", 0.346], [" paws", 0.336], [" excitement", 0.324], ["ly", 0.322], [" tun", 0.317]], "suppressed": [[" careful", 0.224], [" R", 0.179], ["iz", 0.161], ["ast", 0.158], [" an", 0.158], [" mine", 0.151], [" yours", 0.145], [" far", 0.144], ["am", 0.142], [" dis", 0.137]]}, "examples": [{"tokens": [" wagged", " its", " tail", " and", " stopped", " barking", ".", "\n", "\n", "\""], "acts": [6.615, 6.7037, 4.0804, 1.2044, 0.0, 1.6758, 0.0, 0.0, 0.0, 0.0], "max_pos": 1, "max_act": 6.7031}, {"tokens": [" new", " friend", "!\"", "\n", "\n", "Lily", " was", " very", " happy", " that", " her", " mommy", " and", " daddy", " were", " proud", " of", " her", ".", " She", " smiled", " and", " clapped", " her", " hands", " too", ".", " She", " loved", " living", " in", " the", " calm"], "acts": [0.0, 1.0305, 0.0, 0.0, 0.0, 0.0, 0.0, 0.0, 0.0, 0.0, 0.0, 0.0, 0.0, 0.0, 0.0, 0.0, 0.0, 0.0, 0.0, 0.0, 0.645, 0.0, 0.9016, 4.5023, 6.6879, 2.9154, 0.0, 0.0, 0.0, 0.0, 0.0, 0.0, 0.0], "max_pos": 24, "max_act": 6.6875}, {"tokens": [" scared", " and", " she", " wanted", " to", " run", " away", ",", " but", " then", " she", " decided", " to", " be", " brave", ".", " She", " stom", "ped", " her", " feet", " and", " clapped", " her", " hands", ".", " The", " monster", " got", " scared", " and", " it", " ran"], "acts": [0.0, 0.0, 0.0, 0.0, 0.0, 0.0, 0.0, 0.0, 0.0, 0.0, 0.0, 0.0, 0.0, 0.0, 0.0, 0.0, 0.0, 0.0, 0.0, 2.7745, 3.6428, 0.0, 0.0, 4.872, 6.6686, 0.0, 0.0, 0.0, 0.0, 0.0, 0.0, 0.0, 0.0], "max_pos": 24, "max_act": 6.668}, {"tokens": [" playing", " in", " the", " mud", ".", " They", " liked", " to", " make", " p", "ies", " and", " c", "akes", " with", " the", " wet", " dirt", ".", " They", " laughed", " and", " clapped", " their", " hands", " when", " they", " finished", " their", " cre", "ations", ".", "\n"], "acts": [0.0, 0.0, 0.0, 0.0, 0.0, 0.0, 0.0, 0.0, 0.0, 0.0, 0.0, 0.0, 0.0, 0.0, 0.0, 0.0, 0.0, 0.0, 0.0, 0.0, 0.0, 0.0, 0.8838, 4.4371, 6.6252, 0.0, 0.0, 0.0, 0.0, 0.0, 0.0, 0.0, 0.0], "max_pos": 24, "max_act": 6.625}, {"tokens": [" very", " excited", ".", " They", " danced", " around", " the", " kitchen", " and", " clapped", " their", " hands", ".", " The", " father", " brought", " out", " a", " big", " cake"], "acts": [0.0, 0.0, 0.0, 0.0, 0.0, 0.0, 0.0, 0.0, 0.0, 0.0, 4.1487, 6.6124, 0.0, 0.0, 0.0, 0.0, 0.0, 0.0, 0.0, 0.0], "max_pos": 11, "max_act": 6.6133}, {"tokens": ["erry", "-", "g", "o", "-", "round", ".", " They", " run", " to", " the", " slide", " and", " take", " turns", " slid", "ing", " down", ".", " They", " laugh", " and", " clap", " their", " hands", ".", "\n", "\n", "Then", " they", " go", " to", " the"], "acts": [1.0987, 0.0, 0.0, 1.3248, 0.0, 0.0, 0.0, 0.0, 0.0, 0.0, 0.0, 0.0, 0.0, 0.0, 0.0, 0.0, 0.0, 0.0, 0.0, 0.0, 0.0, 0.0, 1.4552, 4.4658, 6.5762, 0.0, 0.0, 0.0, 0.0, 0.0, 0.0, 0.0, 0.0], "max_pos": 24, "max_act": 6.5781}, {"tokens": ["Sue", " and", " Sam", " played", " together", " every", " day", ".", " They", " would", " race", ",", " but", " Sam", " was", " always", " slow", ".", " Sue", " would", " laugh", " and", " clap", " her", " hands", ".", " Sue", " and", " Sam", " were", " very", " happy", "."], "acts": [0.0, 0.0, 0.0, 0.0, 0.0, 0.0, 0.0, 0.0, 0.0, 0.0, 0.0, 0.0, 0.0, 0.0, 0.0, 0.0, 0.0, 0.0, 0.0, 0.0, 0.0, 0.0, 0.0, 4.4717, 6.5666, 0.0, 0.0, 0.0, 0.0, 0.0, 0.0, 0.0, 0.0], "max_pos": 24, "max_act": 6.5664}, {"tokens": [" smile", ".", " She", " was", " proud", " of", " her", " garden", " and"], "acts": [6.5348, 0.0, 0.0, 0.0, 0.0, 0.0, 0.0, 0.0, 0.0], "max_pos": 0, "max_act": 6.5352}, {"tokens": [" smile", " on", " his", " face", ".", "<|endoftext|>", "Once", " upon", " a"], "acts": [6.5348, 3.2748, 3.9793, 4.2091, 0.0, 0.0, 0.0, 0.0, 0.0], "max_pos": 0, "max_act": 6.5352}, {"tokens": [" smile", ".", " He", " has", " a", " toy", " train", ".", " Lily"], "acts": [6.5348, 0.0, 0.0, 0.0, 0.0, 0.0, 0.0, 0.0, 0.0], "max_pos": 0, "max_act": 6.5352}, {"tokens": [" smile", " on", " her", " face", " when", " she", " heard", " her", " favorite"], "acts": [6.5348, 3.2748, 4.156, 4.5057, 0.0, 0.0, 0.0, 0.0, 0.0], "max_pos": 0, "max_act": 6.5352}, {"tokens": [" and", " went", " outside", " to", " walk", " in", " the", " wet", " la", "wn", ".", " Little", " Johnny", " was", " excited", " to", " be", " wearing", " his", " rain", " boots", " and", " clapped", " his", " hands", " when", " they", " went", " outside", ".", "\n", "\n", "It"], "acts": [0.6854, 0.0, 0.7579, 0.0, 0.0, 0.0, 0.0, 0.0, 0.0, 0.0, 0.0, 0.0, 0.0, 0.0, 0.0, 0.0, 0.0, 0.0, 0.0, 0.0, 0.0, 0.0, 0.8992, 4.1051, 6.5312, 0.0, 0.0, 0.0, 0.0, 0.0, 0.0, 0.0, 0.0], "max_pos": 24, "max_act": 6.5312}]}