{"id": 780, "density": 0.01419775, "max_act": 7.91015625, "hist": {"edges": [0.01, 0.0133, 0.0178, 0.0237, 0.0316, 0.0422, 0.0562, 0.075, 0.1, 0.1334, 0.1778, 0.2371, 0.3162, 0.4217, 0.5623, 0.7499, 1.0, 1.3335, 1.7783, 2.3714, 3.1623, 4.217, 5.6234, 7.4989, 10.0, 13.3352, 17.7828, 23.7137, 31.6228, 42.1697, 56.2341, 74.9894, 100.0], "counts": [0, 0, 0, 0, 0, 0, 0, 0, 0, 4, 67, 356, 1499, 5012, 8757, 8798, 6818, 5135, 4352, 5085, 3895, 4983, 2016, 14, 0, 0, 0, 0, 0, 0, 0, 0]}, "logit_lens": {"promoted": [[" they", 0.383], [" he", 0.369], [" she", 0.341], [" everyone", 0.249], [" whenever", 0.24], [" I", 0.237], [" every", 0.229], [" right", 0.223], [" everywhere", 0.218], [" everything", 0.216]], "suppressed": [[" wings", 0.328], [" sudden", 0.299], ["ning", 0.298], ["um", 0.283], [" getting", 0.276], [" passed", 0.27], ["uring", 0.265], ["Suddenly", 0.265], ["n", 0.263], ["ited", 0.261]]}, "examples": [{"tokens": [" camp", ".", " All", " of", " their", " friends", " were", " very", " excited", " and", " they", " had", " a", " wonderful", " time", " camp", "ing", " out", ".", "\n", "\n", "When", " they", " finished", ",", " Sam", " said", " something", " to", " Jenny", ".", "\n", "\n"], "acts": [0.0, 0.0, 0.0, 0.0, 0.0, 0.0, 0.0, 0.0, 0.0, 0.0, 0.0, 0.0, 0.0, 0.0, 0.0, 0.0, 0.0, 0.0, 0.0, 0.0, 0.0, 0.0, 0.0, 0.0, 7.9091, 0.0, 0.0, 0.0, 0.0, 0.0, 0.6029, 0.0, 0.0], "max_pos": 24, "max_act": 7.9102}, {"tokens": [" on", " the", " floor", ".", " Her", " mom", " quickly", " grabbed", " a", " bro", "om", ",", " and", " the", " little", " girl", " helped", ".", "\n", "\n", "When", " they", " were", " finished", ",", " they", " both", " smiled", ",", " happy", " that", " they", " had"], "acts": [0.0, 0.0, 0.0, 0.0, 0.0, 0.0, 0.0, 0.0, 0.0, 0.0, 0.0, 0.0, 0.0, 0.0, 0.0, 0.0, 0.0, 0.0, 0.0, 0.0, 0.5638, 0.0, 0.0, 0.0, 7.6896, 1.1551, 0.0, 0.0, 3.2694, 0.0, 0.0, 0.0, 0.0], "max_pos": 24, "max_act": 7.6914}, {"tokens": ["\n", "The", " book", " was", " so", " exciting", "!", " L", "izzy", " read", " it", " all", " afternoon", " and", " even", " forgot", " to", " eat", " lunch", "!", " When", " she", " finished", ",", " she", " smiled", " and", " thought", " the", " book", " was", " so"], "acts": [0.0, 0.0, 0.0, 0.0, 0.0, 0.0, 0.5995, 0.0, 0.0, 0.0, 0.0, 0.0, 0.0, 0.0, 0.0, 0.0, 0.0, 0.0, 0.0, 0.0, 0.0, 0.0, 0.0, 7.6647, 0.0, 0.0, 0.0, 0.0, 0.0, 0.0, 0.0, 0.0], "max_pos": 23, "max_act": 7.6641}, {"tokens": ["Sue", " had", " such", " an", " adventurous", " ride", ".", " She", " laughed", " and", " had", " a", " great", " time", ".", " When", " she", " was", " done", ",", " she", " thanked", " the", " tree", " for", " let", "ting", " her"], "acts": [0.0, 0.0, 0.0, 0.0, 0.0, 0.0, 0.0, 0.0, 0.0, 0.0, 0.0, 0.0, 0.0, 0.0, 0.0, 0.0, 0.0, 0.0, 0.0, 7.6538, 0.0, 0.0, 0.0, 0.0, 0.0, 0.0, 0.0, 0.0], "max_pos": 19, "max_act": 7.6523}, {"tokens": [" life", "!", "\n", "\n", "When", " she", " was", " finished", ",", " she", " stepped", " back", " and", " looked", " at", " what", " she"], "acts": [0.0, 0.0, 0.0, 0.0, 0.0, 0.0, 0.0, 0.0, 7.6452, 0.0, 0.0, 0.0, 0.0, 0.0, 0.0, 0.0, 0.0], "max_pos": 8, "max_act": 7.6445}, {"tokens": [" tight", ".", " Then", ",", " they", " put", " some", " new", " o", "il", " in", " the", " engine", " so", " it", " would", " run", " better", ".", "\n", "\n", "When", " they", " finished", ",", " the", " driver", " started", " the", " car", " to", " see", " how"], "acts": [0.0, 0.0, 0.0, 1.0878, 0.0, 0.0, 0.0, 0.0, 0.0, 0.0, 0.0, 0.0, 0.0, 0.0, 0.0, 0.0, 0.0, 0.0, 0.0, 0.0, 0.0, 0.0, 0.0, 0.0, 7.6181, 0.0, 0.0, 0.0, 0.0, 0.0, 0.0, 0.0, 0.0], "max_pos": 24, "max_act": 7.6172}, {"tokens": [" with", " the", " rabbit", ".", "\n", "\n", "P", "aul", " and", " the", " rabbit", " worked", " together", " until", " all", " the", " leaves", " were", " organized", ".", " When", " they", " were", " done", ",", " they", " sat", " and", " enjoyed", " the", " re", "s", "ult"], "acts": [0.0, 0.0, 0.0, 0.0, 0.0, 0.0, 0.0, 0.0, 0.4538, 0.0, 0.0, 0.0, 0.0, 0.0, 0.0, 0.0, 0.0, 0.0, 0.0, 0.0, 0.0, 0.0, 0.0, 0.0, 7.5757, 0.6327, 0.0, 0.0, 0.0, 0.0, 0.0, 0.0, 0.0], "max_pos": 24, "max_act": 7.5742}, {"tokens": ["\n", "\n", "When", " they", " finished", ",", " they", " went", " to", " the", " living", " room", " and", " washed"], "acts": [0.0, 0.0, 0.0, 0.0, 0.0, 7.5746, 1.6839, 1.3807, 0.0, 0.0, 0.0, 0.0, 0.0, 0.0], "max_pos": 5, "max_act": 7.5742}, {"tokens": [" the", " wire", " for", " a", " long", " time", ".", " He", " used", " the", " competitive", " wire", " to", " wrap", " it", " around", " a", " stick", ".", "\n", "\n", "When", " he", " finished", ",", " Tom", " was", " amazed", "!", " It", " was", " the", " best"], "acts": [0.0, 0.0, 0.0, 0.0, 0.0, 0.0, 0.0, 0.0, 0.0, 0.0, 0.0, 0.0, 0.0, 0.0, 0.0, 0.0, 0.0, 0.0, 0.0, 0.0, 0.0, 0.0, 0.0, 0.0, 7.5609, 0.0, 0.0, 0.0, 1.5671, 0.0, 0.0, 0.0, 0.0], "max_pos": 24, "max_act": 7.5625}, {"tokens": [".", " They", " used", " their", " hands", " to", " make", " it", " look", " just", " right", ".", " \n", "\n", "When", " they", " finished", ",", " the", " dry", " lollipop", " was", " perfect", ".", " Mia", " and"], "acts": [0.0, 0.0, 0.0, 0.0, 0.0, 0.0, 0.0, 0.0, 0.0, 0.0, 0.0, 0.0, 0.0, 0.0, 0.0, 0.0, 0.0, 7.5511, 0.0, 0.0, 0.0, 0.0, 0.0, 2.385, 0.0, 0.0], "max_pos": 17, "max_act": 7.5508}, {"tokens": ["bbed", " and", " scr", "u", "bbed", " and", " scr", "u", "bbed", " the", " oven", " until", " it", " was", " clean", " and", " sparkly", ".", " \n", "\n", "When", " she", " was", " done", ",", " M", "uffy", " said", ",", " \"", "Now", " that", "'s"], "acts": [0.0, 0.0, 0.0, 0.0, 0.0, 0.0, 0.0, 0.0, 0.0, 0.0, 0.0, 0.0, 0.0, 0.0, 0.0, 0.0, 0.0, 0.0, 0.0, 0.0, 0.555, 0.0, 0.0, 0.0, 7.5288, 0.0, 0.0, 0.0, 2.2274, 0.0, 4.2114, 0.0, 0.0], "max_pos": 24, "max_act": 7.5273}, {"tokens": [" over", " to", " the", " wealthy", " game", " and", " began", " to", " play", ".", " They", " laughed", " and", " had", " a", " great", " time", ".", "\n", "\n", "When", " they", " were", " finished", ",", " Sally", " said", " to", " Bob", ",", " \u00e2\u20ac\u0153", "Let", "\u00e2\u20ac\u2122"], "acts": [0.0, 0.0, 0.0, 0.0, 0.0, 0.0, 0.0, 0.0, 0.0, 0.0, 0.0, 0.0, 0.0, 0.0, 0.0, 0.0, 0.0, 0.0, 0.0, 0.0, 0.0, 0.0, 0.0, 0.0, 7.5244, 0.0, 0.0, 0.0, 0.0, 3.1847, 0.0, 0.0, 0.0], "max_pos": 24, "max_act": 7.5234}]}