{"id": 798, "density": 0.0243015, "max_act": 6.12890625, "hist": {"edges": [0.01, 0.0133, 0.0178, 0.0237, 0.0316, 0.0422, 0.0562, 0.075, 0.1, 0.1334, 0.1778, 0.2371, 0.3162, 0.4217, 0.5623, 0.7499, 1.0, 1.3335, 1.7783, 2.3714, 3.1623, 4.217, 5.6234, 7.4989, 10.0, 13.3352, 17.7828, 23.7137, 31.6228, 42.1697, 56.2341, 74.9894, 100.0], "counts": [0, 0, 0, 0, 0, 0, 0, 0, 0, 2, 27, 221, 1453, 6771, 17587, 24255, 21221, 12756, 7195, 3865, 955, 822, 76, 0, 0, 0, 0, 0, 0, 0, 0, 0]}, "logit_lens": {"promoted": [[" reward", 0.351], [" answ", 0.33], [" enough", 0.324], [" listened", 0.32], [" available", 0.319], [" okay", 0.315], [" chance", 0.311], ["omed", 0.311], [" ever", 0.3], ["erly", 0.289]], "suppressed": [["ire", 0.216], [" clothes", 0.183], [" mirror", 0.182], [" circles", 0.17], [" pad", 0.169], ["ara", 0.166], [" wonder", 0.165], [" Sammy", 0.16], ["ird", 0.159], [" field", 0.157]]}, "examples": [{"tokens": ["un", "ately", ",", " they", " got", " lost", " and", " never", " came", " back", ".", " Lily", " was", " very", " sad", " and", " missed", " them", " a", " lot", ".", " She", " wished", " she", " had", " gone", " with", " them", ",", " even", " if", " the"], "acts": [0.0, 0.0, 0.0, 0.0, 0.0, 0.0, 0.0, 0.0, 0.0, 0.0, 0.0, 0.0, 0.0, 0.0, 0.0, 0.0, 0.0, 0.0, 1.1335, 0.0, 0.0, 0.0, 0.0, 6.1297, 3.4967, 0.0, 0.0, 0.0, 0.0, 0.0, 0.0, 0.8979], "max_pos": 23, "max_act": 6.1289}, {"tokens": [" what", " to", " say", ".", " He", " felt", " sorry", " and", " scared", ".", " He", " wished", " he", " had", " listened", " to", " his", " dad", ".", "<|endoftext|>", "Lily"], "acts": [0.0, 1.0292, 0.0, 0.0, 0.0, 0.0, 0.0, 0.0, 0.0, 0.0, 0.0, 0.0, 6.1167, 3.7134, 0.0, 0.0, 0.0, 0.0, 0.0, 0.0, 0.0], "max_pos": 12, "max_act": 6.1172}, {"tokens": [" herself", " badly", " and", " had", " to", " go", " to", " the", " hospital", ".", "\n", "\n", "Lily", "'s", " mommy", " felt", " very", " bad", " about", " what", " happened", ".", " She", " wished", " she", " had", " been", " more", " careful", ".", " From", " that", " day"], "acts": [0.0, 0.0, 0.0, 0.0, 0.0, 0.0, 0.0, 0.0, 0.0, 0.0, 0.0, 0.0, 0.0, 0.0, 0.0, 0.0, 0.0, 0.0, 0.0, 0.0, 0.0, 0.0, 0.0, 0.0, 6.1098, 3.6282, 1.7814, 0.0, 0.0, 0.0, 0.0, 0.0, 0.0], "max_pos": 24, "max_act": 6.1094}, {"tokens": [" and", " couldn", "'t", " play", " with", " it", " anymore", ".", " She", " learned", " that", " sometimes", " too", " much", " of", " a", " good", " thing", " can", " be", " bad", " and", " wished", " she", " had", " never", " met", " the", " pale", " lady", ".", "<|endoftext|>"], "acts": [0.0, 0.0, 0.0, 0.0, 0.0, 0.0, 0.0, 0.0, 0.0, 0.0, 0.0, 0.0, 0.0, 0.0, 0.0, 0.0, 0.0, 0.0, 0.0, 0.0, 0.0, 0.0, 0.0, 6.1081, 3.6789, 0.0, 0.0, 1.4048, 0.0, 0.7934, 0.0, 0.0], "max_pos": 23, "max_act": 6.1094}, {"tokens": [" mom", " and", " dad", " and", " thank", " them", " for", " their", " love", ".", " She", " wished", " she", " could", " re", "lease", " her", " an", "ger", " and", " sad"], "acts": [0.0, 0.0, 0.0, 0.0, 0.0, 0.0, 0.0, 1.5622, 0.0, 0.0, 0.0, 0.0, 6.0633, 2.9826, 1.3922, 0.0, 1.0214, 1.5882, 0.0, 0.0, 0.0], "max_pos": 12, "max_act": 6.0625}, {"tokens": [" late", ".", " Lily", " had", " dr", "own", "ed", " in", " the", " ocean", ".", " Her", " family", " was", " very", " sad", " and", " missed", " her", " very", " much", ".", " They", " wished", " she", " had", " listened", " to", " them", " and", " stayed", " safe", " on"], "acts": [0.0, 0.0, 1.0163, 0.0, 0.0, 0.0, 0.0, 0.0, 0.0, 0.0, 0.0, 0.0, 0.0, 0.0, 0.0, 0.0, 0.0, 0.0, 0.0, 0.0, 0.0, 0.0, 0.0, 0.0, 6.0374, 3.3299, 0.0, 0.0, 0.0, 0.0, 0.0, 0.0, 0.0], "max_pos": 24, "max_act": 6.0391}, {"tokens": ["\n", "\n", "Tom", " felt", " sad", " and", " sorry", ".", " He", " realized", " he", " made", " a", " mistake", ".", " He", " wished", " he", " had", " not", " left", " his", " blue", " yarn", ".", " He"], "acts": [0.0, 0.0, 0.0, 0.0, 0.0, 0.0, 0.0, 0.0, 0.0, 0.0, 1.2877, 0.0, 0.0, 0.0, 0.0, 0.0, 0.0, 6.0041, 3.6372, 1.2134, 0.0, 0.0, 0.0, 0.0, 0.0, 0.0], "max_pos": 17, "max_act": 6.0039}, {"tokens": [".", " Tom", " felt", " very", " sorry", ".", " He", " did", " not", " know", " how", " to", " fix", " his", " mistake", ".", " He", " wished", " he", " had", " not", " been", " so", " terrible", ".", " He", " wished"], "acts": [0.0, 0.0, 0.0, 0.0, 0.0, 0.0, 0.0, 0.0, 0.0, 0.0, 0.0, 1.3196, 0.0, 0.0, 0.0, 0.0, 0.0, 0.0, 5.9882, 3.7371, 1.3971, 1.0394, 0.0, 0.0, 0.0, 0.0, 0.0], "max_pos": 18, "max_act": 5.9883}, {"tokens": [" trouble", "!\"", " they", " said", ".", "\n", "\n", "Ben", " felt", " sorry", " and", " ashamed", ".", " He", " wished", " he", " had", " listened", " to", " Lily", " and", " not", " played", " with"], "acts": [0.0, 0.0, 0.0, 0.0, 0.0, 0.0, 0.0, 0.0, 0.0, 0.0, 0.0, 0.0, 0.0, 0.0, 0.0, 5.9728, 3.6242, 0.0, 0.0, 0.0, 0.0, 0.0, 0.0, 0.0], "max_pos": 15, "max_act": 5.9727}, {"tokens": [" bad", " for", " the", " eyes", ".", " Tom", " had", " made", " a", " big", " mistake", ".", " He", " wished", " he", " had", " not", " pin", "ched", " Lily", ".", " He", " wished"], "acts": [0.0, 0.0, 0.0, 0.0, 0.0, 0.0, 0.0, 0.0, 0.0, 0.0, 0.0, 0.0, 0.0, 0.0, 5.9643, 3.6998, 1.2382, 1.338, 0.0, 0.0, 0.0, 0.0, 0.0], "max_pos": 14, "max_act": 5.9648}, {"tokens": [" he", " had", " made", " a", " mistake", ".", " He", " wished", " he", " had", " listened", " to", " his", " mom", " and", " Anna", "."], "acts": [0.0, 0.0, 0.0, 0.0, 0.0, 0.0, 0.0, 0.0, 5.9608, 3.7592, 0.0, 0.0, 0.0, 0.0, 0.0, 0.0, 0.0], "max_pos": 8, "max_act": 5.9609}, {"tokens": ["iny", ".", " They", " never", " got", " to", " play", " together", " again", ".", " Z", "er", "o", " learned", " that", " being", " weird", " can", " be", " dangerous", ",", " and", " he", " wished", " he", " could", " go", " back", " to", " being", " with", " his", " friends"], "acts": [0.0, 0.0, 0.0, 0.0, 0.0, 0.0, 0.0, 0.0, 0.0, 0.0, 0.0, 0.0, 0.0, 0.0, 0.0, 0.0, 0.0, 0.0, 0.0, 0.0, 0.0, 0.0, 0.0, 0.0, 5.9118, 2.8373, 1.2149, 0.0, 0.0, 0.0, 0.0, 0.0, 0.0], "max_pos": 24, "max_act": 5.9102}]}