{"id": 802, "density": 0.008677, "max_act": 8.890625, "hist": {"edges": [0.01, 0.0133, 0.0178, 0.0237, 0.0316, 0.0422, 0.0562, 0.075, 0.1, 0.1334, 0.1778, 0.2371, 0.3162, 0.4217, 0.5623, 0.7499, 1.0, 1.3335, 1.7783, 2.3714, 3.1623, 4.217, 5.6234, 7.4989, 10.0, 13.3352, 17.7828, 23.7137, 31.6228, 42.1697, 56.2341, 74.9894, 100.0], "counts": [0, 0, 0, 0, 0, 0, 0, 0, 0, 0, 12, 95, 475, 2445, 5769, 6994, 6046, 4669, 3141, 1750, 1280, 1325, 676, 31, 0, 0, 0, 0, 0, 0, 0, 0]}, "logit_lens": {"promoted": [["'re", 0.204], [" was", 0.196], [" help", 0.195], [" helped", 0.194], [" they", 0.176], ["sist", 0.176], [" were", 0.175], ["ow", 0.171], [" grow", 0.166], [" work", 0.166]], "suppressed": [["er", 0.388], ["ely", 0.358], ["ly", 0.356], [" ways", 0.338], [" across", 0.328], ["lies", 0.328], [" forth", 0.32], [" everywhere", 0.316], ["ily", 0.313], ["ually", 0.305]]}, "examples": [{"tokens": [" new", " war", "d", "robe", " and", " would", " always", " call", " her", " aunt", " to", " say", " thank", " you", " again", ".", " She", " learned", " that", " sometimes", " good", " things", " come", " when", " you", " le", "ast", " exp", "ect", " them", ".", "<|endoftext|>", "Once"], "acts": [0.0, 0.0, 0.0, 0.0, 0.0, 0.0, 0.0, 0.0, 0.0, 0.0, 0.0, 0.0, 0.0, 0.0, 0.0, 0.0, 0.0, 0.0, 0.0, 0.0, 0.0, 0.0, 0.0, 1.1677, 8.8904, 0.0, 0.0, 0.0, 0.0, 0.0, 0.0, 0.0, 0.0], "max_pos": 24, "max_act": 8.8906}, {"tokens": [" She", " was", " very", " happy", ".", " The", " family", " learned", " that", " when", " you", " work", " together", ",", " you", " can", " make", " broken", " things"], "acts": [0.0, 0.0, 0.0, 0.0, 0.0, 0.0, 0.0, 0.0, 0.0, 1.341, 8.393, 2.1816, 0.0, 0.0, 0.0, 0.0, 0.0, 0.0, 0.0], "max_pos": 10, "max_act": 8.3906}, {"tokens": [" wanted", " to", " help", " her", " mommy", ".", " But", " then", " she", " remembered", " something", " her", " teacher", " had", " taught", " her", ",", " \"", "Al", "ways", " ask", " for", " help", " when", " you", " need", " it", ".\"", " So", ",", " Lily", " asked", " a"], "acts": [0.0, 0.0, 0.0, 0.0, 0.0, 0.0, 0.0, 0.0, 0.0, 0.0, 0.0, 0.0, 0.0, 0.0, 0.0, 0.0, 0.0, 0.0, 0.0, 0.0, 0.0, 0.0, 0.0, 1.3072, 8.3507, 0.0, 0.0, 0.0, 0.0, 0.0, 0.0, 0.0, 0.0], "max_pos": 24, "max_act": 8.3516}, {"tokens": [" now", ".", " O", "llie", " caught", " the", " big", " fish", " and", " showed", " his", " friends", ".", " They", " were", " all", " very", " happy", ".", " O", "llie", " learned", " that", " when", " you", " finish", " your", " task", "s", ",", " you", " are", " ready"], "acts": [0.0, 0.0, 0.0, 0.0, 0.0, 0.0, 0.0, 0.0, 0.0, 0.0, 0.0, 0.0, 0.0, 0.0, 0.0, 0.0, 0.0, 0.0, 0.0, 0.0, 0.0, 0.0, 0.0, 1.0872, 8.2551, 1.4592, 1.1854, 0.0, 0.0, 0.0, 0.0, 0.0, 0.0], "max_pos": 24, "max_act": 8.2578}, {"tokens": [" special", " I", " wear", " around", " my", " neck", ".", " You", " can", " wear", " t", "ies", " too", " when", " you", " grow", " up", ",\"", " she", " said", ".", "\n", "Billy"], "acts": [0.0, 0.0, 0.0, 0.0, 0.0, 0.0, 0.0, 0.0, 0.0, 0.0, 0.0, 0.0, 0.0, 0.0, 8.2387, 0.0, 0.0, 0.8918, 0.0, 0.0, 0.0, 0.0, 0.0], "max_pos": 14, "max_act": 8.2422}, {"tokens": [" help", " you", " win", ".", " The", " moral", " of", " the", " story", " is", " that", " using", " your", " bra", "in", " can", " lead", " to", " v", "ict", "ory", ",", " even", " when", " you", " are", " not", " the", " strong", "est", " or", " the", " fast"], "acts": [0.0, 1.022, 0.0, 0.0, 0.0, 0.0, 0.0, 0.0, 0.0, 0.0, 0.0, 0.0, 1.0787, 0.0, 0.0, 0.0, 0.0, 0.0, 0.0, 0.0, 0.0, 0.0, 0.0, 0.0, 8.1494, 3.2026, 1.3374, 0.0, 0.0, 0.0, 0.0, 0.0, 0.0], "max_pos": 24, "max_act": 8.1484}, {"tokens": [" kitten", "'s", " family", ".", " The", " kitten", " was", " so", " happy", " to", " be", " home", "!", " Lily", ",", " Ben", ",", " and", " their", " new", " friends", " learned", " that", " when", " you", " help", " others", ",", " you", " make", " the", " world", " a"], "acts": [0.0, 0.0, 0.0, 0.0, 0.0, 0.0, 0.0, 0.0, 0.0, 0.0, 0.0, 0.0, 0.0, 0.0, 0.0, 0.0, 0.0, 0.0, 0.0, 0.0, 0.0, 0.0, 0.0, 0.8131, 8.0476, 0.7587, 2.2387, 0.0, 0.0, 0.0, 0.0, 0.0, 0.0], "max_pos": 24, "max_act": 8.0469}, {"tokens": ["From", " that", " day", " on", ",", " Lily", " learned", " that", " it", "'s", " better", " to", " share", " and", " not", " keep", " secret", "s", ".", " She", " also", " learned", " that", " when", " you", " stret", "ch", " out", " your", " hand", " to", " help", " others"], "acts": [0.0, 0.0, 0.0, 0.0, 0.0, 0.0, 0.0, 0.0, 0.0, 0.0, 0.0, 0.0, 0.0, 0.0, 0.0, 0.0, 0.0, 0.0, 0.0, 0.0, 0.0, 0.0, 0.0, 0.0, 8.0166, 0.0, 0.0, 0.0, 0.0, 0.0, 0.0, 0.0, 0.0], "max_pos": 24, "max_act": 8.0156}, {"tokens": ["They", " played", " with", " the", " toy", " car", " and", " had", " lots", " of", " fun", ".", " Tim", " felt", " good", " about", " helping", " his", " friend", ".", " He", " learned", " that", " when", " you", " help", " others", ",", " it", " makes", " both", " you", " and"], "acts": [0.0, 0.0, 0.0, 0.0, 0.0, 0.0, 0.0, 0.0, 0.0, 0.0, 0.0, 0.0, 0.0, 0.0, 0.0, 0.0, 0.0, 0.0, 0.0, 0.0, 0.0, 0.0, 0.0, 0.0, 7.9389, 0.7537, 2.2136, 0.0, 0.0, 0.0, 0.0, 0.0, 0.0], "max_pos": 24, "max_act": 7.9375}, {"tokens": [".", " They", " became", " good", " friends", " and", " played", " together", " every", " day", " at", " the", " park", ".", " From", " that", " day", " on", ",", " Lily", " knew", " that", " sometimes", " when", " you", " meet", " someone", " new", ",", " it", " can", " lead", " to"], "acts": [0.0, 0.0, 0.0, 0.0, 0.0, 0.0, 0.0, 0.0, 0.0, 0.0, 0.0, 0.0, 0.0, 0.0, 0.0, 0.0, 0.0, 0.0, 0.0, 0.0, 0.0, 0.5357, 0.0, 0.0, 7.9189, 1.4173, 0.8371, 0.0, 0.0, 0.0, 0.0, 0.0, 0.0], "max_pos": 24, "max_act": 7.918}, {"tokens": [" little", " boy", ".", "\n", "\n", "The", " moral", " of", " the", " story", " is", " that", " it", "'s", " important", " to", " have", " dependable", " friends", " who", " can", " help", " you", " when", " you", " strugg", "le", ".", "<|endoftext|>", "Once", " upon", " a", " time"], "acts": [0.0, 0.0, 0.0, 0.0, 0.0, 0.0, 0.0, 0.0, 0.0, 0.0, 0.0, 0.0, 0.0, 0.0, 0.0, 0.0, 0.0, 0.0, 0.0, 1.0977, 0.0, 0.0, 1.4259, 0.0, 7.8785, 0.0, 1.1871, 0.0, 0.0, 0.0, 0.0, 0.0, 0.0], "max_pos": 24, "max_act": 7.8789}, {"tokens": [" always", " find", " her", " key", "s", ".", " The", " chain", " was", " very", " useful", ".", " Amy", " was", " happy", " to", " help", " her", " mommy", ".", " She", " learned", " that", " when", " you", " make", " something", " pretty", " and", " useful", ",", " it", " can"], "acts": [0.0, 0.0, 0.0, 0.0, 0.0, 0.0, 0.0, 0.0, 0.0, 0.0, 0.0, 0.0, 0.0, 0.0, 0.0, 0.0, 0.0, 0.0, 0.0, 0.0, 0.0, 0.0, 0.0, 0.0, 7.8517, 0.0, 0.0, 0.0, 0.0, 0.0, 0.0, 0.0, 0.0], "max_pos": 24, "max_act": 7.8516}]}