{"id": 813, "density": 0.05550675, "max_act": 4.65625, "hist": {"edges": [0.01, 0.0133, 0.0178, 0.0237, 0.0316, 0.0422, 0.0562, 0.075, 0.1, 0.1334, 0.1778, 0.2371, 0.3162, 0.4217, 0.5623, 0.7499, 1.0, 1.3335, 1.7783, 2.3714, 3.1623, 4.217, 5.6234, 7.4989, 10.0, 13.3352, 17.7828, 23.7137, 31.6228, 42.1697, 56.2341, 74.9894, 100.0], "counts": [0, 0, 0, 0, 0, 0, 0, 0, 0, 1, 7, 325, 2916, 14125, 36744, 51907, 48841, 37060, 21053, 7525, 1496, 27, 0, 0, 0, 0, 0, 0, 0, 0, 0, 0]}, "logit_lens": {"promoted": [[" driver", 0.302], [" truck", 0.249], [" all", 0.215], [" sees", 0.21], [" out", 0.202], [" seat", 0.201], [" back", 0.198], [" car", 0.178], [" wheels", 0.169], [" drive", 0.168]], "suppressed": [[" hive", 0.431], [" Billy", 0.366], [" bees", 0.352], ["lly", 0.347], [" pie", 0.342], [" Joe", 0.341], [" bee", 0.34], ["Daisy", 0.338], [" caterpillar", 0.336], [" beetle", 0.333]]}, "examples": [{"tokens": ["ic", "i", "al", ".", " Timmy", " pushed", " his", " car", " as", " fast", " as", " he", " could", " and", " soon", " he", " was", " in", " the", " lead", ".", " He", " could", " see", " the", " top", " of", " the", " finish", " line", " in", " the", " distance"], "acts": [0.0, 0.0, 0.0, 0.0, 0.0, 0.6971, 2.5354, 0.9866, 0.0, 0.0, 0.0, 0.0, 0.0, 0.0, 0.9239, 0.0, 0.6226, 0.0, 2.9607, 0.0, 0.0, 0.0, 1.2617, 0.9208, 4.6579, 0.0, 0.0, 2.6811, 0.0, 0.0, 0.0, 2.2716, 0.0], "max_pos": 24, "max_act": 4.6562}, {"tokens": [" truck", ".", " She", " pretended", " it", " was", " her", " own", ".", "\n", "\n", "C", "la", "ire", " got", " inside", " and", " pretended", " to", " drive", ".", " She", " stepped", " on", " the", " p", "ed", "al", " and", " off", " she", " went", ","], "acts": [0.0, 0.0, 0.0, 0.0, 0.0, 0.0, 1.6282, 1.041, 0.0, 0.0, 0.0, 0.0, 0.0, 0.0, 0.4795, 0.0, 0.0, 0.0, 0.9538, 0.0, 0.0, 0.0, 0.9253, 1.1922, 4.6572, 0.0, 0.0, 0.0, 0.7266, 0.0, 0.0, 0.0, 0.0], "max_pos": 24, "max_act": 4.6562}, {"tokens": [" a", " big", " hedge", ".", "\n", "\n", "The", " driver", " of", " the", " truck", " stopped", " at", " the", " place", " where", " the", " hedge", " was", " going", ".", " He", " knocked", " on", " the", " door", " and", " a", " little", " boy", " answered", "."], "acts": [1.8831, 2.6371, 0.0, 0.0, 0.0, 0.0, 2.8224, 0.0, 0.0, 2.6602, 0.0, 0.0, 0.0, 3.0875, 0.0, 0.0, 3.5044, 0.0, 0.0, 0.0, 0.0, 0.0, 0.0, 0.0, 4.6435, 0.0, 0.0, 1.4633, 0.0, 0.0, 0.0, 0.0], "max_pos": 24, "max_act": 4.6445}, {"tokens": [" laugh", ".", " They", " want", " to", " slide", " too", ".", "\n", "\n", "But", " then", " they", " hear", " a", " loud", " noise", ".", " It", " is", " a", " big", " truck", ".", " The", " truck", " is", " carrying", " wood", ".", " The", " wood", " is"], "acts": [0.0, 0.0, 0.0, 0.0, 0.5796, 0.0, 0.0, 0.0, 0.0, 0.0, 0.0, 0.0, 0.0, 0.0, 1.2496, 0.675, 0.0, 0.0, 0.0, 0.0, 0.9373, 0.7258, 0.7092, 0.0, 4.4295, 1.2463, 1.5939, 0.9092, 0.0, 0.0, 4.1553, 0.0, 1.2608], "max_pos": 24, "max_act": 4.4297}, {"tokens": [" reliable", ".", " He", " is", " always", " on", " time", " and", " careful", ".", "\n", "\n", "One", " day", ",", " he", " sees", " a", " big", " truck", " on", " the", " road", ".", " The", " truck", " is", " zoom", "ing", " very", " fast", ".", " It"], "acts": [0.0, 0.0, 0.0, 0.0, 0.0, 0.0, 0.0, 0.0, 0.0, 0.0, 0.0, 0.0, 0.0, 0.0, 0.0, 0.0, 0.0, 2.3919, 1.7885, 0.6406, 0.0, 3.4632, 0.0, 0.0, 4.4061, 1.0807, 1.2259, 0.0, 0.0, 0.0, 0.0, 0.0, 0.0], "max_pos": 24, "max_act": 4.4062}, {"tokens": [" par", "ked", " in", " the", " park", "ing", " lot", ".", " He", " was", " very", " happy", " and", " quickly", " ran", " to", " it", ".", " He", " was", " so", " excited", " to", " see", " the", " truck", "!", "\n", "\n", "The", " man", " looked", " inside"], "acts": [0.0, 0.0, 0.0, 2.5077, 0.0, 0.0, 0.0, 0.0, 0.0, 0.0, 0.0, 0.0, 0.0, 0.0, 0.0, 0.0, 0.0, 0.0, 0.0, 0.0, 0.0, 0.0, 0.7172, 0.0, 4.4076, 0.7211, 0.0, 0.0, 0.0, 3.203, 0.0, 1.0308, 0.0], "max_pos": 24, "max_act": 4.4062}, {"tokens": [" run", " after", " the", " truck", " with", " the", " flour", ".", " They", " hope", " to", " see", " the", " b", "ak", "er", " and", " maybe", " get", " a", " treat"], "acts": [0.0, 0.0, 0.9824, 0.0, 0.0, 2.3451, 0.0, 0.0, 0.0, 0.0, 0.0, 0.0, 4.396, 0.0, 0.0, 0.8765, 0.0, 0.0, 0.5816, 2.365, 0.0], "max_pos": 12, "max_act": 4.3945}, {"tokens": [" there", " was", " a", " little", " girl", " named", " Lily", ".", " Lily", " loved", " to", " watch", " the", " cars", " go", " by", " on", " the", " road", ".", " She", " would", " sit", " on", " the", " side", "w", "alk", " and", " wave", " at", " them", " as"], "acts": [0.0, 0.0, 0.0, 0.0, 0.0, 0.0, 0.0, 0.0, 0.0, 0.0, 0.0, 0.0, 0.5979, 0.0, 0.686, 0.0, 0.0, 1.3565, 0.0, 0.0, 0.0, 0.8733, 0.0, 1.3626, 4.3825, 0.0, 0.0, 0.0, 0.0, 0.0, 0.0, 0.0, 0.0], "max_pos": 24, "max_act": 4.3828}, {"tokens": [" their", " breakfast", " first", ",", " and", " then", " watch", " the", " truck", ".", " They", " hoped", " the", " truck", " would", " stay", " for", " a", " while", ".", " It"], "acts": [0.0, 0.0, 0.0, 0.0, 0.0, 0.0, 0.0, 1.9704, 0.0, 0.0, 0.0, 0.0, 4.3646, 0.0, 0.8933, 0.0, 0.0, 0.0, 0.0, 0.0, 0.0], "max_pos": 12, "max_act": 4.3633}, {"tokens": [" moms", ".", "\n", "\n", "They", " got", " on", " the", " bus", " and", " pa", "id", " the", " driver", " with", " some", " coins", " they", " had", " saved", ".", " They", " sat", " on", " the", " seat", "s", " and", " looked", " out", " the", " window", "."], "acts": [0.0, 0.0, 0.0, 0.0, 0.0, 0.8338, 0.0, 3.4499, 0.0, 0.0, 0.0, 0.0, 2.9319, 0.0, 0.0, 2.3382, 0.0, 0.0, 0.0, 0.0, 0.0, 0.0, 0.0, 0.8598, 4.3547, 0.0, 0.0, 0.0, 1.1454, 0.0, 3.0368, 0.0, 0.0], "max_pos": 24, "max_act": 4.3555}, {"tokens": [" boxes", ".", " Maybe", " he", " will", " let", " you", " see", " some", " books", ".\"", "\n", "\n", "Tom", " and", " his", " dad", " go", " to", " the", " truck", ".", " They", " see", " the", " truck", " driver", ".", " He", " is", " swe", "ating", " and"], "acts": [0.0, 0.0, 0.0, 0.0, 0.0, 0.0, 0.0, 0.0, 2.3789, 0.0, 0.0, 0.0, 0.0, 0.0, 0.0, 1.8614, 0.0, 1.3075, 0.0, 3.9874, 1.4146, 0.0, 0.0, 0.0, 4.3441, 1.2574, 0.0, 0.0, 0.636, 0.8594, 0.0, 0.0, 0.0], "max_pos": 24, "max_act": 4.3438}, {"tokens": [" and", " then", " put", " them", " in", " his", " truck", ".", "\n", "\n", "John", " drove", " his", " truck", " to", " the", " store", ".", " He", " was", " tired", " and", " he", " wanted"], "acts": [0.0, 0.0, 0.0, 0.0, 0.0, 0.0, 0.0, 0.0, 0.0, 0.0, 0.0, 0.0, 2.3544, 1.4206, 0.9629, 4.3327, 0.0, 0.0, 1.2025, 0.8524, 0.0, 0.0, 0.0, 1.2101], "max_pos": 15, "max_act": 4.332}]}