{"id": 815, "density": 0.00988125, "max_act": 10.484375, "hist": {"edges": [0.01, 0.0133, 0.0178, 0.0237, 0.0316, 0.0422, 0.0562, 0.075, 0.1, 0.1334, 0.1778, 0.2371, 0.3162, 0.4217, 0.5623, 0.7499, 1.0, 1.3335, 1.7783, 2.3714, 3.1623, 4.217, 5.6234, 7.4989, 10.0, 13.3352, 17.7828, 23.7137, 31.6228, 42.1697, 56.2341, 74.9894, 100.0], "counts": [0, 0, 0, 0, 0, 0, 0, 0, 0, 9, 142, 437, 648, 1557, 2405, 2925, 2219, 1421, 1845, 8912, 4466, 703, 1243, 10485, 108, 0, 0, 0, 0, 0, 0, 0]}, "logit_lens": {"promoted": [[" clumsy", 0.235], ["unch", 0.219], [" mommy", 0.218], [" smart", 0.211], [" boy", 0.197], [" girl", 0.193], [" ch", 0.19], ["ide", 0.189], [" little", 0.181], [" clever", 0.18]], "suppressed": [["ning", 0.324], [" ear", 0.308], ["imed", 0.308], ["ge", 0.269], [" differe", 0.267], ["joy", 0.262], [" thank", 0.262], ["loo", 0.26], ["as", 0.258], ["em", 0.255]]}, "examples": [{"tokens": [" Sue", " knew", " she", " could", " help", " her", " family", " with", " anything", ".", "<|endoftext|>", "Once", " upon", " a", " time", ",", " there", " was", " a", " clumsy", " bear", " named", " Bobo", ".", " Bobo", " loved", " to"], "acts": [0.0, 0.0, 0.0, 0.0, 0.0, 0.0, 0.0, 0.0, 0.0, 0.0, 0.0, 0.0, 0.0, 3.7338, 0.0, 0.0, 0.0, 0.4434, 10.4849, 0.0, 0.0, 0.0, 0.0, 0.0, 0.0, 0.0, 0.0], "max_pos": 18, "max_act": 10.4844}, {"tokens": [",", " a", " polite", " fireman", " like", " Tim", " would", " be", " there", " to", " help", " them", ".", "<|endoftext|>", "Once", " upon", " a", " time", ",", " there", " was", " a", " little", " girl", " named", " Lily", ".", " She", " loved", " to"], "acts": [0.0, 1.1742, 0.0, 0.0, 0.0, 0.0, 0.0, 0.0, 0.0, 0.0, 0.0, 0.0, 0.0, 0.0, 0.0, 0.0, 3.4361, 0.0, 0.0, 0.0, 0.2847, 10.3443, 0.0, 0.0, 0.0, 0.0, 0.0, 0.0, 0.0, 0.0], "max_pos": 21, "max_act": 10.3438}, {"tokens": [" wise", " Tom", " was", ".", "<|endoftext|>", "Once", " upon", " a", " time", ",", " there", " was", " a", " little", " girl", " called", " Lucy", ".", " One", " day", ","], "acts": [0.0, 0.0, 0.0, 0.0, 0.0, 0.0, 0.0, 3.6519, 0.0, 0.0, 0.0, 0.3923, 10.3269, 0.4177, 0.0, 0.0, 0.0, 0.0, 0.0, 0.0, 0.0], "max_pos": 12, "max_act": 10.3281}, {"tokens": [" end", " of", " the", " story", " for", " poor", " Lily", ".", "<|endoftext|>", "Once", " there", " was", " a", " group", " of", " green", " frog", "s", ".", " Every", " day"], "acts": [0.0, 0.0, 0.0, 0.0, 0.0, 0.0, 0.0, 0.0, 0.0, 0.0, 0.0, 0.0, 10.3186, 0.0, 1.6828, 0.0, 0.0, 0.0, 0.0, 0.0, 0.0], "max_pos": 12, "max_act": 10.3203}, {"tokens": [" very", " sad", " and", " missed", " Max", " very", " much", ".", "<|endoftext|>", "Once", " upon", " a", " time", ",", " there", " was", " a", " little", " girl", " named", " Lily", ".", " She", " had", " a"], "acts": [0.0, 0.0, 0.0, 0.0, 0.0, 0.0, 0.0, 0.0, 0.0, 0.0, 0.0, 3.8223, 0.0, 0.0, 0.0, 0.0, 10.3028, 0.3731, 0.0, 0.0, 0.0, 0.0, 0.0, 0.0, 0.0], "max_pos": 16, "max_act": 10.3047}, {"tokens": [" b", "ikes", " together", ",", " and", " Tim", " felt", " safe", " and", " protect", "ed", " with", " his", " helmet", " on", ".", "<|endoftext|>", "Once", " upon", " a", " time", ",", " there", " was", " a", " little", " girl", " named", " Lily", ".", " Lily", "'s", " dad"], "acts": [0.0, 0.0, 0.0, 0.0, 0.0, 0.0, 0.0, 0.0, 0.0, 0.0, 0.0, 0.0, 0.0, 0.0, 0.0, 0.0, 0.0, 0.0, 0.0, 3.4211, 0.0, 0.0, 0.0, 0.0, 10.2792, 0.0, 0.0, 0.0, 0.0, 0.0, 0.0, 0.0, 0.0], "max_pos": 24, "max_act": 10.2812}, {"tokens": [" and", " play", " now", "!\"", " Tim", " was", " happy", ",", " and", " they", " went", " outside", " to", " play", " together", ".", "<|endoftext|>", "Once", " upon", " a", " time", ",", " there", " was", " a", " lazy", " cat", " named", " Tom", ".", " He", " liked", " to"], "acts": [0.0, 0.0, 0.0, 0.0, 0.0, 0.0, 0.0, 0.0, 0.0, 0.0, 0.0, 0.0, 0.0, 0.0, 0.0, 0.0, 0.0, 0.0, 0.0, 3.5052, 0.0, 0.0, 0.0, 0.0, 10.2607, 0.0, 0.0, 0.0, 0.0, 0.0, 0.0, 0.0, 0.0], "max_pos": 24, "max_act": 10.2578}, {"tokens": [" Tim", " was", " de", "v", "ast", "ated", " and", " wished", " he", " had", " never", " splashed", " his", " tw", "in", ".", "<|endoftext|>", "Once", " upon", " a", " time", ",", " there", " was", " a", " little", " bunny", " named", " Benny", ".", " Benny", " was", " very"], "acts": [0.0, 0.0, 0.0, 0.0, 0.0, 0.0, 0.0, 0.0, 0.0, 0.0, 0.0, 0.0, 0.0, 0.0, 0.0, 0.0, 0.0, 0.0, 0.0, 3.606, 0.0, 0.0, 0.0, 0.4558, 10.2461, 0.0, 0.0, 0.0, 0.0, 0.0, 0.0, 0.0, 0.0], "max_pos": 24, "max_act": 10.25}, {"tokens": [" my", " re", "qu", "est", ",", " Lily", "!\"", "<|endoftext|>", "Once", " upon", " a", " time", ",", " there", " was", " a", " little", " boy", " named", " Timmy", ".", " Timmy", " loved", " to"], "acts": [0.0, 0.0, 0.0, 0.0, 0.0, 0.0, 0.0, 0.0, 0.0, 0.0, 3.1055, 0.0, 0.0, 0.0, 0.0, 10.2443, 0.0, 0.0, 0.0, 0.0, 0.0, 0.0, 0.0, 0.0], "max_pos": 15, "max_act": 10.2422}, {"tokens": [" Lily", " smiled", " and", " hugged", " her", " mommy", " back", ".", "<|endoftext|>", "Once", " upon", " a", " time", ",", " there", " was", " a", " little", " girl", " named", " Lily", ".", " She", " loved", " to"], "acts": [0.0, 0.0, 0.0, 0.0, 0.0, 0.0, 0.0, 0.0, 0.0, 0.0, 0.0, 3.4635, 0.0, 0.0, 0.0, 0.0, 10.2146, 0.4699, 0.0, 0.0, 0.0, 0.0, 0.0, 0.0, 0.0], "max_pos": 16, "max_act": 10.2109}, {"tokens": ["<|endoftext|>", "Once", " there", " was", " a", " boy", " named", " Tommy", " who", " always", " wanted", " to", " explore"], "acts": [0.0, 0.0, 0.0, 0.0, 10.202, 0.0, 0.0, 0.0, 0.0, 0.0, 0.0, 0.0, 0.0], "max_pos": 4, "max_act": 10.2031}, {"tokens": ["<|endoftext|>", "Once", " there", " was", " a", " girl", " named", " Jane", ".", " She", " was", " 3", " years"], "acts": [0.0, 0.0, 0.0, 0.0, 10.202, 0.0, 0.0, 0.0, 0.0, 0.0, 0.0, 0.0, 0.0], "max_pos": 4, "max_act": 10.2031}]}