{"id": 827, "density": 0.0250185, "max_act": 9.0078125, "hist": {"edges": [0.01, 0.0133, 0.0178, 0.0237, 0.0316, 0.0422, 0.0562, 0.075, 0.1, 0.1334, 0.1778, 0.2371, 0.3162, 0.4217, 0.5623, 0.7499, 1.0, 1.3335, 1.7783, 2.3714, 3.1623, 4.217, 5.6234, 7.4989, 10.0, 13.3352, 17.7828, 23.7137, 31.6228, 42.1697, 56.2341, 74.9894, 100.0], "counts": [0, 0, 0, 0, 0, 0, 0, 0, 0, 0, 22, 337, 2140, 6482, 9757, 11077, 11894, 10482, 8779, 7145, 7775, 13337, 10587, 260, 0, 0, 0, 0, 0, 0, 0, 0]}, "logit_lens": {"promoted": [["\"", 0.306], ["ady", 0.257], ["bye", 0.245], [" Then", 0.242], ["They", 0.228], [" sorry", 0.226], [" better", 0.225], [" nicely", 0.22], ["alk", 0.215], ["orry", 0.214]], "suppressed": [[" \n", 0.367], [" hard", 0.282], ["ig", 0.229], ["ow", 0.22], [" sle", 0.215], ["t", 0.21], ["\n", 0.208], ["out", 0.199], ["ore", 0.198], ["unch", 0.195]]}, "examples": [{"tokens": [" she", " loved", " them", ".", "\n", "\n", "She", " took", " them", " inside", ".", " She", " gave", " them", " a", " bath", ",", " a", " snack", ",", " and", " a", " hug", ".", "\n", "\n", "She", " told", " them", " to", " never", " go", " through"], "acts": [0.0, 0.0, 0.0, 0.0, 7.3938, 2.0424, 0.0, 0.0, 0.0, 0.0, 0.0, 0.0, 0.0, 0.0, 0.0, 0.0, 0.0, 0.0, 0.0, 0.0, 1.0479, 0.0, 0.0, 0.0, 9.0098, 2.7024, 0.0, 0.0, 0.0, 0.0, 0.0, 0.0, 0.0], "max_pos": 24, "max_act": 9.0078}, {"tokens": [" been", " wrong", ".", "\n", "\n", "Mom", " hugged", " them", " and", " comfort", "ed", " them", ".", " She", " also", " scold", "ed", " them", " and", " taught", " them", " a", " lesson", ".", "\n", "\n", "\"", "You", " should", " never", " lock", " the", " door"], "acts": [0.0, 0.0, 0.0, 6.428, 1.7622, 0.0, 0.0, 0.0, 0.0, 0.0, 0.0, 0.0, 0.0, 0.0, 0.0, 0.0, 0.0, 0.0, 0.0, 0.0, 0.0, 0.0, 0.0, 0.0, 8.4988, 2.7609, 0.0, 0.0, 0.0, 0.0, 0.0, 0.0, 0.0], "max_pos": 24, "max_act": 8.5}, {"tokens": [" soup", " is", " still", " good", ".", "\n", "\n", "Mom", " tast", "es", " the", " soup", ".", " She", " makes", " a", " face", ".", " The", " soup", " is", " very", " bitter", ".", "\n", "\n", "\"", "I", "'m", " sorry", ",", " mom", "."], "acts": [0.0, 0.0, 0.0, 0.0, 0.0, 7.0729, 1.8935, 0.0, 0.0, 0.0, 0.0, 0.0, 0.0, 0.0, 0.0, 0.0, 0.0, 0.0, 0.0, 0.0, 0.0, 0.0, 0.0, 0.0, 8.4783, 2.4445, 0.0, 0.0, 0.0, 0.0, 0.0, 0.0, 0.0], "max_pos": 24, "max_act": 8.4766}, {"tokens": [".", "\n", "\n", "The", " driver", " sw", "er", "ved", " and", " missed", " the", " children", ".", " He", " was", " relieved", " and", " angry", ".", " He", " shouted", " at", " them", ".", "\n", "\n", "\"", "Hey", ",", " you", " silly", " kids", "!"], "acts": [0.0, 4.8431, 2.6402, 0.0, 0.0, 0.0, 0.0, 0.0, 0.0, 0.0, 0.0, 0.0, 0.0, 0.0, 0.0, 0.0, 0.0, 0.0, 0.0, 0.0, 0.0, 0.0, 0.0, 0.0, 8.4482, 3.7163, 0.0, 0.0, 0.0, 0.0, 0.0, 0.0, 0.0], "max_pos": 24, "max_act": 8.4453}, {"tokens": ["\n", "\n", "They", " make", " their", " own", " symbol", " with", " their", " fingers", ".", " It", " is", " a", " heart", ".", " They", " think", " it", " is", " a", " nice", " symbol", ".", "\n", "\n", "They", " smile", " and", " eat", " their", " cookies", "."], "acts": [7.5133, 3.3363, 0.0, 0.0, 0.0, 0.0, 0.0, 0.0, 0.0, 0.0, 0.0, 0.0, 0.0, 0.0, 0.0, 0.0, 0.0, 0.0, 0.0, 0.0, 0.0, 0.0, 0.0, 0.0, 8.4271, 3.5755, 0.0, 0.0, 0.0, 0.0, 0.0, 0.0, 0.0], "max_pos": 24, "max_act": 8.4297}, {"tokens": [" horse", " was", " torn", " ap", "art", ".", "\n", "\n", "They", " both", " cried", ".", " They", " had", " ruined", " the", " mag", "az", "ine", ".", " They", " felt", " bad", ".", "\n", "\n", "Mom", " came", " and", " hugged", " them", ".", " She"], "acts": [0.0, 0.0, 0.0, 0.0, 0.0, 0.0, 1.2531, 0.0, 0.0, 0.0, 0.0, 0.0, 0.0, 0.0, 0.0, 0.0, 0.0, 0.0, 0.0, 0.0, 0.0, 0.0, 0.0, 0.0, 8.4273, 3.5362, 0.0, 0.0, 0.0, 0.0, 0.0, 0.0, 0.0], "max_pos": 24, "max_act": 8.4297}, {"tokens": [" is", " better", ".", "\n", "\n", "She", " smiles", ".", "\n", "\n", "She", " looks", " at", " Ben", ".", " He", " smiles", " too", ".", "\n", "\n", "They", " hug", ".", "\n", "\n", "They", " are", " happy", ".", "\n", "\n", "They"], "acts": [0.0, 0.0, 0.0, 7.7814, 2.845, 0.0, 0.0, 0.0, 7.5352, 2.4981, 0.0, 0.0, 0.0, 0.0, 0.0, 0.0, 0.0, 0.0, 0.0, 7.8629, 3.3914, 0.0, 0.0, 0.0, 8.3804, 3.6255, 0.0, 0.0, 0.0, 0.0, 8.3081, 3.737, 0.0], "max_pos": 24, "max_act": 8.3828}, {"tokens": ["U", "nder", " the", " big", " tree", ",", " the", " blocks", " are", " still", " there", ".", " The", " castle", " is", " still", " there", ".", " The", " flag", " is", " still", " there", ".", "\n", "\n", "But", " Anna", " and", " Ben", " are", " not", " there"], "acts": [0.0, 0.0, 0.0, 0.0, 0.0, 0.0, 0.0, 0.0, 0.0, 0.0, 0.0, 0.4692, 0.0, 0.0, 0.0, 0.0, 0.0, 0.0, 0.0, 0.0, 0.0, 0.0, 0.0, 0.0, 8.3784, 3.3848, 0.5899, 0.0, 0.0, 0.0, 0.0, 0.0, 0.0], "max_pos": 24, "max_act": 8.375}, {"tokens": [" to", " fight", " with", " the", " mom", ".", "\n", "\n", "Lily", " hugged", " her", " mom", ".", " She", " was", " glad", " and", " safe", ".", " She", " thanked", " her", " mom", ".", "\n", "\n", "\"", "Mom", ",", " thank", " you", "!", " You"], "acts": [0.0, 0.0, 0.0, 0.0, 0.0, 0.0, 1.6616, 1.085, 0.0, 0.0, 0.0, 0.0, 0.0, 0.0, 0.0, 0.0, 0.0, 0.0, 0.0, 0.0, 0.0, 0.0, 0.0, 0.0, 8.3627, 3.5836, 1.0378, 0.0, 0.0, 0.0, 0.0, 0.0, 0.0], "max_pos": 24, "max_act": 8.3594}, {"tokens": [".", "\n", "\n", "Lily", " and", " Tom", " looked", " at", " each", " other", ".", " They", " smiled", ".", " They", " said", ",", " \"", "Let", "'s", " play", " some", " more", "!\"", "\n", "\n", "They", " ran", " to", " the", " slide", ".", " They"], "acts": [0.0, 7.6911, 2.6956, 0.0, 0.0, 0.0, 0.0, 0.0, 0.0, 0.0, 0.0, 0.0, 0.0, 0.0, 0.0, 0.0, 0.0, 0.0, 0.0, 0.0, 0.0, 0.0, 0.0, 0.0, 8.3417, 2.2902, 0.0, 0.0, 0.0, 0.0, 0.0, 0.0, 0.0], "max_pos": 24, "max_act": 8.3438}, {"tokens": [" sad", ".", " He", " walked", " away", ".", "\n", "\n", "Sara", " and", " Ben", " felt", " happy", ".", " They", " had", " their", " castle", ".", " They", " did", " not", " share", ".", "\n", "\n", "But", " then", ",", " a", " big", " wave", " came"], "acts": [0.0, 0.0, 0.0, 0.0, 0.0, 0.0, 6.6695, 1.9249, 0.0, 0.0, 0.0, 0.0, 0.0, 0.0, 0.0, 0.0, 0.0, 0.0, 0.0, 0.0, 0.0, 0.0, 0.0, 0.0, 8.3106, 3.9431, 0.0, 0.0, 0.0, 0.0, 0.0, 0.0, 0.0], "max_pos": 24, "max_act": 8.3125}, {"tokens": ["\n", "Lila", " kne", "els", " down", " and", " cover", "s", " her", " head", " with", " her", " arms", ".", " She", " hop", "es", " the", " bull", " will", " not", " see", " her", ".", "\n", "\n", "Ben", " sees", " Lila", " kne", "el", " down", "."], "acts": [0.9212, 0.0, 0.0, 0.0, 0.0, 0.0, 0.0, 0.0, 0.0, 0.0, 0.0, 0.0, 0.0, 0.0, 0.0, 0.0, 0.0, 0.0, 0.0, 0.0, 0.0, 0.0, 0.0, 0.0, 8.3072, 2.1673, 0.0, 0.0, 0.0, 0.0, 0.0, 0.0, 0.0], "max_pos": 24, "max_act": 8.3047}]}