{"id": 833, "density": 0.0248105, "max_act": 6.078125, "hist": {"edges": [0.01, 0.0133, 0.0178, 0.0237, 0.0316, 0.0422, 0.0562, 0.075, 0.1, 0.1334, 0.1778, 0.2371, 0.3162, 0.4217, 0.5623, 0.7499, 1.0, 1.3335, 1.7783, 2.3714, 3.1623, 4.217, 5.6234, 7.4989, 10.0, 13.3352, 17.7828, 23.7137, 31.6228, 42.1697, 56.2341, 74.9894, 100.0], "counts": [0, 0, 0, 0, 0, 0, 0, 0, 0, 1, 38, 495, 3799, 11441, 17419, 17286, 13959, 10587, 8971, 7687, 5071, 2424, 64, 0, 0, 0, 0, 0, 0, 0, 0, 0]}, "logit_lens": {"promoted": [["Lily", 0.245], ["re", 0.243], ["Tom", 0.235], ["He", 0.232], ["med", 0.224], ["Sara", 0.219], ["Ben", 0.217], ["J", 0.214], ["Anna", 0.211], ["She", 0.209]], "suppressed": [[" questions", 0.329], [" matter", 0.291], ["ture", 0.259], [":", 0.259], [" tripped", 0.256], [" forth", 0.255], [" forgive", 0.248], [" sounds", 0.245], [" story", 0.243], [" next", 0.241]]}, "examples": [{"tokens": [" will", " order", " you", " to", " give", " me", " your", " food", ".", " And", " if", " you", " do", " not", " o", "be", "y", ",", " I", " will", " eat", " you", "!\"", "\n", "\n", "Lila", " and", " Ben", " laughed", ".", " They", " said", ","], "acts": [0.0, 0.0, 0.0, 0.0, 0.0, 0.0, 0.0, 0.0, 0.0, 0.0, 0.0, 0.0, 0.0, 0.0, 0.0, 0.0, 0.0, 0.0, 0.0, 0.0, 0.0, 0.0, 2.1595, 1.4497, 6.0785, 0.0, 0.0, 0.0, 0.0, 0.0, 0.0, 0.0, 0.7843], "max_pos": 24, "max_act": 6.0781}, {"tokens": [",", " why", " don", "'t", " you", " ask", " your", " parents", " to", " teach", " you", "?", " They", " know", " a", " lot", " of", " things", " that", " you", " don", "'t", ".\"", "\n", "\n", "Lily", " and", " Ben", " nodded", " and", " agreed", ".", " They"], "acts": [0.0, 0.0, 0.0, 0.0, 0.0, 0.0, 0.0, 0.0, 0.0, 0.0, 0.0, 0.0, 0.0, 0.0, 0.0, 0.0, 0.0, 0.0, 0.0, 0.0, 0.0, 0.0, 2.2251, 2.0765, 6.0401, 0.0, 0.5053, 0.0, 0.7327, 0.8762, 0.0, 1.0502, 0.8477], "max_pos": 24, "max_act": 6.0391}, {"tokens": [" friends", ".", " You", " don", "'t", " have", " to", " arg", "ue", ".", " You", " can", " respect", " each", " other", "'s", " cho", "ices", ".", " Do", " you", " understand", "?\"", "\n", "\n", "Tom", " and", " Anna", " nod", ".", " They", " say", ","], "acts": [0.0, 0.0, 0.0, 0.0, 0.0, 0.0, 0.0, 0.0, 0.0, 0.0, 0.0, 0.0, 0.0, 0.0, 0.0, 0.0, 0.0, 0.0, 0.0, 0.0, 0.0, 0.0, 2.5937, 2.1407, 6.0038, 0.0, 0.0, 0.0, 0.0, 0.8476, 0.5898, 0.0, 0.6367], "max_pos": 24, "max_act": 6.0039}, {"tokens": [" to", " anyone", " again", ".", " And", " you", " have", " to", " promise", " me", " that", " you", " will", " always", " share", " and", " respect", " others", ".", " Do", " you", " promise", "?\"", "\n", "\n", "Lila", " and", " Ben", " said", ",", " \"", "Yes", ","], "acts": [0.0, 0.0, 0.0, 0.0, 0.6966, 0.0, 0.0, 0.0, 0.0, 0.0, 0.0, 0.0, 0.0, 0.0, 0.0, 0.0, 0.0, 0.0, 0.0, 0.0, 0.0, 0.0, 2.2448, 1.7908, 5.9825, 0.0, 0.551, 0.0, 0.0, 1.3404, 0.7021, 0.0, 0.0], "max_pos": 24, "max_act": 5.9844}, {"tokens": [" room", ".", " If", " you", " do", " not", " clean", " up", ",", " you", " will", " lose", " your", " toys", " and", " your", " track", ".", " Do", " you", " want", " that", "?\"", "\n", "\n", "Tom", " and", " Lily", " think", " for", " a", " moment", "."], "acts": [0.0, 0.0, 0.0, 0.0, 0.0, 0.0, 0.0, 0.0, 0.0, 0.0, 0.0, 0.0, 0.0, 0.0, 0.0, 0.0, 0.0, 0.0, 0.0, 0.0, 0.0, 0.0, 2.2251, 2.4527, 5.9851, 0.0, 0.0, 0.0, 0.0, 0.0, 0.0, 0.0, 0.0], "max_pos": 24, "max_act": 5.9844}, {"tokens": [" respect", ".", " Now", " go", " to", " the", " bathroom", " and", " take", " a", " show", "er", ".", " And", " don", "'t", " come", " out", " until", " you", " are", " clean", "!\"", "\n", "\n", "Tom", " and", " Sam", " are", " sad", " and", " sorry", "."], "acts": [0.0, 0.0, 0.0, 0.0, 0.0, 0.0, 0.0, 0.0, 0.0, 0.0, 0.0, 0.0, 0.0, 0.0, 0.0, 0.0, 0.0, 0.0, 0.0, 0.0, 0.0, 0.0, 2.148, 2.2432, 5.94, 0.0, 1.3309, 0.0, 0.0, 0.0, 0.0, 0.0, 0.0], "max_pos": 24, "max_act": 5.9414}, {"tokens": [" how", " you", " treat", " each", " other", ".", " You", " should", " be", " friendly", " and", " respectful", ".", " You", " should", " apolog", "ize", " and", " try", " to", " be", " friends", ".\"", "\n", "\n", "Sara", " and", " Tom", " looked", " at", " each", " other", " and"], "acts": [0.0, 0.0, 0.0, 0.0, 0.0, 0.0, 0.0, 0.0, 0.0, 0.0, 0.0, 0.0, 0.0, 0.0, 0.0, 0.0, 0.0, 0.0, 0.0, 0.0, 0.0, 0.0, 2.3899, 1.2914, 5.9111, 0.0, 0.0, 0.0, 0.0, 0.0, 0.0, 0.0, 0.0], "max_pos": 24, "max_act": 5.9102}, {"tokens": [" with", " you", " and", " show", " you", " the", " world", ".", " You", " are", " missing", " a", " great", " o", "pp", "ort", "un", "ity", " to", " learn", " and", " grow", ".\"", "\n", "\n", "But", " Ben", " did", " not", " care", " about", " how", " his"], "acts": [0.0, 0.0, 0.0, 0.0, 0.0, 0.0, 0.0, 0.0, 0.0, 0.4336, 0.0, 0.0, 0.0, 0.0, 0.0, 0.0, 0.0, 0.0, 0.0, 0.0, 0.0, 0.0, 2.4393, 1.6849, 5.8993, 2.2841, 0.0, 0.0, 0.0, 0.0, 0.0, 0.0, 0.0], "max_pos": 24, "max_act": 5.8984}, {"tokens": [" bloom", ".", " And", " when", " it", " does", ",", " you", " will", " see", " how", " beautiful", " it", " is", ".", " And", " you", " will", " feel", " happy", " and", " proud", ".\"", "\n", "\n", "Tom", " nodded", ".", " He", " said", ",", " \"", "I"], "acts": [0.0, 0.0, 0.0, 0.0, 0.0, 0.0, 0.0, 0.0, 0.0, 0.0, 0.0, 0.0, 0.0, 0.0, 0.0, 0.0, 0.0, 0.0, 0.0, 0.0, 0.0, 0.0, 2.6291, 1.641, 5.8927, 0.0, 0.6172, 0.8943, 0.0, 0.0, 1.0251, 0.0, 0.0], "max_pos": 24, "max_act": 5.8945}, {"tokens": [" it", " for", " later", ".", " It", "'s", " the", " biggest", " and", " the", " sweet", "est", " one", " in", " the", " tree", ".", " You", " are", " gre", "ed", "y", ".\"", "\n", "\n", "Jill", " felt", " bad", ".", " She", " said", ",", " \""], "acts": [0.0, 0.0, 0.0, 0.0, 0.0, 0.0, 0.0, 0.0, 0.0, 0.0, 0.0, 0.0, 0.0, 0.0, 0.0, 0.0, 0.0, 0.0, 0.0, 0.0, 0.0, 0.0, 1.98, 0.6315, 5.8934, 0.0, 0.0, 0.0, 0.0, 0.0, 0.0, 0.6607, 0.6328], "max_pos": 24, "max_act": 5.8945}, {"tokens": [".", " You", " are", " a", " lo", "ser", " and", " a", " p", "est", ".", " I", " d", "are", " you", " to", " show", " me", " what", " you", " can", " do", ".\"", "\n", "\n", "The", " raven", " thinks", " and", " says", ",", " \"", "OK"], "acts": [0.0, 0.0, 0.0, 0.0, 0.0, 0.0, 0.0, 0.0, 0.0, 0.0, 0.0, 0.0, 0.0, 0.0, 0.0, 0.0, 0.0, 0.0, 0.0, 0.0, 0.0, 0.0, 2.8901, 1.3619, 5.8925, 1.2653, 0.0, 0.0, 0.0, 0.0, 0.0, 0.0, 0.0], "max_pos": 24, "max_act": 5.8906}, {"tokens": [" is", " when", " I", " take", " away", " something", " you", " like", ",", " like", " your", " toys", " or", " your", " books", ".", " Do", " you", " want", " a", " t", "ip", "?\"", "\n", "\n", "Tom", " and", " Sue", " shake", " their", " head", "s", "."], "acts": [0.0, 0.0, 0.0, 0.0, 0.0, 0.0, 0.0, 0.0, 0.0, 0.0, 0.0, 0.0, 0.0, 0.0, 0.0, 0.0, 0.0, 0.0, 0.0, 0.0, 0.0, 0.0, 2.0594, 2.4615, 5.8905, 0.0, 0.6708, 0.0, 0.0, 0.0, 0.0, 0.0, 0.0], "max_pos": 24, "max_act": 5.8906}]}