{"id": 845, "density": 0.02002775, "max_act": 5.94140625, "hist": {"edges": [0.01, 0.0133, 0.0178, 0.0237, 0.0316, 0.0422, 0.0562, 0.075, 0.1, 0.1334, 0.1778, 0.2371, 0.3162, 0.4217, 0.5623, 0.7499, 1.0, 1.3335, 1.7783, 2.3714, 3.1623, 4.217, 5.6234, 7.4989, 10.0, 13.3352, 17.7828, 23.7137, 31.6228, 42.1697, 56.2341, 74.9894, 100.0], "counts": [0, 0, 0, 0, 0, 0, 0, 0, 0, 0, 17, 200, 1287, 5787, 13958, 20059, 17026, 10915, 6142, 2997, 1287, 427, 9, 0, 0, 0, 0, 0, 0, 0, 0, 0]}, "logit_lens": {"promoted": [[" until", 0.534], [" but", 0.414], [",", 0.392], [" and", 0.289], [".", 0.281], ["But", 0.223], [" while", 0.222], [" though", 0.198], [" But", 0.193], [" hill", 0.185]], "suppressed": [["ten", 0.329], [" us", 0.325], ["ibb", 0.313], ["av", 0.307], [" bald", 0.297], ["ts", 0.289], [" perf", 0.284], ["arl", 0.279], [" pow", 0.278], [" nowhere", 0.277]]}, "examples": [{"tokens": [" the", " cookie", ",", " but", " it", " was", " too", " heavy", " for", " him", ".", "\n", "\n", "The", " ant", " did", " not", " give", " up", ".", " He", " kept", " trying", " and", " trying", ",", " but", " he", " could", " not", " move", " the", " cookie"], "acts": [0.0, 0.0, 0.8577, 0.6926, 0.9479, 0.0, 0.0, 0.0, 0.0, 0.0, 0.0, 0.0, 0.0, 0.0, 0.0, 0.0, 0.0, 0.0, 0.9149, 0.0, 0.0, 0.0, 4.0379, 1.7163, 5.9421, 3.9973, 1.8312, 1.5257, 0.9974, 0.0, 0.0, 0.0, 0.0], "max_pos": 24, "max_act": 5.9414}, {"tokens": ["\n", "\n", "The", " chicken", " decided", " to", " go", " and", " find", " something", " spicy", " for", " lunch", ".", " He", " searched", " and", " searched", " but", " everything", " looked", " the", " same", ".", " So", " he"], "acts": [0.0, 0.0, 0.0, 0.0, 0.0, 0.0, 0.0, 0.0, 0.0, 0.0, 0.0, 0.0, 0.0, 0.0, 0.0, 0.0, 0.0, 5.8655, 1.7023, 1.8693, 1.2568, 0.0, 0.0, 0.0, 0.7849, 0.8698], "max_pos": 17, "max_act": 5.8672}, {"tokens": [" bring", " him", " good", " l", "uck", ".", "\n", "\n", "So", " every", " day", " Dave", " left", " his", " house", " to", " look", " for", " the", " rock", ".", " He", " searched", " and", " searched", " until", " he", " was", " too", " tired", " to", " look", " anymore"], "acts": [0.0, 0.0, 0.0, 0.0, 0.0, 0.0, 0.0, 0.0, 0.0, 0.0, 1.783, 1.0684, 0.0, 0.0, 0.0, 0.0, 1.1334, 0.6725, 0.0, 0.0, 0.0, 1.4225, 1.4203, 0.0, 5.7524, 0.7699, 0.0, 0.0, 0.0, 0.0, 0.0, 1.6747, 0.0], "max_pos": 24, "max_act": 5.7539}, {"tokens": [" ingredients", " he", " needed", " but", " when", " he", " tried", " to", " break", " the", " cocoa", " bar", " into", " pieces", ",", " it", " wouldn", "'t", " break", ".", " He", " kept", " trying", " and", " trying", " but", " nothing", " happened", ".", " He", " was", " so", " frustrated"], "acts": [0.0, 0.0, 0.0, 0.0, 0.0, 0.0, 1.531, 0.0, 0.0, 0.0, 0.0, 0.0, 0.0, 0.0, 0.0, 0.0, 0.0, 0.0, 0.0, 0.0, 0.381, 0.0, 4.1656, 1.8345, 5.7217, 2.8477, 1.5051, 0.0, 0.0, 0.9316, 0.0, 0.0, 0.0], "max_pos": 24, "max_act": 5.7227}, {"tokens": [" There", " was", " no", " way", " it", " could", " fit", " around", " the", " sun", ".", "\n", "\n", "But", " the", " silly", " ang", "le", " kept", " trying", ".", " He", " worked", " and", " worked", ".", " But", " every", " time", " he", " finished", " a", " side"], "acts": [0.0, 0.0, 0.0, 0.0, 0.0, 0.4845, 0.0, 0.0, 0.0, 0.0, 0.0, 0.0, 0.0, 0.0, 0.0, 0.0, 0.0, 0.0, 0.0, 3.6759, 0.0, 0.8646, 2.4164, 1.5847, 5.6865, 0.8829, 1.2678, 0.8279, 0.0, 1.4207, 0.0, 0.5257, 0.0], "max_pos": 24, "max_act": 5.6875}, {"tokens": [".\"", " \n", "\n", "Lily", " wanted", " to", " help", " her", " mommy", ",", " so", " she", " went", " outside", " to", " look", " for", " the", " red", " ball", ".", " She", " searched", " and", " searched", ",", " but", " she", " couldn", "'t", " find", " it", "."], "acts": [0.0, 0.0, 0.0, 0.0, 0.0, 0.0, 0.0, 0.0, 0.0, 0.0, 0.0, 0.0, 0.0, 0.0, 0.0, 0.0, 0.0, 0.0, 0.0, 0.0, 0.0, 0.0, 0.9305, 0.0, 5.671, 2.8817, 0.913, 0.0, 0.0, 0.0, 0.0, 0.0, 0.0], "max_pos": 24, "max_act": 5.6719}, {"tokens": [" in", " her", " hand", " that", " she", " wanted", " to", " eat", ".", " But", " when", " she", " tried", " to", " open", " it", ",", " she", " str", "uggled", ".", " She", " pulled", " and", " pushed", ",", " but", " it", " wouldn", "\u00e2\u20ac\u2122", "t", " open", "."], "acts": [0.0, 0.0, 0.0, 0.0, 0.0, 0.0, 0.0, 0.0, 0.0, 0.0, 0.0, 0.0, 1.361, 0.0, 0.0, 0.0, 1.7613, 0.0, 0.0, 0.0, 0.44, 0.8509, 1.6586, 1.3361, 5.6595, 3.0484, 2.0871, 1.5509, 0.0, 0.0, 0.0, 0.0, 0.0], "max_pos": 24, "max_act": 5.6602}, {"tokens": [" the", " fly", " was", " fast", ".", " \"", "You", " can", "'t", " catch", " me", "!\"", " said", " the", " fly", ",", " as", " it", " flew", " away", ".", " Fluffy", " tried", " and", " tried", ",", " but", " the", " fly", " always", " rem", "ained", " just"], "acts": [0.0, 1.1425, 0.0, 0.0, 0.0, 0.0, 0.0, 0.0, 0.0, 0.0, 0.0, 0.0, 0.0, 0.0, 0.0, 0.0, 0.0, 0.0, 1.2635, 0.0, 0.0, 0.0, 0.0, 2.3232, 5.6332, 3.7778, 1.9346, 0.0, 1.3798, 1.2903, 0.0, 0.0, 0.0], "max_pos": 24, "max_act": 5.6328}, {"tokens": [" \n", "\n", "It", " was", " dark", " and", " scary", " in", " the", " cave", ",", " but", " the", " hero", " per", "se", "vered", ".", " He", " searched", " and", " searched", " until", " he", " finally", " found", " the", " rare", " treasure", "."], "acts": [0.0, 0.0, 0.0, 0.0, 0.0, 0.0, 0.0, 0.0, 0.0, 0.0, 0.0, 0.0, 0.0, 0.0, 0.0, 1.5407, 0.0, 0.0, 0.0, 0.0, 0.0, 5.6331, 0.0, 0.0, 0.0, 0.0, 0.0, 0.0, 0.0, 0.0], "max_pos": 21, "max_act": 5.6328}, {"tokens": [" find", " something", " good", ".", " So", " he", " searched", " near", " his", " home", ",", " in", " his", " yard", " and", " in", " the", " park", ".", "\n", "\n", "He", " searched", " and", " searched", " but", " still", " wasn", "'t", " able", " to", " find", " what"], "acts": [0.0, 0.0, 0.0, 0.0, 0.0, 0.0, 0.957, 0.0, 0.0, 0.0, 0.0, 0.0, 0.0, 0.0, 0.0, 0.0, 0.0, 0.0, 0.0, 0.0, 0.0, 0.0, 1.2085, 0.9951, 5.6157, 1.5193, 0.0, 0.0, 0.0, 0.0, 0.0, 0.6046, 0.0], "max_pos": 24, "max_act": 5.6172}, {"tokens": [",", " he", " could", " be", " successful", ".", " So", ",", " he", " packed", " his", " bag", " and", " set", " out", " on", " his", " adventure", ".", "\n", "\n", "Sam", " searched", " and", " searched", ",", " but", " he", " couldn", "'t", " find", " the", " ma"], "acts": [0.0, 0.0, 0.0, 0.0, 0.0, 0.0, 0.0, 0.5996, 0.0, 0.0, 0.0, 0.0, 0.0, 0.0, 0.0, 0.0, 0.0, 0.0, 0.0, 0.0, 0.0, 0.0, 0.0, 0.7776, 5.5986, 2.768, 1.117, 0.9821, 0.0, 0.0, 0.0, 0.0, 0.0], "max_pos": 24, "max_act": 5.5977}, {"tokens": [" He", " tried", " to", " make", " something", " with", " the", " pieces", ",", " but", " it", " was", " hard", ".", " The", " pieces", " just", " wouldn", "'t", " fit", ".", " He", " tried", " and", " tried", " but", " he", " just", " couldn", "'t", " make", " them", " fit"], "acts": [1.2819, 2.4515, 0.0, 1.0197, 1.0514, 0.0, 0.0, 0.0, 0.932, 1.0577, 1.0392, 0.0, 0.0, 0.0, 0.0, 0.0, 0.0, 0.0, 0.0, 0.0, 0.0, 0.0, 1.4422, 2.6475, 5.5922, 3.0546, 1.5285, 0.0, 0.0, 0.0, 0.0, 0.0, 1.954], "max_pos": 24, "max_act": 5.5938}]}