{"id": 863, "density": 0.075017, "max_act": 7.30859375, "hist": {"edges": [0.01, 0.0133, 0.0178, 0.0237, 0.0316, 0.0422, 0.0562, 0.075, 0.1, 0.1334, 0.1778, 0.2371, 0.3162, 0.4217, 0.5623, 0.7499, 1.0, 1.3335, 1.7783, 2.3714, 3.1623, 4.217, 5.6234, 7.4989, 10.0, 13.3352, 17.7828, 23.7137, 31.6228, 42.1697, 56.2341, 74.9894, 100.0], "counts": [0, 0, 0, 0, 0, 0, 0, 0, 0, 0, 48, 482, 3235, 12280, 23289, 28656, 29519, 29461, 33242, 47213, 62299, 29423, 921, 0, 0, 0, 0, 0, 0, 0, 0, 0]}, "logit_lens": {"promoted": [[" never", 0.267], [" learned", 0.243], [" learn", 0.221], [" felt", 0.212], [" had", 0.202], [" kept", 0.191], [" loved", 0.189], [" and", 0.189], [" couldn", 0.183], [" spent", 0.178]], "suppressed": [["thday", 0.316], ["imed", 0.311], ["aked", 0.3], ["itt", 0.286], ["where", 0.279], [" hiding", 0.275], ["ased", 0.275], ["ation", 0.274], [" flash", 0.274], ["ign", 0.266]]}, "examples": [{"tokens": [" so", " many", " things", ".", " His", " teacher", " told", " him", " that", " worry", " was", " normal", " and", " it", " helps", " us", " make", " serious", " dec", "is", "ions", ".", "\n", "\n", "Tommy", " went", " home", " and", " asked", " his", " Mom", " about", " worry"], "acts": [0.0, 0.0, 0.0, 0.0, 0.8779, 0.0, 0.0, 0.888, 0.0, 0.0, 0.0, 0.0, 0.0, 0.0, 0.0, 0.0, 0.0, 0.0, 0.0, 0.0, 0.0, 0.0, 0.0, 0.0, 7.307, 0.0, 0.0, 1.1146, 0.0, 0.7008, 0.0, 0.0, 0.0], "max_pos": 24, "max_act": 7.3086}, {"tokens": [" with", " his", " dad", "'s", " suggest", "ion", ".", " \n", "\n", "Later", " that", " night", ",", " the", " 3", " year", " old", " woke", " up", " to", " a", " strange", " noise", ".", " He", " looked", " up", " and", " saw", " a", " large", ",", " fierce"], "acts": [0.0, 0.0, 0.0, 0.0, 0.0, 0.0, 0.0, 0.0, 0.0, 0.0, 0.0, 0.0, 0.0, 0.0, 1.5089, 0.0, 2.6432, 0.0, 0.0, 0.0, 0.0, 0.0, 0.0, 0.0, 7.0924, 0.0, 0.0, 0.0, 0.0, 0.0, 0.0, 0.0, 0.0], "max_pos": 24, "max_act": 7.0938}, {"tokens": [" the", " mysterious", " mask", ".", " His", " mom", " said", " he", " could", " keep", " it", ",", " as", " long", " as", " he", " took", " good", " care", " of", " it", ".", "\n", "\n", "Jack", " put", " the", " mask", " on", " every", " sing", "le", " day"], "acts": [0.0, 0.0, 0.0, 0.0, 0.0, 0.0, 0.0, 1.5208, 0.0, 0.0, 0.0, 0.0, 0.0, 0.0, 0.0, 2.1435, 0.0, 0.0, 0.0, 0.0, 0.0, 0.0, 0.0, 0.425, 6.9854, 0.0, 0.0, 0.0, 0.0, 0.0, 0.0, 0.0, 0.0], "max_pos": 24, "max_act": 6.9844}, {"tokens": [" a", " noise", " and", " pe", "ered", " around", " the", " corner", " of", " the", " arm", "ch", "air", ".", " His", " aunt", " was", " looking", " under", " the", " bed", "!", " \n", "\n", "Sam", ":", " \"", "You", " found", " me", "!\"", "\n", "\n"], "acts": [0.0, 0.0, 2.1296, 0.0, 0.0, 0.0, 0.0, 0.0, 0.0, 0.0, 0.0, 0.0, 0.0, 0.0, 0.0, 0.0, 0.0, 0.0, 0.0, 0.0, 0.0, 0.0, 0.0, 0.0, 6.9071, 0.0, 0.0, 0.0, 0.0, 0.0, 0.0, 0.0, 0.0], "max_pos": 24, "max_act": 6.9062}, {"tokens": ["\n", "The", " teacher", "s", " p", "ra", "ised", " him", " and", " promised", " they", "'d", " never", " forget", " to", " give", " him", " home", "work", " ever", " again", ".", " \n", "\n", "Jack", " was", " relieved", " and", " knew", " that", " he", " would", " never"], "acts": [0.0, 0.0, 0.0, 0.0, 0.0, 0.0, 0.0, 1.0361, 0.0, 0.0, 0.0, 0.0, 0.0, 0.0, 0.0, 0.0, 0.0, 0.0, 0.0, 0.0, 0.0, 0.0, 0.0, 0.0, 6.8766, 0.0, 0.0, 0.0, 0.0, 0.0, 3.6849, 0.0, 0.0], "max_pos": 24, "max_act": 6.875}, {"tokens": [" mom", " if", " he", " could", " go", " at", " full", " speed", ".", " His", " mom", " said", " no", " and", " warned", " him", " that", " it", " was", " too", " dangerous", ".", "\n", "\n", "Tommy", " was", " disappointed", ",", " but", " he", " respect", "ed", " his"], "acts": [0.0, 0.0, 0.9633, 0.0, 0.0, 0.0, 0.0, 0.0, 0.0, 1.2061, 0.3889, 0.0, 0.0, 0.0, 0.0, 0.0, 0.0, 0.0, 0.0, 0.0, 0.0, 0.0, 0.0, 0.0, 6.8457, 0.0, 0.0, 0.0, 0.0, 4.1836, 0.0, 0.0, 0.0], "max_pos": 24, "max_act": 6.8477}, {"tokens": [" time", " put", " them", " in", " the", " mailbox", ".", " After", " a", " few", " days", ",", " something", " wonderful", " happened", " -", " they", " started", " getting", " letters", " back", "!", "\n", "\n", "John", " was", " so", " happy", " and", " he", " enjoyed", " collect", "ing"], "acts": [0.0, 0.0, 0.0, 0.0, 0.0, 0.0, 0.0, 0.0, 0.0, 0.0, 0.0, 0.0, 0.0, 0.0, 0.0, 0.0, 0.9493, 0.0, 0.0, 0.0, 0.0, 0.0, 0.0, 0.0, 6.8438, 0.6681, 0.0, 0.0, 0.8753, 4.5425, 0.0, 0.0, 0.0], "max_pos": 24, "max_act": 6.8438}, {"tokens": [" help", ".", " Her", " mom", " took", " the", " egg", ",", " cra", "cked", " it", " open", " and", " made", " some", " delicious", " scr", "am", "bled", " eggs", "!", " \n", "\n", "J", "en", " was", " very", " happy", " and", " ate", " the", " scr", "am"], "acts": [0.0, 0.0, 1.3729, 0.89, 0.0, 0.0, 0.0, 0.0, 0.0, 0.0, 0.0, 0.0, 0.0, 0.0, 0.0, 0.0, 0.0, 0.0, 0.0, 0.0, 0.0, 0.0, 0.0, 3.6486, 6.815, 0.0, 0.6126, 0.0, 1.447, 0.0, 0.0, 0.0, 0.0], "max_pos": 24, "max_act": 6.8164}, {"tokens": [" it", " was", ".", " She", " told", " him", " it", " was", " a", " magical", " sp", "ike", " and", " that", " it", " was", " used", " to", " learn", " surprise", " things", ".", " \n", "\n", "Jimmy", " was", " so", " excited", " and", " couldn", "'t", " wait", " to"], "acts": [0.0, 0.0, 0.0, 0.0, 0.0, 0.0, 0.0, 0.0, 0.0, 0.0, 0.0, 0.0, 0.0, 0.0, 0.0, 0.0, 0.0, 0.0, 0.0, 0.0, 0.0, 0.0, 0.0, 0.0, 6.7546, 0.7008, 0.0, 0.0, 0.5632, 0.0, 0.0, 0.0, 0.0], "max_pos": 24, "max_act": 6.7539}, {"tokens": [" on", " their", " home", ".", " She", " said", " that", " it", " own", "ed", " the", " room", ",", " keep", "ing", " them", " safe", " and", " shel", "ter", "ed", ".", "\n", "\n", "John", " was", " so", " int", "r", "ig", "ued", " by", " the"], "acts": [0.0, 0.0, 0.0, 0.0, 0.0, 0.0, 0.0, 0.0, 0.0, 0.0, 0.0, 0.0, 0.0, 0.0, 0.0, 0.0, 0.0, 0.0, 0.0, 0.0, 0.0, 0.0, 0.0, 0.5605, 6.7343, 0.6325, 0.0, 0.0, 0.0, 0.0, 0.0, 0.0, 0.0], "max_pos": 24, "max_act": 6.7344}, {"tokens": [" all", " of", " the", " family", "'s", " po", "ss", "ess", "ions", " had", " been", " taken", " away", ",", " leaving", " them", " with", " even", " less", " than", " before", ".", " \n", "\n", "Tommy", " was", " de", "v", "ast", "ated", " and", " he", " knew"], "acts": [0.0, 0.0, 0.0, 0.0, 0.0, 0.0, 0.0, 0.0, 0.0, 0.0, 0.0, 0.0, 0.0, 0.0, 0.0, 0.0, 0.0, 0.0, 0.0, 0.0, 0.0, 0.0, 0.0, 0.0, 6.7244, 0.6175, 0.0, 0.0, 0.0, 0.0, 0.0, 4.6049, 0.0], "max_pos": 24, "max_act": 6.7227}, {"tokens": ["ions", " spilled", " out", ".", " He", " was", " so", " disappointed", " but", " his", " mom", " encou", "ra", "ged", " him", " to", " go", " back", " and", " start", " again", ".", "\n", "\n", "Jack", " worked", " hard", " to", " load", " the", " bucket", " with", " on"], "acts": [0.0, 0.0, 0.0, 0.0, 5.0671, 0.0, 0.0, 0.0, 0.0, 0.0, 0.0, 0.0, 0.0, 0.0, 0.0, 0.0, 0.0, 0.0, 0.0, 0.0, 0.0, 0.0, 0.0, 0.0, 6.7075, 0.0, 0.0, 0.0, 0.0, 0.0, 0.0, 0.0, 0.0], "max_pos": 24, "max_act": 6.707}]}