{"id": 89, "density": 0.00856475, "max_act": 8.2109375, "hist": {"edges": [0.01, 0.0133, 0.0178, 0.0237, 0.0316, 0.0422, 0.0562, 0.075, 0.1, 0.1334, 0.1778, 0.2371, 0.3162, 0.4217, 0.5623, 0.7499, 1.0, 1.3335, 1.7783, 2.3714, 3.1623, 4.217, 5.6234, 7.4989, 10.0, 13.3352, 17.7828, 23.7137, 31.6228, 42.1697, 56.2341, 74.9894, 100.0], "counts": [0, 0, 0, 0, 0, 0, 0, 0, 0, 0, 1, 45, 396, 1413, 2606, 3929, 5556, 5821, 4515, 4085, 3468, 1930, 449, 45, 0, 0, 0, 0, 0, 0, 0, 0]}, "logit_lens": {"promoted": [["-", 0.352], ["oo", 0.312], ["ey", 0.298], ["appy", 0.285], ["arl", 0.279], ["amp", 0.276], ["irp", 0.268], [" cream", 0.265], ["ra", 0.254], ["h", 0.252]], "suppressed": [[" home", 0.256], ["ness", 0.221], ["xt", 0.221], [" how", 0.216], ["erly", 0.216], ["nt", 0.215], ["ign", 0.215], [" at", 0.212], [" where", 0.211], [" back", 0.207]]}, "examples": [{"tokens": [".", " It", " makes", " you", " and", " others", " un", "h", "appy", ".", " You", " have", " to", " learn", " to", " share"], "acts": [0.0, 0.0, 0.0, 0.0, 0.0, 0.0, 5.5962, 8.2111, 0.0, 0.0, 0.0, 0.0, 0.0, 0.0, 0.0, 0.0], "max_pos": 7, "max_act": 8.2109}, {"tokens": [" know", ",", " Lily", ".", " I", " think", " the", " spell", " was", " a", " bad", " spell", ".", " It", " tri", "cked", " us", ".", " It", " made", " us", " old", " and", " un", "h", "appy", ".", " I", " want", " to", " be", " young", " and"], "acts": [0.0, 0.0, 0.0, 0.0, 0.0, 0.0, 0.0, 0.0, 0.0, 0.0, 0.0, 0.0, 0.0, 0.0, 2.7887, 0.0, 0.0, 0.0, 0.0, 0.0, 0.0, 0.0, 0.0, 5.1991, 8.1838, 0.0, 0.0, 0.0, 0.0, 0.0, 0.0, 0.0, 0.0], "max_pos": 24, "max_act": 8.1875}, {"tokens": [" family", ".", " You", " should", " share", " and", " care", " for", " each", " other", ".", " F", "ight", "ing", " is", " not", " good", ".", " It", " makes", " you", " and", " others", " un", "h", "appy", ".", " Do", " you", " understand", "?\"", " dad", " said"], "acts": [0.0, 0.0, 0.0, 0.0, 0.0, 0.0, 0.0, 0.0, 0.0, 0.0, 0.0, 0.0, 0.0, 0.0, 0.0, 0.0, 0.0, 0.0, 0.0, 0.0, 0.0, 0.0, 0.0, 5.0019, 8.0858, 0.0, 0.0, 0.0, 0.0, 0.0, 0.0, 0.0, 0.0], "max_pos": 24, "max_act": 8.0859}, {"tokens": [" They", " did", " not", " want", " to", " trip", " and", " fall", " and", " hurt", " themselves", " or", " break", " something", ".", " They", " did", " not", " want", " to", " make", " their", " mom", " un", "h", "appy", ".", " They", " decided", " to", " help", " their", " mom"], "acts": [0.0, 0.0, 0.0, 0.0, 0.0, 0.0, 0.0, 0.0, 0.0, 0.0, 0.0, 0.0, 0.0, 0.0, 0.0, 0.0, 0.0, 0.0, 0.0, 0.0, 0.0, 0.0, 0.0, 4.823, 8.0657, 0.0, 0.0, 0.0, 0.0, 0.0, 0.0, 0.0, 0.0], "max_pos": 24, "max_act": 8.0625}, {"tokens": ["ist", "en", ",", " my", " loves", ",\"", " Mom", " says", ".", " \"", "F", "ight", "ing", " over", " toys", " is", " not", " nice", ".", " It", " only", " makes", " you", " un", "h", "appy", " and", " angry", ".", " You", " have", " many", " other"], "acts": [0.0, 0.0, 0.0, 0.0, 0.0, 0.0, 0.0, 0.0, 0.0, 0.0, 1.9915, 0.0, 0.0, 0.0, 0.0, 0.0, 0.0, 0.0, 0.0, 0.0, 0.0, 0.0, 0.0, 5.5541, 8.0348, 0.0, 0.0, 0.0, 0.0, 0.0, 0.0, 0.0, 0.0], "max_pos": 24, "max_act": 8.0312}, {"tokens": [" and", " scared", ".", " She", " did", " not", " want", " to", " make", " her", " mom", " un", "h", "appy", ".", " She", " loved", " her", " mom", ".", " But"], "acts": [0.0, 0.0, 0.0, 0.0, 0.5429, 0.0, 0.0, 0.0, 0.0, 0.0, 0.0, 4.4253, 7.9794, 0.0, 0.0, 0.0, 0.0, 0.0, 0.0, 0.0, 0.0], "max_pos": 12, "max_act": 7.9805}, {"tokens": [" at", " each", " other", ".", " They", " do", " not", " talk", " to", " each", " other", ".", " They", " are", " lonely", " and", " un", "h", "appy", ".", "\n", "\n", "After", " a", " while", ","], "acts": [0.0, 0.0, 0.0, 0.0, 0.0, 0.0, 0.0, 0.0, 0.0, 0.0, 0.0, 0.0, 0.0, 0.0, 0.0, 0.0, 5.2128, 7.9753, 0.0, 0.0, 0.0, 0.0, 0.0, 0.0, 0.0, 0.0], "max_pos": 17, "max_act": 7.9766}, {"tokens": ["C", "h", "irp", "y", " thought", " about", " it", " and", " agreed", " to"], "acts": [7.4153, 7.959, 0.0, 0.0, 0.0, 0.0, 0.0, 0.0, 0.0, 0.0], "max_pos": 1, "max_act": 7.9609}, {"tokens": [",", " \"", "But", " your", " truck", " is", " not", " fun", " for", " me", ".", " It", " is", " loud", " and", " scary", ".", " It", " makes", " me", " and", " my", " dolls", " un", "h", "appy", ".", " You", " should", " play", " somewhere", " else", ".\""], "acts": [0.0, 0.0, 0.0, 0.0, 0.0, 0.0, 0.0, 0.0, 0.0, 0.0, 0.0, 0.0, 0.0, 0.0, 0.0, 0.0, 0.0, 0.0, 0.0, 0.0, 0.0, 0.0, 0.0, 4.3058, 7.9456, 0.0, 0.0, 0.0, 0.0, 0.0, 0.0, 0.0, 0.0], "max_pos": 24, "max_act": 7.9453}, {"tokens": [" meant", " missing", " out", " on", " the", " slide", ".", "<|endoftext|>", "Once", " upon", " a", " time", ",", " there", " was", " a", " grumpy", " cat", ".", " The", " cat", " was", " always", " un", "h", "appy", " and", " never", " wanted", " to", " play", ".", " One"], "acts": [0.0, 0.0, 0.0, 0.0, 0.0, 0.0, 0.0, 0.0, 0.0, 0.0, 0.0, 0.0, 0.0, 0.0, 0.0, 0.0, 0.0, 0.0, 0.0, 0.0, 0.0, 0.0, 0.0, 5.4692, 7.9144, 0.0, 0.0, 0.0, 0.0, 0.0, 0.0, 0.0, 0.0], "max_pos": 24, "max_act": 7.9141}, {"tokens": [".", " Ch", "irp", "ie", " wanted", " to", " paint", " the", " biggest", " picture"], "acts": [0.0, 7.9091, 0.0, 0.0, 0.0, 0.0, 0.0, 0.0, 0.0, 0.0], "max_pos": 1, "max_act": 7.9102}, {"tokens": ["ct", "ions", ".", " They", " did", " not", " talk", " to", " each", " other", " again", ".", " They", " lost", " their", " treasure", " and", " their", " friendship", ".", " They", " were", " very", " un", "h", "appy", ".", "<|endoftext|>", "Lily", " and", " Ben", " were", " twins"], "acts": [0.0, 0.0, 0.0, 0.0, 0.0, 0.0, 0.0, 0.0, 0.0, 0.0, 0.0, 0.0, 0.0, 0.0, 0.0, 0.0, 0.0, 0.0, 0.0, 0.0, 0.0, 0.0, 0.0, 4.9391, 7.8965, 0.0, 0.0, 0.0, 0.0, 0.0, 0.0, 0.0, 0.0], "max_pos": 24, "max_act": 7.8984}]}