{"id": 897, "density": 0.056314, "max_act": 4.1796875, "hist": {"edges": [0.01, 0.0133, 0.0178, 0.0237, 0.0316, 0.0422, 0.0562, 0.075, 0.1, 0.1334, 0.1778, 0.2371, 0.3162, 0.4217, 0.5623, 0.7499, 1.0, 1.3335, 1.7783, 2.3714, 3.1623, 4.217, 5.6234, 7.4989, 10.0, 13.3352, 17.7828, 23.7137, 31.6228, 42.1697, 56.2341, 74.9894, 100.0], "counts": [0, 0, 0, 0, 0, 0, 0, 0, 0, 29, 357, 2393, 11313, 35621, 52836, 49519, 36518, 22455, 10128, 3862, 225, 0, 0, 0, 0, 0, 0, 0, 0, 0, 0, 0]}, "logit_lens": {"promoted": [[" Daisy", 0.311], ["Daisy", 0.252], [" tre", 0.245], [" Fluffy", 0.244], [" Rose", 0.225], ["R", 0.202], [" Sammy", 0.201], [" Mandy", 0.191], [" rubbed", 0.191], [" R", 0.19]], "suppressed": [["oy", 0.313], ["op", 0.276], [" guess", 0.273], [" shelf", 0.269], [" pool", 0.269], [" view", 0.267], [" John", 0.267], [" temp", 0.263], [" trash", 0.255], ["John", 0.248]]}, "examples": [{"tokens": [" surprised", ".", " She", " asked", " Daisy", " where", " she", " got", " it", " from", ".", " Daisy", " told", " her", " mummy", " about", " the", " park", " and", " the", " old", " camera", ".", "\n", "\n", "Mummy", " thought", " the", " camera", " was", " broken", " but", " then"], "acts": [0.0, 2.3393, 0.0, 0.0, 0.0, 0.0, 0.0, 0.0, 0.0, 0.0, 2.7651, 0.0, 0.0, 0.0, 0.0, 0.0, 0.0, 0.0, 0.0, 0.0, 0.0, 0.0, 3.0679, 1.7973, 4.1798, 0.0, 0.0, 0.0, 0.0, 0.0, 0.0, 0.0, 0.0], "max_pos": 24, "max_act": 4.1797}, {"tokens": [" I", " go", " outside", "?\"", "\n", "\n", "\"", "W", "a", "it", " a", " moment", ",", " let", " me", " measure", " you", " first", ",\"", " said", " her", " mum", ".", "\n", "\n", "M", "andy", " stood", " still", " while", " her", " mum", " meas"], "acts": [0.0, 0.0, 0.0, 2.199, 1.5726, 2.9963, 0.0, 0.0, 0.0, 0.0, 0.0, 0.0, 0.8707, 0.0, 0.0, 0.0, 0.0, 0.0, 2.7369, 1.7263, 0.0, 0.0, 1.6883, 1.1183, 4.1242, 0.0, 0.0, 0.0, 0.0, 0.0, 0.0, 0.0, 0.0], "max_pos": 24, "max_act": 4.125}, {"tokens": [" a", " fairy", ".", " Daisy", " was", " so", " happy", " to", " see", " the", " creature", " and", " the", " fairy", " said", ",", " \"", "This", " surprise", " is", " for", " you", "!\"", "\n", "\n", "Daisy", " was", " so", " excited", ".", " She", " took", " the"], "acts": [0.0, 0.0, 1.9802, 0.0, 0.0, 0.0, 0.0, 0.0, 0.0, 0.0, 0.0, 0.0, 0.0, 0.0, 0.0, 0.4404, 0.0, 0.0, 0.0, 0.0, 0.0, 0.0, 3.0808, 2.345, 4.1122, 0.0, 0.0, 0.0, 0.0, 1.6537, 0.6748, 0.0, 0.0], "max_pos": 24, "max_act": 4.1133}, {"tokens": [",", " why", " do", " you", " brush", " my", " hair", "?\u00e2\u20ac", " Sandy", " asked", ".", "\n", "\n", "\u00e2\u20ac\u0153", "To", " make", " it", " look", " nice", "\u00e2\u20ac", " Mama", " replied", ".", "\n", "\n", "Mama", " continued", " to", " brush", " Sandy", "\u00e2\u20ac\u2122", "s", " hair"], "acts": [0.7866, 0.0, 1.0215, 0.0, 0.0, 0.0, 0.0, 3.0296, 0.0, 0.0, 2.8393, 2.1105, 4.0087, 0.0, 0.0, 0.0, 0.0, 0.0, 0.0, 1.547, 0.0, 0.8106, 1.9417, 1.7061, 4.0664, 0.0, 0.0, 0.0, 0.0, 0.0, 0.0, 0.0, 0.0], "max_pos": 24, "max_act": 4.0664}, {"tokens": ["im", " away", " now", "!\"", "\n", "\n", "M", "andy", " hugged", " Daddy", " and", " said", " \"", "What", " a", " high", " p", "ort", " you", " did", ",", " Daddy", "!\"", "\n", "\n", "Dad", "dy", " laughed", " and", " hugged", " her", " back", "."], "acts": [0.0, 0.0, 0.0, 1.2698, 1.1102, 1.5482, 0.0, 0.0, 0.0, 0.0, 1.1826, 0.0, 1.0472, 0.0, 0.0, 0.0, 0.0, 0.0, 0.0, 0.0, 2.0293, 0.0, 2.8603, 1.428, 4.0291, 0.0, 0.0, 0.0, 0.0, 0.7283, 0.3744, 0.0, 1.3692], "max_pos": 24, "max_act": 4.0273}, {"tokens": [" Molly", "!\"", " Mom", " said", " in", " a", " gentle", ",", " encou", "rag", "ing", " voice", ".", " \"", "It", "'s", " harmless", ".", " You", " can", " do", " it", "!\"", "\n", "\n", "Molly", " stepped", " closer", " to", " the", " edge", " of", " the"], "acts": [0.0, 2.1322, 0.0, 0.0, 0.0, 0.0, 0.0, 0.0, 0.0, 0.0, 0.0, 0.0, 1.5346, 0.0, 0.0, 0.0, 0.0, 0.6508, 0.0, 0.0, 0.9333, 0.0, 1.997, 1.8606, 3.926, 0.0, 0.0, 0.0, 0.0, 0.0, 0.0, 0.0, 0.0], "max_pos": 24, "max_act": 3.9258}, {"tokens": [",", " Sammy", " met", " a", " friendly", " rabbit", " named", " R", "os", "ie", ".", "\n", "\n", "\"", "Hi", ",", " Sammy", "!\"", " said", " R", "os", "ie", ".", "\n", "\n", "\"", "Hi", ",", " R", "os", "ie", "!\"", " replied"], "acts": [1.4536, 0.0, 0.0, 0.0, 0.0, 0.0, 0.5096, 0.0, 0.0, 0.0, 2.1272, 1.262, 2.4841, 0.0, 0.0, 0.6427, 0.0, 2.2343, 1.2164, 0.0, 0.0, 0.0, 1.9169, 1.9448, 3.8333, 0.6544, 0.6938, 0.9325, 0.0, 0.0, 0.0, 2.2406, 1.4611], "max_pos": 24, "max_act": 3.834}, {"tokens": [" said", ",", " \"", "Good", " morning", " Mandy", ".", " It", "'s", " a", " lovely", " day", " to", " be", " in", " the", " park", ".", " You", " look", " very", " lucky", "!\"", "\n", "\n", "M", "andy", " felt", " very", " lucky", ".", " She", " went"], "acts": [0.0, 0.4025, 0.6038, 0.0, 0.0, 0.0, 0.7097, 0.0, 0.0, 0.0, 0.0, 0.0, 0.0, 0.0, 0.0, 0.0, 0.0, 0.6935, 0.0, 0.0, 0.0, 0.0, 2.6192, 1.5028, 3.8277, 0.0, 0.0, 0.0, 0.0, 0.0, 1.6293, 0.0, 0.0], "max_pos": 24, "max_act": 3.8281}, {"tokens": [" sad", " and", " didn", "'t", " want", " to", " eat", ".", "\n", "\n", "\"", "Why", " are", "n", "'t", " you", " eating", " your", " cereal", "?\"", " asked", " Mommy", ".", "\n", "\n", "\"", "I", " don", "'t", " feel", " happy", ",\"", " Emily"], "acts": [0.0, 0.0, 0.0, 0.0, 0.0, 0.0, 0.0, 1.761, 0.8193, 2.3505, 0.0, 0.0, 0.0, 0.0, 0.0, 0.0, 0.0, 0.0, 0.0, 2.3542, 0.0, 0.0, 2.3112, 1.5429, 3.8135, 0.0, 0.0, 0.0, 0.0, 0.0, 0.0, 2.9391, 0.0], "max_pos": 24, "max_act": 3.8145}, {"tokens": [" curious", " and", " walked", " up", " to", " the", " mu", "le", " to", " get", " closer", ".", "\n", "\n", "\"", "Hi", ",", " mu", "le", "!\"", " She", " said", ".", "\n", "\n", "The", " mu", "le", " bl", "in", "ked", " but", " didn"], "acts": [0.0, 0.0, 0.0, 0.0, 0.0, 0.0, 0.0, 0.0, 0.0, 0.0, 0.0, 2.2627, 1.732, 2.6198, 0.0, 0.0, 0.7209, 0.0, 0.0, 2.3915, 0.0, 0.0, 1.7754, 1.6772, 3.8078, 0.0, 0.0, 0.0, 0.0, 0.0, 0.0, 1.0646, 0.0], "max_pos": 24, "max_act": 3.8086}, {"tokens": [" named", " it", " Daisy", ".", "\n", "\n", "Now", " that", " she", " had", " her", " own", " goat", ","], "acts": [0.0, 0.0, 0.0, 2.9788, 1.3161, 3.7876, 1.1412, 1.3819, 0.8421, 0.0, 0.0, 0.0, 0.0, 1.1446], "max_pos": 5, "max_act": 3.7871}, {"tokens": [" never", " heard", " from", " again", ".", "<|endoftext|>", "Mommy", " and", " Bobby", " were", " at", " the", " mov", "ies", ".", " Mommy", " asked", " Bobby", " if", " he", " wanted", " popcorn", ".", " \n", "\n", "B", "obby", " said", ",", " \"", "Yes", " please", "!\"."], "acts": [0.0, 0.0, 0.0, 0.0, 0.0, 0.0, 0.0, 1.5365, 0.0, 0.0, 0.0, 0.0, 0.0, 0.0, 1.9, 0.0, 0.0, 0.0, 0.0, 0.0, 0.0, 0.0, 3.354, 1.3996, 3.7834, 0.0, 0.0, 0.0, 0.6313, 1.0538, 0.0, 0.0, 2.1401], "max_pos": 24, "max_act": 3.7832}]}