{"id": 936, "density": 0.0247045, "max_act": 6.94140625, "hist": {"edges": [0.01, 0.0133, 0.0178, 0.0237, 0.0316, 0.0422, 0.0562, 0.075, 0.1, 0.1334, 0.1778, 0.2371, 0.3162, 0.4217, 0.5623, 0.7499, 1.0, 1.3335, 1.7783, 2.3714, 3.1623, 4.217, 5.6234, 7.4989, 10.0, 13.3352, 17.7828, 23.7137, 31.6228, 42.1697, 56.2341, 74.9894, 100.0], "counts": [0, 0, 0, 0, 0, 0, 0, 0, 0, 1, 29, 329, 1264, 4852, 12547, 20089, 21443, 17937, 11510, 6374, 2041, 383, 19, 0, 0, 0, 0, 0, 0, 0, 0, 0]}, "logit_lens": {"promoted": [["ite", 0.381], ["room", 0.368], ["ree", 0.367], ["side", 0.343], ["is", 0.332], ["ant", 0.331], ["ust", 0.331], ["el", 0.324], [" distance", 0.324], ["ic", 0.323]], "suppressed": [[" stuck", 0.234], [" onto", 0.233], [" into", 0.214], [" pieces", 0.214], [" hurts", 0.189], [" hurt", 0.178], [" across", 0.174], [" flo", 0.172], [" out", 0.167], [" flut", 0.161]]}, "examples": [{"tokens": ["day", ".", " They", " liked", " to", " decorate", " their", " room", " with", " red", " things", ".", "<|endoftext|>", "Ben", " and", " Lily", " were", " two", " cam", "els", " who", " lived", " in", " the", " des", "ert", ".", " They", " liked", " to", " walk", " and", " look"], "acts": [0.0, 0.0, 0.0, 0.0, 0.0, 0.0, 0.0, 0.0, 0.0, 0.0, 0.0, 0.0, 0.0, 0.0, 0.0, 0.0, 0.0, 0.0, 0.0, 0.0, 0.0, 0.0, 0.0, 0.0, 6.9408, 1.8221, 0.0, 0.0, 0.0, 0.0, 0.0, 0.0, 0.0], "max_pos": 24, "max_act": 6.9414}, {"tokens": [" Tim", " liked", " to", " play", " with", " his", " toys", " and", " eat", " candy", ".", " One", " day", ",", " Tim", "'s", " mom", " told", " him", " they", " were", " going", " to", " an", " e", "vent", ".", " Tim", " didn", "'t", " know", " what", " that"], "acts": [0.0, 0.0, 0.0, 0.0, 0.0, 0.0, 0.0, 0.0, 0.0, 0.0, 0.0, 0.0, 0.0, 0.0, 0.0, 0.0, 0.0, 0.0, 0.0, 0.0, 0.0, 0.689, 0.0, 1.5524, 6.4623, 1.9687, 0.0, 0.0, 0.0, 0.0, 0.0, 0.0, 0.0], "max_pos": 24, "max_act": 6.4609}, {"tokens": [" patient", " and", " give", " it", " time", ".", " Eventually", ",", " you", " will", " heal", " and", " be", " better", " than", " before", "!", "<|endoftext|>", "Lucy", " and", " Mom", " were", " in", " the", " des", "ert", ".", " Lucy", " saw", " a", " cactus", ".", " It"], "acts": [0.0, 0.0, 0.0, 0.0, 0.0, 0.0, 0.0, 0.0, 0.0, 0.0, 0.0, 0.0, 0.0, 0.0, 0.0, 0.0, 0.0, 0.0, 0.0, 0.0, 0.0, 0.0, 0.0, 0.0, 6.2826, 1.6018, 0.0, 0.0, 0.0, 0.0, 0.0, 0.0, 0.0], "max_pos": 24, "max_act": 6.2812}, {"tokens": [".", " It", " has", " sharp", " poin", "ts", " to", " protect", " itself", " from", " animals", ",\"", " Tom", " explained", ".", "\n", "\n", "\"", "Why", " does", " it", " live", " in", " the", " des", "ert", "?", " Why", " does", " it", " not", " need", " water"], "acts": [0.0, 0.0, 0.0, 0.0, 0.0, 0.0, 0.0, 0.0, 0.0, 0.0, 0.0, 0.0, 0.0, 0.0, 0.0, 0.0, 0.0, 0.0, 1.0073, 0.0, 0.0, 0.0, 0.0, 0.0, 6.0929, 0.0, 0.0, 0.0, 0.0, 0.0, 0.0, 0.0, 0.0], "max_pos": 24, "max_act": 6.0938}, {"tokens": [" to", " see", " where", " it", " went", ".", " \n", "\n", "Timmy", " continued", " to", " explore", " the", " des", "ert", ",", " but", " he", " was", " always", " careful", " around"], "acts": [0.0, 0.7354, 1.0261, 0.0, 0.0, 0.0, 0.0, 0.0, 0.0, 0.0, 0.0, 0.0, 0.0, 6.0808, 1.5073, 0.0, 0.0, 0.0, 0.0, 0.0, 0.0, 0.0], "max_pos": 13, "max_act": 6.082}, {"tokens": [" and", " thanked", " the", " man", ".", " From", " that", " day", " on", ",", " Jack", " was", " careful", " not", " to", " st", "um", "ble", " when", " he", " was", " walking", " in", " the", " des", "ert", ".", "<|endoftext|>", "Once", " upon", " a", " time", ","], "acts": [0.0, 0.0, 0.5743, 0.0, 0.0, 0.0, 0.0, 0.0, 0.0, 0.0, 0.0, 0.0, 0.0, 0.0, 0.0, 0.0, 0.0, 0.0, 0.0, 0.0, 0.0, 0.0, 0.0, 0.8225, 5.9843, 1.9867, 0.0, 0.0, 0.0, 0.0, 0.0, 0.0, 0.0], "max_pos": 24, "max_act": 5.9844}, {"tokens": ["\n", "One", " day", ",", " she", " decided", " to", " try", " and", " find", " some", " friends", ".", " She", " asked", " her", " mom", " if", " she", " could", " please", " go", " to", " an", " e", "vent", ".", " Her", " mom", " said", " yes", " and", " the"], "acts": [0.0, 0.0, 0.0, 0.0, 0.0, 0.0, 0.0, 0.0, 0.0, 0.0, 0.0, 0.0, 0.0, 0.0, 0.0, 0.0, 0.0, 0.0, 0.0, 0.0, 0.0, 0.0, 0.0, 1.2459, 5.9679, 1.7907, 0.0, 0.0, 0.0, 0.0, 0.0, 0.0, 0.0], "max_pos": 24, "max_act": 5.9688}, {"tokens": [" so", " she", " thought", " the", " dri", "est", " place", " would", " be", " the", " best", " place", ".", " \n", "\n", "One", " day", " she", " found", " a", " dry", " spot", " in", " the", " des", "ert", " and", " started", " to", " dig", " a", " hole", "."], "acts": [0.0, 0.0, 0.0, 0.0, 2.5669, 0.0, 0.0, 0.0, 0.0, 1.0686, 1.1557, 0.0, 0.0, 0.3607, 0.0, 0.0, 0.0, 0.0, 0.0, 0.0, 0.9939, 0.0, 0.0, 0.5, 5.9267, 1.8094, 0.0, 0.0, 0.0, 0.0, 0.0, 0.0, 0.0], "max_pos": 24, "max_act": 5.9258}, {"tokens": ["?", " That", " is", " the", " sea", ".", " And", " the", " green", " part", "?", " That", " is", " the", " forest", ".", " And", " the", " yellow", " part", "?", " That", " is", " the", " des", "ert", ".", " Where", " do", " you", " want", " to", " go"], "acts": [0.0, 0.0, 0.0, 0.0, 1.1903, 0.0, 0.0, 0.0, 0.0, 0.0, 0.0, 0.0, 0.0, 0.0, 1.9035, 0.0, 0.0, 0.0, 0.0, 0.0, 0.0, 0.0, 0.0, 0.0, 5.8406, 1.8646, 0.0, 0.0, 0.0, 0.0, 0.0, 0.0, 0.0], "max_pos": 24, "max_act": 5.8398}, {"tokens": [" a", " bag", ".", " They", " put", " in", " a", " hat", ",", " a", " toy", ",", " and", " some", " snacks", " for", " the", " e", "vent", ".", "\n", "\n", "At", " the", " e", "vent", ",", " Tim", " had", " a", " great", " time", "."], "acts": [0.0, 0.0, 0.0, 0.0, 0.0, 0.0, 0.0, 0.0, 0.0, 0.0, 0.0, 0.0, 0.0, 0.0, 0.0, 0.0, 0.0, 3.5268, 0.0, 0.0, 0.0, 0.0, 0.0, 0.0, 5.8359, 1.4445, 0.0, 0.0, 0.0, 0.0, 0.0, 0.0, 0.0], "max_pos": 24, "max_act": 5.8359}, {"tokens": [".", " \n", "\n", "After", " swinging", " and", " jumping", " in", " the", " bounce", " house", ",", " Timmy", " was", " so", " happy", ".", " He", " had", " so", " much", " fun", " at", " the", " e", "vent", " with", " his", " mom", ".", " He", " couldn", "'t"], "acts": [0.0, 0.0, 0.0, 0.0, 0.0, 0.0, 0.0, 0.0, 0.0, 0.0, 0.0, 0.0, 0.0, 0.0, 0.0, 0.0, 0.0, 0.0, 0.0, 0.0, 0.0, 0.0, 0.0, 0.0, 5.8256, 1.1943, 0.0, 0.0, 0.0, 0.0, 0.0, 0.0, 0.0], "max_pos": 24, "max_act": 5.8242}, {"tokens": [" kind", ".", " They", " decided", " to", " leave", " it", " alone", ".", " They", " went", " back", " to", " their", " sand", " shapes", ".", " They", " pretended", " they", " were", " in", " an", " o", "as", "is", ".", " They", " drank", " from", " their", " bott", "les"], "acts": [0.0, 0.0, 0.0, 0.0, 0.0, 0.0, 0.0, 0.0, 0.0, 0.0, 0.0, 0.0, 0.0, 0.0, 0.0, 0.0, 0.0, 0.0, 0.0, 0.0, 0.0, 0.0, 0.0, 3.8651, 5.8054, 0.9455, 0.0, 0.0, 0.0, 0.0, 0.0, 0.0, 0.0], "max_pos": 24, "max_act": 5.8047}]}