{"id": 960, "density": 0.040416, "max_act": 4.62890625, "hist": {"edges": [0.01, 0.0133, 0.0178, 0.0237, 0.0316, 0.0422, 0.0562, 0.075, 0.1, 0.1334, 0.1778, 0.2371, 0.3162, 0.4217, 0.5623, 0.7499, 1.0, 1.3335, 1.7783, 2.3714, 3.1623, 4.217, 5.6234, 7.4989, 10.0, 13.3352, 17.7828, 23.7137, 31.6228, 42.1697, 56.2341, 74.9894, 100.0], "counts": [0, 0, 0, 0, 0, 0, 0, 0, 0, 0, 76, 574, 3672, 14352, 25279, 27607, 25910, 23562, 22838, 15155, 2630, 9, 0, 0, 0, 0, 0, 0, 0, 0, 0, 0]}, "logit_lens": {"promoted": [[" So", 0.342], [" \n", 0.329], [" But", 0.32], ["\n", 0.312], [" want", 0.291], ["so", 0.261], ["\ufffd", 0.256], [" \"", 0.255], [" wanted", 0.249], [" wants", 0.245]], "suppressed": [["Soon", 0.305], ["est", 0.284], ["w", 0.235], [" soon", 0.234], [" from", 0.226], ["ced", 0.223], [" flo", 0.212], [" path", 0.209], [" times", 0.209], [" spray", 0.205]]}, "examples": [{"tokens": [" she", " saw", " a", " shiny", " or", "n", "am", "ent", " on", " the", " tree", ".", " It", " was", " round", " and", " pretty", ".", " T", "ina", " wanted", " to", " touch", " it", ".", "\n", "\n", "\"", "Be", " careful", ",", " T", "ina"], "acts": [0.0, 0.0, 0.0, 0.0, 0.0, 0.0, 0.0, 0.0, 0.0, 0.0, 0.0, 2.8727, 0.0, 0.0, 0.0, 0.0, 0.0, 3.4023, 0.0, 0.0, 0.0, 0.0, 0.0, 0.0, 4.6294, 0.9114, 0.0, 0.0, 0.0, 0.0, 0.0, 0.0, 0.0], "max_pos": 24, "max_act": 4.6289}, {"tokens": [".", " One", " day", ",", " she", " saw", " a", " chicken", " in", " the", " yard", ".", " The", " chicken", " was", " very", " pretty", " and", " Lily", " wanted", " to", " play", " with", " it", ".", "\n", "\n", "Lily", " asked", " her", " mommy", ",", " \""], "acts": [0.7697, 0.0, 0.0, 0.0, 0.0, 0.0, 0.0, 0.0, 0.0, 0.0, 0.0, 2.672, 0.0, 0.0, 0.0, 0.0, 0.0, 0.0, 0.0, 0.0, 0.0, 0.0, 0.0, 0.0, 4.5151, 0.5282, 0.0, 0.0, 0.0, 0.0, 0.0, 0.0, 0.0], "max_pos": 24, "max_act": 4.5156}, {"tokens": [" on", " the", " table", ".", " It", " was", " a", " knife", " that", " her", " uncle", " used", " to", " cut", " bread", ".", " Lily", " wanted", " to", " use", " it", " to", " draw", " too", ".", " She", " thought", " it", " would", " make", " sharp", " l", "ines"], "acts": [0.0, 0.0, 0.0, 2.8677, 0.0, 0.0, 0.0, 0.0, 0.0, 0.0, 0.0, 0.0, 0.0, 0.0, 0.0, 3.2976, 0.0, 0.0, 0.0, 0.0, 0.0, 0.0, 0.0, 0.0, 4.4255, 0.0, 0.0, 0.0, 0.0, 0.0, 0.0, 0.0, 0.0], "max_pos": 24, "max_act": 4.4258}, {"tokens": [" It", " was", " white", " and", " soft", " and", " had", " a", " long", " tail", ".", " Anna", " thought", " it", " was", " very", " pretty", " and", " wanted", " to", " make", " friends", " with", " it", ".", "\n", "\n", "\"", "Hello", ",", " bird", ",\"", " she"], "acts": [0.0, 0.0, 0.0, 0.0, 0.0, 0.0, 0.0, 0.0, 0.0, 0.0, 2.789, 0.0, 0.0, 0.0, 0.0, 0.0, 0.0, 0.0, 0.0, 0.0, 0.0, 0.0, 0.0, 0.0, 4.3911, 0.0, 0.0, 0.0, 0.0, 0.0, 0.0, 0.0, 0.0], "max_pos": 24, "max_act": 4.3906}, {"tokens": [" with", " their", " b", "ikes", " in", " the", " park", ".", " One", " day", ",", " they", " see", " a", " big", " hill", ".", " Sara", " wants", " to", " go", " up", " the", " hill", ".", " Ben", " is", " scared", ".", "\n", "\n", "\"", "Come"], "acts": [0.0, 0.0, 0.0, 0.0, 0.0, 0.0, 0.0, 2.4863, 0.0, 0.0, 0.0, 0.0, 0.0, 0.0, 0.0, 0.0, 2.4116, 0.0, 0.0, 0.0, 0.0, 0.0, 0.0, 0.0, 4.3075, 0.0, 0.0, 0.0, 2.6131, 0.0, 0.0, 0.0, 0.0], "max_pos": 24, "max_act": 4.3086}, {"tokens": [" One", " day", ",", " they", " found", " a", " mic", "ro", "sc", "ope", " in", " their", " dad", "'s", " office", ".", " They", " wanted", " to", " see", " what", " it", " could", " do", ".", "\n", "\n", "\"", "Let", "'s", " split", " this", " leaf"], "acts": [0.0, 0.0, 0.0, 0.0, 0.0, 0.0, 0.0, 0.0, 0.0, 0.0, 0.0, 0.0, 0.0, 0.0, 0.0, 2.1318, 0.0, 0.0, 0.0, 0.0, 0.0, 0.0, 0.0, 0.0, 4.3023, 0.5119, 0.0, 0.0, 0.0, 0.0, 0.0, 0.0, 0.0], "max_pos": 24, "max_act": 4.3008}, {"tokens": [" v", "est", " to", " wear", ".", " It", " was", " pink", " and", " had", " flowers", " on", " it", ".", " Lily", " loved", " it", " and", " wanted", " to", " wear", " it", " every", " day", ".", "\n", "\n", "But", " one", " day", ",", " Lily", "'s"], "acts": [0.0, 0.0, 0.0, 0.0, 2.7355, 0.0, 0.0, 0.0, 0.0, 0.0, 0.0, 0.0, 0.0, 3.4721, 0.0, 0.0, 0.0, 0.0, 0.0, 0.0, 0.0, 0.0, 0.8771, 0.8606, 4.2643, 0.5836, 0.0, 0.0, 0.0, 0.0, 0.0, 0.0, 0.0], "max_pos": 24, "max_act": 4.2656}, {"tokens": [" he", " found", " a", " big", " post", " in", " the", " ground", ".", " It", " was", " very", " tall", " and", " Timmy", " wanted", " to", " see", " what", " was", " on", " top", " of", " it", ".", " \n", "\n", "He", " looked", " around", " and", " found", " a"], "acts": [0.0, 0.0, 0.0, 0.0, 0.0, 0.0, 0.0, 0.0, 2.3342, 0.0, 0.0, 0.0, 0.0, 0.0, 0.0, 0.0, 0.0, 0.0, 0.0, 0.0, 0.0, 0.0, 0.0, 0.0, 4.2606, 0.0, 0.0, 0.0, 0.0, 0.0, 0.0, 0.0, 0.0], "max_pos": 24, "max_act": 4.2617}, {"tokens": [" and", " share", " their", " snacks", ".", " One", " day", ",", " they", " found", " a", " big", " box", " in", " the", " yard", ".", " They", " wanted", " to", " see", " what", " was", " inside", ".", "\n", "\n", "\"", "Maybe", " it", " has", " candy", " or"], "acts": [0.0, 0.0, 0.0, 0.0, 2.1455, 0.0, 0.0, 0.0, 0.0, 0.0, 0.0, 0.0, 0.0, 0.0, 0.7664, 0.0, 2.7356, 0.0, 0.0, 0.0, 0.0, 0.0, 0.0, 0.0, 4.2243, 0.0, 0.4806, 0.0, 0.0, 0.0, 0.0, 0.0, 0.0], "max_pos": 24, "max_act": 4.2227}, {"tokens": [" to", " build", " towers", " and", " houses", " and", " cars", ".", " Sara", " has", " a", " big", " red", " block", " that", " she", " wants", " to", " put", " on", " top", " of", " her", " tower", ".", " Tom", " sees", " the", " red", " block", " and", " wants", " it"], "acts": [0.0, 0.0, 0.0, 0.0, 0.0, 0.0, 0.0, 2.2257, 0.0, 0.0, 0.0, 0.0, 0.0, 0.0, 0.0, 0.0, 0.0, 0.0, 0.0, 0.0, 0.0, 0.0, 0.0, 0.0, 4.2045, 0.0, 0.0, 0.0, 0.0, 0.0, 0.0, 0.0, 0.0], "max_pos": 24, "max_act": 4.2031}, {"tokens": [" tele", "ph", "one", " in", " the", " park", ".", " It", " was", " big", " and", " red", " and", " shiny", ".", " They", " wanted", " to", " talk", " on", " the", " tele", "ph", "one", ".", "\n", "\n", "\"", "Can", " I", " have", " it", "?\""], "acts": [0.0, 0.0, 0.0, 0.0, 0.0, 0.0, 2.8848, 0.0, 0.0, 0.0, 0.0, 0.0, 0.0, 0.0, 3.1807, 0.0, 0.0, 0.0, 0.0, 0.0, 0.0, 0.0, 0.0, 0.0, 4.1865, 0.0, 0.4219, 0.0, 0.0, 0.0, 0.0, 0.0, 0.955], "max_pos": 24, "max_act": 4.1875}, {"tokens": [" She", " loved", " playing", " with", " her", " dolls", " and", " toys", ".", " One", " day", ",", " she", " wanted", " to", " play", " with", " her", " favorite", " toy", " -", " a", " little", " car", ".", " But", " she", " couldn", "'t", " find", " it", " anywhere", " in"], "acts": [0.0, 0.0, 0.0, 0.0, 0.0, 0.0, 0.0, 0.0, 2.5142, 0.0, 0.0, 0.0, 0.0, 0.0, 0.0, 0.0, 0.0, 0.0, 0.0, 0.0, 0.0, 0.0, 0.0, 0.0, 4.1794, 0.0, 0.0, 0.0, 0.0, 0.0, 0.0, 0.0, 0.0], "max_pos": 24, "max_act": 4.1797}]}