{"id": 966, "density": 0.010034, "max_act": 6.98828125, "hist": {"edges": [0.01, 0.0133, 0.0178, 0.0237, 0.0316, 0.0422, 0.0562, 0.075, 0.1, 0.1334, 0.1778, 0.2371, 0.3162, 0.4217, 0.5623, 0.7499, 1.0, 1.3335, 1.7783, 2.3714, 3.1623, 4.217, 5.6234, 7.4989, 10.0, 13.3352, 17.7828, 23.7137, 31.6228, 42.1697, 56.2341, 74.9894, 100.0], "counts": [0, 0, 0, 0, 0, 0, 0, 0, 0, 0, 0, 51, 561, 2878, 5650, 6255, 5753, 4986, 4646, 4243, 2948, 1902, 263, 0, 0, 0, 0, 0, 0, 0, 0, 0]}, "logit_lens": {"promoted": [["s", 0.346], ["y", 0.301], ["'s", 0.285], [" woke", 0.263], ["ter", 0.255], [" hours", 0.248], [" found", 0.246], [" wa", 0.238], [" sun", 0.237], ["be", 0.235]], "suppressed": [["ous", 0.259], ["wn", 0.234], ["ect", 0.223], [" problem", 0.218], ["ped", 0.216], ["iness", 0.206], [" accident", 0.195], ["ave", 0.192], [" point", 0.192], [" down", 0.186]]}, "examples": [{"tokens": [" slowly", " over", " the", " hill", "s", ".", " ", "\n", "Every", " day", " the", " bird", " stayed", " in", " the", " same", " place", ",", " soar", "ing", " in", " the", " sky", ".", " It", " was", " very", " peaceful", ".", " Eventually", " the", " bird", " changed"], "acts": [0.0, 0.0, 0.0, 0.0, 0.0, 0.0, 0.0, 0.0, 0.0, 0.0, 0.0, 1.1425, 0.0, 0.0, 0.0, 0.0, 0.0, 0.0, 0.0, 0.0, 0.0, 0.0, 0.0, 0.0, 6.9881, 0.0, 0.0, 0.0, 0.0, 0.0, 0.0, 0.9215, 0.0], "max_pos": 24, "max_act": 6.9883}, {"tokens": [" little", " green", " bird", ".", " It", " whist", "led", " as", " it", " flew", " around", " in", " the", " sky", ".", " One", " day", ",", " the", " bird", " had", " a", " surprise", ".", " It", " was", " a", " special", " gift", "!", " The", " bird", " was"], "acts": [0.0, 0.0, 0.0, 0.0, 5.7919, 0.0, 0.0, 0.0, 4.1194, 0.0, 0.0, 0.0, 0.0, 0.0, 0.0, 0.0, 0.0, 0.0, 0.0, 1.135, 0.0, 0.0, 0.0, 0.0, 6.801, 0.0, 0.0, 0.0, 0.0, 0.0, 0.0, 1.1183, 0.0], "max_pos": 24, "max_act": 6.8008}, {"tokens": [" Every", " day", ",", " the", " sun", " shone", " on", " the", " forest", ".", " It", " made", " the", " trees", " and", " leaves", " spark", "le", "."], "acts": [0.0, 0.0, 0.0, 0.0, 0.0, 0.0, 0.0, 0.0, 0.0, 0.0, 6.7456, 0.0, 0.0, 0.0, 0.0, 0.0, 0.0, 0.0, 0.0], "max_pos": 10, "max_act": 6.7461}, {"tokens": [" very", " special", " and", " it", " was", " the", " most", " beautiful", " flower", " in", " the", " world", ".", " Every", " day", ",", " it", " would", " bloom", " the", " bright", "est", " colours", ".", " It", " made", " all", " the", " other", " flowers", " in", " the", " garden"], "acts": [0.0, 0.0, 0.0, 3.7496, 0.0, 0.0, 0.0, 0.0, 0.0, 0.0, 0.0, 0.0, 0.0, 0.0, 0.0, 0.0, 5.789, 0.0, 0.0, 0.0, 0.0, 0.0, 0.0, 0.0, 6.6155, 0.0, 0.0, 0.0, 0.0, 0.0, 0.0, 0.0, 0.0], "max_pos": 24, "max_act": 6.6172}, {"tokens": [" goat", " stopped", " shaking", " and", " happily", " fell", " asleep", ".", " And", " they", " both", " lived", " happily", " ever", " after", "!", "<|endoftext|>", "Once", " there", " was", " a", " restless", " caterpillar", ".", " It", " needed", " some", " protect", "ion", " from", " the", " big", ","], "acts": [0.0, 0.0, 0.0, 0.0, 0.0, 0.0, 0.0, 0.0, 1.2727, 0.0, 0.0, 0.0, 0.0, 0.0, 0.0, 0.0, 0.0, 0.0, 0.0, 0.0, 0.0, 0.0, 0.0, 0.0, 6.6059, 0.0, 0.0, 0.0, 0.0, 0.0, 0.0, 0.0, 0.0], "max_pos": 24, "max_act": 6.6055}, {"tokens": [" \n", "\n", "The", " weak", " thing", " was", " now", " a", " thing", " of", " beauty", " and", " fun", ".", " Every", " day", ",", " it", " bloom", "ed", " more", " and", " more", ".", " It", " enjoyed", " the", " warm", "th", " of", " the", " sun", " and"], "acts": [0.0, 0.0, 0.0, 0.0, 0.0, 0.0, 0.0, 0.0, 0.0, 0.0, 0.0, 0.0, 0.0, 0.0, 0.0, 0.0, 0.0, 5.3274, 0.0, 0.0, 0.0, 0.0, 0.0, 0.0, 6.5141, 0.0, 0.0, 0.0, 0.0, 0.0, 0.0, 0.0, 0.0], "max_pos": 24, "max_act": 6.5156}, {"tokens": [" was", " a", " worm", ".", " It", " was", " a", " dangerous", " worm", ",", " and", " it", " didn", "'t", " want", " to", " be", " seen", ".", " So", ",", " it", " disappeared", ".", " It", " made", " itself", " small", " and", " it", " crawled", " away", " into"], "acts": [0.0, 0.0, 0.0, 0.0, 5.7517, 0.0, 0.0, 0.0, 0.0, 0.0, 0.0, 4.1881, 0.0, 0.0, 0.0, 0.0, 0.0, 0.0, 0.0, 0.0, 0.0, 4.4647, 0.0, 0.0, 6.5079, 0.0, 2.3785, 0.0, 0.0, 4.7297, 0.0, 0.0, 0.0], "max_pos": 24, "max_act": 6.5078}, {"tokens": [" wonderful", " happened", ".", " The", " seed", " began", " to", " grow", "!", "\n", "\n", "The", " seed", " grew", " and", " grew", " until", " it", " became", " a", " big", " strong", " plant", ".", " It", "s", " leaves", " were", " green", " and", " full", " of", " life"], "acts": [0.0, 0.0, 0.0, 0.0, 1.043, 0.0, 0.8872, 0.0, 0.0, 0.0, 0.0, 0.0, 1.1988, 0.0, 0.0, 0.0, 0.0, 4.3075, 0.0, 0.0, 0.0, 0.0, 0.0, 0.0, 6.5009, 0.0, 0.0, 0.0, 0.0, 0.0, 0.0, 0.0, 0.0], "max_pos": 24, "max_act": 6.5}, {"tokens": [" to", " fly", " high", " in", " the", " sky", " and", " feel", " the", " wind", ".", " One", " day", ",", " the", " bird", " decided", " to", " soar", " up", " into", " the", " clouds", ".", " It", " fl", "apped", " its", " wings", " and", " went", " higher", " and"], "acts": [0.0, 0.0, 0.0, 0.0, 0.0, 0.0, 0.0, 0.0, 0.0, 0.0, 0.0, 0.0, 0.0, 0.0, 0.0, 1.175, 0.0, 0.0, 0.0, 0.0, 0.0, 0.0, 0.0, 0.0, 6.4867, 0.0, 0.0, 0.0, 0.0, 0.0, 0.0, 0.0, 0.0], "max_pos": 24, "max_act": 6.4883}, {"tokens": [" in", " the", " forest", ".", " Every", " day", ",", " the", " squirrel", " went", " out", " of", " its", " tree", " to", " look", " for", " food", " to", " supp", "ly", " its", " family", ".", " It", " found", " all", " kinds", " of", " tasty", " treats", " from", " nuts"], "acts": [0.0, 0.0, 0.0, 0.0, 0.0, 0.0, 0.0, 0.0, 0.0, 0.0, 0.0, 0.0, 0.0, 0.0, 0.0, 0.0, 0.0, 0.0, 0.0, 0.0, 0.0, 0.0, 0.0, 0.0, 6.477, 0.0, 0.0, 0.0, 0.0, 0.0, 0.0, 0.0, 0.0], "max_pos": 24, "max_act": 6.4766}, {"tokens": [" As", " it", " watched", " the", " sun", "set", ",", " the", " octopus", " felt", " so", " content", " and", " relax", "ed", ".", " It", " went", " to", " its", " special", " spot", " and", " watched", " as"], "acts": [0.0, 3.6704, 0.0, 0.0, 0.0, 0.0, 0.0, 0.0, 0.0, 0.0, 0.0, 0.0, 0.0, 0.0, 0.0, 0.0, 6.4534, 0.0, 0.0, 0.0, 0.0, 0.0, 0.0, 0.0, 0.0], "max_pos": 16, "max_act": 6.4531}, {"tokens": [" world", ".", "\n", "\n", "The", " creature", " had", " made", " a", " world", " that", " was", " bright", " and", " colourful", "!", " It", " was", " no", " longer", " ugly", " or", " alone", ".", " It", " was", " happy", ",", " and", " so", " were", " its", " new"], "acts": [0.0, 0.0, 0.0, 0.0, 0.0, 0.0, 0.0, 0.0, 0.0, 0.0, 0.9253, 0.0, 0.0, 0.0, 0.0, 0.0, 6.0224, 0.0, 0.0, 0.0, 0.0, 0.0, 0.0, 0.0, 6.4153, 0.0, 0.5533, 0.0, 0.0, 0.0, 0.0, 2.1427, 0.0], "max_pos": 24, "max_act": 6.4141}]}