{"id": 968, "density": 0.01216725, "max_act": 7.90625, "hist": {"edges": [0.01, 0.0133, 0.0178, 0.0237, 0.0316, 0.0422, 0.0562, 0.075, 0.1, 0.1334, 0.1778, 0.2371, 0.3162, 0.4217, 0.5623, 0.7499, 1.0, 1.3335, 1.7783, 2.3714, 3.1623, 4.217, 5.6234, 7.4989, 10.0, 13.3352, 17.7828, 23.7137, 31.6228, 42.1697, 56.2341, 74.9894, 100.0], "counts": [0, 0, 0, 0, 0, 0, 0, 0, 2, 79, 314, 832, 1557, 3010, 4910, 6163, 6292, 5896, 4026, 5269, 5646, 3257, 1406, 10, 0, 0, 0, 0, 0, 0, 0, 0]}, "logit_lens": {"promoted": [[",", 0.39], [" time", 0.291], [" end", 0.241], ["sp", 0.218], [" baby", 0.208], [" tidy", 0.204], [" ever", 0.2], [" she", 0.196], ["D", 0.192], [" do", 0.191]], "suppressed": [["are", 0.269], ["ate", 0.266], ["fully", 0.246], ["en", 0.235], ["at", 0.231], ["es", 0.229], [" really", 0.226], [" always", 0.218], [" fairy", 0.215], ["ipped", 0.214]]}, "examples": [{"tokens": [".", " Be", " grateful", " and", " obedient", ".", "<|endoftext|>", "Lily", " and", " Ben", " are", " friends", ".", " They", " like", " to", " play", " with", " toys", " and", " tell", " jokes", ".", " One", " day", ",", " they", " find", " a", " big", " box", " in", " the"], "acts": [0.0, 0.0, 0.0, 0.0, 0.0, 0.0, 0.0, 0.0, 0.0, 0.0, 0.0, 0.0, 0.0, 0.0, 0.0, 0.0, 0.0, 0.0, 0.0, 0.0, 0.0, 0.0, 0.0, 2.0881, 7.9057, 1.1965, 0.0, 0.0, 0.0, 0.0, 0.0, 0.0, 0.0], "max_pos": 24, "max_act": 7.9062}, {"tokens": [" have", " fun", ".", " They", " are", " happy", ".", "<|endoftext|>", "Tim", " and", " Sam", " are", " friends", ".", " They", " like", " to", " play", " with", " cars", " and", " trucks", ".", " One", " day", ",", " they", " go", " to", " the", " park", " with", " their"], "acts": [0.0, 0.0, 0.0, 0.0, 0.0, 0.0, 0.0, 0.5792, 0.0, 0.0, 0.0, 0.0, 0.0, 0.0, 0.0, 0.0, 0.0, 0.0, 0.0, 0.0, 0.0, 0.0, 0.0, 1.9507, 7.7732, 1.1587, 0.0, 0.0, 0.0, 0.0, 0.0, 0.0, 0.0], "max_pos": 24, "max_act": 7.7734}, {"tokens": [" learned", " to", " dis", "ag", "ree", " without", " being", " mean", ".", "<|endoftext|>", "Lily", " and", " Ben", " are", " friends", ".", " They", " like", " to", " play", " with", " toys", ".", " One", " day", ",", " they", " find", " a", " big", " box", " in", " the"], "acts": [0.0, 0.0, 0.0, 0.0, 0.0, 0.0, 0.0, 0.0, 0.0, 0.0, 0.0, 0.0, 0.0, 0.0, 0.0, 0.0, 0.0, 0.0, 0.0, 0.0, 0.0, 0.0, 0.0, 1.4513, 7.6759, 1.2455, 0.0, 0.0, 0.0, 0.0, 0.0, 0.0, 0.0], "max_pos": 24, "max_act": 7.6758}, {"tokens": [" are", " furry", " cats", " who", " can", " fly", ".", "<|endoftext|>", "Ben", " and", " Sam", " are", " friends", ".", " They", " like", " to", " play", " with", " cars", " and", " balls", ".", " One", " day", ",", " they", " see", " a", " big", " gray", " cat", " in"], "acts": [0.0, 0.0, 0.0, 0.0, 0.0, 0.0, 0.0, 0.0, 0.0, 0.0, 0.0, 0.0, 0.0, 0.0, 0.0, 0.0, 0.0, 0.0, 0.0, 0.0, 0.0, 0.0, 0.0, 1.8372, 7.6489, 1.1385, 0.0, 0.0, 0.0, 0.0, 0.0, 0.0, 0.0], "max_pos": 24, "max_act": 7.6484}, {"tokens": [" have", " fun", ".", " They", " are", " happy", ".", "<|endoftext|>", "Lily", " and", " Tom", " are", " friends", ".", " They", " like", " to", " play", " with", " dolls", " and", " cars", ".", " One", " day", ",", " they", " go", " to", " the", " park", " with", " their"], "acts": [0.0, 0.0, 0.0, 0.0, 0.0, 0.0, 0.0, 0.7067, 0.0, 0.0, 0.0, 0.0, 0.0, 0.0, 0.0, 0.0, 0.0, 0.0, 0.0, 0.0, 0.0, 0.0, 0.0, 2.1409, 7.6412, 1.3593, 0.0, 0.0, 0.0, 0.0, 0.0, 0.0, 0.0], "max_pos": 24, "max_act": 7.6406}, {"tokens": [" and", " need", " their", " help", " and", " kindness", ".", "<|endoftext|>", "Lily", " and", " Ben", " are", " friends", ".", " They", " like", " to", " play", " with", " books", " and", " toys", ".", " One", " day", ",", " they", " find", " a", " big", " book", " with", " many"], "acts": [0.0, 0.0, 0.0, 0.0, 0.0, 0.0, 0.0, 0.0, 0.0, 0.0, 0.0, 0.0, 0.0, 0.0, 0.0, 0.0, 0.0, 0.0, 0.0, 0.0, 0.0, 0.0, 0.0, 1.8263, 7.5992, 1.4299, 0.0, 0.0, 0.0, 0.0, 0.0, 0.0, 0.0], "max_pos": 24, "max_act": 7.5977}, {"tokens": ["<|endoftext|>", "Ben", " and", " Mia", " are", " friends", ".", " They", " like", " to", " play", " with", " toys", " and", " books", ".", " One", " day", ",", " they", " find", " a", " big", " f", "ile", " in"], "acts": [0.0, 0.0, 0.0, 0.0, 0.0, 0.0, 0.0, 0.0, 0.0, 0.0, 0.0, 0.0, 0.0, 0.0, 0.0, 0.0, 1.8458, 7.5986, 0.9162, 0.0, 0.0, 0.0, 0.0, 0.0, 0.0, 0.0], "max_pos": 17, "max_act": 7.5977}, {"tokens": [" and", " have", " some", " cake", " for", " dessert", ".\"", "<|endoftext|>", "Anna", " and", " Ben", " are", " friends", ".", " They", " like", " to", " play", " with", " toys", " and", " books", ".", " One", " day", ",", " they", " see", " a", " po", "ster", " on", " the"], "acts": [0.0, 0.0, 0.0, 0.0, 0.0, 0.0, 0.0, 0.0, 0.0, 0.0, 0.0, 0.0, 0.0, 0.0, 0.0, 0.0, 0.0, 0.0, 0.0, 0.0, 0.0, 0.0, 0.0, 2.156, 7.5544, 1.4395, 0.0, 0.0, 0.0, 0.0, 0.0, 0.0, 0.0], "max_pos": 24, "max_act": 7.5547}, {"tokens": [" like", " to", " play", " outside", ".", " They", " have", " many", " toys", ".", " They", " have", " balls", ",", " cars", ",", " dolls", ",", " and", " books", ".", "\n", "\n", "One", " day", ",", " Sam", " and", " Tom", " want", " to", " play", " with"], "acts": [0.0, 0.0, 0.0, 0.0, 0.0, 0.0, 0.0, 0.0, 0.0, 0.0, 0.0, 0.0, 0.0, 0.0, 0.0, 0.0, 0.0, 0.0, 0.0, 0.0, 0.0, 0.0, 0.0, 1.7995, 7.514, 0.8433, 0.0, 0.0, 0.0, 0.8602, 0.0, 0.0, 0.0], "max_pos": 24, "max_act": 7.5156}, {"tokens": [" them", ".", " They", " are", " happy", ".", "<|endoftext|>", "Lily", " and", " Ben", " are", " twins", ".", " They", " like", " to", " play", " with", " their", " toys", " and", " books", ".", " One", " day", ",", " they", " find", " a", " big", " envelope", " on", " the"], "acts": [0.0, 0.0, 0.0, 0.0, 0.0, 0.0, 0.4976, 0.0, 0.0, 0.0, 0.0, 0.0, 0.0, 0.0, 0.0, 0.0, 0.0, 0.0, 0.0, 0.0, 0.0, 0.0, 0.0, 1.9727, 7.5112, 1.5344, 0.0, 0.0, 0.0, 0.0, 0.0, 0.0, 0.0], "max_pos": 24, "max_act": 7.5117}, {"tokens": [" and", " have", " fun", ".", " They", " are", " happy", ".", "<|endoftext|>", "Lily", " and", " Tom", " are", " friends", ".", " They", " like", " to", " play", " and", " learn", " together", ".", " One", " day", ",", " they", " have", " to", " do", " some", " work", " for"], "acts": [0.0, 0.0, 0.0, 0.0, 0.0, 0.0, 0.0, 0.0, 0.7033, 0.0, 0.0, 0.0, 0.0, 0.0, 0.0, 0.0, 0.0, 0.0, 0.0, 0.0, 0.0, 0.0, 0.0, 1.7089, 7.4905, 1.1468, 0.0, 0.0, 0.0, 0.0, 0.0, 0.0, 0.0], "max_pos": 24, "max_act": 7.4922}, {"tokens": [".", "<|endoftext|>", "Lily", " and", " Ben", " are", " friends", ".", " They", " like", " to", " play", " in", " the", " park", ".", " They", " run", " and", " jump", " and", " laugh", ".", " One", " day", ",", " they", " see", " a", " big", " hill", ".", " They"], "acts": [0.0, 0.0, 0.0, 0.0, 0.0, 0.0, 0.0, 0.0, 0.0, 0.0, 0.0, 0.0, 0.0, 0.0, 0.0, 0.0, 0.0, 0.0, 0.0, 0.0, 0.0, 0.0, 0.0, 2.3227, 7.4836, 0.894, 0.0, 0.0, 0.0, 0.0, 1.0022, 0.6171, 0.0], "max_pos": 24, "max_act": 7.4844}]}