{"id": 969, "density": 0.0108675, "max_act": 7.7421875, "hist": {"edges": [0.01, 0.0133, 0.0178, 0.0237, 0.0316, 0.0422, 0.0562, 0.075, 0.1, 0.1334, 0.1778, 0.2371, 0.3162, 0.4217, 0.5623, 0.7499, 1.0, 1.3335, 1.7783, 2.3714, 3.1623, 4.217, 5.6234, 7.4989, 10.0, 13.3352, 17.7828, 23.7137, 31.6228, 42.1697, 56.2341, 74.9894, 100.0], "counts": [0, 0, 0, 0, 0, 0, 0, 0, 1, 11, 75, 263, 1176, 3695, 8165, 10187, 8520, 5581, 2488, 1544, 1078, 501, 177, 8, 0, 0, 0, 0, 0, 0, 0, 0]}, "logit_lens": {"promoted": [[" morning", 0.321], [" sky", 0.278], [" joy", 0.273], ["ay", 0.273], [" night", 0.267], [" tomorrow", 0.262], [" eyes", 0.261], ["ation", 0.256], ["ness", 0.255], ["night", 0.251]], "suppressed": [["ra", 0.329], ["ny", 0.266], ["n", 0.254], [" behave", 0.252], [" filthy", 0.252], [" dug", 0.247], ["igg", 0.247], [" dig", 0.246], [" dirty", 0.238], [" belong", 0.235]]}, "examples": [{"tokens": [".", " Then", ",", " he", " put", " it", " on", " the", " stove", ".", "\n", "\n", "N", "ext", ",", " Ch", "arl", "ie", " waited", ".", " He", " waited", " and", " waited", " until", " the", " water", " was", " bo", "il", "ing", ".", " Finally"], "acts": [0.0, 0.0, 0.0, 0.0, 0.0, 0.0, 0.0, 0.0, 0.0, 0.0, 0.0, 0.0, 0.0, 0.0, 0.0, 0.0, 0.0, 0.0, 1.9891, 2.1219, 0.0, 1.873, 1.8667, 2.7743, 7.7405, 2.0892, 0.0, 0.0, 0.0, 0.0, 0.0, 2.2705, 0.0], "max_pos": 24, "max_act": 7.7422}, {"tokens": [" the", " backyard", ",", " waiting", " for", " him", " to", " play", " with", " it", " again", ".", " The", " sun", " was", " going", " down", ",", " so", " the", " truck", " waited", " until", " the", " morning", " when", " Jimmy", " woke", " up", ".", " He"], "acts": [0.0, 0.0, 0.0, 0.0, 3.4123, 0.0, 0.839, 0.0, 0.0, 0.0, 0.0, 0.0, 0.0, 0.0, 0.0, 0.0, 0.0, 0.0, 0.0, 0.0, 0.0, 1.7608, 7.7163, 2.3964, 0.0, 3.7882, 0.0, 0.0, 0.0, 1.4642, 0.0], "max_pos": 22, "max_act": 7.7148}, {"tokens": [" or", " for", " Dad", ",", " or", " for", " someone", " else", ".", " They", " wanted", " to", " pe", "ek", " and", " touch", " and", " shake", " it", ".", "\n", "\n", "They", " waited", " until", " Mom", " was", " busy", " with", " the", " oven", ",", " and"], "acts": [0.0, 0.0, 0.0, 0.0, 0.0, 0.0, 0.0, 0.0, 0.0, 0.0, 0.0, 0.0, 0.0, 0.0, 0.0, 0.0, 0.0, 0.0, 0.0, 0.0, 0.0, 0.0, 0.0, 1.9413, 7.6699, 0.0, 1.5279, 0.0, 0.0, 0.0, 0.0, 0.0, 0.844], "max_pos": 24, "max_act": 7.6719}, {"tokens": [" and", " ashamed", ".", " They", " learned", " their", " lesson", ".", " They", " never", " stepped", " on", " a", " chair", " and", " peeked", " in", " the", " pot", " again", ".", " They", " always", " waited", " until", " the", " soup", " was", " cool", ",", " and", " they", " thanked"], "acts": [0.0, 0.0, 0.0, 0.0, 0.0, 0.0, 0.0, 0.0, 0.0, 0.0, 0.0, 0.0, 0.0, 0.0, 0.0, 0.0, 0.0, 0.0, 0.0, 0.0, 0.0, 0.0, 0.0, 2.0193, 7.6516, 1.6324, 0.0, 0.0, 0.0, 0.0, 0.0, 0.0, 0.0], "max_pos": 24, "max_act": 7.6523}, {"tokens": [",", " you", " can", " sh", "ave", " like", " a", " big", " boy", ".\"", " \n", "\n", "Timmy", " was", " sad", ",", " but", " he", " understood", ".", " He", " waited", " and", " waited", " until", " he", " was", " big", " enough", " to", " sh", "ave", "."], "acts": [0.0, 0.0, 0.0, 0.0, 0.0, 0.0, 0.0, 0.0, 0.0, 0.0, 0.0, 0.0, 0.0, 0.0, 0.0, 0.0, 0.0, 0.0, 0.0, 0.0, 0.0, 1.4596, 1.3951, 2.4319, 7.6116, 1.2134, 1.1716, 0.0, 0.0, 0.0, 0.0, 0.0, 1.4634], "max_pos": 24, "max_act": 7.6133}, {"tokens": [" He", " was", " a", " bad", " man", ".", "\n", "\n", "He", " waited", " until", " Lily", " and", " Ben", " were", " busy", " playing", ".", " Then"], "acts": [0.0, 0.0, 0.0, 0.0, 0.0, 0.0, 0.0, 0.0, 0.0, 1.774, 7.6039, 0.0, 0.0, 0.0, 0.0, 0.0, 0.0, 1.1333, 0.0], "max_pos": 10, "max_act": 7.6055}, {"tokens": [".", " Timmy", " was", " so", " excited", " to", " play", ".", " He", " found", " a", " really", " good", " hiding", " spot", " behind", " a", " big", " tree", ".", " He", " waited", " and", " waited", " until", " he", " heard", " his", " friends", " shout", "ing", ",", " \""], "acts": [0.0, 0.0, 0.0, 0.0, 0.0, 0.0, 0.0, 0.0, 0.0, 0.0, 0.0, 0.0, 0.0, 0.0, 0.0, 0.0, 0.0, 0.0, 0.0, 0.0, 0.0, 1.4793, 1.7914, 2.588, 7.6013, 0.9569, 1.37, 0.0, 0.0, 0.0, 0.0, 0.0, 1.0623], "max_pos": 24, "max_act": 7.6016}, {"tokens": [" the", " garden", ".", " They", " waited", " until", " Mom", " was", " busy", " in", " the", " kitchen", ".", " Then"], "acts": [0.0, 0.0, 0.0, 0.0, 2.1031, 7.586, 0.0, 2.1339, 0.0, 1.5147, 1.7465, 0.0, 1.0943, 0.0], "max_pos": 5, "max_act": 7.5859}, {"tokens": ["Oh", " no", "!", " We", " need", " to", " go", " to", " the", " base", "ment", " now", "!\"", "\n", "\n", "They", " all", " went", " to", " the", " base", "ment", " and", " waited", " until", " the", " torn", "ado", " went", " away", ".", " After", " it"], "acts": [0.0, 0.0, 0.0, 0.0, 0.0, 0.0, 0.0, 0.0, 0.0, 0.0, 0.0, 0.0, 0.0, 0.0, 0.0, 0.0, 0.0, 0.0, 0.0, 0.0, 0.0, 0.0, 0.0, 1.9399, 7.4659, 2.3647, 0.0, 0.0, 0.0, 0.0, 1.2421, 0.0, 0.0], "max_pos": 24, "max_act": 7.4648}, {"tokens": ["s", ".", " That", " is", " not", " nice", ".\"", "\n", "\n", "But", " Lily", " did", " not", " listen", " to", " her", " mom", ".", " She", " waited", " until", " her", " mom", " was", " not", " looking", ".", " Then", " she"], "acts": [0.0, 0.0, 0.0, 0.0, 0.0, 0.0, 0.0, 0.0, 0.0, 0.0, 0.0, 0.0, 0.0, 0.0, 0.0, 0.0, 0.0, 0.0, 0.0, 2.0336, 7.4304, 2.3632, 0.0, 1.4146, 1.4834, 0.0, 1.2069, 0.7125, 0.0], "max_pos": 20, "max_act": 7.4297}, {"tokens": [" \n", "\n", "The", " little", " girl", " didn", "'t", " want", " to", " wait", ",", " but", " she", " knew", " it", " was", " important", ".", " So", ",", " she", " waited", " and", " waited", " until", " the", " cake", " was", " cool", ".", " Finally", ",", " they"], "acts": [0.0, 0.0, 0.0, 0.0, 0.0, 0.0, 0.0, 0.0, 0.0, 1.6664, 0.0, 0.0, 0.0, 0.0, 0.0, 0.0, 0.0, 0.0, 0.0, 0.0, 0.0, 2.1789, 1.7178, 2.906, 7.4231, 2.3548, 0.0, 0.0, 0.0, 2.5783, 0.0, 0.8297, 0.0], "max_pos": 24, "max_act": 7.4219}, {"tokens": [".", " She", " waited", " until", " her", " mom", " was", " busy", " in", " the", " kitchen", ","], "acts": [0.0, 0.0, 2.2387, 7.4222, 2.114, 0.0, 1.4325, 0.0, 1.3536, 2.062, 0.0, 0.0], "max_pos": 3, "max_act": 7.4219}]}