{"id": 984, "density": 0.00739625, "max_act": 5.09375, "hist": {"edges": [0.01, 0.0133, 0.0178, 0.0237, 0.0316, 0.0422, 0.0562, 0.075, 0.1, 0.1334, 0.1778, 0.2371, 0.3162, 0.4217, 0.5623, 0.7499, 1.0, 1.3335, 1.7783, 2.3714, 3.1623, 4.217, 5.6234, 7.4989, 10.0, 13.3352, 17.7828, 23.7137, 31.6228, 42.1697, 56.2341, 74.9894, 100.0], "counts": [0, 0, 0, 0, 0, 0, 0, 0, 0, 0, 0, 21, 291, 1996, 4976, 5893, 4894, 3509, 2118, 3086, 2579, 222, 0, 0, 0, 0, 0, 0, 0, 0, 0, 0]}, "logit_lens": {"promoted": [["'t", 0.378], [" hard", 0.376], [" to", 0.37], [" finally", 0.354], ["ning", 0.332], ["d", 0.324], ["ned", 0.305], [" not", 0.288], [" never", 0.287], [" if", 0.284]], "suppressed": [["itc", 0.218], ["u", 0.21], ["orm", 0.208], [" ring", 0.207], ["g", 0.205], ["J", 0.205], [" mine", 0.194], ["ir", 0.192], [" march", 0.177], ["my", 0.174]]}, "examples": [{"tokens": [" cat", " didn", "'t", " like", " it", ".", " He", " thought", " it", " was"], "acts": [1.9462, 5.0942, 0.0, 0.0, 0.0, 0.0, 0.0, 0.0, 0.0, 0.0], "max_pos": 1, "max_act": 5.0938}, {"tokens": [" Ben", " wished", " for", " a", " new", " bike", ".", " They", " opened", " their", " eyes", " and", " waited", " for", " their", " wishes", " to", " come", " true", ".", "\n", "\n", "But", " nothing", " happened", ".", " The", " flower", " did", " not", " change", ".", " It"], "acts": [0.0, 0.0, 0.0, 0.0, 0.0, 0.0, 0.0, 0.0, 0.0, 0.0, 0.0, 0.0, 0.0, 0.0, 0.0, 0.0, 0.0, 0.0, 0.0, 0.0, 0.0, 0.0, 0.0, 0.0, 5.0384, 0.0, 0.0, 0.0, 0.0, 0.0, 0.0, 0.0, 0.0], "max_pos": 24, "max_act": 5.0391}, {"tokens": [" by", " itself", ".", "\n", " ", "\n", "The", " beach", " was", " worried", " that", " it", " would", " never", " find", " its", " way", " back", " home", ".", " But", " then", " something", " wonderful", " happened", ".", "\n", "\n", "A", " pretty", " se", "ag", "ull"], "acts": [0.0, 0.0, 0.0, 0.0, 0.0, 0.0, 0.0, 0.0, 0.0, 0.0, 0.0, 0.0, 0.0, 0.0, 0.0, 0.0, 0.0, 0.0, 0.0, 0.0, 0.0, 0.0, 0.0, 1.1106, 4.9403, 0.0, 0.0, 0.0, 0.0, 0.0, 0.0, 0.0, 0.0], "max_pos": 24, "max_act": 4.9414}, {"tokens": [" bigger", " than", " the", " butterfly", "!", " She", " decided", " to", " tap", " on", " it", ",", " hop", "ing", " to", " make", " something", " magical", " happen", ".", "\n", "\n", "But", " nothing", " happened", ".", "\n", "\n", "The", " girl", " sighed", " once", " again"], "acts": [0.0, 0.0, 0.0, 0.0, 0.0, 0.0, 0.0, 0.0, 0.0, 0.0, 0.0, 0.0, 0.0, 0.0, 0.0, 0.0, 0.0, 0.0, 1.2546, 0.0, 0.0, 0.0, 0.0, 0.0, 4.8759, 0.0, 0.0, 0.0, 0.0, 0.0, 0.0, 0.0, 0.0], "max_pos": 24, "max_act": 4.875}, {"tokens": ["'t", " fly", " yet", " and", " didn", "'t", " know", " what", " to", " do", ".", " \n", "\n", "L", "uck", "ily", ",", " the", " birdie", "'s", " pare", "nt", " saw", " what", " happened", " and", " came", " to", " resc", "ue", " it", ".", " The"], "acts": [0.0, 0.0, 0.0, 0.0, 4.4558, 0.0, 0.0, 0.0, 0.0, 0.7155, 0.0, 0.0, 0.0, 0.0, 0.0, 0.0, 0.0, 0.0, 0.0, 0.0, 0.0, 0.0, 0.0, 0.0, 4.8516, 0.0, 0.0, 0.0, 0.0, 0.0, 0.0, 0.0, 0.0], "max_pos": 24, "max_act": 4.8516}, {"tokens": ["\n", "The", " little", " car", " was", " sad", " because", " it", " couldn", "'t", " go", " anymore", ".", " It", " felt", " like", " it", " was", " broken", ".", " But", " then", " something", " amazing", " happened", ".", " A", " friendly", " fairy", " flew", " down", " from", " the"], "acts": [0.0, 0.0, 0.0, 0.0, 0.0, 0.0, 0.0, 0.0, 0.6567, 0.0, 0.0, 0.0, 0.0, 0.0, 0.0, 0.0, 0.0, 0.0, 0.0, 0.0, 0.0, 0.0, 0.0, 1.5611, 4.831, 0.0, 0.0, 0.0, 0.0, 0.0, 0.0, 0.0, 0.0], "max_pos": 24, "max_act": 4.832}, {"tokens": [" see", " what", " happened", ".", " She", " saw", " the", " mess", " and", " said", ","], "acts": [0.0, 0.0, 4.8242, 0.0, 0.0, 0.0, 0.0, 0.0, 0.0, 0.0, 0.0], "max_pos": 2, "max_act": 4.8242}, {"tokens": [" see", " what", " happened", ".", " She", " saw", " the", " p", "ist", "ol", " on"], "acts": [0.0, 0.0, 4.8242, 0.0, 0.0, 0.0, 0.0, 0.0, 0.0, 0.0, 0.0], "max_pos": 2, "max_act": 4.8242}, {"tokens": [" but", " some", " ignorant", " boys", " laughed", " at", " her", ".", " Jenny", " felt", " sad", " and", " embarrassed", " and", " started", " to", " cry", ".", " \n", "\n", "But", " then", " something", " magical", " happened", ".", " A", " few", " pass", "ing", " birds", " saw", " what"], "acts": [0.0, 0.0, 0.0, 0.0, 0.0, 0.0, 0.0, 0.0, 0.0, 0.0, 0.0, 0.0, 0.0, 0.0, 0.0, 0.0, 0.0, 0.0, 0.0, 0.0, 0.0, 0.0, 0.0, 1.0184, 4.787, 0.0, 0.0, 0.0, 0.0, 0.0, 0.0, 0.0, 0.0], "max_pos": 24, "max_act": 4.7852}, {"tokens": [" sc", "ra", "ped", " her", " knee", ".", " She", " started", " to", " cry", ".", "\n", "\n", "A", " teacher", " saw", " what", " happened", ".", " She", " ran", " over", " to", " help", " Lily", "."], "acts": [0.0, 0.0, 0.0, 0.0, 0.0, 0.0, 0.0, 0.0, 0.0, 0.0, 0.0, 0.0, 0.0, 0.0, 0.0, 0.0, 0.0, 4.78, 0.0, 0.0, 0.0, 0.0, 0.0, 0.0, 0.0, 0.0], "max_pos": 17, "max_act": 4.7812}, {"tokens": [" to", " do", ".", "\n", "\n", "B", "ella", " saw", " what", " happened", " and", " said", ",", " \"", "Don", "'t", " worry", ","], "acts": [0.0, 0.0, 0.0, 0.0, 0.0, 0.0, 0.0, 0.0, 0.0, 4.7685, 0.0, 0.0, 0.0, 0.0, 0.0, 0.0, 0.0, 0.0], "max_pos": 9, "max_act": 4.7695}, {"tokens": [" bear", " back", ".", " She", " felt", " very", " embarrassed", ".", " She", " thought", " the", " other", " kids", " would", " laugh", " at", " her", ".", "\n", "\n", "Her", " mom", " saw", " what", " happened", " and", " hugged", " her", ".", " She", " said", " she", " was"], "acts": [0.0, 0.0, 0.0, 0.0, 0.0, 0.0, 0.0, 0.0, 0.0, 0.0, 0.0, 0.0, 0.0, 0.0, 0.0, 0.0, 0.0, 0.0, 0.0, 0.0, 0.0, 0.0, 0.0, 0.0, 4.7622, 0.0, 0.0, 0.0, 0.0, 0.0, 0.0, 0.0, 0.0], "max_pos": 24, "max_act": 4.7617}]}