{"id": 987, "density": 0.01678625, "max_act": 4.76953125, "hist": {"edges": [0.01, 0.0133, 0.0178, 0.0237, 0.0316, 0.0422, 0.0562, 0.075, 0.1, 0.1334, 0.1778, 0.2371, 0.3162, 0.4217, 0.5623, 0.7499, 1.0, 1.3335, 1.7783, 2.3714, 3.1623, 4.217, 5.6234, 7.4989, 10.0, 13.3352, 17.7828, 23.7137, 31.6228, 42.1697, 56.2341, 74.9894, 100.0], "counts": [0, 0, 0, 0, 0, 0, 0, 0, 0, 0, 5, 146, 1138, 5465, 13141, 15309, 15275, 11051, 2660, 1147, 1667, 141, 0, 0, 0, 0, 0, 0, 0, 0, 0, 0]}, "logit_lens": {"promoted": [[" Mom", 0.224], [" war", 0.223], [" her", 0.21], [" me", 0.206], [" we", 0.205], [" you", 0.201], [" about", 0.189], [" \"", 0.167], [".", 0.164], [" his", 0.163]], "suppressed": [[" ne", 0.376], ["ined", 0.354], ["ours", 0.342], ["ular", 0.34], ["ither", 0.319], [" somewhere", 0.319], ["ney", 0.319], ["br", 0.314], ["ner", 0.306], ["iest", 0.305]]}, "examples": [{"tokens": [" with", " mat", "ches", " again", ".", "\n", "\n", "Tom", " and", " Lily", " learned", " their", " lesson", ".", " They", " never", " played", " with", " mat", "ches", " again", ".", " They", " listened", " to", " their", " mom", " and", " stayed", " away", " from", " mat", "ches"], "acts": [0.0, 0.0, 0.0, 0.0, 0.0, 0.0, 0.0, 0.0, 0.0, 0.0, 0.0, 0.0, 1.0873, 0.0, 0.0, 0.0, 0.0, 0.0, 0.0, 0.0, 0.0, 0.0, 0.0, 0.0, 4.7714, 3.2373, 0.0, 1.1954, 0.0, 0.0, 0.0, 0.0, 0.0], "max_pos": 24, "max_act": 4.7695}, {"tokens": [" for", " a", " long", " time", ".", " They", " learned", " a", " hard", " lesson", ".", " They", " should", " have", " listened", " to", " Sam", " and", " asked", " Mom", " before", " taking", " the", " juice"], "acts": [0.0, 0.0, 0.0, 0.0, 0.0, 0.0, 0.0, 0.0, 0.0, 0.0, 0.0, 0.0, 0.0, 0.0, 0.0, 4.7675, 0.0, 2.041, 0.0, 0.0, 0.9165, 0.0, 0.0, 0.0], "max_pos": 15, "max_act": 4.7656}, {"tokens": [" for", " playing", ".", " I", " told", " you", " it", " could", " hurt", " you", ".", " You", " should", " have", " listened", " to", " me", ",", " Sara", ".", " You", " should", " have", " listened", " to", " me", ".\"", " Ben", " said", ".", "\n", "\n", "Sara"], "acts": [0.0, 0.0, 0.0, 0.0, 0.0, 0.0, 0.0, 0.0, 0.0, 0.0, 0.0, 0.0, 0.0, 0.0, 0.0, 4.5292, 0.0, 0.0, 0.0, 0.0, 0.0, 0.0, 0.0, 0.0, 4.7265, 0.0, 0.0, 0.0, 0.0, 0.0, 0.0, 0.0, 0.0], "max_pos": 24, "max_act": 4.7266}, {"tokens": [" on", " to", " you", " when", " you", " grow", " up", ".\"", "\n", "\n", "Anna", " and", " Ben", " listened", " to", " their", " mom", ".", " They", " felt", " sorry", " for", " fighting"], "acts": [0.0, 0.0, 0.0, 0.0, 0.0, 0.0, 0.0, 0.0, 0.0, 0.0, 0.0, 0.0, 0.0, 0.0, 4.6878, 2.8449, 0.0, 0.0, 0.0, 0.0, 0.0, 0.0, 0.0], "max_pos": 14, "max_act": 4.6875}, {"tokens": [" hot", " pot", " fell", " too", ".", " Tim", " was", " hurt", " and", " cried", ".", " His", " mom", " came", " running", " and", " was", " sad", ".", " She", " wished", " Tim", " had", " listened", " to", " her", " war", "ning", ".", "<|endoftext|>", "One", " day", ","], "acts": [0.0, 0.0, 0.0, 0.0, 0.0, 0.0, 0.0, 0.0, 0.0, 0.0, 0.0, 0.0, 0.0, 0.0, 0.0, 0.0, 0.0, 0.0, 0.0, 0.0, 0.0, 0.0, 0.0, 0.0, 4.6889, 2.2119, 1.3096, 0.0, 0.0, 0.0, 0.0, 0.0, 0.0], "max_pos": 24, "max_act": 4.6875}, {"tokens": [" not", " see", " the", " w", "ine", ".", " They", " hoped", " Mommy", " would", " not", " be", " angry", ".", " They", " were", " very", " sorry", ".", " They", " wished", " they", " had", " listened", " to", " Ben", ".", " They", " wished", " they", " had", " not", " been"], "acts": [0.0, 0.0, 0.0, 0.0, 0.0, 0.0, 0.0, 0.0, 0.0, 0.0, 0.0, 0.0, 0.0, 0.0, 0.0, 0.0, 0.0, 0.0, 0.0, 0.0, 0.0, 0.0, 0.0, 0.0, 4.6848, 0.6585, 0.0, 0.0, 0.0, 0.0, 0.0, 0.0, 0.0], "max_pos": 24, "max_act": 4.6836}, {"tokens": [" okay", ",", " Ben", ",\"", " Lily", " says", ".", " \"", "I", " should", " have", " listened", " to", " you", " too", ".", " You", " said", " we", " should", " be"], "acts": [0.0, 0.0, 0.0, 0.0, 0.0, 0.0, 0.0, 0.0, 0.0, 0.0, 0.0, 0.0, 4.6795, 0.0, 0.0, 0.0, 0.0, 0.0, 0.0, 0.0, 0.0], "max_pos": 12, "max_act": 4.6797}, {"tokens": [" they", " had", " to", " learn", " to", " be", " polite", ".", "\n", "\n", "Tim", " and", " Sam", " were", " scared", ".", " They", " cried", ".", " They", " wished", " they", " had", " listened", " to", " Sam", ".", " They", " wished", " they", " had", " not", " taken"], "acts": [0.0, 0.0, 0.0, 0.0, 0.0, 0.0, 0.0, 0.0, 0.0, 0.0, 0.0, 0.0, 0.0, 0.0, 0.0, 0.0, 0.0, 0.0, 0.0, 0.0, 0.0, 0.0, 0.0, 0.0, 4.6705, 0.0, 0.0, 0.0, 0.0, 0.0, 0.0, 0.0, 0.0], "max_pos": 24, "max_act": 4.6719}, {"tokens": [" mailbox", "es", ".", " They", " wished", " they", " had", " been", " gentle", " and", " careful", ".", " They", " wished", " they", " had", " listened", " to", " their", " parents", " and", " left", " other", " people", "'s", " things"], "acts": [0.0, 0.0, 0.0, 0.0, 0.0, 0.0, 0.0, 0.0, 0.0, 0.0, 0.0, 0.0, 0.0, 0.0, 0.0, 0.0, 0.0, 4.6685, 3.2794, 0.0, 1.2646, 0.0, 0.0, 0.0, 0.0, 0.0], "max_pos": 17, "max_act": 4.668}, {"tokens": [".", " She", " felt", " lonely", " and", " sorry", ".", " She", " wished", " she", " had", " not", " gi", "ven", " Tom", " the", " ber", "ry", ".", " She", " wished", " she", " had", " listened", " to", " him", ".", " She", " wished", " they", " were", " still", " friends"], "acts": [0.0, 0.0, 0.0, 0.0, 0.0, 0.0, 0.0, 0.0, 0.0, 0.0, 0.0, 0.0, 0.0, 0.0, 0.0, 0.0, 0.0, 0.0, 0.0, 0.0, 0.0, 0.0, 0.0, 0.0, 4.6409, 1.6597, 0.0, 0.0, 0.0, 0.0, 0.0, 0.0, 0.9323], "max_pos": 24, "max_act": 4.6406}, {"tokens": [" did", " not", " know", " what", " to", " do", ".", " They", " wished", " they", " had", " listened", " to", " Grandma", " and", " not", " scared", " Fluffy", ".", " They", " hugged"], "acts": [0.0, 0.0, 0.0, 0.0, 0.0, 0.0, 0.0, 0.0, 0.0, 0.0, 0.0, 0.0, 4.6371, 1.1363, 2.0685, 0.0, 0.0, 0.0, 0.0, 0.0, 0.6606], "max_pos": 12, "max_act": 4.6367}, {"tokens": ["it", " it", " out", " and", " threw", " it", " away", ".", "\n", "\n", "Mom", " saw", " what", " happened", " and", " said", ",", " \"", "Tom", ",", " you", " should", " have", " listened", " to", " the", " farmer", ".", " He", " told", " you", " how", " to"], "acts": [0.0, 0.0, 0.0, 0.0, 0.0, 0.0, 0.0, 0.0, 0.0, 0.0, 0.0, 0.0, 0.0, 0.0, 0.0, 0.0, 0.0, 0.0, 0.0, 0.0, 0.0, 0.0, 0.8708, 0.0, 4.634, 2.721, 0.0, 0.0, 0.0, 0.0, 0.0, 0.0, 0.0], "max_pos": 24, "max_act": 4.6328}]}