{"id": 989, "density": 0.0147435, "max_act": 9.328125, "hist": {"edges": [0.01, 0.0133, 0.0178, 0.0237, 0.0316, 0.0422, 0.0562, 0.075, 0.1, 0.1334, 0.1778, 0.2371, 0.3162, 0.4217, 0.5623, 0.7499, 1.0, 1.3335, 1.7783, 2.3714, 3.1623, 4.217, 5.6234, 7.4989, 10.0, 13.3352, 17.7828, 23.7137, 31.6228, 42.1697, 56.2341, 74.9894, 100.0], "counts": [0, 0, 0, 0, 0, 0, 0, 0, 0, 2, 36, 234, 1005, 3667, 8069, 9022, 7082, 5366, 4209, 4704, 5818, 5776, 3373, 611, 0, 0, 0, 0, 0, 0, 0, 0]}, "logit_lens": {"promoted": [[" many", 0.287], [" a", 0.27], [" an", 0.253], [" long", 0.241], [" no", 0.24], [" always", 0.227], [" white", 0.213], [" four", 0.211], [" cur", 0.189], [" never", 0.187]], "suppressed": [["ray", 0.313], ["e", 0.281], [" ac", 0.277], [" forth", 0.27], ["ort", 0.266], ["ank", 0.262], [" later", 0.251], ["ry", 0.251], [" against", 0.247], ["rage", 0.245]]}, "examples": [{"tokens": ["One", " day", ",", " she", " saw", " a", " big", " dog", " in", " the", " park", ".", " The", " dog", " was", " brown", " and", " furry", " and", " had", " a", " long", " tail", ".", " Lily", " wanted", " to", " run"], "acts": [0.0, 0.0, 0.0, 0.0, 0.0, 0.0, 0.0, 0.0, 1.5692, 0.0, 0.0, 0.5185, 0.0, 0.0, 0.5812, 0.0, 0.0, 0.0, 0.0, 9.3265, 1.1256, 0.0, 0.0, 0.0, 0.0, 0.0, 0.0, 0.0], "max_pos": 19, "max_act": 9.3281}, {"tokens": [" park", " with", " their", " toy", " cars", ".", " They", " liked", " to", " make", " noises", " and", " pretend", " they", " were", " driving", " fast", ".", " They", " saw", " a", " big", " red", " truck", " with", " a", " loud", " s", "i", "ren", " and", " a", " long"], "acts": [0.0, 0.0, 0.0, 0.0, 0.0, 0.0, 0.0, 0.0, 0.0, 0.0, 0.0, 0.0, 0.0, 0.0, 0.0, 0.0, 0.0, 0.0, 0.0, 0.7564, 0.0, 0.0, 0.0, 0.0, 9.2776, 1.6859, 0.0, 0.0, 0.0, 0.0, 0.0, 0.0, 0.0], "max_pos": 24, "max_act": 9.2812}, {"tokens": [" and", " make", " loud", " noises", ".", "\n", "\n", "One", " day", ",", " they", " see", " a", " big", " dog", " on", " the", " street", ".", " The", " dog", " is", " black", " and", " has", " sharp", " teeth", ".", " It", " bark", "s", " at", " them"], "acts": [0.0, 0.0, 0.0, 0.0, 0.0, 0.0, 0.0, 0.0, 0.0, 0.0, 0.0, 0.906, 0.0, 0.0, 0.0, 0.6752, 0.0, 0.0, 0.0, 0.0, 0.7445, 0.0, 0.0, 0.0, 9.1526, 0.0, 0.0, 0.0, 0.0, 0.0, 0.0, 0.0, 0.0], "max_pos": 24, "max_act": 9.1562}, {"tokens": ["\n", "\n", "One", " day", ",", " they", " found", " a", " big", " box", " in", " the", " garage", ".", " It", " was", " brown", " and", " had", " a", " lot", " of", " tape", " on", " it", ".", " They"], "acts": [0.0, 0.0, 0.0, 0.0, 0.0, 0.0, 0.6889, 0.0, 0.0, 0.0, 0.9924, 0.0, 0.0, 0.0, 0.0, 0.0, 0.0, 0.0, 9.1371, 0.919, 0.0, 1.1792, 0.0, 1.2911, 0.0, 0.0, 0.0], "max_pos": 18, "max_act": 9.1406}, {"tokens": [" was", " a", " big", " doll", " with", " long", " hair", " and", " a", " pink", " dress", ".", " Ben"], "acts": [0.0, 0.0, 0.0, 0.0, 9.1256, 1.5751, 0.0, 0.0, 0.0, 0.0, 0.0, 0.0, 0.0], "max_pos": 4, "max_act": 9.125}, {"tokens": ["ph", "one", ".", "\n", "\n", "The", " tele", "ph", "one", " is", " on", " the", " table", " in", " the", " living", " room", ".", " It", " is", " big", " and", " black", " and", " has", " many", " buttons", ".", " Anna", " and", " Ben", " know", " they"], "acts": [0.0, 0.0, 0.0, 0.0, 0.0, 0.0, 0.0, 0.0, 0.0, 0.0, 0.0, 0.0, 0.0, 0.0, 0.0, 0.0, 0.0, 0.0, 0.0, 0.0, 0.0, 0.0, 0.0, 0.0, 9.1134, 0.9733, 0.0, 0.0, 0.0, 0.0, 0.0, 0.0, 0.0], "max_pos": 24, "max_act": 9.1172}, {"tokens": [" old", " toy", ".", " It", " was", " a", " red", " car", " with", " shiny", " wheels", ".", "\n", "\n", "He", " asked", " his"], "acts": [0.0, 0.0, 0.0, 0.0, 0.0, 0.0, 0.0, 0.0, 9.097, 0.0, 0.0, 0.0, 0.0, 0.0, 0.0, 0.0, 0.0], "max_pos": 8, "max_act": 9.0938}, {"tokens": [" walk", " in", " the", " park", " with", " her", " mommy", " and", " daddy", ".", " One", " day", ",", " while", " they", " were", " walking", ",", " they", " saw", " a", " big", " red", " truck", " with", " the", " word", " \"", "em", "er", "g", "en", "cy"], "acts": [0.0, 0.0, 0.0, 0.0, 0.0, 0.0, 0.0, 0.0, 0.0, 0.0, 0.0, 0.0, 0.0, 0.0, 0.0, 0.0, 0.0, 0.0, 0.0, 0.0, 0.0, 0.0, 0.0, 0.0, 9.0459, 1.1117, 0.0, 0.0, 0.0, 0.0, 0.0, 0.0, 0.0], "max_pos": 24, "max_act": 9.0469}, {"tokens": [".", " They", " are", " happy", ".", " They", " are", " a", " family", ".", "<|endoftext|>", "Lily", " wanted", " to", " buy", " a", " new", " toy", ".", " She", " saw", " a", " big", " doll", " with", " long", " hair", " and", " a", " pink", " dress", " in", " the"], "acts": [0.0, 0.0, 0.0, 0.0, 0.0, 0.0, 0.0, 0.0, 0.0, 0.0, 0.0, 0.0, 0.0, 0.0, 0.0, 0.0, 0.0, 0.0, 0.0, 0.0, 0.0, 0.0, 0.0, 0.0, 9.0496, 1.2917, 0.0, 1.1106, 0.0, 0.0, 0.0, 2.2811, 0.0], "max_pos": 24, "max_act": 9.0469}, {"tokens": [" like", " to", " play", " with", " toys", ".", " Sara", " has", " a", " fancy", " doll", " with", " a", " pink", " dress", " and", " a", " hat", ".", " Ben", " has", " a", " big", " truck", " with", " four", " wheels", " and", " a", " horn", ".", " One", " day"], "acts": [0.0, 0.0, 0.0, 0.0, 0.0, 0.0, 0.0, 4.5866, 0.0, 0.0, 0.0, 8.9085, 1.1829, 0.0, 0.0, 1.5709, 0.0, 0.0, 0.0, 0.0, 5.3192, 0.6785, 0.0, 0.0, 9.0016, 0.0, 0.0, 0.0, 0.0, 0.0, 0.0, 0.0, 0.0], "max_pos": 24, "max_act": 9.0}, {"tokens": [" hope", " the", " dog", " will", " not", " come", " back", ".", "<|endoftext|>", "Sam", " and", " Mia", " were", " playing", " in", " the", " park", ".", " They", " saw", " a", " big", " red", " truck", " with", " a", " long", " hose", ".", " They", " wanted", " to", " see"], "acts": [0.0, 0.0, 0.0, 0.0, 0.0, 0.0, 0.0, 0.0, 0.0, 0.0, 0.0, 0.0, 0.0, 0.0, 0.0, 0.0, 0.0, 0.0, 0.0, 0.0, 0.0, 0.0, 0.0, 0.0, 8.9728, 1.4331, 0.0, 0.0, 0.0, 0.0, 0.0, 0.0, 0.0], "max_pos": 24, "max_act": 8.9766}, {"tokens": [" and", " the", " crane", " became", " good", " friends", ".", "<|endoftext|>", "Once", " upon", " a", " time", ",", " there", " was", " an", " old", " lady", ".", " She", " had", " a", " big", " hat", " with", " a", " t", "ip", " on", " the", " top", ".", " One"], "acts": [0.0, 0.0, 0.0, 0.0, 0.0, 0.0, 0.0, 0.0, 0.0, 0.0, 0.0, 0.0, 0.0, 0.0, 0.0, 0.0, 0.0, 0.0, 0.0, 0.0, 5.8915, 0.0, 0.0, 0.0, 8.943, 1.3943, 0.0, 0.0, 0.0, 0.0, 0.0, 0.0, 0.0], "max_pos": 24, "max_act": 8.9453}]}