{"id": 999, "density": 0.01353925, "max_act": 8.65625, "hist": {"edges": [0.01, 0.0133, 0.0178, 0.0237, 0.0316, 0.0422, 0.0562, 0.075, 0.1, 0.1334, 0.1778, 0.2371, 0.3162, 0.4217, 0.5623, 0.7499, 1.0, 1.3335, 1.7783, 2.3714, 3.1623, 4.217, 5.6234, 7.4989, 10.0, 13.3352, 17.7828, 23.7137, 31.6228, 42.1697, 56.2341, 74.9894, 100.0], "counts": [0, 0, 0, 0, 0, 0, 0, 0, 0, 0, 5, 72, 2062, 4053, 8767, 11085, 9131, 6755, 4894, 2611, 1094, 775, 2468, 385, 0, 0, 0, 0, 0, 0, 0, 0]}, "logit_lens": {"promoted": [["ch", 0.296], [" This", 0.292], [" best", 0.289], ["ble", 0.238], [" help", 0.233], ["w", 0.227], ["ff", 0.211], ["ath", 0.205], ["ier", 0.202], [" make", 0.201]], "suppressed": [["ly", 0.322], ["ing", 0.253], [" knowing", 0.25], ["ies", 0.238], ["iz", 0.228], [" looking", 0.222], [" morning", 0.215], ["ages", 0.213], [" times", 0.212], [" tightly", 0.212]]}, "examples": [{"tokens": [".", " I", " found", " it", ".\"", "\n", "\n", "\"", "That", "'s", " not", " fair", "!\"", " Lily", " said", ".", " She", " ran", " to", " the", " tree", " too", " and", " tried", " to", " help", " Sam", ".", " \"", "You", " did", " not", " find"], "acts": [0.0, 0.0, 0.0, 0.0, 0.0, 0.0, 0.0, 0.0, 0.0, 0.0, 0.0, 0.0, 0.0, 0.0, 0.0, 0.0, 0.0, 0.0, 0.0, 0.0, 0.0, 0.0, 0.0, 0.7748, 8.6575, 0.6763, 0.0, 1.072, 0.0, 0.0, 0.6753, 0.0, 0.0], "max_pos": 24, "max_act": 8.6562}, {"tokens": [".", " The", " big", " dog", " is", " not", " cute", ".", " He", " is", " mean", " and", " loud", ".", " He", " runs", " to", " Spot", " and", " bark", "s", ".", " He", " tries", " to", " bite", " Spot", "'s", " collar", ".", " Spot", " is", " scared"], "acts": [0.0, 0.0, 0.0, 0.0, 0.0, 0.0, 0.0, 0.0, 0.0, 0.0, 0.0, 0.0, 0.0, 0.0, 0.0, 0.0, 0.0, 0.0, 0.0, 0.0, 0.0, 0.0, 0.0, 0.6044, 8.6289, 0.0, 0.0, 0.0, 0.0, 0.7713, 0.0, 0.0, 0.0], "max_pos": 24, "max_act": 8.625}, {"tokens": [".", " The", " hole", " starts", " to", " fill", " with", " water", ".", " Sam", " sees", " the", " water", " and", " gets", " scared", ".", " He", " runs", " to", " the", " hole", " and", " tries", " to", " get", " his", " truck", ".", " But", " the", " water", " is"], "acts": [0.0, 0.0, 0.0, 0.0, 0.0, 0.0, 0.0, 0.0, 0.0, 0.0, 0.0, 0.0, 0.0, 0.0, 0.0, 0.0, 0.0, 0.0, 0.0, 0.9376, 0.0, 0.0, 0.0, 0.5871, 8.6132, 0.6771, 0.0, 0.0, 1.373, 2.0415, 0.0, 0.0, 0.0], "max_pos": 24, "max_act": 8.6094}, {"tokens": [" his", " guitar", ".", " He", " runs", " to", " the", " kitchen", ".", " He", " sees", " the", " fire", " and", " feels", " scared", ".", " He", " grab", "s", " a", " towel", " and", " tries", " to", " put", " out", " the", " fire"], "acts": [0.0, 0.0, 0.0, 0.0, 0.0, 0.0, 0.0, 0.0, 0.0, 0.0, 0.0, 0.0, 0.0, 0.0, 0.0, 0.0, 0.0, 0.0, 0.0, 0.0, 0.0, 0.0, 0.0, 0.0, 8.5668, 0.0, 0.0, 0.0, 0.0], "max_pos": 24, "max_act": 8.5703}, {"tokens": [".", " But", " L", "un", "a", " is", " scared", " of", " them", ".", " She", " runs", " away", " and", " hid", "es", " under", " the", " sofa", ".", " Tim", " and", " Sam", " try", " to", " reach", " her", ",", " but", " they", " cannot", ".", "\n"], "acts": [0.0, 0.0, 0.0, 0.0, 0.0, 0.0, 0.0, 0.0, 0.0, 0.0, 0.0, 0.0, 0.0, 0.0, 0.0, 0.0, 0.0, 0.0, 0.0, 0.0, 0.0, 0.0, 0.0, 0.0, 8.5317, 0.0, 0.0, 0.8943, 1.8213, 0.0, 0.7095, 0.0, 0.0], "max_pos": 24, "max_act": 8.5312}, {"tokens": ["\n", "Tom", " and", " Lily", " are", " scared", ".", " They", " think", " the", " dog", " is", " a", " real", " lion", ".", " They", " scream", " and", " run", " away", ".", " They", " try", " to", " hide", " behind", " the", " slide", ",", " but", " the", " dog"], "acts": [0.0, 0.0, 0.0, 0.0, 0.0, 0.0, 0.0, 0.0, 0.0, 0.0, 0.0, 0.0, 0.0, 0.0, 0.0, 0.0, 0.0, 0.0, 0.0, 0.0, 0.0, 0.0, 0.0, 0.0, 8.5127, 0.0, 0.0, 0.0, 0.0, 0.0, 0.9397, 0.0, 0.0], "max_pos": 24, "max_act": 8.5156}, {"tokens": ["ill", "s", " everywhere", ".", " Lily", " and", " Tom", " are", " scared", ".", " They", " hear", " Mom", " coming", ".", " They", " kne", "el", " on", " the", " floor", ".", " They", " try", " to", " hide", " behind", " the", " st", "ool", ".", " But", " Mom"], "acts": [0.0, 0.0, 0.0, 0.0, 0.0, 0.0, 0.0, 0.0, 0.0, 0.0, 0.0, 0.0, 0.0, 0.0, 0.0, 0.0, 0.0, 0.0, 0.0, 0.0, 0.0, 0.0, 0.0, 0.0, 8.4811, 0.0, 0.0, 0.0, 0.0, 0.0, 0.5533, 1.0352, 0.0], "max_pos": 24, "max_act": 8.4844}, {"tokens": [" wet", " and", " stick", "y", " from", " the", " dirt", ".", "\n", "\n", "He", " decided", " to", " try", " to", " get", " the", " dirt", " off", ".", " He", " bu", "zz"], "acts": [0.0, 0.0, 0.0, 0.0, 0.0, 0.0, 0.0, 0.0, 0.0, 0.0, 0.0, 0.0, 0.6845, 0.0, 8.4534, 0.7276, 0.0, 0.0, 0.0, 0.0, 0.0, 0.0, 0.0], "max_pos": 14, "max_act": 8.4531}, {"tokens": [" You", " are", " helpless", ".\"", "\n", "\n", "Sara", " and", " Ben", " cry", ".", " They", " run", " to", " the", " door", " and", " try", " to", " open", " it", ".", " But", " the", " door", " is", " locked"], "acts": [0.0, 0.0, 0.0, 0.0, 0.0, 0.0, 0.0, 0.0, 0.0, 0.0, 0.0, 0.0, 0.0, 0.0, 0.0, 0.0, 0.0, 0.0, 8.3672, 0.0, 0.0, 0.8324, 1.2102, 0.0, 0.0, 0.0, 0.0], "max_pos": 18, "max_act": 8.3672}, {"tokens": ["!\"", " Tim", " shouts", ".", " He", " is", " angry", " and", " sad", ".", " He", " worked", " hard", " on", " his", " tower", ".", " He", " runs", " to", " the", " dog", " and", " tries", " to", " push", " him", " away", ".", "\n", "\n", "\"", "Tim"], "acts": [0.0, 0.0, 0.0, 0.0, 0.0, 0.0, 0.0, 0.0, 0.0, 0.0, 0.0, 0.0, 0.0, 0.0, 0.0, 0.0, 0.0, 0.0, 0.0, 0.0, 0.0, 0.0, 0.0, 0.9544, 8.3644, 0.0, 0.0, 0.0, 0.7811, 0.0, 0.0, 0.0, 0.0], "max_pos": 24, "max_act": 8.3672}, {"tokens": ["I", "'m", " wet", " and", " cold", "!\"", "\n", "\n", "Ben", " is", " scared", ".", " He", " drop", "s", " the", " bread", " and", " runs", " to", " Lily", ".", " He", " tries", " to", " pull", " her", " out", ",", " but", " it", " is", " hard"], "acts": [0.0, 0.0, 0.0, 0.0, 0.0, 0.0, 0.0, 0.0, 0.0, 0.0, 0.0, 0.0, 0.0, 0.0, 0.0, 0.0, 0.0, 0.0, 0.0, 0.0, 0.0, 0.0, 0.0, 0.0, 8.3478, 0.0, 0.0, 0.0, 1.3016, 2.0784, 0.0, 0.0, 0.0], "max_pos": 24, "max_act": 8.3516}, {"tokens": ["s", " hard", ".", " The", " boat", " mo", "ves", " fast", ".", " Sara", " and", " Ben", " are", " scared", ".", " They", " try", " to", " r", "ow", " back", " to", " the", " shore", ".", " But"], "acts": [0.0, 0.0, 0.5639, 0.0, 0.0, 0.0, 0.0, 0.0, 0.0, 0.0, 0.5, 0.0, 0.0, 0.0, 0.0, 0.0, 0.0, 8.3477, 0.0, 0.0, 0.0, 0.0, 0.0, 0.0, 0.9472, 1.1042], "max_pos": 17, "max_act": 8.3438}]}